[
  {
    "type": "mapgen",
    "method": "json",
    "om_terrain": [ "lumberyard_0_1" ],
    "weight": 100,
    "object": {
      "fill_ter": "t_grass",
      "rows": [
        " _____     |............",
        " _____    *|............",
        " _____     |x...........",
        " _____    *|x...........",
        " _____    *|............",
        " _____     |x...........",
        " _____     |............",
        " _____    *|............",
        " _____     |............",
        " _____     |............",
        " _____    *|............",
        " _____     |..6.........",
        " _____     ||||;;;;;||||",
        " _____________6_________",
        " _______________________",
        " _______________________",
        " _______________________",
        " _______________________",
        " _______________________",
        " _______________________",
        " _______________________",
        " _______________________",
        "                        ",
        "                        "
      ],
      "palettes": [ "lumberyard" ],
      "place_vehicles": [ { "vehicle": "semi_truck", "x": 12, "y": 18, "chance": 5, "fuel": 15, "status": 0, "rotation": 180 } ]
    }
  }
]
