[
  {
    "id": "adv_chemistry",
    "type": "BOOK",
    "name": "Advanced Physical Chemistry",
    "name_plural": "Advanced Physical Chemistry",
    "description": "A university-level textbook on advanced principles of chemistry, both organic and inorganic.",
    "weight": 1712,
    "volume": 8,
    "price": 7950,
    "bashing": 5,
    "material": [ "paper" ],
    "symbol": "?",
    "color": "blue",
    "skill": "cooking",
    "required_level": 5,
    "max_level": 8,
    "intelligence": 12,
    "time": 35,
    "fun": -1
  },
  {
    "id": "brewing_cookbook",
    "type": "BOOK",
    "name": "The Homebrewer's Bible",
    "description": "A book full of easy-to-follow recipes and useful advice on homebrewing, malting, and fermenting.  It even smells faintly of booze.",
    "weight": 1587,
    "volume": 6,
    "price": 4950,
    "bashing": 4,
    "material": [ "paper" ],
    "symbol": "?",
    "color": "blue",
    "skill": "cooking",
    "required_level": 2,
    "max_level": 4,
    "intelligence": 8,
    "time": 15,
    "fun": 1
  },
  {
    "id": "cookbook",
    "type": "BOOK",
    "name": "Cooking on a Budget",
    "description": "A nice cook book that goes beyond recipes and into the chemistry of food.",
    "weight": 454,
    "volume": 4,
    "price": 1900,
    "material": [ "paper" ],
    "symbol": "?",
    "color": "green",
    "skill": "cooking",
    "max_level": 3,
    "intelligence": 4,
    "time": 10
  },
  {
    "id": "cookbook_human",
    "type": "BOOK",
    "name": "To Serve Man",
    "name_plural": "To Serve Man",
    "//": "Wasn't commercially traded.  ('Parody' only covers so much.)  Should get a serious price modifier for non-Cannibals.",
    "description": "It's...  it's a cookbook!",
    "weight": 454,
    "volume": 4,
    "price": 40000,
    "material": [ "paper" ],
    "symbol": "?",
    "color": "blue",
    "skill": "cooking",
    "required_level": 2,
    "max_level": 4,
    "intelligence": 4,
    "time": 10,
    "fun": -5
  },
  {
    "id": "cookbook_italian",
    "type": "BOOK",
    "name": "Cucina Italiana",
    "name_plural": "Cucina Italiana",
    "description": "This cookbook is written in Italian, but handily illustrated with step by step photo instructions.",
    "weight": 454,
    "volume": 4,
    "price": 2000,
    "material": [ "paper" ],
    "symbol": "?",
    "color": "blue",
    "skill": "cooking",
    "required_level": 3,
    "max_level": 4,
    "intelligence": 6,
    "time": 10
  },
  {
    "id": "cookbook_sushi",
    "type": "BOOK",
    "name": "Sushi Made Easy",
    "name_plural": "copies of Sushi Made Easy",
    "description": "A simple text for the aspiring sushi lover, this easy to read guide is filled with lots of helpful illustrations for everything from basic rice preparation to setting a proper Japanese table.",
    "weight": 921,
    "volume": 3,
    "price": 3500,
    "bashing": 1,
    "material": "paper",
    "symbol": "?",
    "color": "light_green",
    "skill": "cooking",
    "required_level": 1,
    "max_level": 4,
    "intelligence": 7,
    "time": 20
  },
  {
    "id": "family_cookbook",
    "type": "BOOK",
    "name": "family cookbook",
    "description": "A big binder full of somebody's family recipes.  The well-turned pages and creased corners speak volumes of the culinary knowledge contained within.  You could probably learn a lot about cooking from studying this domestic artifact.",
    "weight": 1887,
    "volume": 5,
    "price": 1950,
    "bashing": 5,
    "material": [ "paper", "leather" ],
    "symbol": "?",
    "color": "light_gray",
    "skill": "cooking",
    "required_level": 1,
    "max_level": 5,
    "intelligence": 7,
    "time": 45,
    "fun": 1
  },
  {
    "id": "mag_cooking",
    "type": "BOOK",
    "name": "Bon Appetit",
    "name_plural": "Bon Appetit",
    "description": "Exciting recipes and restaurant reviews.  Full of handy tips about cooking.",
    "weight": 60,
    "volume": 1,
    "price": 450,
    "material": [ "paper" ],
    "symbol": "?",
    "color": "pink",
    "skill": "cooking",
    "max_level": 1,
    "intelligence": 5,
    "time": 8,
    "fun": 1
  },
  {
    "id": "mag_glam",
    "type": "BOOK",
    "name": "Glamopolitan",
    "description": "This is a full-size glossy women's magazine.  There are a few unoriginal recipes and some simple cooking tips somewhere in between the fashion photos and the sex advice columns.",
    "weight": 160,
    "volume": 2,
    "price": 450,
    "material": [ "paper" ],
    "symbol": "?",
    "color": "pink",
    "skill": "cooking",
    "max_level": 1,
    "intelligence": 5,
    "time": 24,
    "fun": 1
  },
  {
    "id": "modern_tanner",
    "type": "BOOK",
    "name": "The Modern Tanner",
    "name_plural": "copies of The Modern Tanner",
    "description": "A in-depth and easy to read guide that details a very modern take on the ancient art of leather tanning.",
    "weight": 568,
    "volume": 3,
    "price": 2000,
    "material": [ "paper", "leather" ],
    "symbol": "?",
    "color": "brown",
    "skill": "cooking",
    "required_level": 3,
    "max_level": 4,
    "intelligence": 4,
    "time": 18
  },
  {
    "id": "recipe_alpha",
    "type": "BOOK",
    "name": "PE050 \"Alpha\": Preliminary Report",
    "name_plural": "PE050 \"Alpha\": Preliminary Report",
    "description": "This sheaf of papers-dated two weeks before all this started-describes some new chemical formula, and its effects on human subjects.  It's stamped \"APPROVED\"...",
    "weight": 50,
    "volume": 2,
    "price": 125000,
    "material": [ "paper" ],
    "symbol": "?",
    "color": "light_green",
    "skill": "cooking",
    "required_level": 8,
    "max_level": 9,
    "intelligence": 12,
    "time": 45,
    "fun": -2
  },
  {
    "id": "recipe_animal",
    "type": "BOOK",
    "name": "lab journal-Dionne",
    "name_plural": "lab journals-Dionne",
    "description": "This team logbook details several varieties of mutagenic experiments, focusing on those derived from various Earth fauna.  The team seems quite enthusiastic--if not eager--about their results.",
    "weight": 1700,
    "volume": 2,
    "price": 50000,
    "material": [ "paper" ],
    "symbol": "?",
    "color": "light_green",
    "skill": "cooking",
    "required_level": 8,
    "max_level": 9,
    "intelligence": 12,
    "time": 45,
    "fun": -2
  },
  {
    "id": "recipe_chimera",
    "type": "BOOK",
    "name": "PE065 \"Chimera\": Best Practices",
    "name_plural": "PE065 \"Chimera\": Best Practices",
    "description": "This sheaf of papers-dated the day before you evacuated-describes a new chemical formula in detail and supplies instructions for its use as some sort of ...crowd-control catalyst?  That can't be right...",
    "weight": 50,
    "volume": 2,
    "price": 125000,
    "material": [ "paper" ],
    "symbol": "?",
    "color": "light_green",
    "skill": "cooking",
    "required_level": 8,
    "max_level": 9,
    "intelligence": 12,
    "time": 45,
    "fun": -2
  },
  {
    "id": "recipe_creepy",
    "type": "BOOK",
    "name": "lab journal-Smythe",
    "name_plural": "lab journals-Smythe",
    "description": "This team logbook details several varieties of mutagenic experiments, focusing on those derived from flesh contaminated with XE037.  The results look promising but the procurement methods seem awfully vague...",
    "weight": 1700,
    "volume": 2,
    "price": 50000,
    "material": [ "paper" ],
    "symbol": "?",
    "color": "light_green",
    "skill": "cooking",
    "required_level": 8,
    "max_level": 9,
    "intelligence": 12,
    "time": 45,
    "fun": -4
  },
  {
    "id": "recipe_elfa",
    "type": "BOOK",
    "name": "standpipe maintenance log",
    "description": "This binder details the scheduled maintenance for several plumbing systems throughout the facility.  However, some of the log sheets seem to be filled with...a chemical formula?",
    "weight": 400,
    "volume": 3,
    "price": 400,
    "material": [ "paper", "plastic" ],
    "symbol": "?",
    "color": "light_green",
    "skill": "cooking",
    "required_level": 9,
    "max_level": 9,
    "intelligence": 12,
    "time": 45,
    "fun": -2
  },
  {
    "id": "recipe_labchem",
    "type": "BOOK",
    "name": "chemical reference-CLASSIFIED",
    "name_plural": "chemical references-CLASSIFIED",
    "description": "This somewhat technical binder has several intimidating security warnings on the cover, yet guarantees unauthorized readers \"permanent employment, for life\".  It contains useful information on \"basic\" chemical projects like methamphetamine and heroin, along with briefing on things called \"XE037\" and \"PE012\".",
    "weight": 2000,
    "volume": 2,
    "price": 64000,
    "material": [ "paper" ],
    "symbol": "?",
    "color": "light_green",
    "skill": "cooking",
    "required_level": 5,
    "max_level": 8,
    "intelligence": 11,
    "time": 35,
    "fun": -1
  },
  {
    "id": "recipe_maiar",
    "type": "BOOK",
    "name": "lab journal-x-|xp",
    "name_plural": "lab journals-x-|xp",
    "description": "This damaged team logbook lacks (deliberately?) any identifying information, but still contains useful information on several types of mutagen and their development.",
    "weight": 1700,
    "volume": 2,
    "price": 50000,
    "material": [ "paper" ],
    "symbol": "?",
    "color": "light_green",
    "skill": "cooking",
    "required_level": 8,
    "max_level": 9,
    "intelligence": 12,
    "time": 45,
    "fun": -3
  },
  {
    "id": "recipe_medicalmut",
    "type": "BOOK",
    "name": "PE023 \"Medical\": Application and Findings",
    "name_plural": "PE023 \"Medical\": Application and Findings",
    "description": "This binder of highly technical papers describes some new chemical formula, and its effects on human subjects.  It's stamped \"APPROVED\"....",
    "weight": 1934,
    "volume": 7,
    "price": 62000,
    "bashing": 5,
    "material": [ "paper", "plastic" ],
    "symbol": "?",
    "color": "light_green",
    "skill": "cooking",
    "required_level": 8,
    "max_level": 9,
    "intelligence": 12,
    "time": 35,
    "fun": -2
  },
  {
    "id": "recipe_raptor",
    "type": "BOOK",
    "name": "PE070 \"Raptor\": Proposal",
    "name_plural": "PE070 \"Raptor\": Proposal",
    "description": "This sheaf of papers (dated the day you left the shelter!) is a highly speculative proposal for focusing \"PE065\".  Scribbled notes throughout seem to think that it might work, but that there's no time.",
    "weight": 50,
    "volume": 2,
    "price": 125000,
    "material": [ "paper" ],
    "symbol": "?",
    "color": "light_green",
    "skill": "cooking",
    "required_level": 10,
    "max_level": 10,
    "intelligence": 12,
    "time": 45,
    "fun": -2
  },
  {
    "id": "recipe_serum",
    "type": "BOOK",
    "name": "Best Practices for Compound Delivery",
    "name_plural": "Best Practices for Compound Delivery",
    "description": "This internal manual details several varieties of mutagenic experiments, as well as describing the protocols used to concentrate mutagens for quicker results.  The authors recommend that researchers ensure that their subjects are well-fed and in good health, as the concentrated serums draw heavily on subjects' bodies.",
    "weight": 1700,
    "volume": 2,
    "price": 50000,
    "material": [ "paper" ],
    "symbol": "?",
    "color": "light_green",
    "skill": "cooking",
    "required_level": 8,
    "max_level": 10,
    "intelligence": 12,
    "time": 45,
    "fun": -4
  },
  {
    "id": "scots_cookbook",
    "type": "BOOK",
    "name": "Ye Scots Beuk o Cuikery",
    "name_plural": "copies of Ye Scots Beuk o Cuikery",
    "//": "That would translate out to The Scottish Book of Cookery, or The Scottish Cookbook.",
    "description": "A semi-translated cookbook from thirteenth century Scotland.  While a bit difficult to read, as there are a disquieting number of illustrations of people stabbing each other mixed amongst the recipes, it provides insights into medieval Scottish culture and fashion as well as new uses for oatmeal, fish, and sheep liver.",
    "weight": 1887,
    "volume": 5,
    "price": 1950,
    "bashing": 5,
    "material": [ "paper", "leather" ],
    "symbol": "?",
    "color": "light_gray",
    "skill": "cooking",
    "required_level": 2,
    "max_level": 4,
    "intelligence": 10,
    "time": 45,
    "fun": -1
  },
  {
    "id": "textbook_chemistry",
    "type": "BOOK",
    "name": "chemistry textbook",
    "description": "A college textbook on chemistry.",
    "weight": 1587,
    "volume": 8,
    "price": 7950,
    "bashing": 5,
    "material": [ "paper" ],
    "symbol": "?",
    "color": "blue",
    "skill": "cooking",
    "required_level": 3,
    "max_level": 6,
    "intelligence": 12,
    "time": 35,
    "fun": -1
  }
]
