[
  {
    "id": "glassblowing_book",
    "type": "BOOK",
    "name": "The Art of Glassblowing",
    "name_plural": "The Art of Glassblowing",
    "description": "A textbook that illustrates the science and technique of the ancient art of glassblowing.",
    "weight": 1620,
    "volume": 5,
    "price": 4500,
    "bashing": 4,
    "material": [ "paper" ],
    "symbol": "?",
    "color": "blue",
    "skill": "fabrication",
    "required_level": 4,
    "max_level": 7,
    "intelligence": 8,
    "time": 30
  },
  {
    "id": "jewelry_book",
    "type": "BOOK",
    "name": "Antique Adornments",
    "name_plural": "Antique Adornments",
    "description": "A comprehensive and illustrated history of crown, bracelet, necklace and others.",
    "weight": 600,
    "volume": 5,
    "price": 2000,
    "material": [ "paper" ],
    "symbol": "?",
    "color": "blue",
    "skill": "fabrication",
    "required_level": 6,
    "max_level": 6,
    "intelligence": 8,
    "time": 60
  },
  {
    "id": "mag_fabrication",
    "type": "BOOK",
    "name": "Crafty Crafter's Quarterly",
    "name_plural": "Crafty Crafter's Quarterly",
    "description": "A fun quarterly magazine all about macaroni art and things you can make by supergluing found objects together.",
    "weight": 60,
    "volume": 1,
    "price": 450,
    "material": [ "paper" ],
    "symbol": "?",
    "color": "pink",
    "skill": "fabrication",
    "max_level": 1,
    "intelligence": 5,
    "time": 8,
    "fun": 2
  },
  {
    "id": "manual_fabrication",
    "type": "BOOK",
    "name": "101 Crafts for Beginners",
    "name_plural": "101 Crafts for Beginners",
    "description": "A large, paperback book detailing a hundred and one beginner's projects in fabrication.",
    "weight": 510,
    "volume": 3,
    "price": 2200,
    "material": [ "paper" ],
    "symbol": "?",
    "color": "green",
    "skill": "fabrication",
    "max_level": 3,
    "intelligence": 5,
    "time": 16,
    "fun": 1
  },
  {
    "id": "recipe_arrows",
    "type": "BOOK",
    "name": "The Fletcher's Friend",
    "name_plural": "The Fletcher's Friend",
    "description": "This hefty book is devoted to folks looking to handcraft their own arrows.  It starts with a hip and snappy disclaimer about the risks, both physical and legal, of using explosives and flammable materials.  Look for its companion, \"The Bowyer's Buddy\"!",
    "weight": 1454,
    "volume": 5,
    "price": 4800,
    "material": [ "paper" ],
    "symbol": "?",
    "color": "blue",
    "skill": "fabrication",
    "required_level": 2,
    "max_level": 4,
    "intelligence": 8,
    "time": 30
  },
  {
    "id": "recipe_bows",
    "type": "BOOK",
    "name": "The Bowyer's Buddy",
    "name_plural": "The Bowyer's Buddy",
    "description": "This hefty book is dedicated to craftsfolk and outdoors-y types looking to make their own bows.  It recommends its companion volume \"The Fletcher's Friend\" for instructions on producing their ammunition.",
    "weight": 1454,
    "volume": 5,
    "price": 4800,
    "material": [ "paper" ],
    "symbol": "?",
    "color": "blue",
    "skill": "fabrication",
    "required_level": 3,
    "max_level": 5,
    "intelligence": 8,
    "time": 30
  },
  {
    "id": "recipe_bullets",
    "type": "BOOK",
    "name": "The Handloader's Helper",
    "name_plural": "The Handloader's Helper",
    "description": "Everything you could ever want to know about handloading ammunition, sealed with a ...childproof cover.  Apparently a liability thing, because the chapter on explosive rounds covers them in excellent detail too.",
    "weight": 1454,
    "volume": 6,
    "price": 12000,
    "material": [ "paper" ],
    "symbol": "?",
    "color": "blue",
    "skill": "fabrication",
    "required_level": 3,
    "max_level": 6,
    "intelligence": 9,
    "time": 30
  },
  {
    "id": "recipe_caseless",
    "type": "BOOK",
    "name": "Rivtech design binder",
    "description": "This Rivtech binder warns that \"Unauthorized readers are our best test subjects.\" With good reason: it contains complete design specs and technical drawings for their entire line of products.",
    "weight": 1409,
    "volume": 2,
    "price": 84000,
    "material": [ "paper" ],
    "symbol": "?",
    "color": "light_green",
    "skill": "fabrication",
    "required_level": 6,
    "max_level": 7,
    "intelligence": 12,
    "time": 45,
    "fun": 1
  },
  {
    "id": "recipe_lab_cvd",
    "type": "BOOK",
    "name": "lab journal-Gustav",
    "name_plural": "lab journals-Gustav",
    "description": "This paper notebook is mostly full of boring logs, experimental observations and notes.  Mixed in, however, are musings on how to use the lab's vapor deposition machine to deposit amorphous carbon in a diamond-like form onto common metals.  The author's intended goal was a better non-stick frying pan, but you can think of a couple of better uses for it.",
    "weight": 2000,
    "volume": 2,
    "price": 50000,
    "material": [ "paper" ],
    "symbol": "?",
    "color": "light_green",
    "skill": "fabrication",
    "required_level": 9,
    "max_level": 10,
    "intelligence": 12,
    "time": 45,
    "fun": -1
  },
  {
    "id": "recipe_melee",
    "type": "BOOK",
    "name": "The Streetfighter's Sidekick",
    "description": "A sizable how-to guide for making hand-to-hand combat weapons.  Though the processes are thoroughly detailed and several illustrations are provided, they rely heavily on technical jargon.  More for machinists-turned-weaponsmiths than streetfighters, really.",
    "weight": 954,
    "volume": 6,
    "price": 8300,
    "material": [ "paper" ],
    "symbol": "?",
    "color": "blue",
    "skill": "fabrication",
    "required_level": 5,
    "max_level": 6,
    "intelligence": 8,
    "time": 20
  },
  {
    "id": "recipe_mininuke_launch",
    "type": "BOOK",
    "name": "238-NK: Practicality Enhancement",
    "name_plural": "238-NK: Practicality Enhancement",
    "description": "The authors of this thoroughly researched and documented proposal make a very persuasive case for the adoption of spring-driven nuclear shells.  It's stamped \"DENIED\".",
    "weight": 854,
    "volume": 6,
    "price": 30000,
    "material": [ "paper" ],
    "symbol": "?",
    "color": "light_green",
    "skill": "fabrication",
    "required_level": 4,
    "max_level": 5,
    "intelligence": 9,
    "time": 10
  },
  {
    "id": "textbook_armeast",
    "type": "BOOK",
    "name": "The Art of Japanese Armormaking",
    "name_plural": "The Art of Japanese Armormaking",
    "description": "This in-depth and technical text details various forms of ancient Japanese armor crafting, and is well illustrated with lots of photos.",
    "weight": 654,
    "volume": 5,
    "price": 6400,
    "material": [ "paper" ],
    "symbol": "?",
    "color": "blue",
    "skill": "fabrication",
    "required_level": 5,
    "max_level": 10,
    "intelligence": 9,
    "time": 60,
    "fun": -1
  },
  {
    "id": "textbook_armschina",
    "type": "BOOK",
    "name": "Arms and Armor of Imperial China",
    "name_plural": "Arms and Armor of Imperial China",
    "description": "This textbook details the military history of ancient China, with a particular focus on the nature of historical arms and armor.  It also details some of the equipment used by other cultures that came into conflict with the empire over various dynasties.",
    "weight": 654,
    "volume": 5,
    "price": 6400,
    "material": "paper",
    "symbol": "?",
    "color": "blue",
    "skill": "fabrication",
    "required_level": 5,
    "max_level": 10,
    "intelligence": 9,
    "time": 55,
    "fun": -1
  },
  {
    "id": "textbook_armwest",
    "type": "BOOK",
    "name": "Studies in Historic Armorsmithing",
    "name_plural": "Studies in Historic Armorsmithing",
    "description": "This in-depth and technical text details various forms of ancient European armor crafting, and is well illustrated with lots of photos.",
    "weight": 654,
    "volume": 5,
    "price": 6400,
    "material": [ "paper" ],
    "symbol": "?",
    "color": "blue",
    "skill": "fabrication",
    "required_level": 5,
    "max_level": 10,
    "intelligence": 9,
    "time": 60,
    "fun": -1
  },
  {
    "id": "textbook_fabrication",
    "type": "BOOK",
    "name": "DIY Compendium",
    "description": "A thick, hardbound book detailing countless projects for inventions that claim to improve all aspects of life.",
    "weight": 2100,
    "volume": 7,
    "price": 4500,
    "bashing": 4,
    "material": [ "paper" ],
    "symbol": "?",
    "color": "blue",
    "skill": "fabrication",
    "required_level": 3,
    "max_level": 6,
    "intelligence": 8,
    "time": 30
  },
  {
    "id": "textbook_fireman",
    "type": "BOOK",
    "name": "A History of Firefighting",
    "name_plural": "A History of Firefighting",
    "description": "This in-depth and technical text details the history of firefighting from ancient times into the modern era, with a focus on the technology used to save lives.",
    "weight": 528,
    "volume": 4,
    "price": 6500,
    "material": [ "paper" ],
    "symbol": "?",
    "color": "blue",
    "skill": "fabrication",
    "required_level": 7,
    "max_level": 9,
    "intelligence": 8,
    "time": 10
  },
  {
    "id": "textbook_gaswarfare",
    "type": "BOOK",
    "name": "Art and Science of Chemical Warfare",
    "name_plural": "Art and Science of Chemical Warfare",
    "description": "This in-depth and technical text covers the design, development, dissemination of, and defenses against various chemical weapons throughout the centuries.  The photographs the author chose make it a difficult read at times, though the information is top-notch.",
    "weight": 854,
    "volume": 6,
    "price": 400,
    "material": [ "paper" ],
    "symbol": "?",
    "color": "blue",
    "skill": "fabrication",
    "required_level": 4,
    "max_level": 7,
    "intelligence": 9,
    "time": 10,
    "fun": -2
  },
  {
    "id": "textbook_weapeast",
    "type": "BOOK",
    "name": "The Swords of the Samurai",
    "name_plural": "The Swords of the Samurai",
    "description": "This in-depth and technical text details various forms of ancient Japanese sword smithing, and is well illustrated with step by step photo instructions.",
    "weight": 654,
    "volume": 5,
    "price": 6400,
    "material": [ "paper" ],
    "symbol": "?",
    "color": "blue",
    "skill": "fabrication",
    "required_level": 5,
    "max_level": 10,
    "intelligence": 9,
    "time": 55,
    "fun": -1
  },
  {
    "id": "textbook_weapwest",
    "type": "BOOK",
    "name": "The Historic Weaponsmith",
    "name_plural": "The Historic Weaponsmith",
    "description": "This in-depth and technical text details various forms of ancient European weapon smithing, and is well illustrated with step by step photo instructions.",
    "weight": 654,
    "volume": 5,
    "price": 6400,
    "material": [ "paper" ],
    "symbol": "?",
    "color": "blue",
    "skill": "fabrication",
    "required_level": 5,
    "max_level": 10,
    "intelligence": 9,
    "time": 55,
    "fun": -1
  },
  {
    "id": "welding_book",
    "type": "BOOK",
    "name": "Welding and Metallurgy",
    "name_plural": "Welding and Metallurgy",
    "description": "A rather technical textbook that illustrates the science and technique of becoming a better welder.",
    "weight": 2100,
    "volume": 7,
    "price": 6500,
    "bashing": 4,
    "material": [ "paper" ],
    "symbol": "?",
    "color": "blue",
    "skill": "fabrication",
    "required_level": 4,
    "max_level": 7,
    "intelligence": 9,
    "time": 30
  },
  {
    "id": "101_carpentry",
    "type": "BOOK",
    "name": "101 Home Repairs",
    "name_plural": "101 Home Repairs",
    "description": "A paperback book detailing 101 home repair projects the novice carpenter.",
    "weight": 454,
    "volume": 2,
    "price": 1800,
    "material": [ "paper" ],
    "symbol": "?",
    "color": "green",
    "skill": "fabrication",
    "max_level": 2,
    "intelligence": 5,
    "time": 16
  },
  {
    "id": "carpentry_book",
    "type": "BOOK",
    "name": "The Complete Home Repair Guide",
    "name_plural": "Complete Home Repair Guides",
    "description": "A massive book that details virtually every aspect of remodeling and repairing a home, with concise terminology aimed at experienced carpenters.",
    "weight": 2490,
    "volume": 8,
    "price": 8200,
    "bashing": 8,
    "material": [ "paper" ],
    "symbol": "?",
    "color": "blue",
    "skill": "fabrication",
    "required_level": 5,
    "max_level": 8,
    "intelligence": 9,
    "time": 55,
    "fun": -1
  },
  {
    "id": "mag_carpentry",
    "type": "BOOK",
    "name": "Birdhouse Monthly",
    "name_plural": "Birdhouse Monthlies",
    "description": "A riveting periodical all about birdhouses and their construction.",
    "weight": 60,
    "volume": 1,
    "price": 450,
    "material": [ "paper" ],
    "symbol": "?",
    "color": "pink",
    "skill": "fabrication",
    "max_level": 1,
    "intelligence": 5,
    "time": 8,
    "fun": 1
  },
  {
    "id": "manual_carpentry",
    "type": "BOOK",
    "name": "Building for Beginners",
    "name_plural": "Building for Beginners",
    "description": "A large, paperback book detailing several beginner's projects in construction.",
    "weight": 454,
    "volume": 2,
    "price": 2200,
    "material": [ "paper" ],
    "symbol": "?",
    "color": "green",
    "skill": "fabrication",
    "max_level": 3,
    "intelligence": 5,
    "time": 16
  },
  {
    "id": "textbook_carpentry",
    "type": "BOOK",
    "name": "Engineering 301",
    "name_plural": "Engineering 301",
    "description": "A textbook on civil engineering and construction.",
    "weight": 1587,
    "volume": 6,
    "price": 6500,
    "bashing": 4,
    "material": [ "paper" ],
    "symbol": "?",
    "color": "blue",
    "skill": "fabrication",
    "required_level": 3,
    "max_level": 6,
    "intelligence": 8,
    "time": 30,
    "fun": -1
  }
]
