[
  {
    "id": "ZSG",
    "type": "BOOK",
    "name": "Zombie Survival Guide",
    "description": "While this seems like it would be very useful in this situation, the sheer amount of misinformation present makes it practically useless.",
    "weight": 227,
    "volume": 4,
    "price": 1290,
    "material": [ "paper" ],
    "symbol": "?",
    "color": "green",
    "intelligence": 7,
    "time": 18,
    "chapters": 28,
    "fun": 2
  },
  {
    "id": "black_box_transcript",
    "type": "BOOK",
    "name": "black box transcript",
    "//": "ooh, military records, probably Classified!",
    "description": "A full flight log for a military aircraft.  Nothing of interest stands out.",
    "weight": 566,
    "volume": 5,
    "price": 5000,
    "bashing": 5,
    "material": [ "paper" ],
    "symbol": "?",
    "color": "light_green",
    "intelligence": 8,
    "time": 30,
    "fun": -1
  },
  {
    "id": "child_book",
    "type": "BOOK",
    "name": "children's book",
    "description": "A little book for little readers.  The colorful cartoon characters and sweet stories contained herein belong to a different time, before the dead walked and the world moved on.",
    "weight": 52,
    "volume": 1,
    "price": 550,
    "material": [ "paper" ],
    "symbol": "?",
    "color": "light_cyan",
    "time": 4,
    "chapters": 4,
    "fun": 1
  },
  {
    "id": "commune_prospectus",
    "type": "BOOK",
    "name": "Ranch Prospectus",
    "name_plural": "Ranch Prospectus",
    "description": "A short paper of the economic viability of constructing an agricultural outpost.",
    "weight": 1,
    "volume": 1,
    "price": 3000,
    "bashing": 1,
    "material": [ "paper" ],
    "symbol": "?",
    "color": "light_cyan",
    "intelligence": 5,
    "time": 10
  },
  {
    "id": "decoy_elfa",
    "type": "BOOK",
    "name": "standpipe maintenance log",
    "description": "This binder details the scheduled maintenance for several plumbing systems throughout the facility.",
    "weight": 400,
    "volume": 3,
    "price": 400,
    "material": [ "paper", "plastic" ],
    "symbol": "?",
    "color": "light_green",
    "intelligence": 8,
    "time": 45,
    "fun": -2
  },
  {
    "id": "essay_book",
    "type": "BOOK",
    "name": "book of essays",
    "name_plural": "books of essays",
    "description": "A collection of essays by various authors from around the world, including works by Churchill, Mailer, Eco, and Voltaire.",
    "weight": 700,
    "volume": 3,
    "price": 1250,
    "material": [ "paper" ],
    "symbol": "?",
    "color": "light_blue",
    "intelligence": 10,
    "time": 26,
    "chapters": 40,
    "fun": 3
  },
  {
    "id": "fairy_tales",
    "type": "BOOK",
    "name": "book of fairy tales",
    "name_plural": "books of fairy tales",
    "description": "An amusing collection of folklore featuring the usual cast of fairies, goblins, and trolls.",
    "weight": 410,
    "volume": 3,
    "price": 950,
    "material": [ "paper" ],
    "symbol": "?",
    "color": "light_blue",
    "intelligence": 6,
    "time": 18,
    "chapters": 24,
    "fun": 3
  },
  {
    "id": "guidebook",
    "type": "BOOK",
    "name": "The Hitchhiker's Guide to the Cataclysm",
    "name_plural": "Hitchhiker's Guides to the Cataclysm",
    "description": "Inscribed on the cover in large, friendly letters, is the message \"Don't Panic\".",
    "weight": 1764,
    "volume": 4,
    "price": 88200,
    "bashing": 2,
    "material": [ "paper" ],
    "symbol": "?",
    "color": "green",
    "intelligence": 3,
    "time": 1
  },
  {
    "id": "holybook_bible1",
    "type": "BOOK",
    "name": "King James Bible",
    "description": "An English translation of the Christian Bible, which originated in England in the early 1600s.",
    "weight": 368,
    "volume": 4,
    "price": 550,
    "material": [ "paper" ],
    "symbol": "?",
    "color": "dark_gray",
    "intelligence": 8,
    "time": 10,
    "fun": 1,
    "flags": [ "INSPIRATIONAL" ]
  },
  {
    "id": "holybook_bible2",
    "type": "BOOK",
    "name": "Eastern Orthodox Bible",
    "description": "An English copy of the Eastern Orthodox translation of The Holy Bible.",
    "weight": 428,
    "volume": 5,
    "price": 550,
    "material": [ "paper" ],
    "symbol": "?",
    "color": "dark_gray",
    "intelligence": 8,
    "time": 10,
    "fun": 1,
    "flags": [ "INSPIRATIONAL" ]
  },
  {
    "id": "holybook_bible3",
    "type": "BOOK",
    "name": "Gideon Bible",
    "description": "An English translation of the Christian Bible, distributed free of charge by Gideons International.",
    "weight": 368,
    "volume": 4,
    "price": 550,
    "material": [ "paper" ],
    "symbol": "?",
    "color": "dark_gray",
    "intelligence": 8,
    "time": 10,
    "fun": 1,
    "flags": [ "INSPIRATIONAL" ]
  },
  {
    "id": "holybook_granth",
    "type": "BOOK",
    "name": "The Guru Granth Sahib",
    "name_plural": "copies of The Guru Granth Sahib",
    "description": "A single-volume copy of the central religious texts of Sikhism.",
    "weight": 590,
    "volume": 4,
    "price": 550,
    "material": [ "paper" ],
    "symbol": "?",
    "color": "dark_gray",
    "intelligence": 8,
    "time": 10,
    "fun": 1,
    "flags": [ "INSPIRATIONAL" ]
  },
  {
    "id": "holybook_hadith",
    "type": "BOOK",
    "name": "Hadith",
    "description": "A Muslim religious text containing an account of the sayings and actions of the prophet Muhammad.",
    "weight": 398,
    "volume": 4,
    "price": 550,
    "material": [ "paper" ],
    "symbol": "?",
    "color": "dark_gray",
    "intelligence": 8,
    "time": 10,
    "fun": 1,
    "flags": [ "INSPIRATIONAL" ]
  },
  {
    "id": "holybook_kallisti",
    "type": "BOOK",
    "name": "Principia Discordia",
    "name_plural": "copies of Principia Discordia",
    "description": "A book that embodies the main beliefs of Discordianism.  It seems to primarily concern chaos, and features a card in the back which informs you that you are now a 'genuine and authorized Pope of Discordia'.",
    "weight": 292,
    "volume": 4,
    "price": 550,
    "material": [ "paper" ],
    "symbol": "?",
    "color": "dark_gray",
    "intelligence": 8,
    "time": 10,
    "fun": 1,
    "flags": [ "INSPIRATIONAL" ]
  },
  {
    "id": "holybook_kojiki",
    "type": "BOOK",
    "name": "The Kojiki",
    "name_plural": "copies of The Kojiki",
    "description": "The oldest extant chronicle of Japan's myths and history, the stories contained in the Kojiki are part of the inspiration behind Shinto practices.",
    "weight": 368,
    "volume": 4,
    "price": 550,
    "material": [ "paper" ],
    "symbol": "?",
    "color": "dark_gray",
    "intelligence": 8,
    "time": 10,
    "fun": 1,
    "flags": [ "INSPIRATIONAL" ]
  },
  {
    "id": "holybook_mormon",
    "type": "BOOK",
    "name": "The Book of Mormon",
    "name_plural": "copies of The Book of Mormon",
    "description": "The sacred text of the Latter Day Saint movement of Christianity, originally published in 1830 by Joseph Smith.",
    "weight": 368,
    "volume": 4,
    "price": 550,
    "material": [ "paper" ],
    "symbol": "?",
    "color": "dark_gray",
    "intelligence": 8,
    "time": 10,
    "fun": 1,
    "flags": [ "INSPIRATIONAL" ]
  },
  {
    "id": "holybook_pastafarian",
    "type": "BOOK",
    "name": "The Gospel of the Flying Spaghetti Monster",
    "name_plural": "copies of The Gospel of the Flying Spaghetti Monster",
    "description": "A book that embodies the main beliefs of the Church of the Flying Spaghetti Monster.  It seems to involve a lot of pirates and some sort of invisible drunken monster made of pasta.",
    "weight": 292,
    "volume": 4,
    "price": 550,
    "material": [ "paper" ],
    "symbol": "?",
    "color": "dark_gray",
    "intelligence": 8,
    "time": 10,
    "fun": 1,
    "flags": [ "INSPIRATIONAL" ]
  },
  {
    "id": "holybook_quran",
    "type": "BOOK",
    "name": "Quran",
    "description": "An English translation of the Muslim book of holy scriptures, with explanatory notes and commentaries to aid in understanding.",
    "weight": 412,
    "volume": 4,
    "price": 550,
    "material": [ "paper" ],
    "symbol": "?",
    "color": "dark_gray",
    "intelligence": 8,
    "time": 10,
    "fun": 1,
    "flags": [ "INSPIRATIONAL" ]
  },
  {
    "id": "holybook_scientology",
    "type": "BOOK",
    "name": "Dianetics",
    "name_plural": "copies of Dianetics",
    "description": "This book is the canonical text of Scientology.  Written by a science fiction author, it contains self-improvement techniques and musings on psychology called Dianetics.",
    "weight": 486,
    "volume": 4,
    "price": 550,
    "material": [ "paper" ],
    "symbol": "?",
    "color": "dark_gray",
    "intelligence": 8,
    "time": 10,
    "fun": 1,
    "flags": [ "INSPIRATIONAL" ]
  },
  {
    "id": "holybook_slack",
    "type": "BOOK",
    "name": "The Book of the SubGenius",
    "name_plural": "copies of The Book of the SubGenius",
    "description": "A book about the Church of the SubGenius.  It seems to involve a salesman named J. R. \"Bob\" Dobbs and a concept called 'slack'.",
    "weight": 292,
    "volume": 4,
    "price": 550,
    "material": [ "paper" ],
    "symbol": "?",
    "color": "dark_gray",
    "intelligence": 8,
    "time": 10,
    "fun": 1,
    "flags": [ "INSPIRATIONAL" ]
  },
  {
    "id": "holybook_sutras",
    "type": "BOOK",
    "name": "The Sutras of the Buddha",
    "name_plural": "copies of The Sutras of the Buddha",
    "description": "A collection of discourses attributed to the Buddha and his close disciples.",
    "weight": 496,
    "volume": 4,
    "price": 550,
    "material": [ "paper" ],
    "symbol": "?",
    "color": "dark_gray",
    "intelligence": 8,
    "time": 10,
    "fun": 1,
    "flags": [ "INSPIRATIONAL" ]
  },
  {
    "id": "holybook_talmud",
    "type": "BOOK",
    "name": "Talmud",
    "description": "One of the central texts of Rabbinic Judaism, the Talmud expounds upon the Hebrew Bible with teachings and opinions of thousands of rabbis.",
    "weight": 460,
    "volume": 4,
    "price": 550,
    "material": [ "paper" ],
    "symbol": "?",
    "color": "dark_gray",
    "intelligence": 8,
    "time": 10,
    "fun": 1,
    "flags": [ "INSPIRATIONAL" ]
  },
  {
    "id": "holybook_tanakh",
    "type": "BOOK",
    "name": "Tanakh",
    "description": "A single-volume book containing the complete canon of the Jewish Bible.",
    "weight": 512,
    "volume": 4,
    "price": 550,
    "material": [ "paper" ],
    "symbol": "?",
    "color": "dark_gray",
    "intelligence": 8,
    "time": 10,
    "fun": 1,
    "flags": [ "INSPIRATIONAL" ]
  },
  {
    "id": "holybook_tripitaka",
    "type": "BOOK",
    "name": "The Tripitaka",
    "name_plural": "copies of the Tripitaka",
    "description": "A collection of sacred Buddhist writings describing their canons of scriptures.",
    "weight": 513,
    "volume": 4,
    "price": 550,
    "material": [ "paper" ],
    "symbol": "?",
    "color": "dark_gray",
    "intelligence": 8,
    "time": 10,
    "fun": 1,
    "flags": [ "INSPIRATIONAL" ]
  },
  {
    "id": "holybook_upanishads",
    "type": "BOOK",
    "name": "The Upanishads",
    "name_plural": "copies of The Upanishads",
    "description": "A collection of sacred Hindu writings regarding the nature of reality and describing the character and form of human salvation.",
    "weight": 482,
    "volume": 4,
    "price": 550,
    "material": [ "paper" ],
    "symbol": "?",
    "color": "dark_gray",
    "intelligence": 8,
    "time": 10,
    "fun": 1,
    "flags": [ "INSPIRATIONAL" ]
  },
  {
    "id": "holybook_vedas",
    "type": "BOOK",
    "name": "The Four Vedas",
    "name_plural": "copies of The Four Vedas",
    "description": "A single volume containing all four Vedas, which are the oldest scriptures of Hinduism.",
    "weight": 540,
    "volume": 4,
    "price": 550,
    "material": [ "paper" ],
    "symbol": "?",
    "color": "dark_gray",
    "intelligence": 8,
    "time": 10,
    "fun": 1,
    "flags": [ "INSPIRATIONAL" ]
  },
  {
    "id": "mag_comic",
    "type": "BOOK",
    "name": "comic book",
    "description": "A super-hero comic.",
    "weight": 60,
    "volume": 1,
    "price": 300,
    "material": [ "paper" ],
    "symbol": "?",
    "color": "light_cyan",
    "time": 7,
    "fun": 2
  },
  {
    "id": "mag_gaming",
    "type": "BOOK",
    "name": "Computer Gaming",
    "description": "Reviews of recently released computer games and previews of upcoming titles.",
    "weight": 60,
    "volume": 1,
    "price": 300,
    "material": [ "paper" ],
    "symbol": "?",
    "color": "pink",
    "intelligence": 7,
    "time": 8,
    "fun": 2
  },
  {
    "id": "mag_news",
    "type": "BOOK",
    "name": "TIME magazine",
    "description": "Current events concerning a bunch of people who're all (un)dead now.",
    "weight": 60,
    "volume": 1,
    "price": 400,
    "material": [ "paper" ],
    "symbol": "?",
    "color": "pink",
    "intelligence": 7,
    "time": 10,
    "fun": 2
  },
  {
    "id": "mag_porn",
    "type": "BOOK",
    "name": "Playboy",
    "description": "You can read it for the articles.  Or not.",
    "weight": 60,
    "volume": 1,
    "price": 400,
    "material": [ "paper" ],
    "symbol": "?",
    "color": "pink",
    "time": 10,
    "chapters": 4,
    "fun": 1
  },
  {
    "id": "necropolis_freq",
    "type": "BOOK",
    "name": "frequency list",
    "name_plural": "frequency lists",
    "description": "A notepad with a number of frequencies scribbled on it.",
    "weight": 1,
    "volume": 1,
    "price": 3000,
    "bashing": 1,
    "material": [ "paper" ],
    "symbol": "?",
    "color": "light_cyan",
    "intelligence": 2,
    "time": 10
  },
  {
    "id": "news_regional",
    "type": "BOOK",
    "name": "Rural Digest-Examiner",
    "description": "A newsweekly covering regional events.  There is an article on the winter's snowstorms and several letters to the editor concerning the community response.",
    "weight": 80,
    "volume": 1,
    "price": 350,
    "material": [ "paper" ],
    "symbol": "?",
    "color": "pink",
    "intelligence": 5,
    "time": 5,
    "fun": 1
  },
  {
    "id": "novel_adventure",
    "type": "BOOK",
    "name": "adventure novel",
    "description": "The stirring tale of a race against time, in search of a lost city located in the dark heart of the African continent.",
    "weight": 404,
    "volume": 3,
    "price": 850,
    "material": [ "paper" ],
    "symbol": "?",
    "color": "light_blue",
    "intelligence": 4,
    "time": 20,
    "chapters": 16,
    "fun": 4
  },
  {
    "id": "novel_buddy",
    "type": "BOOK",
    "name": "buddy novel",
    "description": "A gripping tale of two friends struggling to survive on the streets of New York City.",
    "weight": 244,
    "volume": 2,
    "price": 650,
    "material": [ "paper" ],
    "symbol": "?",
    "color": "light_blue",
    "intelligence": 4,
    "time": 20,
    "chapters": 16,
    "fun": 2
  },
  {
    "id": "novel_coa",
    "type": "BOOK",
    "name": "coming of age novel",
    "description": "A classic tale about growing up, portraying one young man's funny and poignant experiences with life, love, and sex.",
    "weight": 187,
    "volume": 2,
    "price": 750,
    "material": [ "paper" ],
    "symbol": "?",
    "color": "light_blue",
    "intelligence": 4,
    "time": 20,
    "chapters": 16,
    "fun": 2
  },
  {
    "id": "novel_coa2",
    "type": "BOOK",
    "name": "coming of age novel",
    "copy-from": "novel_coa",
    "description": "A graphic novel about a young girl living in Iran during the 1980's, seeing the world change around her as Iraq invaded her country.",
    "relative": { "time": -4, "chapters": -2, "fun": 1 }
  },
  {
    "id": "novel_crime",
    "type": "BOOK",
    "name": "crime novel",
    "description": "After their diamond heist goes wrong, the surviving criminals begin to suspect that one of them is a police informant.",
    "weight": 227,
    "volume": 3,
    "price": 850,
    "material": [ "paper" ],
    "symbol": "?",
    "color": "light_blue",
    "intelligence": 6,
    "time": 20,
    "chapters": 24,
    "fun": 3
  },
  {
    "id": "novel_crime2",
    "type": "BOOK",
    "name": "crime novel",
    "copy-from": "novel_crime",
    "description": "A story about three people in the fictional city of Los Santos, a gangster, an upper-class man, and a psychopath, eventually banding together to pull-off the biggest heist in the city's history",
    "relative": { "time": -3, "chapters": -3 }
  },
  {
    "id": "novel_drama",
    "type": "BOOK",
    "name": "drama novel",
    "description": "A real book for real adults.",
    "weight": 227,
    "volume": 4,
    "price": 850,
    "material": [ "paper" ],
    "symbol": "?",
    "color": "light_blue",
    "intelligence": 7,
    "time": 25,
    "chapters": 28,
    "fun": 4
  },
  {
    "id": "novel_erotic",
    "type": "BOOK",
    "name": "erotic novel",
    "description": "Hackneyed narrative concealing low-grade literary smut.",
    "weight": 200,
    "volume": 2,
    "price": 750,
    "material": [ "paper" ],
    "symbol": "?",
    "color": "light_blue",
    "intelligence": 7,
    "time": 18,
    "chapters": 28,
    "fun": 1
  },
  {
    "id": "novel_experimental",
    "type": "BOOK",
    "name": "experimental novel",
    "description": "A bizarre play about the philosophy of existential absurdity.  Or maybe it's about two guys waiting for their friend to show up.  It's confusing.",
    "weight": 142,
    "volume": 2,
    "price": 750,
    "material": [ "paper" ],
    "symbol": "?",
    "color": "light_blue",
    "intelligence": 5,
    "time": 20,
    "chapters": 20,
    "fun": 1
  },
  {
    "id": "novel_fantasy",
    "type": "BOOK",
    "name": "fantasy novel",
    "description": "Basic sword & sorcery.",
    "weight": 227,
    "volume": 4,
    "price": 850,
    "material": [ "paper" ],
    "symbol": "?",
    "color": "light_blue",
    "intelligence": 7,
    "time": 20,
    "chapters": 28,
    "fun": 4
  },
  {
    "id": "novel_horror",
    "type": "BOOK",
    "name": "horror novel",
    "description": "Maybe not the best reading material considering the situation.",
    "weight": 227,
    "volume": 4,
    "price": 850,
    "material": [ "paper" ],
    "symbol": "?",
    "color": "light_blue",
    "intelligence": 7,
    "time": 18,
    "chapters": 28,
    "fun": 1
  },
  {
    "id": "novel_mystery",
    "type": "BOOK",
    "name": "mystery novel",
    "description": "A detective investigates an unusual murder in a secluded location.",
    "weight": 227,
    "volume": 4,
    "price": 750,
    "material": [ "paper" ],
    "symbol": "?",
    "color": "light_blue",
    "intelligence": 7,
    "time": 18,
    "chapters": 28,
    "fun": 4
  },
  {
    "id": "novel_pulp",
    "type": "BOOK",
    "name": "pulp novel",
    "description": "A hardboiled detective tale filled with hard hitting action and intrigue.",
    "weight": 300,
    "volume": 3,
    "price": 650,
    "material": [ "paper" ],
    "symbol": "?",
    "color": "light_blue",
    "intelligence": 6,
    "time": 18,
    "chapters": 24,
    "fun": 3
  },
  {
    "id": "novel_road",
    "type": "BOOK",
    "name": "road novel",
    "description": "A tale about a group of friends who wander the USA in the 1960s against a backdrop of jazz, poetry and drug use.",
    "weight": 244,
    "volume": 2,
    "price": 750,
    "material": [ "paper" ],
    "symbol": "?",
    "color": "light_blue",
    "intelligence": 4,
    "time": 20,
    "chapters": 16,
    "fun": 4
  },
  {
    "id": "novel_romance",
    "type": "BOOK",
    "name": "romance novel",
    "description": "Drama and mild smut.",
    "weight": 227,
    "volume": 4,
    "price": 650,
    "material": [ "paper" ],
    "symbol": "?",
    "color": "light_blue",
    "intelligence": 4,
    "time": 15,
    "chapters": 16,
    "fun": 2
  },
  {
    "id": "novel_samurai",
    "type": "BOOK",
    "name": "samurai novel",
    "description": "The classic tale of a wandering swordsman who comes to a small settlement and is hired to help the townsfolk defend themselves from a band of marauding outlaws.",
    "weight": 322,
    "volume": 3,
    "price": 750,
    "material": [ "paper" ],
    "symbol": "?",
    "color": "light_blue",
    "intelligence": 7,
    "time": 20,
    "chapters": 28,
    "fun": 4
  },
  {
    "id": "novel_satire",
    "type": "BOOK",
    "name": "satire novel",
    "description": "A political satire of the pre-apocalypse world.  Looking back on it from this side of Armageddon makes it seem all the more ridiculous.",
    "weight": 520,
    "volume": 3,
    "price": 850,
    "material": [ "paper" ],
    "symbol": "?",
    "color": "light_blue",
    "intelligence": 7,
    "time": 36,
    "chapters": 28,
    "fun": 2
  },
  {
    "id": "novel_scifi",
    "type": "BOOK",
    "name": "scifi novel",
    "description": "Aliens, ray guns, and space ships.",
    "weight": 227,
    "volume": 3,
    "price": 850,
    "material": [ "paper" ],
    "symbol": "?",
    "color": "light_blue",
    "intelligence": 6,
    "time": 20,
    "chapters": 24,
    "fun": 3
  },
  {
    "id": "novel_sports",
    "type": "BOOK",
    "name": "sports novel",
    "description": "The dramatic tale of a small-time boxer who gets a rare chance to fight the heavy-weight champion, and seize his one chance to make a better life for himself while impressing the cute girl who works in the pet store.",
    "weight": 688,
    "volume": 3,
    "price": 750,
    "material": [ "paper" ],
    "symbol": "?",
    "color": "light_blue",
    "intelligence": 7,
    "time": 20,
    "chapters": 28,
    "fun": 4
  },
  {
    "id": "novel_spy",
    "type": "BOOK",
    "name": "spy novel",
    "description": "A tale of intrigue and espionage amongst Nazis, no, Commies, no, Iraqis!",
    "weight": 227,
    "volume": 4,
    "price": 750,
    "material": [ "paper" ],
    "symbol": "?",
    "color": "light_blue",
    "intelligence": 5,
    "time": 18,
    "chapters": 20,
    "fun": 3
  },
  {
    "id": "novel_swash",
    "type": "BOOK",
    "name": "swashbuckling novel",
    "description": "An exciting seventeenth century tale of how an enslaved Irish doctor and his comrades-in-chains escape and become heroic pirates of the Robin Hood variety.",
    "weight": 582,
    "volume": 3,
    "price": 750,
    "material": [ "paper" ],
    "symbol": "?",
    "color": "light_blue",
    "intelligence": 7,
    "time": 20,
    "chapters": 28,
    "fun": 4
  },
  {
    "id": "novel_thriller",
    "type": "BOOK",
    "name": "thriller novel",
    "description": "A suspenseful tale of betrayal and revenge.",
    "weight": 269,
    "volume": 4,
    "price": 650,
    "material": [ "paper" ],
    "symbol": "?",
    "color": "light_blue",
    "intelligence": 5,
    "time": 18,
    "chapters": 20,
    "fun": 3
  },
  {
    "id": "novel_tragedy",
    "type": "BOOK",
    "name": "tragedy novel",
    "description": "The story of two young lovers whose feuding families threaten to keep them apart.",
    "weight": 263,
    "volume": 4,
    "price": 750,
    "material": [ "paper" ],
    "symbol": "?",
    "color": "light_blue",
    "intelligence": 7,
    "time": 18,
    "chapters": 28,
    "fun": 1
  },
  {
    "id": "novel_war",
    "type": "BOOK",
    "name": "war novel",
    "description": "A thrilling narrative of survival in a prisoner of war camp during the Second World War, filled with riveting subplots about rat farming and dysentery.",
    "weight": 686,
    "volume": 3,
    "price": 750,
    "material": [ "paper" ],
    "symbol": "?",
    "color": "light_blue",
    "intelligence": 7,
    "time": 20,
    "chapters": 28,
    "fun": 4
  },
  {
    "id": "novel_war2",
    "type": "BOOK",
    "name": "war novel",
    "copy-from": "novel_war",
    "description": "A story about a Bosnian citizen who goes through many hardships and near death during the breakup of Yugoslavia.",
    "relative": { "time": -4, "chapters": -4 }
  },
  {
    "id": "novel_western",
    "type": "BOOK",
    "name": "western novel",
    "description": "The classic tale of a gunfighting stranger who comes to a small settlement and is hired to help the townsfolk defend themselves from a band of marauding outlaws.",
    "weight": 322,
    "volume": 3,
    "price": 750,
    "material": [ "paper" ],
    "symbol": "?",
    "color": "light_blue",
    "intelligence": 7,
    "time": 20,
    "chapters": 28,
    "fun": 4
  },
  {
    "id": "philosophy_book",
    "type": "BOOK",
    "name": "book of philosophy",
    "name_plural": "books of philosophy",
    "description": "A deep discussion of morality with an emphasis on epistemology and logic.",
    "weight": 1400,
    "volume": 3,
    "price": 1250,
    "material": [ "paper" ],
    "symbol": "?",
    "color": "light_blue",
    "intelligence": 11,
    "time": 36,
    "chapters": 44,
    "fun": 3
  },
  {
    "id": "phonebook",
    "type": "BOOK",
    "name": "phone book",
    "name_plural": "phone books",
    "description": "This hefty volume contains the telephone numbers of individuals, businesses, and utilities in the nearby area, pretty useless during the apocalypse and all.",
    "weight": 854,
    "volume": 10,
    "price": 800,
    "bashing": 2,
    "material": [ "paper" ],
    "symbol": "?",
    "color": "yellow",
    "intelligence": 4,
    "time": 1,
    "chapters": 200,
    "fun": -5
  },
  {
    "id": "photo_album",
    "type": "BOOK",
    "name": "photo album",
    "description": "A leather album full of photos of somebody's family.  You don't know any of the people in them, but seeing these pictures still makes you think of happier times.",
    "weight": 180,
    "volume": 1,
    "price": 3000,
    "material": [ "paper", "leather" ],
    "symbol": "?",
    "color": "light_gray",
    "time": 10,
    "chapters": 4,
    "fun": 1,
    "flags": [ "INSPIRATIONAL" ]
  },
  {
    "id": "plays_book",
    "type": "BOOK",
    "name": "book of plays",
    "name_plural": "books of plays",
    "description": "A collection of plays by various authors from around the world, including scripts by Wilde, Beckett, Checkov, and Shakespeare.",
    "weight": 700,
    "volume": 3,
    "price": 1150,
    "material": [ "paper" ],
    "symbol": "?",
    "color": "light_blue",
    "intelligence": 9,
    "time": 18,
    "chapters": 36,
    "fun": 2
  },
  {
    "id": "poetry_book",
    "type": "BOOK",
    "name": "book of poetry",
    "name_plural": "books of poetry",
    "description": "A collection of poetry by various authors from around the world, including writings by Dickinson, Goethe, Thoreau, and Yeats.",
    "weight": 400,
    "volume": 2,
    "price": 1050,
    "material": [ "paper" ],
    "symbol": "?",
    "color": "light_blue",
    "intelligence": 9,
    "time": 18,
    "chapters": 36,
    "fun": 2
  },
  {
    "id": "priest_diary",
    "type": "BOOK",
    "name": "priest's diary",
    "name_plural": "priest's diaries",
    "description": "A small book filled with journal entries in Latin.",
    "weight": 340,
    "volume": 3,
    "price": 1500,
    "bashing": 3,
    "material": [ "paper" ],
    "symbol": "?",
    "color": "light_gray",
    "intelligence": 15,
    "time": 30,
    "fun": -1,
    "flags": [ "INSPIRATIONAL" ]
  },
  {
    "id": "record_accounting",
    "type": "BOOK",
    "name": "corporate accounting ledger",
    "description": "If you knew what to look for something might stand out...",
    "weight": 566,
    "volume": 5,
    "price": 2000,
    "bashing": 5,
    "material": [ "paper" ],
    "symbol": "?",
    "color": "light_green",
    "intelligence": 10,
    "time": 30,
    "fun": -1
  },
  {
    "id": "record_patient",
    "type": "BOOK",
    "name": "patient treatment records",
    "name_plural": "patient treatment records",
    "description": "A massive stack of medical records that contain every gory detail.",
    "weight": 680,
    "volume": 6,
    "price": 500,
    "bashing": 6,
    "material": [ "paper" ],
    "symbol": "?",
    "color": "light_green",
    "intelligence": 8,
    "time": 30,
    "fun": -1
  },
  {
    "id": "record_weather",
    "type": "BOOK",
    "name": "national weather transcripts",
    "name_plural": "national weather transcripts",
    "description": "Old weather records are about as interesting as a rock.",
    "weight": 454,
    "volume": 7,
    "price": 500,
    "bashing": 7,
    "material": [ "paper" ],
    "symbol": "?",
    "color": "light_green",
    "intelligence": 4,
    "time": 30,
    "fun": -1
  },
  {
    "id": "story_book",
    "type": "BOOK",
    "name": "big book of short stories",
    "name_plural": "big books of short stories",
    "description": "This humongous volume contains a vast collection of short stories by different authors, spanning a wide variety of topics and genres.",
    "weight": 1720,
    "volume": 4,
    "price": 1400,
    "material": [ "paper" ],
    "symbol": "?",
    "color": "light_blue",
    "intelligence": 7,
    "time": 48,
    "chapters": 28,
    "fun": 5
  },
  {
    "id": "tall_tales",
    "type": "BOOK",
    "name": "book of tall tales",
    "name_plural": "books of tall tales",
    "description": "An entertaining collection of early American folklore, featuring tales of larger than life individuals and their amazing adventures.",
    "weight": 360,
    "volume": 3,
    "price": 1050,
    "material": [ "paper" ],
    "symbol": "?",
    "color": "light_blue",
    "intelligence": 6,
    "time": 18,
    "chapters": 24,
    "fun": 3
  },
  {
    "id": "visions_solitude",
    "type": "BOOK",
    "name": "Visions in Solitude",
    "name_plural": "Visions in Solitude",
    "description": "A small book detailing 'visions' a prisoner had on death row.",
    "weight": 227,
    "volume": 3,
    "price": 2900,
    "bashing": 3,
    "material": [ "paper" ],
    "symbol": "?",
    "color": "light_cyan",
    "intelligence": 6,
    "time": 30,
    "fun": 2,
    "flags": [ "INSPIRATIONAL" ]
  },
  {
    "id": "holybook_havamal",
    "type": "BOOK",
    "name": "Hávamál",
    "name_plural": "copies of Hávamál",
    "description": "An English translation of several Old Norse poems.  The poems contain proverbs and stories attributed to the god Odin, many transcribed from oral history.",
    "weight": 292,
    "volume": 3,
    "price": 550,
    "material": [ "paper" ],
    "symbol": "?",
    "color": "dark_gray",
    "intelligence": 8,
    "time": 10,
    "fun": 1,
    "flags": [ "INSPIRATIONAL" ]
  }
]
