[
  {
    "id": "mag_swimming",
    "type": "BOOK",
    "name": "Swim Planet",
    "name_plural": "Swim Planet",
    "description": "The world's leading resource about aquatic sports.",
    "weight": 60,
    "volume": 1,
    "price": 460,
    "material": [ "paper" ],
    "symbol": "?",
    "color": "pink",
    "skill": "swimming",
    "max_level": 1,
    "intelligence": 1,
    "time": 8,
    "fun": 1
  },
  {
    "id": "manual_swimming",
    "type": "BOOK",
    "name": "Water Survival Training Field Manual",
    "description": "A commercially produced survival guide that details swimming and deep water survival techniques tailored to emergency scenarios.",
    "weight": 400,
    "volume": 2,
    "price": 2200,
    "material": [ "paper" ],
    "symbol": "?",
    "color": "green",
    "skill": "swimming",
    "max_level": 3,
    "intelligence": 3,
    "time": 15
  }
]
