[
  {
    "id": "howto_traps",
    "type": "BOOK",
    "name": "How to Trap Anything",
    "name_plural": "How to Trap Anything",
    "description": "A worn manual that describes how to set and disarm a wide variety of traps.",
    "weight": 454,
    "volume": 2,
    "price": 2400,
    "material": [ "paper" ],
    "symbol": "?",
    "color": "green",
    "skill": "traps",
    "max_level": 4,
    "intelligence": 4,
    "time": 20
  },
  {
    "id": "mag_traps",
    "type": "BOOK",
    "name": "Trapper's Life",
    "name_plural": "Trapper's Life",
    "description": "An in-depth magazine about trapping game.  There are lots of articles and diagrams that explain simple trap designs.",
    "weight": 80,
    "volume": 1,
    "price": 450,
    "material": [ "paper" ],
    "symbol": "?",
    "color": "pink",
    "skill": "traps",
    "max_level": 1,
    "intelligence": 5,
    "time": 8
  },
  {
    "id": "manual_traps",
    "type": "BOOK",
    "name": "The Modern Trapper",
    "description": "An extensive volume that details numerous methods of trapping game.",
    "weight": 422,
    "volume": 2,
    "price": 2400,
    "material": [ "paper" ],
    "symbol": "?",
    "color": "green",
    "skill": "traps",
    "max_level": 3,
    "intelligence": 4,
    "time": 20
  },
  {
    "id": "textbook_traps",
    "type": "BOOK",
    "name": "The Compleat Trapper",
    "name_plural": "The Compleat Trapper",
    "//": "The spelling is intentionally archaic, as this form is commonly used in the titles of books.",
    "description": "An in-depth book about trapping game animals, covering methods both modern and ancient.",
    "weight": 1100,
    "volume": 8,
    "price": 6000,
    "bashing": 4,
    "material": [ "paper" ],
    "symbol": "?",
    "color": "blue",
    "skill": "traps",
    "required_level": 3,
    "max_level": 6,
    "intelligence": 8,
    "time": 30
  },
  {
    "id": "trappers_companion",
    "type": "BOOK",
    "name": "The Trapper's Companion",
    "name_plural": "copies of The Trapper's Companion",
    "description": "A folksy guide to trapping wild game using time-tested methods.  A bit in-depth for the beginner, it can provide a wealth of information to a knowledgeable trapper.",
    "weight": 1920,
    "volume": 8,
    "price": 920,
    "bashing": 8,
    "material": [ "paper" ],
    "symbol": "?",
    "color": "blue",
    "skill": "traps",
    "required_level": 5,
    "max_level": 8,
    "intelligence": 10,
    "time": 55
  }
]
