[
  {
    "result": "blanket",
    "type": "recipe",
    "category": "CC_ARMOR",
    "subcategory": "CSC_ARMOR_OTHER",
    "skill_used": "tailor",
    "time": 80000,
    "reversible": true,
    "autolearn": true,
    "using": [ [ "sewing_standard", 20 ] ],
    "components": [ [ [ "rag", 35 ] ] ]
  },
  {
    "result": "ring",
    "type": "recipe",
    "category": "CC_ARMOR",
    "subcategory": "CSC_ARMOR_OTHER",
    "skill_used": "fabrication",
    "difficulty": 6,
    "time": 120000,
    "book_learn": [ [ "jewelry_book", 6 ] ],
    "qualities": [
      { "id": "ANVIL", "level": 3 },
      { "id": "HAMMER", "level": 3 },
      { "id": "CHISEL", "level": 3 }
    ],
    "tools": [
      [ [ "tongs", -1 ] ],
      [ [ "swage", -1 ] ],
      [ [ "forge", 50 ], [ "oxy_torch", 10 ] ]
    ],
    "components": [ [ [ "gold_small", 3 ] ] ]
  },
  {
    "result": "gold_bracelet",
    "copy-from": "ring",
    "type": "recipe",
    "components": [ [ [ "gold_small", 12 ] ] ]
  },
  {
    "result": "copper_bracelet",
    "copy-from": "ring",
    "type": "recipe",
    "components": [ [ [ "copper", 60 ] ] ]
  },
  {
    "result": "silver_bracelet",
    "copy-from": "ring",
    "type": "recipe",
    "components": [ [ [ "silver_small", 15 ] ] ]
  },
  {
    "result": "down_blanket",
    "type": "recipe",
    "category": "CC_ARMOR",
    "subcategory": "CSC_ARMOR_OTHER",
    "skill_used": "tailor",
    "difficulty": 1,
    "time": 85000,
    "reversible": true,
    "autolearn": true,
    "using": [ [ "sewing_standard", 20 ] ],
    "components": [
      [ [ "rag", 35 ] ],
      [ [ "down_feather", 160 ] ]
    ]
  },
  {
    "result": "fur_blanket",
    "type": "recipe",
    "category": "CC_ARMOR",
    "subcategory": "CSC_ARMOR_OTHER",
    "skill_used": "tailor",
    "difficulty": 1,
    "skills_required": [ "survival", 1 ],
    "time": 80000,
    "reversible": true,
    "decomp_learn": 0,
    "autolearn": true,
    "using": [ [ "sewing_standard", 24 ] ],
    "components": [
      [ [ "rag", 30 ] ],
      [ [ "fur", 10 ], [ "tanned_pelt", 2 ] ]
    ]
  },
  {
    "result": "fur_cat_tail",
    "type": "recipe",
    "category": "CC_ARMOR",
    "subcategory": "CSC_ARMOR_OTHER",
    "skill_used": "tailor",
    "difficulty": 3,
    "time": 30000,
    "book_learn": [ [ "mag_animecon", 3 ] ],
    "using": [ [ "sewing_standard", 10 ] ],
    "tools": [ [ [ "surface_heat", 5, "LIST" ] ] ],
    "components": [
      [ [ "fur", 4 ] ],
      [ [ "string_36", 1 ] ],
      [ [ "plastic_chunk", 10 ], [ "bottle_plastic", 5 ], [ "bottle_plastic_small", 10 ], [ "jug_plastic", 1 ] ]
    ]
  },
  {
    "result": "fur_collar",
    "type": "recipe",
    "category": "CC_ARMOR",
    "subcategory": "CSC_ARMOR_OTHER",
    "skill_used": "tailor",
    "difficulty": 3,
    "time": 20000,
    "book_learn": [ [ "mag_animecon", 3 ] ],
    "using": [ [ "sewing_standard", 5 ] ],
    "tools": [ [ [ "soldering_standard", 10, "LIST" ], [ "surface_heat", 10, "LIST" ] ] ],
    "components": [
      [ [ "fur", 2 ] ],
      [ [ "scrap", 1 ] ]
    ]
  },
  {
    "result": "leather_cat_tail",
    "type": "recipe",
    "category": "CC_ARMOR",
    "subcategory": "CSC_ARMOR_OTHER",
    "skill_used": "tailor",
    "difficulty": 3,
    "time": 30000,
    "book_learn": [ [ "mag_animecon", 3 ] ],
    "using": [ [ "sewing_standard", 10 ] ],
    "tools": [ [ [ "surface_heat", 5, "LIST" ] ] ],
    "components": [
      [ [ "leather", 4 ] ],
      [ [ "string_36", 1 ] ],
      [ [ "plastic_chunk", 10 ], [ "bottle_plastic", 5 ], [ "bottle_plastic_small", 10 ], [ "jug_plastic", 1 ] ]
    ]
  },
  {
    "result": "leather_collar",
    "type": "recipe",
    "category": "CC_ARMOR",
    "subcategory": "CSC_ARMOR_OTHER",
    "skill_used": "tailor",
    "difficulty": 3,
    "time": 20000,
    "book_learn": [ [ "mag_animecon", 3 ] ],
    "using": [ [ "sewing_standard", 5 ] ],
    "tools": [ [ [ "soldering_standard", 10, "LIST" ], [ "surface_heat", 10, "LIST" ] ] ],
    "components": [
      [ [ "leather", 2 ] ],
      [ [ "scrap", 1 ] ]
    ]
  },
  {
    "result": "rebreather_filter",
    "type": "recipe",
    "category": "CC_OTHER",
    "subcategory": "CSC_OTHER_OTHER",
    "skill_used": "fabrication",
    "difficulty": 5,
    "skills_required": [ "cooking", 1 ],
    "time": 60000,
    "reversible": true,
    "decomp_learn": 4,
    "book_learn": [ [ "textbook_fireman", 4 ], [ "atomic_survival", 4 ], [ "adv_chemistry", 4 ], [ "textbook_chemistry", 4 ], [ "emergency_book", 3 ], [ "textbook_gaswarfare", 4 ] ],
    "using": [ [ "soldering_standard", 10 ] ],
    "qualities": [ { "id": "SCREW", "level": 1 } ],
    "components": [
      [ [ "oxy_powder", 50 ] ],
      [ [ "charcoal", 5 ], [ "coal_lump", 5 ] ],
      [ [ "superglue", 1 ] ],
      [ [ "scrap", 2 ], [ "can_food_unsealed", 1 ], [ "can_drink_unsealed", 1 ], [ "canister_empty", 1 ] ]
    ]
  },
  {
    "result": "gasfilter_s",
    "type": "recipe",
    "category": "CC_OTHER",
    "subcategory": "CSC_OTHER_OTHER",
    "skill_used": "fabrication",
    "difficulty": 2,
    "skills_required": [ "fabrication", 2 ],
    "time": 5000,
    "reversible": true,
    "decomp_learn": 2,
    "autolearn": true,
    "components": [ [ [ "charcoal", 5 ] ], [ [ "paper", 2 ] ], [ [ "bag_plastic", 1 ] ] ]
  },
  {
    "result": "gasfilter_m",
    "type": "recipe",
    "category": "CC_OTHER",
    "subcategory": "CSC_OTHER_OTHER",
    "skill_used": "fabrication",
    "difficulty": 2,
    "skills_required": [ "fabrication", 2 ],
    "time": 10000,
    "reversible": true,
    "decomp_learn": 2,
    "autolearn": true,
    "components": [ [ [ "charcoal", 10 ] ], [ [ "paper", 2 ] ], [ [ "bag_plastic", 1 ] ] ]
  },
  {
    "result": "gasfilter_l",
    "type": "recipe",
    "category": "CC_OTHER",
    "subcategory": "CSC_OTHER_OTHER",
    "skill_used": "fabrication",
    "difficulty": 5,
    "skills_required": [ "cooking", 1 ],
    "time": 60000,
    "reversible": true,
    "decomp_learn": 4,
    "book_learn": [
      [ "textbook_fireman", 4 ],
      [ "atomic_survival", 4 ],
      [ "adv_chemistry", 4 ],
      [ "textbook_chemistry", 4 ],
      [ "emergency_book", 3 ],
      [ "textbook_gaswarfare", 4 ]
    ],
    "using": [ [ "soldering_standard", 10 ] ],
    "qualities": [ { "id": "SCREW", "level": 1 } ],
    "components": [
      [ [ "oxy_powder", 50 ] ],
      [ [ "charcoal", 5 ], [ "coal_lump", 5 ] ],
      [ [ "superglue", 1 ] ],
      [ [ "scrap", 2 ], [ "can_food_unsealed", 1 ], [ "can_drink_unsealed", 1 ], [ "canister_empty", 1 ] ]
    ]
  },
  {
    "result": "sleeping_bag",
    "type": "recipe",
    "category": "CC_ARMOR",
    "subcategory": "CSC_ARMOR_OTHER",
    "skill_used": "tailor",
    "difficulty": 4,
    "skills_required": [ "survival", 1 ],
    "time": 75000,
    "reversible": true,
    "autolearn": true,
    "using": [ [ "sewing_standard", 30 ] ],
    "components": [ [ [ "rag", 30 ] ] ]
  },
  {
    "result": "sleeping_bag_fur",
    "type": "recipe",
    "category": "CC_ARMOR",
    "subcategory": "CSC_ARMOR_OTHER",
    "skill_used": "tailor",
    "difficulty": 5,
    "skills_required": [ "survival", 1 ],
    "time": 75000,
    "reversible": true,
    "decomp_learn": 4,
    "autolearn": true,
    "book_learn": [ [ "textbook_survival", 1 ], [ "trappers_companion", 3 ], [ "survival_book", 2 ], [ "pocket_survival", 1 ] ],
    "using": [ [ "sewing_standard", 30 ] ],
    "components": [
      [ [ "rag", 10 ] ],
      [ [ "fur", 20 ], [ "tanned_pelt", 3 ] ]
    ]
  },
  {
    "result": "survivor_belt",
    "type": "recipe",
    "category": "CC_ARMOR",
    "subcategory": "CSC_ARMOR_OTHER",
    "skill_used": "fabrication",
    "time": 1000,
    "reversible": true,
    "autolearn": true,
    "components": [
      [ [ "survivor_belt_notools", 1 ] ],
      [ [ "screwdriver_set", 1 ] ],
      [ [ "wrench", 1 ] ],
      [ [ "saw", 1 ] ],
      [ [ "hacksaw", 1 ] ],
      [ [ "hammer", 1 ] ]
    ]
  },
  {
    "result": "survivor_belt_notools",
    "type": "recipe",
    "category": "CC_ARMOR",
    "subcategory": "CSC_ARMOR_OTHER",
    "skill_used": "tailor",
    "difficulty": 6,
    "skills_required": [ "fabrication", 3 ],
    "time": 80000,
    "autolearn": true,
    "using": [ [ "sewing_standard", 140 ] ],
    "components": [
      [ [ "leather", 6 ], [ "tanned_hide", 1 ], [ "leather_belt", 1 ] ],
      [ [ "duct_tape", 100 ] ],
      [ [ "sheath", 1 ] ],
      [ [ "legrig", 1 ], [ "tool_belt", 1 ], [ "dump_pouch", 1 ], [ "leather_pouch", 4 ] ]
    ]
  },
  {
    "result": "towel",
    "type": "recipe",
    "id_suffix": "knitting",
    "category": "CC_ARMOR",
    "subcategory": "CSC_ARMOR_OTHER",
    "skill_used": "tailor",
    "time": 6000,
    "autolearn": true,
    "using": [ [ "sewing_standard", 7 ] ],
    "components": [ [ [ "rag", 5 ] ] ]
  },
  {
    "type": "recipe",
    "result": "towel",
    "category": "CC_OTHER",
    "subcategory": "CSC_ARMOR_OTHER",
    "skill_used": "survival",
    "time": 4000,
    "autolearn": true,
    "components": [ [ [ "water", 1 ], [ "water_clean", 1 ] ], [ [ "towel_soiled", 1 ] ] ]
  }
]
