[
  {
    "id": "360_200_mag",
    "type": "MAGAZINE",
    "name": "RMRB200 .22 magazine",
    "description": "A 200 round box magazine for use with the RM360 rotary carbine.",
    "weight": 360,
    "volume": 2,
    "price": 20000,
    "material": [ "superalloy", "plastic" ],
    "symbol": "#",
    "color": "dark_gray",
    "ammo_type": "22",
    "capacity": 200,
    "reliability": 10,
    "reload_time": 60,
    "flags": [ "MAG_COMPACT" ]
  },
  {
    "id": "360_400_mag",
    "type": "MAGAZINE",
    "name": "RMRD400 .22 drum magazine",
    "description": "A 400 round drum magazine for use with the RM360 rotary carbine.",
    "weight": 440,
    "volume": 3,
    "price": 30000,
    "material": [ "superalloy", "plastic" ],
    "symbol": "#",
    "color": "dark_gray",
    "ammo_type": "22",
    "capacity": 400,
    "reliability": 10,
    "reload_time": 60,
    "flags": [ "MAG_BULKY" ]
  },
  {
    "id": "a180mag",
    "type": "MAGAZINE",
    "name": "A-180 magazine",
    "description": "An unusually shaped pan magazine for the American-180.",
    "weight": 760,
    "volume": 2,
    "price": 7300,
    "material": "steel",
    "symbol": "#",
    "color": "light_gray",
    "ammo_type": "22",
    "capacity": 165,
    "reliability": 7,
    "reload_time": 150,
    "flags": [ "MAG_BULKY" ]
  },
  {
    "id": "mosquitomag",
    "type": "MAGAZINE",
    "name": "SIG Mosquito magazine",
    "description": "A factory specification 10-round magazine for the SIG Mosquito.",
    "weight": 60,
    "volume": 1,
    "price": 1700,
    "material": "steel",
    "symbol": "#",
    "color": "light_gray",
    "ammo_type": "22",
    "capacity": 10,
    "reliability": 9,
    "flags": [ "MAG_COMPACT" ]
  },
  {
    "id": "ruger1022bigmag",
    "type": "MAGAZINE",
    "name": "Ruger BX-25 magazine",
    "description": "Extended 25-round stick magazine for the Ruger 10/22.",
    "weight": 180,
    "volume": 2,
    "price": 7900,
    "material": "steel",
    "symbol": "#",
    "color": "light_gray",
    "ammo_type": "22",
    "capacity": 25,
    "reliability": 8,
    "flags": [ "MAG_COMPACT" ]
  },
  {
    "id": "ruger1022mag",
    "type": "MAGAZINE",
    "name": "Ruger 10/22 rotary magazine",
    "description": "Removable 10-round rotary magazine for the Ruger 10/22 which allows the magazine to fit flush with the bottom of the stock.",
    "weight": 80,
    "volume": 1,
    "price": 1400,
    "material": "steel",
    "symbol": "#",
    "color": "light_gray",
    "ammo_type": "22",
    "capacity": 10,
    "reliability": 9,
    "reload_time": 160,
    "flags": [ "MAG_COMPACT" ]
  },
  {
    "id": "sw22mag",
    "type": "MAGAZINE",
    "name": "S&W 22A magazine",
    "description": "A standard capacity magazine for the popular S&W 22A pistol.",
    "weight": 70,
    "volume": 1,
    "price": 2100,
    "material": "steel",
    "symbol": "#",
    "color": "light_gray",
    "ammo_type": "22",
    "capacity": 10,
    "reliability": 9,
    "flags": [ "MAG_COMPACT" ]
  }
]
