[
  {
    "id": "belt223",
    "copy-from": "magazine_belt",
    "type": "MAGAZINE",
    "name": "ammo belt 5.56x45mm",
    "ammo_type": "223",
    "capacity": 500,
    "count": 100,
    "default_ammo": "556",
    "linkage": "ammolink223"
  },
  {
    "id": "lw223bigmag",
    "type": "MAGAZINE",
    "name": "LW-56 magazine",
    "description": "A 56-round polymer magazine for Leadworks LLC 223 firearms.  It's compact design makes it surprisingly easy to store.  Lightweight and reliable but somewhat more difficult to reload.",
    "weight": 340,
    "volume": 3,
    "price": 14200,
    "material": "plastic",
    "symbol": "#",
    "color": "light_gray",
    "ammo_type": "223",
    "capacity": 56,
    "reliability": 9,
    "reload_time": 160,
    "flags": [ "MAG_COMPACT" ]
  },
  {
    "id": "lw223mag",
    "type": "MAGAZINE",
    "name": "LW-32 magazine",
    "description": "A 32-round polymer magazine for Leadworks LLC 223 firearms.  Lightweight and reliable but somewhat more difficult to reload.",
    "weight": 190,
    "volume": 2,
    "price": 10200,
    "material": "plastic",
    "symbol": "#",
    "color": "light_gray",
    "ammo_type": "223",
    "capacity": 32,
    "reliability": 9,
    "reload_time": 120,
    "flags": [ "MAG_COMPACT" ]
  },
  {
    "id": "stanag10",
    "type": "MAGAZINE",
    "name": "Ruger .223 magazine",
    "description": "A compact 10-round magazine commonly used with semi-automatic STANAG compatible rifles.",
    "weight": 100,
    "volume": 1,
    "price": 5000,
    "material": "steel",
    "symbol": "#",
    "color": "light_gray",
    "ammo_type": "223",
    "capacity": 10,
    "reliability": 9,
    "flags": [ "MAG_COMPACT" ]
  },
  {
    "id": "stanag30",
    "type": "MAGAZINE",
    "name": "STANAG magazine",
    "description": "A standard capacity magazine for use with STANAG compatible rifles.",
    "weight": 360,
    "volume": 2,
    "price": 8000,
    "material": "steel",
    "symbol": "#",
    "color": "light_gray",
    "ammo_type": "223",
    "capacity": 30,
    "reliability": 8,
    "flags": [ "MAG_COMPACT" ]
  },
  {
    "id": "stanag50",
    "type": "MAGAZINE",
    "name": "STANAG drum magazine",
    "description": "A 50-round magazine with a bulky green drum for use with STANAG compatible rifles.",
    "weight": 600,
    "volume": 4,
    "price": 9000,
    "to_hit": -2,
    "bashing": 4,
    "material": [ "steel", "plastic" ],
    "symbol": "#",
    "color": "light_green",
    "ammo_type": "223",
    "capacity": 50,
    "reliability": 7,
    "reload_time": 200,
    "flags": [ "MAG_BULKY" ]
  },
  {
    "id": "survivor223mag",
    "type": "MAGAZINE",
    "name": "makeshift .223 magazine",
    "description": "An improvised magazine consisting of little more than a bent sheet of rusted metal held together by duct tape and hope.",
    "weight": 80,
    "volume": 1,
    "price": 1200,
    "material": "steel",
    "symbol": "#",
    "color": "light_gray",
    "ammo_type": "223",
    "capacity": 5,
    "reliability": 5,
    "reload_time": 150,
    "flags": [ "MAG_COMPACT" ]
  }
]
