[
  {
    "id": "taurus38mag",
    "type": "MAGAZINE",
    "name": "Taurus .38 magazine",
    "description": "A compact steel box magazine for use with the Taurus Pro .38 pistol.",
    "weight": 80,
    "volume": 1,
    "price": 3400,
    "material": "steel",
    "symbol": "#",
    "color": "light_gray",
    "ammo_type": "38",
    "capacity": 10,
    "reliability": 8,
    "flags": [ "MAG_COMPACT" ]
  },
  {
    "id": "38_speedloader",
    "type": "MAGAZINE",
    "name": ".38 speedloader",
    "description": "This speedloader can hold 7 rounds of .38 and quickly reload a compatible revolver.",
    "weight": 80,
    "volume": 1,
    "price": 1000,
    "material": "steel",
    "symbol": "#",
    "color": "light_gray",
    "ammo_type": "38",
    "capacity": 7,
    "flags": [ "SPEEDLOADER" ]
  }
]
