[
  {
    "id": "bio_blaster_gun",
    "type": "GUN",
    "name": "fusion blaster",
    "description": "this a pseudo item",
    "volume": 12,
    "price": 0,
    "material": [ "steel", "plastic" ],
    "symbol": "(",
    "color": "magenta",
    "skill": "rifle",
    "range": 30,
    "ranged_damage": 22,
    "pierce": 15,
    "dispersion": 30,
    "durability": 10,
    "loudness": 12,
    "reload": 500,
    "ammo_effects": [ "PLASMA", "EXPLOSIVE", "FLAME" ],
    "flags": [ "NEVER_JAMS", "TRADER_AVOID" ]
  },
  {
    "id": "bio_emp_gun",
    "type": "GUN",
    "name": "EMP Projector",
    "description": "this a pseudo item",
    "weight": 2950,
    "volume": 8,
    "price": 1600000,
    "to_hit": -1,
    "bashing": 12,
    "material": [ "steel", "plastic" ],
    "symbol": "(",
    "color": "cyan",
    "skill": "rifle",
    "range": 10,
    "ranged_damage": 10,
    "pierce": 5,
    "//": "This is a pulse, not a laser. It's a point and shoot system, like a shotgun but even more so since this is a single mass.",
    "durability": 10,
    "loudness": 20,
    "reload": 0,
    "modes": [ [ "DEFAULT", "auto", 5 ] ],
    "ammo_effects": [ "DRAW_AS_LINE", "WIDE", "EMP" ],
    "flags": [ "NEVER_JAMS", "NO_UNLOAD", "TRADER_AVOID" ]
  },
  {
    "id": "bio_laser_gun",
    "type": "GUN",
    "name": "laser finger",
    "description": "this a pseudo item",
    "volume": 12,
    "price": 0,
    "material": [ "steel", "plastic" ],
    "symbol": "(",
    "color": "magenta",
    "skill": "pistol",
    "range": 30,
    "ranged_damage": 10,
    "pierce": 15,
    "dispersion": 10,
    "durability": 10,
    "loudness": 7,
    "reload": 500,
    "ammo_effects": [ "LASER", "INCENDIARY" ],
    "flags": [ "NEVER_JAMS", "TRADER_AVOID", "FIRESTARTER" ]
  },
  {
    "id": "bio_lightning",
    "type": "GUN",
    "name": "Chain Lightning",
    "description": "this a pseudo item",
    "volume": 12,
    "price": 0,
    "material": [ "steel", "plastic" ],
    "symbol": "(",
    "color": "magenta",
    "skill": "rifle",
    "range": 10,
    "ranged_damage": 16,
    "dispersion": 10,
    "durability": 10,
    "loudness": 10,
    "reload": 500,
    "ammo_effects": [ "LIGHTNING", "BOUNCE" ],
    "flags": [ "NEVER_JAMS", "TRADER_AVOID" ]
  }
]
