[
  {
    "id": "flamethrower",
    "copy-from": "flamethrower_base",
    "type": "GUN",
    "name": "flamethrower",
    "description": "A large flamethrower with substantial gas reserves.  Very menacing and deadly.",
    "weight": 1587,
    "volume": 16,
    "price": 80000,
    "to_hit": -1,
    "bashing": 10,
    "material": "steel",
    "range": 4,
    "dispersion": 300,
    "durability": 8,
    "burst": 4,
    "valid_mod_locations": [ [ "accessories", 1 ], [ "grip", 1 ] ],
    "magazines": [ [ "flammable", [ "pressurized_tank" ] ] ]
  },
  {
    "id": "flamethrower_crude",
    "copy-from": "flamethrower_base",
    "type": "GUN",
    "name": "spraycan flamethrower",
    "description": "A favorite of hooligans around the world, this lighter duct-taped to a spray can is probably as dangerous to the user as anyone else.  The nozzle has been crudely modified to disperse gasoline, and a small pump attached to the side allows for repressurization, though this process takes a few minutes.",
    "weight": 451,
    "volume": 2,
    "price": 16000,
    "material": "steel",
    "range": -2,
    "dispersion": 300,
    "durability": 8,
    "clip_size": 100,
    "valid_mod_locations": [ [ "grip", 1 ], [ "stock", 1 ] ],
    "relative": { "reload": 4 }
  },
  {
    "id": "flamethrower_simple",
    "copy-from": "flamethrower_base",
    "type": "GUN",
    "name": "simple flamethrower",
    "description": "A simple, home-made flamethrower.  While its capacity is not superb, it is more than capable of igniting terrain and monsters alike.",
    "weight": 907,
    "volume": 20,
    "price": 20000,
    "to_hit": -1,
    "bashing": 8,
    "material": [ "steel", "plastic" ],
    "ranged_damage": -5,
    "dispersion": 300,
    "durability": 6,
    "relative": { "reload": 2 },
    "magazines": [ [ "flammable", [ "aux_pressurized_tank", "pressurized_tank" ] ] ]
  },
  {
    "id": "rm451_flamethrower",
    "copy-from": "flamethrower_base",
    "type": "GUN",
    "name": "RM451 flamethrower",
    "description": "A military-grade combat flamethrower designed by Rivtech, the RM451 flamethrower incorporates a cycling pressure rapid-feed fuel system with a high-speed piezoelectric igniter.  Solidly built with durability in mind, it serves as an incredibly destructive weapon in the right hands.",
    "weight": 1320,
    "volume": 14,
    "price": 970000,
    "to_hit": -1,
    "bashing": 10,
    "material": [ "superalloy", "ceramic" ],
    "range": 12,
    "ranged_damage": 10,
    "dispersion": 240,
    "durability": 9,
    "burst": 5,
    "valid_mod_locations": [ [ "accessories", 4 ], [ "rail", 1 ], [ "grip", 1 ], [ "stock", 1 ], [ "underbarrel", 1 ] ],
    "extend": { "flags": [ "FIRE_20", "MODE_BURST" ] },
    "delete": { "flags": [ "FIRE_100" ] },
    "magazines": [ [ "flammable", [ "rm4502", "rm4504" ] ] ]
  }
]
