[
  {
    "type": "mapgen",
    "method": "json",
    "om_terrain": [ "house" ],
    "weight": 100,
    "//": "very low weight due to the awesomeness within",
    "object": {
      "fill_ter": "t_floor",
      "rows": [
        "........................",
        ".---22-----33----------.",
        ".|       |    |    A; |.",
        ".|      7|    +       2.",
        ".|      7|    |     88|.",
        ".|      7|    |-------|.",
        ".|@@     |    |       |.",
        ".|@@     |    +       |.",
        ".|:      |    |  66  >|.",
        ".|       +   7|  66  A2.",
        ".|       |   7|      G2.",
        ".|---------MM-|      F|.",
        ".|9          7|-------|.",
        ".|9   @  @            |.",
        ".|9                   |.",
        ".|9   @  @            |.",
        ".|>                   |.",
        ".|>   @  @     ??????>|.",
        ".|=                   |.",
        ".|>   @  @            |.",
        ".|                    |.",
        ".|  99999  99999  9999|.",
        ".----------------------.",
        "........................"
      ],
      "terrain": {
        " ": "t_floor",
        "+": "t_door_c",
        "-": "t_wall",
        ".": [ "t_grass", "t_grass", "t_grass", "t_dirt" ],
        "2": "t_window_boarded",
        "3": "t_door_locked",
        "M": "t_door_metal_c",
        "[": "t_fence_v",
        "^": "t_tree",
        "z": "t_shrub",
        "{": "t_door_glass_c",
        "|": "t_wall",
        "~": "t_fence_h"
      },
      "furniture": {
        "6": "f_table",
        "7": "f_bookcase",
        "8": "f_bathtub",
        "9": "f_rack",
        ":": "f_dresser",
        "=": "f_fireplace",
        ">": "f_counter",
        "?": "f_sofa",
        "@": "f_bed",
        "A": "f_sink",
        "B": "f_chair",
        "C": "f_desk",
        "D": "f_trashcan",
        "E": "f_cupboard",
        "F": "f_fridge",
        "G": "f_oven",
        "H": "f_armchair"
      },
      "toilets": { ";": {  } },
      "place_items": [
        { "item": "bed", "x": [ 6, 6 ], "y": [ 13, 13 ], "chance": 60 },
        { "item": "bed", "x": [ 9, 9 ], "y": [ 13, 13 ], "chance": 60 },
        { "item": "bed", "x": [ 6, 6 ], "y": [ 15, 15 ], "chance": 60 },
        { "item": "bed", "x": [ 9, 9 ], "y": [ 15, 15 ], "chance": 60 },
        { "item": "bed", "x": [ 6, 6 ], "y": [ 17, 17 ], "chance": 60 },
        { "item": "bed", "x": [ 9, 9 ], "y": [ 17, 17 ], "chance": 60 },
        { "item": "bed", "x": [ 6, 6 ], "y": [ 19, 19 ], "chance": 60 },
        { "item": "bed", "x": [ 9, 9 ], "y": [ 19, 19 ], "chance": 60 },
        { "item": "bed", "x": [ 2, 3 ], "y": [ 6, 7 ], "chance": 60 },
        { "item": "bedroom", "x": [ 2, 8 ], "y": [ 2, 10 ], "chance": 60 },
        { "item": "dresser", "x": [ 2, 2 ], "y": [ 8, 8 ], "chance": 50 },
        { "item": "bedroom", "x": [ 2, 2 ], "y": [ 8, 8 ], "chance": 60 },
        { "item": "cannedfood", "x": [ 2, 2 ], "y": [ 12, 17 ], "chance": 80 },
        { "item": "pasta", "x": [ 2, 2 ], "y": [ 12, 17 ], "chance": 80 },
        { "item": "oven", "x": [ 2, 2 ], "y": [ 19, 19 ], "chance": 80 },
        { "item": "homeguns", "x": [ 4, 8 ], "y": [ 21, 21 ], "chance": 60 },
        { "item": "lmoe_guns", "x": [ 4, 8 ], "y": [ 21, 21 ], "chance": 40 },
        { "item": "ammo_reloaded", "x": [ 4, 8 ], "y": [ 21, 21 ], "chance": 30 },
        { "item": "magazines", "x": [ 8, 8 ], "y": [ 3, 5 ], "chance": 50 },
        { "item": "novels", "x": [ 13, 13 ], "y": [ 10, 12 ], "chance": 70 },
        { "item": "cleaning", "x": [ 15, 21 ], "y": [ 2, 5 ], "chance": 70 },
        { "item": "gear_survival", "x": [ 11, 15 ], "y": [ 21, 21 ], "chance": 80 },
        { "item": "gear_survival", "x": [ 18, 21 ], "y": [ 21, 21 ], "chance": 50 },
        { "item": "kitchen", "x": [ 15, 21 ], "y": [ 6, 11 ], "chance": 70 },
        { "item": "fridge", "x": [ 21, 21 ], "y": [ 11, 11 ], "chance": 70 },
        { "item": "oven", "x": [ 21, 21 ], "y": [ 10, 10 ], "chance": 70 },
        { "item": "kitchen", "x": [ 21, 21 ], "y": [ 9, 9 ], "chance": 70 }
      ],
      "place_monsters": [
        { "monster": "GROUP_ZOMBIE", "x": [ 2, 21 ], "y": [ 2, 21 ], "repeat": [ 2, 3 ] },
        { "monster": "GROUP_PREPPER_HOUSE", "x": [ 2, 21 ], "y": [ 13, 21 ] },
        { "monster": "GROUP_PEST", "x": [ 2, 21 ], "y": [ 13, 21 ], "chance": 3 }
      ]
    }
  }
]
