[
  {
    "id": "rebar_plate",
    "type": "GENERIC",
    "category": "veh_parts",
    "name": "rebar grate",
    "description": "Interlocked sections of rebar that allows for light and effective reinforcement of vehicle sections.",
    "weight": 2200,
    "volume": 12,
    "price": 750,
    "to_hit": -1,
    "bashing": 6,
    "material": [ "steel" ],
    "symbol": "]",
    "color": "light_cyan"
  },
  {
    "id": "spring_plate",
    "type": "GENERIC",
    "category": "veh_parts",
    "name": "shock absorber",
    "description": "This makeshift combination of springs and scrap, when attached to a vehicle section, protects that section from impacts.  The springs can absorb a surprising amount of damage.",
    "weight": 14880,
    "volume": 12,
    "price": 1300,
    "to_hit": -1,
    "bashing": 6,
    "material": [ "steel" ],
    "symbol": "]",
    "color": "light_cyan"
  }
]
