[
  {
    "id": "material_aluminium_ingot",
    "type": "GENERIC",
    "category": "spare_parts",
    "name": "aluminum ingot",
    "description": "A small aluminum ingot, standardized for further processing.  Light but durable, this could be cast into various shapes for construction or ground down to a powder, for more... high-profile applications.",
    "weight": 675, "//": "Density 2.70g/cm³ = 675g/250ml",
    "volume": 1,
    "price": 500,
    "price_postapoc": 125,
    "material": [ "aluminum" ],
    "symbol": ",",
    "color": "light_gray"
  },
  {
    "id": "bismuth",
    "type": "AMMO",
    "category": "spare_parts",
    "name": "bismuth",
    "name_plural": "bismuth",
    "description": "A dense but brittle metal often used as an alternative to lead.",
    "weight": 2, "//": "Density 9.78g/cm³ ~ 2.4kg/250ml @ stack 1000 = 2g/unit",
    "volume": 1,
    "price": 6500,
    "count": 100,
    "stack_size": 1000,
    "material": [ "lead" ],
    "symbol": "=",
    "color": "dark_gray",
    "ammo_type": "components"
  },
  {
    "id": "gold_small",
    "type": "AMMO",
    "category": "spare_parts",
    "name": "gold",
    "name_plural": "gold",
    "description": "A soft shiny metal.  Before the apocalypse this would've been worth a small fortune but now its value is greatly diminished.",
    "weight": 5, "//": "Density 19.32g/cm³ ~ 4.8kg/250ml @ stack 1000 = 5g/unit",
    "volume": 1,
    "price": 100000,
    "price_postapoc": 100,
    "count": 100,
    "stack_size": 1000,
    "material": [ "gold" ],
    "symbol": "/",
    "color": "yellow",
    "ammo_type": "components"
  },
  {
    "id": "lead",
    "type": "AMMO",
    "category": "spare_parts",
    "name": "lead",
    "name_plural": "lead",
    "description": "A soft dull metal known since ancient times.  Due to its malleability it has a wide variety of uses including the manufacture of ammunition.",
    "weight": 3, "//": "Density 11.34g/cm³ ~ 2.8kg/250ml @ stack 1000 = 3g/unit",
    "volume": 1,
    "price": 5000,
    "count": 100,
    "stack_size": 1000,
    "material": [ "lead" ],
    "symbol": "=",
    "color": "dark_gray",
    "ammo_type": "components"
  },
  {
    "id": "magnesium",
    "type": "AMMO",
    "category": "spare_parts",
    "name": "magnesium powder",
    "name_plural": "magnesium powder",
    "description": "A gray powder composed of the highly flammable alkaline earth metal magnesium.  Useful for constructing flares and similar items.",
    "weight": 4, "//": "Density 1.74g/cm³ ~ 0.44kg/250ml @ stack 100 = 4g/unit",
    "volume": 1,
    "price": 5000,
    "count": 100,
    "stack_size": 100,
    "container": "bag_plastic",
    "material": [ "powder" ],
    "symbol": "=",
    "color": "dark_gray",
    "ammo_type": "components"
  },
  {
    "id": "scrap",
    "type": "AMMO",
    "category": "spare_parts",
    "name": "scrap metal",
    "description": "An bulky assortment of small bits of scrap steel useful in all kinds of crafting",
    "weight": 50,
    "volume": 1,
    "price": 1000,
    "count": 2,
    "stack_size": 10, "//": "Density 7.60g/cm³ ~ 1.9kg/250ml @ 50g/unit ~ stack 40 but fragments stacks poorly so only 25% of this",
    "material": "steel",
    "symbol": ",",
    "color": "light_gray",
    "ammo_type": "components"
  },
  {
    "id": "silver_small",
    "type": "AMMO",
    "category": "spare_parts",
    "name": "silver",
    "name_plural": "silver",
    "description": "A soft shiny metal.  Before the cataclysm it was worth quite a bit but its value is now greatly diminished.",
    "weight": 3, "//": "Density 10.40g/cm³ ~ 2.6kg/250ml @ stack 1000 = 3g/unit",
    "volume": 1,
    "price": 100000,
    "price_postapoc": 100,
    "count": 100,
    "stack_size": 1000,
    "material": [ "silver" ],
    "symbol": "/",
    "color": "light_gray",
    "ammo_type": "components"
  },
  {
    "id": "steel_chunk",
    "type": "AMMO",
    "category": "spare_parts",
    "name": "chunk of steel",
    "description": "A misshapen chunk of steel.  Makes a decent weapon in a pinch, and is also useful for some crafting recipes.",
    "weight": 250,
    "volume": 1,
    "price": 1000,
    "bashing": 8,
    "to_hit": -2,
    "stack_size": 4, "//": "Density 7.60g/cm³ ~ 1.9kg/250ml @ 250g/unit ~ stack 8 but mishapen so only 50% of this",
    "material": "steel",
    "symbol": ",",
    "color": "light_gray",
    "ammo_type": "components",
    "qualities": [ [ "HAMMER", 1 ] ]
  },
  {
    "id": "steel_lump",
    "type": "AMMO",
    "category": "spare_parts",
    "name": "lump of steel",
    "description": "A heavy formed piece of steel.  Useful for some crafting recipes.",
    "weight": 1000,
    "volume": 1,
    "price": 2000,
    "bashing": 12,
    "to_hit": -4,
    "stack_size": 2, "//": "Density 7.60g/cm³ ~ 1.9kg/250ml @ 1000g/unit ~ stack 2 and formed as a solid ingot so 100% of this",
    "material": "steel",
    "symbol": ",",
    "color": "light_gray",
    "ammo_type": "components",
    "qualities": [ [ "HAMMER", 1 ] ]
  }
]
