[
  {
    "abstract": "spare_part",
    "type": "GENERIC",
    "category": "spare_parts",
    "name": "spare parts",
    "name_plural": "spare parts",
    "description": "Items with are not themselves useful but are instead requirements for crafting or repairs",
    "symbol": ";",
    "color": "dark_gray"
  },
  {
    "id": "drivebelt",
    "copy-from": "spare_part",
    "type": "GENERIC",
    "name": "drive belt",
    "description": "A synthetic rubber V-belt with steel reinforcement fibers commonly fitted to engines or other industrial equipment.",
    "material": [ "plastic", "steel" ],
    "weight": 850,
    "volume": 2,
    "price": 1200
  },
  {
    "id": "drivebelt_makeshift",
    "copy-from": "spare_part",
    "type": "GENERIC",
    "name": "makeshift drive belt",
    "description": "An improvised belt useful for repairing engines or other industrial equipment when no better alternative is available.",
    "material": [ "cotton", "leather" ],
    "weight": 1250,
    "volume": 3,
    "price": 200
  },
  {
    "id": "filter_air",
    "copy-from": "spare_part",
    "type": "GENERIC",
    "name": "air filter",
    "description": "A plastic box containing crêped paper used to filter the air supply for combustion engines or other industrial equipment.",
    "material": [ "plastic", "paper" ],
    "weight": 360,
    "volume": 2,
    "price": 1900
  },
  {
    "id": "filter_air_makeshift",
    "copy-from": "spare_part",
    "type": "GENERIC",
    "name": "makeshift air filter",
    "description": "An improvised air filter useful for repairing engines or other industrial equipment when no better alternative is available.",
    "material": [ "plastic", "paper" ],
    "weight": 480,
    "volume": 3,
    "price": 200
  },
  {
    "id": "filter_liquid",
    "copy-from": "spare_part",
    "type": "GENERIC",
    "name": "automotive filter",
    "description": "A steel can containing filter paper designed for automotive use.",
    "material": [ "steel", "paper" ],
    "weight": 480,
    "volume": 2,
    "price": 1900
  },
  {
    "id": "filter_liquid_makeshift",
    "copy-from": "spare_part",
    "type": "GENERIC",
    "name": "makeshift automotive filter",
    "description": "An improvised automotive filter useful for repairing engines or other industrial equipment when no better alternative is available.",
    "material": [ "steel", "paper" ],
    "weight": 690,
    "volume": 3,
    "price": 200
  },
  {
    "id": "glowplug",
    "copy-from": "spare_part",
    "type": "GENERIC",
    "name": "glow plug",
    "description": "A cylindrical heating device designed to be screwed in to a diesel engine to aid starting in cold weather.",
    "material": [ "plastic", "copper" ],
    "weight": 260,
    "volume": 1,
    "price": 2300
  },
  {
    "id": "pump_complex",
    "copy-from": "spare_part",
    "type": "GENERIC",
    "name": "high-pressure pump",
    "description": "An complex mechanical pump capable of achieving high pressures.  Far beyond anything you could reasonably improvise.",
    "material": "iron",
    "weight": 2800,
    "volume": 5,
    "price": 28900
  },
  {
    "id": "well_pump",
    "copy-from": "spare_part",
    "type": "GENERIC",
    "name": "mechanical pump",
    "description": "An simple cast iron mechanical impeller pump.  It's not good for much of anything on its own.",
    "material": "iron",
    "weight": 2400,
    "volume": 4,
    "price": 1800
  }
]
