[
  {
    "id": "radio_car_box",
    "type": "GENERIC",
    "category": "other",
    "name": "radio car box",
    "name_plural": "radio car boxes",
    "description": "A RC car, with radio-control and batteries included!  Disassemble to unpack and enjoy.",
    "weight": 3200,
    "volume": 8,
    "price": 30000,
    "to_hit": -1,
    "material": [ "plastic" ],
    "symbol": ")",
    "color": "red"
  },
  {
    "id": "radiocontrol",
    "copy-from": "radio_car_box",
    "type": "TOOL",
    "name": "RC control",
    "description": "A remote control for RC cars, with joystick to steer the car and colorful buttons that don't seem to do anything.  Perhaps they were for the deluxe model?",
    "symbol": "#",
    "color": "yellow",
    "ammo": "battery",
    "initial_charges": 100,
    "max_charges": 100,
    "turns_per_charge": 5,
    "proportional": { "weight": 0.21, "volume": 0.25, "price": 0.2 },
    "use_action": "RADIOCONTROL"
  },
  {
    "id": "radio_car",
    "copy-from": "radio_car_box",
    "type": "TOOL",
    "name": "RC car",
    "description": "A remote-controlled car.  Fun for young and old alike.",
    "symbol": "#",
    "ammo": "battery",
    "initial_charges": 50,
    "max_charges": 50,
    "revert_to": "radio_car",
    "proportional": { "weight": 0.73, "volume": 0.75, "price": 0.8 },
    "use_action": "RADIOCAR",
    "flags": [ "RADIO_CONTAINER" ]
  },
  {
    "id": "radio_car_on",
    "copy-from": "radio_car",
    "type": "TOOL",
    "name": "RC car (on)",
    "name_plural": "RC cars (on)",
    "description": "This remote-controlled car is on, and draining its batteries just like a real electric car!  Use a remote control to drive it around.",
    "turns_per_charge": 5,
    "use_action": "RADIOCARON",
    "flags": [ "LIGHT_15", "RADIO_CONTAINER", "TRADER_AVOID" ]
  },
  {
    "id": "radio_mod",
    "type": "TOOL",
    "category": "spare_parts",
    "name": "radio activation mod",
    "description": "This small piece of electronics can be attached to certain items and activate them after receiving a radio signal.",
    "weight": 142,
    "volume": 1,
    "price": 5000,
    "to_hit": -2,
    "material": "steel",
    "symbol": ";",
    "color": "dark_gray",
    "use_action": "RADIO_MOD"
  },
  {
    "id": "radio",
    "type": "TOOL",
    "name": "radio (off)",
    "name_plural": "radios (off)",
    "description": "This is a portable radio.  Using this radio turns it on.  It will pick up any nearby signals being broadcast and play them audibly.",
    "weight": 295,
    "volume": 4,
    "price": 1000,
    "to_hit": -1,
    "bashing": 4,
    "material": [ "plastic", "aluminum" ],
    "symbol": ";",
    "color": "light_gray",
    "ammo": "battery",
    "initial_charges": 100,
    "max_charges": 100,
    "use_action": "RADIO_OFF"
  },
  {
    "id": "radio_on",
    "type": "TOOL",
    "name": "radio (on)",
    "name_plural": "radios (on)",
    "description": "This portable radio is turned on, and continually draining its batteries.  It is playing the broadcast being sent from any nearby radio towers.",
    "weight": 295,
    "volume": 4,
    "price": 1000,
    "to_hit": -1,
    "bashing": 4,
    "material": [ "plastic", "aluminum" ],
    "symbol": ";",
    "color": "light_gray",
    "ammo": "battery",
    "initial_charges": 100,
    "max_charges": 100,
    "turns_per_charge": 8,
    "revert_to": "radio",
    "use_action": "RADIO_ON",
    "flags": [ "TRADER_AVOID" ]
  },
  {
    "id": "two_way_radio",
    "type": "TOOL",
    "name": "two-way radio",
    "description": "This is a radio with a transmitting unit.  You could use it to contact someone who also has one.  Unfortunately no one seems to use those nowadays...",
    "weight": 431,
    "volume": 2,
    "price": 2000,
    "bashing": 6,
    "material": [ "plastic", "aluminum" ],
    "symbol": ";",
    "color": "green",
    "ammo": "battery",
    "initial_charges": 100,
    "max_charges": 100
  },
  {
    "id": "remotevehcontrol",
    "type": "TOOL",
    "name": "remote vehicle controller",
    "description": "A remote controller for real cars.  Can turn onboard devices on and off.  Some cars can be driven remotely.",
    "weight": 907,
    "volume": 4,
    "price": 2000,
    "to_hit": -1,
    "material": "plastic",
    "symbol": "#",
    "color": "yellow",
    "ammo": "battery",
    "initial_charges": 100,
    "max_charges": 100,
    "charges_per_use": 1,
    "turns_per_charge": 10,
    "use_action": "REMOTEVEH"
  }
]
