[
  {
    "id": "arrowrest",
    "type": "GUNMOD",
    "name": "arrow rest",
    "description": "A small extension above the grip which an arrow rests upon while being aimed.  Improves accuracy with no drawbacks.",
    "weight": 16,
    "volume": 1,
    "integral_volume": 0,
    "price": 4000,
    "material": [ "plastic", "aluminum" ],
    "symbol": ":",
    "color": "dark_gray",
    "location": "accessories",
    "mod_targets": [ "bow" ],
    "dispersion_modifier": -20,
    "min_skills": [ [ "gun", 1 ] ]
  },
  {
    "id": "bow_stabilizer",
    "type": "GUNMOD",
    "name": "bow stabilizer",
    "description": "A counterweight placed forward of the bow's grip allows for greater accuracy.  Aside from increased weight and size, there are no drawbacks.",
    "weight": 88,
    "volume": 2,
    "price": 4000,
    "material": [ "aluminum", "plastic" ],
    "symbol": ":",
    "color": "brown",
    "location": "stabilizer",
    "mod_targets": [ "bow" ],
    "dispersion_modifier": -20,
    "handling_modifier": 3,
    "min_skills": [ [ "archery", 1 ] ]
  },
  {
    "id": "bow_stabilizer_set",
    "type": "GUNMOD",
    "name": "bow stabilizer system",
    "description": "A set of three stabilizing, dampened rods with a spring-loaded bracket to mount on modern bows.  Takes extra time to set up when wielding, but doesn't take much extra space.",
    "weight": 300,
    "volume": 2,
    "price": 15000,
    "material": [ "aluminum", "plastic" ],
    "symbol": ":",
    "color": "brown",
    "location": "stabilizer",
    "mod_targets": [ "bow" ],
    "dispersion_modifier": -40,
    "handling_modifier": 6,
    "min_skills": [ [ "archery", 2 ] ],
    "flags": [ "NEEDS_UNFOLD" ]
  },
  {
    "id": "bow_silencer",
    "type": "GUNMOD",
    "name": "bow dampening kit",
    "description": "A set of simple pads and strips of fur or rubber with adhesive backing, designed to stick on the limbs and string of a bow to absorb vibrations.  This substantially reduces noise during firing and can help with accuracy.",
    "weight": 50,
    "volume": 1,
    "price": 500,
    "material": [ "plastic" ],
    "symbol": ":",
    "color": "brown",
    "location": "dampening",
    "mod_targets": [ "bow", "crossbow", "rifle" ],
    "dispersion_modifier": -2,
    "loudness_modifier": -8,
    "handling_modifier": 1,
    "min_skills": [ [ "weapon", 2 ] ]
  },
  {
    "id": "brass_catcher",
    "type": "GUNMOD",
    "name": "brass catcher",
    "description": "A bag that hangs off the side of your gun and catches ejected casings so you don't have to pick them up.",
    "weight": 114,
    "volume": 1,
    "price": 2000,
    "material": [ "cotton" ],
    "symbol": ":",
    "color": "light_gray",
    "location": "accessories",
    "mod_targets": [ "shotgun", "smg", "rifle", "pistol", "launcher" ],
    "min_skills": [ [ "weapon", 1 ] ]
  },
  {
    "id": "shoulder_strap",
    "type": "GUNMOD",
    "name": "shoulder strap",
    "description": "A shoulder strap allows the rifle to be worn over your shoulders like a piece of clothing.  However, it offers no protection.",
    "weight": 100,
    "volume": 1,
    "integral_volume": 0,
    "price": 480,
    "material": "cotton",
    "symbol": ":",
    "color": "green",
    "location": "accessories",
    "mod_targets": [ "rifle", "shotgun", "smg", "crossbow", "launcher" ],
    "flags": [ "IS_ARMOR", "BELTED", "OVERSIZE", "WATER_FRIENDLY" ]
  }
]
