[
  {
    "id": "light_grip",
    "type": "GUNMOD",
    "name": "lightweight replacement furniture",
    "description": "A set of lightweight composite grips and furniture that reduces a firearm's weight, and as a consequence, its handling and melee damage.",
    "weight": 140,
    "volume": 1,
    "integral_volume": 0,
    "price": 48000,
    "material": [ "plastic" ],
    "symbol": ":",
    "color": "dark_gray",
    "location": "grip",
    "mod_targets": [ "pistol", "smg", "rifle", "shotgun", "crossbow", "launcher" ],
    "handling_modifier": -2,
    "min_skills": [ [ "weapon", 3 ] ],
    "flags": [ "REDUCED_WEIGHT", "REDUCED_BASHING" ]
  },
  {
    "id": "pistol_grip",
    "type": "GUNMOD",
    "name": "ergonomic grip",
    "description": "A set of ergonomic replacement furniture for a firearm improving handling and accuracy.",
    "weight": 125,
    "volume": 1,
    "integral_volume": 0,
    "price": 38000,
    "material": [ "steel" ],
    "symbol": ":",
    "color": "dark_gray",
    "location": "grip",
    "mod_targets": [ "smg", "rifle", "pistol", "shotgun", "crossbow", "launcher" ],
    "dispersion_modifier": -15,
    "handling_modifier": 2,
    "min_skills": [ [ "weapon", 2 ] ]
  }
]
