[
  {
    "type": "palette",
    "id": "road",
    "terrain": {
      " ": [ "t_dirt", "t_dirt", "t_grass", "t_grass", "t_grass", "t_grass", "t_grass", "t_shrub" ],
      "_": "t_pavement",
      "!": "t_pavement",
      ".": "t_floor",
      "#": "t_wall",
      "+": "t_door_c",
      "~": "t_door_locked",
      "/": "t_door_glass_c",
      "x": "t_wall_glass",
      ":": "t_pavement_y",
      "]": "t_sidewalk",
      "*": "t_tree",
      "A": "t_atm"
    },
    "furniture": {
      "&": "f_trashcan",
      "{": "f_glass_fridge",
      "1": [ "f_indoor_plant", "f_indoor_plant_y" ],
      "C": "f_counter",
      "H": "f_sofa",
      "c": "f_chair",
      "s": "f_stool",
      "t": "f_table",
      "r": "f_rack",
      "l": "f_locker",
      "f": "f_fridge",
      "o": "f_oven",
      "S": "f_sink",
      "T": "f_toilet"
    },
    "toilets": { "T": {  } },
    "gaspumps": { "!": {  } },
    "vendingmachines": { "D": { "item_group": "vending_drink" }, "F": { "item_group": "vending_food" } }
  }
]
