[
  {
    "type": "mapgen",
    "method": "json",
    "om_terrain": [ "lab_train_depot" ],
    "weight": 250,
    "object": {
      "fill_ter": "t_thconc_floor",
      "rows": [
        "------------------------",
        "|               _      |",
        "| PP            _  888 |",
        "| PP x          _ x888 |",
        "| PP            _  888 |",
        "|               _      |",
        "|               ____=__|",
        "|                      |",
        "|                      |",
        "|                      |",
        "|                      |",
        "|           6          |",
        "|                      |",
        "|                      |",
        "|                      |",
        "|                      |",
        "|______                |",
        "|     _                |",
        "|  x  _                |",
        "| 888 _            p!p |",
        "| 888 =            p!p |",
        "| 888 _                |",
        "|     _                |",
        "------------------------"
      ],
      "palettes": [ "lab_palette" ],
      "computers": {
        "6": {
          "name": "Laboratory Train Controls", "security": 2,
          "options": [
            { "name": "Request Subway Train", "action": "disconnect", "security": 0 },
            { "name": "Download Subway Routes", "action": "map_subway", "security": 0 }
          ],
          "failures": [ { "action": "damage" }, { "action": "alarm" }, { "action": "shutdown" } ]
        }
      },
      "terrain": {
        "=": "t_chaingate_c",
        "_": "t_chainfence_h",
        "8": "t_potential_trans",
        "P": "t_generator_broken",
        "!": "t_sewage_pump",
        "p": "t_sewage_pipe"
      },
      "place_nested": [
        { "chunks": [ "lab_train_subway_east" ], "x": 0, "y": 0, "neighbors": { "east": ["subway"] } },
        { "chunks": [ "lab_train_subway_west" ], "x": 0, "y": 0, "neighbors": { "west": ["subway"] } },
        { "chunks": [ "lab_train_subway_north" ], "x": 0, "y": 0, "neighbors": { "north": ["subway"] } },
        { "chunks": [ "lab_train_subway_south" ], "x": 0, "y": 0, "neighbors": { "south": ["subway"] } },
        { "chunks": [ "lab_train_entrance_north" ], "x": 0, "y": 0, "neighbors": { "north": ["lab"] } },
        { "chunks": [ "lab_train_entrance_south" ], "x": 0, "y": 0, "neighbors": { "south": ["lab"] } },
        { "chunks": [ "lab_train_entrance_east" ], "x": 0, "y": 0, "neighbors": { "east": ["lab"] } },
        { "chunks": [ "lab_train_entrance_west" ], "x": 0, "y": 0, "neighbors": { "west": ["lab"] } }
      ]
    }
  },
  {
    "type": "mapgen",
    "method": "json",
    "nested_mapgen_id": "lab_train_subway_east",
    "object": {
      "mapgensize": [ 24, 24 ],
      "rows": [
        "                       .",
        "        ^^|^^|^^|^^|^^|^",
        "        XXxXXxXXxXXxXXxX",
        "        ^^|^^|^^|^^|^^|^",
        "        ^^|^^|^^|^^|^^|^",
        "        ^^|^^|^^|^^|^^|^",
        "        XXxXXxXXxXXxXXxX",
        "        ^^|^^|^^|^^|^^|^",
        "                       .",
        "                       .",
        "                       #",
        "                       #",
        "                       #",
        "                       #",
        "                       .",
        "                       .",
        "        ^^|^^|^^|^^|^^|^",
        "        XXxXXxXXxXXxXXxX",
        "        ^^|^^|^^|^^|^^|^",
        "        ^^|^^|^^|^^|^^|^",
        "        ^^|^^|^^|^^|^^|^",
        "        XXxXXxXXxXXxXXxX",
        "        ^^|^^|^^|^^|^^|^",
        "                       ."
      ],
      "palettes": [ "subway_underground" ]
    }
  },
  {
    "type": "mapgen",
    "method": "json",
    "nested_mapgen_id": "lab_train_subway_west",
    "object": {
      "mapgensize": [ 24, 24 ],
      "rows": [
        ".                       ",
        "^|^^|^^|^^|^^|^^        ",
        "XxXXxXXxXXxXXxXX        ",
        "^|^^|^^|^^|^^|^^        ",
        "^|^^|^^|^^|^^|^^        ",
        "^|^^|^^|^^|^^|^^        ",
        "XxXXxXXxXXxXXxXX        ",
        "^|^^|^^|^^|^^|^^        ",
        ".                       ",
        ".                       ",
        "#                       ",
        "#                       ",
        "#                       ",
        "#                       ",
        ".                       ",
        ".                       ",
        "^|^^|^^|^^|^^|^^        ",
        "XxXXxXXxXXxXXxXX        ",
        "^|^^|^^|^^|^^|^^        ",
        "^|^^|^^|^^|^^|^^        ",
        "^|^^|^^|^^|^^|^^        ",
        "XxXXxXXxXXxXXxXX        ",
        "^|^^|^^|^^|^^|^^        ",
        ".                       "
      ],
      "palettes": [ "subway_underground" ]
    }
  },
  {
    "type": "mapgen",
    "method": "json",
    "nested_mapgen_id": "lab_train_subway_north",
    "object": {
      "mapgensize": [ 24, 24 ],
      "rows": [
        ".^X^^^X^..####..^X^^^X^.",
        " -x---x-        -x---x- ",
        " xXXxXXx        xXXxXXx ",
        " ^X^^^X^        ^X^^^X^ ",
        " -x---x-        -x---x- ",
        " ^X^^^X^        ^X^^^X^ ",
        " xXXxXXx        xXXxXXx ",
        " -x---x-        -x---x- ",
        " ^X^^^X^        ^X^^^X^ ",
        " ^X^^^X^        ^X^^^X^ ",
        " -x---x-        -x---x- ",
        " ^X^^^X^        ^X^^^X^ ",
        " ^X^^^X^        ^X^^^X^ ",
        " -x---x-        -x---x- ",
        " ^X^^^X^        ^X^^^X^ ",
        " ^X^^^X^        ^X^^^X^ ",
        "                        ",
        "                        ",
        "                        ",
        "                        ",
        "                        ",
        "                        ",
        "                        ",
        "                        "
      ],
      "palettes": [ "subway_underground" ]
    }
  },
  {
    "type": "mapgen",
    "method": "json",
    "nested_mapgen_id": "lab_train_subway_south",
    "object": {
      "mapgensize": [ 24, 24 ],
      "rows": [
        "                        ",
        "                        ",
        "                        ",
        "                        ",
        "                        ",
        "                        ",
        "                        ",
        "                        ",
        " ^X^^^X^        ^X^^^X^ ",
        " ^X^^^X^        ^X^^^X^ ",
        " -x---x-        -x---x- ",
        " ^X^^^X^        ^X^^^X^ ",
        " ^X^^^X^        ^X^^^X^ ",
        " -x---x-        -x---x- ",
        " ^X^^^X^        ^X^^^X^ ",
        " ^X^^^X^        ^X^^^X^ ",
        " -x---x-        -x---x- ",
        " xXXxXXx        xXXxXXx ",
        " ^X^^^X^        ^X^^^X^ ",
        " -x---x-        -x---x- ",
        " ^X^^^X^        ^X^^^X^ ",
        " xXXxXXx        xXXxXXx ",
        " -x---x-        -x---x- ",
        ".^X^^^X^..####..^X^^^X^."
      ],
      "palettes": [ "subway_underground" ]
    }
  },
  {
    "type": "mapgen",
    "method": "json",
    "nested_mapgen_id": "lab_train_entrance_north",
    "object": {
      "mapgensize": [ 24, 24 ],
      "rows": [
        "        .|....|.        ",
        "        .|....|.        ",
        "        .|....|.        ",
        "        .|....|.        ",
        "        .|....|.        ",
        "        .|....|.        ",
        "        .--MM--.        ",
        "        ........        ",
        "                        ",
        "                        ",
        "                        ",
        "                        ",
        "                        ",
        "                        ",
        "                        ",
        "                        ",
        "                        ",
        "                        ",
        "                        ",
        "                        ",
        "                        ",
        "                        ",
        "                        ",
        "                        "
      ],
      "palettes": [ "lab_palette" ],
      "place_nested": [ { "chunks": [ "sub_f_crate" ], "x": [10,13], "y": [1,4], "repeat": [0,4] } ]
    }
  },
  {
    "type": "mapgen",
    "method": "json",
    "nested_mapgen_id": "lab_train_entrance_south",
    "object": {
      "mapgensize": [ 24, 24 ],
      "rows": [
        "                        ",
        "                        ",
        "                        ",
        "                        ",
        "                        ",
        "                        ",
        "                        ",
        "                        ",
        "                        ",
        "                        ",
        "                        ",
        "                        ",
        "                        ",
        "                        ",
        "                        ",
        "                        ",
        "        ........        ",
        "        .--MM--.        ",
        "        .|....|.        ",
        "        .|....|.        ",
        "        .|....|.        ",
        "        .|....|.        ",
        "        .|....|.        ",
        "-----------MM-----------"
      ],
      "palettes": [ "lab_palette" ],
      "place_nested": [ { "chunks": [ "sub_f_crate" ], "x": [10,13], "y": [19,21], "repeat": [0,4] } ]
    }
  },
  {
    "type": "mapgen",
    "method": "json",
    "nested_mapgen_id": "lab_train_entrance_east",
    "object": {
      "mapgensize": [ 24, 24 ],
      "rows": [
        "                       |",
        "                       |",
        "                       |",
        "                       |",
        "                       |",
        "                       |",
        "                       |",
        "                       |",
        "                .......|",
        "                .------|",
        "                .|.....|",
        "                .M.....M",
        "                .M.....M",
        "                .|.....|",
        "                .------|",
        "                .......|",
        "                       |",
        "                       |",
        "                       |",
        "                       |",
        "                       |",
        "                       |",
        "                       |",
        "                       |"
      ],
      "palettes": [ "lab_palette" ],
      "place_nested": [ { "chunks": [ "sub_f_crate" ], "x": [19,21], "y": [10,13], "repeat": [0,4] } ]
    }
  },
  {
    "type": "mapgen",
    "method": "json",
    "nested_mapgen_id": "lab_train_entrance_west",
    "object": {
      "mapgensize": [ 24, 24 ],
      "rows": [
        "                        ",
        "                        ",
        "                        ",
        "                        ",
        "                        ",
        "                        ",
        "                        ",
        "                        ",
        "........                ",
        "-------.                ",
        "......|.                ",
        "......M.                ",
        "......M.                ",
        "......|.                ",
        "-------.                ",
        "........                ",
        "                        ",
        "                        ",
        "                        ",
        "                        ",
        "                        ",
        "                        ",
        "                        ",
        "                        "
      ],
      "palettes": [ "lab_palette" ],
      "place_nested": [ { "chunks": [ "sub_f_crate" ], "x": [1,4], "y": [10,13], "repeat": [0,4] } ]
    }
  }
]