[
  {
    "type": "recipe",
    "result": "faction_base_camp_1",
    "description": "The first thing we are going to need is a command tent to manage and task workers from.",
    "category": "CC_BUILDING",
    "subcategory": "CSC_BUILDING_BASES",
    "skill_used": "fabrication",
    "autolearn": false,
    "never_learn": true,
    "time": 180000,
    "components": [ [ [ "large_tent_kit", 1 ], [ "broketent", 4 ], [ "shelter_kit", 4 ] ] ]
  },
  {
    "type": "recipe",
    "result": "faction_base_camp_2",
    "description": "We're going to need a fire pit and a bed if we want to stay here permanently.",
    "category": "CC_BUILDING",
    "subcategory": "CSC_BUILDING_BASES",
    "skill_used": "fabrication",
    "difficulty": 1,
    "autolearn": false,
    "never_learn": true,
    "time": 180000,
    "qualities": [ [ { "id": "DIG", "level": 1 } ], [ { "id": "HAMMER", "level": 1 } ] ],
    "components": [ [ [ "2x4", 8 ] ], [ [ "straw_pile", 16 ], [ "pine_bough", 20 ] ] ]
  },
  {
    "type": "recipe",
    "result": "faction_base_camp_3",
    "description": "To make this outpost functional we are going to need storage containers to organize our supplies.",
    "category": "CC_BUILDING",
    "subcategory": "CSC_BUILDING_BASES",
    "skill_used": "fabrication",
    "difficulty": 2,
    "autolearn": false,
    "never_learn": true,
    "time": 180000,
    "qualities": [ [ { "id": "HAMMER", "level": 1 } ] ],
    "components": [ [ [ "2x4", 32 ] ], [ [ "nail", 96 ] ] ]
  },
  {
    "type": "recipe",
    "result": "faction_base_camp_4",
    "description": "Next we should expand the camp to comfortably support two people indefinitely.",
    "category": "CC_BUILDING",
    "subcategory": "CSC_BUILDING_BASES",
    "skill_used": "fabrication",
    "difficulty": 2,
    "autolearn": false,
    "never_learn": true,
    "time": 240000,
    "qualities": [ [ { "id": "HAMMER", "level": 2 } ] ],
    "components": [
      [ [ "2x4", 24 ] ],
      [ [ "nail", 48 ] ],
      [ [ "sheet_metal", 4 ] ],
      [ [ "pipe", 12 ] ],
      [ [ "straw_pile", 16 ], [ "pine_bough", 20 ] ]
    ]
  },
  {
    "type": "recipe",
    "result": "faction_base_camp_5",
    "description": "Additional housing and storage will allow our camp to expand into specialized industries.",
    "category": "CC_BUILDING",
    "subcategory": "CSC_BUILDING_BASES",
    "skill_used": "fabrication",
    "difficulty": 2,
    "autolearn": false,
    "never_learn": true,
    "time": 720000,
    "qualities": [ [ { "id": "HAMMER", "level": 2 } ] ],
    "components": [
      [ [ "large_tent_kit", 1 ], [ "broketent", 4 ], [ "shelter_kit", 4 ] ],
      [ [ "2x4", 24 ] ],
      [ [ "straw_pile", 32 ], [ "pine_bough", 40 ] ],
      [ [ "nail", 48 ] ],
      [ [ "sheet_metal", 2 ] ],
      [ [ "pipe", 12 ] ]
    ]
  },
  {
    "type": "recipe",
    "result": "faction_base_camp_6",
    "description": "Constructing a hard command post will transform our little camp into a true base.",
    "category": "CC_BUILDING",
    "subcategory": "CSC_BUILDING_BASES",
    "skill_used": "fabrication",
    "difficulty": 4,
    "autolearn": false,
    "never_learn": true,
    "comment": "2hrs*14wall + 1 hr crates + 2*28roof + 4hrs pits = 89 hrs (12hrs on/off) 8 days total",
    "time": 11520000,
    "qualities": [ [ { "id": "DIG", "level": 2 } ], [ { "id": "HAMMER", "level": 2 } ] ],
    "components": [ [ [ "2x4", 16 ] ], [ [ "log", 112 ] ], [ [ "nail", 48 ] ], [ [ "stick", 196 ] ] ]
  },
  {
    "type": "recipe",
    "result": "faction_base_camp_7",
    "description": "Building additional housing will allow us to send companions out to find recruits.",
    "category": "CC_BUILDING",
    "subcategory": "CSC_BUILDING_BASES",
    "skill_used": "fabrication",
    "difficulty": 2,
    "autolearn": false,
    "never_learn": true,
    "time": 720000,
    "qualities": [ [ { "id": "HAMMER", "level": 2 } ] ],
    "components": [
      [ [ "large_tent_kit", 1 ], [ "broketent", 4 ], [ "shelter_kit", 4 ] ],
      [ [ "2x4", 24 ] ],
      [ [ "straw_pile", 32 ], [ "pine_bough", 40 ] ],
      [ [ "nail", 48 ] ],
      [ [ "sheet_metal", 2 ] ],
      [ [ "pipe", 12 ] ]
    ]
  },
  {
    "type": "recipe",
    "result": "faction_base_camp_8",
    "description": "We need to expand our base to include basic dining facilities.",
    "category": "CC_BUILDING",
    "subcategory": "CSC_BUILDING_BASES",
    "skill_used": "fabrication",
    "difficulty": 5,
    "autolearn": false,
    "never_learn": true,
    "comment": "2hrs*4wall + .5 hr*2tables + .5hr*4benches+ 1hrs pits = 12 hrs (12hrs on/off) 1 days total",
    "time": 1440000,
    "qualities": [ [ { "id": "DIG", "level": 1 } ], [ { "id": "SAW_M", "level": 1 } ], [ { "id": "HAMMER", "level": 2 } ] ],
    "components": [
      [ [ "2x4", 28 ] ],
      [ [ "log", 16 ] ],
      [ [ "nail", 56 ] ],
      [ [ "stick", 24 ] ],
      [ [ "metal_tank", 1 ] ],
      [ [ "pipe", 1 ] ]
    ]
  },
  {
    "type": "recipe",
    "result": "faction_base_camp_9",
    "description": "More housing means that we can support additional specialists.",
    "category": "CC_BUILDING",
    "subcategory": "CSC_BUILDING_BASES",
    "skill_used": "fabrication",
    "difficulty": 2,
    "autolearn": false,
    "never_learn": true,
    "time": 720000,
    "qualities": [ [ { "id": "HAMMER", "level": 2 } ] ],
    "components": [
      [ [ "large_tent_kit", 1 ], [ "broketent", 4 ], [ "shelter_kit", 4 ] ],
      [ [ "2x4", 24 ] ],
      [ [ "straw_pile", 32 ], [ "pine_bough", 40 ] ],
      [ [ "nail", 48 ] ],
      [ [ "sheet_metal", 2 ] ],
      [ [ "pipe", 12 ] ]
    ]
  },
  {
    "type": "recipe",
    "result": "faction_base_camp_10",
    "description": "An expanded kitchen is needed to support our growing settlement.",
    "category": "CC_BUILDING",
    "subcategory": "CSC_BUILDING_BASES",
    "skill_used": "fabrication",
    "difficulty": 4,
    "autolearn": false,
    "never_learn": true,
    "comment": "2hrs*6wall + 1 hr trash + 2*20roof + 4hrs pits = 53 hrs (12hrs on/off) 4.5 days total",
    "time": 6480000,
    "qualities": [ [ { "id": "DIG", "level": 2 } ], [ { "id": "HAMMER", "level": 2 } ] ],
    "components": [ [ [ "log", 64 ] ], [ [ "stick", 116 ] ], [ [ "sheet_metal", 2 ] ] ]
  },
  {
    "type": "recipe",
    "result": "faction_base_camp_11",
    "description": "Finishing the hard structure will give us a more secure place to retreat to if we come under attack.",
    "category": "CC_BUILDING",
    "subcategory": "CSC_BUILDING_BASES",
    "skill_used": "fabrication",
    "difficulty": 4,
    "autolearn": false,
    "never_learn": true,
    "comment": "2hrs*5wall + 1.5 hr*2door + 2hrs pits = 15 hrs (12hrs on/off) 1 days total",
    "time": 1440000,
    "qualities": [ [ { "id": "DIG", "level": 1 } ], [ { "id": "HAMMER", "level": 2 } ] ],
    "components": [ [ [ "log", 10 ] ], [ [ "stick", 15 ] ], [ [ "2x4", 32 ] ], [ [ "nail", 72 ] ] ]
  },
  {
    "type": "recipe",
    "result": "faction_base_camp_12",
    "description": "I'm surprised we've made it this long without securing a clean water source, we need a well.",
    "category": "CC_BUILDING",
    "subcategory": "CSC_BUILDING_BASES",
    "skill_used": "fabrication",
    "difficulty": 4,
    "autolearn": false,
    "never_learn": true,
    "comment": "11.5 hrs (12hrs on/off) 1 days total",
    "time": 1440000,
    "qualities": [ [ { "id": "DIG", "level": 2 } ], [ { "id": "WRENCH", "level": 1 } ], [ { "id": "HAMMER", "level": 2 } ] ],
    "components": [ [ [ "rock", 40 ] ], [ [ "pipe", 12 ] ], [ [ "2x4", 4 ] ], [ [ "well_pump", 1 ] ], [ [ "nail", 8 ] ] ]
  },
  {
    "type": "recipe",
    "result": "faction_base_camp_13",
    "description": "Building a strong wall will keep the base secure even if a small horde attacks.",
    "category": "CC_BUILDING",
    "subcategory": "CSC_BUILDING_BASES",
    "skill_used": "fabrication",
    "difficulty": 4,
    "autolearn": false,
    "never_learn": true,
    "comment": "2hrs*30palisade + .2hrs * 72pits = 75 hrs (12hrs on/off) 6.5 days total",
    "time": 9360000,
    "qualities": [ [ { "id": "DIG", "level": 2 } ] ],
    "components": [ [ [ "log", 90 ] ], [ [ "rope_makeshift_6", 60 ], [ "rope_6", 60 ], [ "vine_30", 30 ] ] ]
  },
  {
    "type": "recipe",
    "result": "faction_base_camp_14",
    "description": "We need to finish our half built fortifications.",
    "category": "CC_BUILDING",
    "subcategory": "CSC_BUILDING_BASES",
    "skill_used": "fabrication",
    "difficulty": 4,
    "autolearn": false,
    "never_learn": true,
    "comment": "2hrs*56palisade + .2hrs * 14pits = 115 hrs (12hrs on/off) 10 days total",
    "time": 14400000,
    "qualities": [ [ { "id": "DIG", "level": 2 } ] ],
    "components": [ [ [ "log", 168 ] ], [ [ "rope_makeshift_6", 112 ], [ "rope_6", 112 ], [ "vine_30", 112 ] ] ]
  },
  {
    "type": "recipe",
    "result": "faction_base_camp_15",
    "description": "We're running out of room and need another living quarters.",
    "category": "CC_BUILDING",
    "subcategory": "CSC_BUILDING_BASES",
    "skill_used": "fabrication",
    "difficulty": 2,
    "autolearn": false,
    "never_learn": true,
    "time": 720000,
    "qualities": [ [ { "id": "HAMMER", "level": 2 } ] ],
    "components": [
      [ [ "large_tent_kit", 1 ], [ "broketent", 4 ], [ "shelter_kit", 4 ] ],
      [ [ "2x4", 24 ] ],
      [ [ "straw_pile", 32 ], [ "pine_bough", 40 ] ],
      [ [ "nail", 48 ] ],
      [ [ "sheet_metal", 2 ] ],
      [ [ "pipe", 12 ] ]
    ]
  },
  {
    "type": "recipe",
    "result": "faction_base_camp_16",
    "description": "Our kitchen isn't able to keep up with demand, we need to expand it.",
    "category": "CC_BUILDING",
    "subcategory": "CSC_BUILDING_BASES",
    "skill_used": "fabrication",
    "difficulty": 5,
    "autolearn": false,
    "never_learn": true,
    "comment": "1hr stove+ .5 hr*2tables + .5hr*4benches+ .5hrs 2counter = 5 hrs ",
    "time": 370000,
    "qualities": [ [ { "id": "DIG", "level": 1 } ], [ { "id": "SAW_M", "level": 1 } ], [ { "id": "HAMMER", "level": 2 } ] ],
    "components": [ [ [ "2x4", 40 ] ], [ [ "nail", 72 ] ], [ [ "metal_tank", 1 ] ], [ [ "pipe", 1 ] ] ]
  },
  {
    "type": "recipe",
    "result": "faction_base_camp_17",
    "description": "We should build stronger doors to secure our compound.",
    "category": "CC_BUILDING",
    "subcategory": "CSC_BUILDING_BASES",
    "skill_used": "fabrication",
    "difficulty": 3,
    "autolearn": false,
    "never_learn": true,
    "comment": "3*7doors = 21 hrs so 2 days-ish ",
    "time": 2880000,
    "qualities": [ [ { "id": "HAMMER", "level": 2 } ] ],
    "components": [ [ [ "2x4", 198 ] ], [ [ "nail", 588 ] ] ]
  },
  {
    "type": "recipe",
    "result": "faction_base_camp_18",
    "description": "One final tent is all we have room for now.",
    "category": "CC_BUILDING",
    "subcategory": "CSC_BUILDING_BASES",
    "skill_used": "fabrication",
    "difficulty": 2,
    "autolearn": false,
    "never_learn": true,
    "time": 720000,
    "qualities": [ [ { "id": "HAMMER", "level": 2 } ] ],
    "components": [
      [ [ "large_tent_kit", 1 ], [ "broketent", 4 ], [ "shelter_kit", 4 ] ],
      [ [ "2x4", 24 ] ],
      [ [ "straw_pile", 32 ], [ "pine_bough", 40 ] ],
      [ [ "nail", 48 ] ],
      [ [ "sheet_metal", 2 ] ],
      [ [ "pipe", 12 ] ]
    ]
  },
  {
    "type": "recipe",
    "result": "faction_base_farm_0",
    "description": "Survey land for a farm shop.",
    "category": "CC_BUILDING",
    "subcategory": "CSC_BUILDING_BASES",
    "skill_used": "fabrication",
    "autolearn": false,
    "never_learn": true,
    "time": 180000
  },
  {
    "type": "recipe",
    "result": "faction_base_farm_1",
    "description": "Plowing a few plots should get us started.",
    "category": "CC_BUILDING",
    "subcategory": "CSC_BUILDING_BASES",
    "skill_used": "fabrication",
    "autolearn": false,
    "never_learn": true,
    "time": 540000,
    "qualities": [ [ { "id": "DIG", "level": 1 } ] ]
  },
  {
    "type": "recipe",
    "result": "faction_base_farm_2",
    "description": "We could use a farming shed to store resources where we'll be working.",
    "category": "CC_BUILDING",
    "subcategory": "CSC_BUILDING_BASES",
    "skill_used": "fabrication",
    "difficulty": 4,
    "autolearn": false,
    "never_learn": true,
    "time": 3600000,
    "qualities": [ [ { "id": "DIG", "level": 2 } ], [ { "id": "HAMMER", "level": 2 } ] ],
    "components": [ [ [ "log", 54 ] ], [ [ "stick", 90 ] ] ]
  },
  {
    "type": "recipe",
    "result": "faction_base_farm_3",
    "description": "Our farm could be expanded by finishing the shed and adding additional plots.",
    "category": "CC_BUILDING",
    "subcategory": "CSC_BUILDING_BASES",
    "skill_used": "fabrication",
    "difficulty": 4,
    "autolearn": false,
    "never_learn": true,
    "time": 2160000,
    "qualities": [ [ { "id": "DIG", "level": 2 } ], [ { "id": "HAMMER", "level": 2 } ] ],
    "components": [ [ [ "log", 24 ] ], [ [ "stick", 36 ] ], [ [ "2x4", 16 ] ], [ [ "nail", 36 ] ] ]
  },
  {
    "type": "recipe",
    "result": "faction_base_farm_4",
    "description": "Building a processing shack should allow us to reclaim additional seeds from our byproducts.",
    "category": "CC_BUILDING",
    "subcategory": "CSC_BUILDING_BASES",
    "skill_used": "fabrication",
    "difficulty": 4,
    "autolearn": false,
    "never_learn": true,
    "time": 10080000,
    "qualities": [ [ { "id": "DIG", "level": 2 } ], [ { "id": "HAMMER", "level": 2 } ] ],
    "components": [ [ [ "log", 130 ] ], [ [ "stick", 126 ] ], [ [ "2x4", 287 ] ], [ [ "nail", 144 ] ], [ [ "glass_sheet", 2 ] ] ]
  },
  {
    "type": "recipe",
    "result": "faction_base_garage_0",
    "description": "Survey land for a garage.",
    "category": "CC_BUILDING",
    "subcategory": "CSC_BUILDING_BASES",
    "skill_used": "fabrication",
    "autolearn": false,
    "never_learn": true,
    "time": 180000
  },
  {
    "type": "recipe",
    "result": "faction_base_garage_1",
    "description": "Building a tool rack should be the first priority.",
    "category": "CC_BUILDING",
    "subcategory": "CSC_BUILDING_BASES",
    "skill_used": "fabrication",
    "difficulty": 4,
    "autolearn": false,
    "never_learn": true,
    "time": 5040000,
    "qualities": [ [ { "id": "DIG", "level": 2 } ], [ { "id": "HAMMER", "level": 2 } ], [ { "id": "WRENCH", "level": 1 } ] ],
    "components": [
      [ [ "log", 72 ] ],
      [ [ "stick", 72 ] ],
      [ [ "2x4", 110 ] ],
      [ [ "nail", 16 ] ],
      [ [ "pipe", 24 ] ],
      [ [ "wrench", 1 ] ],
      [ [ "hacksaw", 1 ] ],
      [ [ "sheet_metal", 4 ] ]
    ]
  },
  {
    "type": "recipe",
    "result": "faction_base_garage_2",
    "description": "We should start construction of a roof for the garage.",
    "category": "CC_BUILDING",
    "subcategory": "CSC_BUILDING_BASES",
    "skill_used": "fabrication",
    "difficulty": 4,
    "autolearn": false,
    "never_learn": true,
    "time": 4320000,
    "qualities": [ [ { "id": "DIG", "level": 2 } ], [ { "id": "HAMMER", "level": 2 } ] ],
    "components": [ [ [ "log", 68 ] ], [ [ "stick", 60 ] ], [ [ "2x4", 112 ] ] ]
  },
  {
    "type": "recipe",
    "result": "faction_base_garage_3",
    "description": "Finishing out the roof will let our mechanics work rain or shine.",
    "category": "CC_BUILDING",
    "subcategory": "CSC_BUILDING_BASES",
    "skill_used": "fabrication",
    "difficulty": 4,
    "autolearn": false,
    "never_learn": true,
    "time": 10080000,
    "qualities": [ [ { "id": "DIG", "level": 2 } ], [ { "id": "HAMMER", "level": 2 } ] ],
    "components": [ [ [ "log", 112 ] ], [ [ "2x4", 448 ] ] ]
  },
  {
    "type": "recipe",
    "result": "faction_base_garage_4",
    "description": "Our garage isn't big enough to work on larger vehicles.  Let's start expanding it.",
    "category": "CC_BUILDING",
    "subcategory": "CSC_BUILDING_BASES",
    "skill_used": "fabrication",
    "difficulty": 4,
    "autolearn": false,
    "never_learn": true,
    "time": 4320000,
    "qualities": [ [ { "id": "DIG", "level": 2 } ], [ { "id": "HAMMER", "level": 2 } ] ],
    "components": [ [ [ "log", 65 ] ], [ [ "stick", 96 ] ] ]
  },
  {
    "type": "recipe",
    "result": "faction_base_garage_5",
    "description": "Finishing the roof will let us park RVs and buses in the garage.",
    "category": "CC_BUILDING",
    "subcategory": "CSC_BUILDING_BASES",
    "skill_used": "fabrication",
    "difficulty": 5,
    "autolearn": false,
    "never_learn": true,
    "time": 11520000,
    "qualities": [ [ { "id": "DIG", "level": 2 } ], [ { "id": "HAMMER", "level": 2 } ], [ { "id": "WRENCH", "level": 1 } ] ],
    "components": [
      [ [ "log", 124 ] ],
      [ [ "stick", 96 ] ],
      [ [ "2x4", 752 ] ],
      [ [ "nail", 24 ] ],
      [ [ "pipe", 24 ] ],
      [ [ "sheet_metal", 4 ] ]
    ]
  },
  {
    "type": "recipe",
    "result": "faction_base_garage_6",
    "description": "Attaching a quarters will let our mechanics work longer hours when needed.",
    "category": "CC_BUILDING",
    "subcategory": "CSC_BUILDING_BASES",
    "skill_used": "fabrication",
    "difficulty": 4,
    "autolearn": false,
    "never_learn": true,
    "time": 2880000,
    "qualities": [ [ { "id": "DIG", "level": 2 } ], [ { "id": "HAMMER", "level": 2 } ], [ { "id": "WRENCH", "level": 1 } ] ],
    "components": [
      [ [ "log", 95 ] ],
      [ [ "stick", 90 ] ],
      [ [ "2x4", 154 ] ],
      [ [ "nail", 72 ] ],
      [ [ "pipe", 12 ] ],
      [ [ "sheet_metal", 2 ] ],
      [ [ "straw_pile", 16 ], [ "pine_bough", 20 ] ]
    ]
  },
  {
    "type": "recipe",
    "result": "faction_base_kitchen_0",
    "description": "Survey land for a kitchen.",
    "category": "CC_BUILDING",
    "subcategory": "CSC_BUILDING_BASES",
    "skill_used": "fabrication",
    "autolearn": false,
    "never_learn": true,
    "time": 180000
  },
  {
    "type": "recipe",
    "result": "faction_base_kitchen_1",
    "description": "Building a cook-shack is our first task.",
    "category": "CC_BUILDING",
    "subcategory": "CSC_BUILDING_BASES",
    "skill_used": "fabrication",
    "difficulty": 4,
    "autolearn": false,
    "never_learn": true,
    "time": 7200000,
    "qualities": [ [ { "id": "DIG", "level": 2 } ], [ { "id": "HAMMER", "level": 2 } ] ],
    "components": [
      [ [ "pot", 1 ], [ "rock_pot", 1 ], [ "pot_copper", 1 ], [ "clay_pot", 1 ] ],
      [ [ "log", 92 ] ],
      [ [ "stick", 48 ] ],
      [ [ "2x4", 252 ] ],
      [ [ "nail", 16 ] ],
      [ [ "rock", 40 ] ]
    ]
  },
  {
    "type": "recipe",
    "result": "faction_base_kitchen_2",
    "description": "We need to finish framing the walls for the cook-shack.",
    "category": "CC_BUILDING",
    "subcategory": "CSC_BUILDING_BASES",
    "skill_used": "fabrication",
    "difficulty": 4,
    "autolearn": false,
    "never_learn": true,
    "time": 3600000,
    "qualities": [ [ { "id": "DIG", "level": 2 } ], [ { "id": "HAMMER", "level": 2 } ] ],
    "components": [
      [ [ "makeshift_knife", 1 ], [ "knife_steak", 1 ], [ "primitive_knife", 1 ], [ "copper_knife", 1 ] ],
      [ [ "log", 56 ] ],
      [ [ "stick", 84 ] ],
      [ [ "2x4", 67 ] ],
      [ [ "nail", 114 ] ],
      [ [ "glass_sheet", 1 ] ]
    ]
  },
  {
    "type": "recipe",
    "result": "faction_base_kitchen_3",
    "description": "Expanding the shack by including a smoker will increase our versatility.",
    "category": "CC_BUILDING",
    "subcategory": "CSC_BUILDING_BASES",
    "skill_used": "fabrication",
    "difficulty": 4,
    "autolearn": false,
    "never_learn": true,
    "time": 3600000,
    "qualities": [
      [ { "id": "DIG", "level": 2 } ],
      [ { "id": "HAMMER", "level": 2 } ],
      [ { "id": "CUT", "level": 1 } ],
      [ { "id": "SAW_W", "level": 1 } ]
    ],
    "components": [
      [ [ "log", 46 ] ],
      [ [ "stick", 40 ] ],
      [ [ "2x4", 165 ] ],
      [ [ "nail", 70 ] ],
      [ [ "rock", 8 ] ],
      [ [ "glass_sheet", 1 ] ]
    ]
  },
  {
    "type": "recipe",
    "result": "faction_base_kitchen_4",
    "description": "A pantry will allow our cooks to store more non-perishables.",
    "category": "CC_BUILDING",
    "subcategory": "CSC_BUILDING_BASES",
    "skill_used": "fabrication",
    "difficulty": 4,
    "autolearn": false,
    "never_learn": true,
    "time": 9360000,
    "qualities": [ [ { "id": "DIG", "level": 2 } ], [ { "id": "HAMMER", "level": 2 } ] ],
    "components": [
      [ [ "pot", 1 ], [ "rock_pot", 1 ], [ "pot_copper", 1 ], [ "clay_pot", 1 ] ],
      [ [ "log", 122 ] ],
      [ [ "stick", 108 ] ],
      [ [ "2x4", 239 ] ],
      [ [ "nail", 102 ] ],
      [ [ "glass_sheet", 1 ] ]
    ]
  },
  {
    "type": "recipe",
    "result": "faction_base_kitchen_5",
    "description": "Increasing our number of smoking racks will let us craft larger batches.",
    "category": "CC_BUILDING",
    "subcategory": "CSC_BUILDING_BASES",
    "skill_used": "fabrication",
    "difficulty": 4,
    "autolearn": false,
    "never_learn": true,
    "time": 360000,
    "qualities": [
      [ { "id": "DIG", "level": 2 } ],
      [ { "id": "HAMMER", "level": 2 } ],
      [ { "id": "CUT", "level": 1 } ],
      [ { "id": "WRENCH", "level": 1 } ],
      [ { "id": "SAW_W", "level": 1 } ]
    ],
    "components": [ [ [ "stick", 32 ] ], [ [ "rock", 56 ] ], [ [ "sheet_metal", 4 ] ], [ [ "pipe", 24 ] ] ]
  },
  {
    "type": "recipe",
    "result": "faction_base_kitchen_6",
    "description": "A well is needed so our cooks don't have to haul in water.",
    "category": "CC_BUILDING",
    "subcategory": "CSC_BUILDING_BASES",
    "skill_used": "fabrication",
    "difficulty": 5,
    "autolearn": false,
    "never_learn": true,
    "time": 1440000,
    "qualities": [ [ { "id": "DIG", "level": 2 } ], [ { "id": "WRENCH", "level": 1 } ], [ { "id": "HAMMER", "level": 2 } ] ],
    "components": [
      [ [ "pot", 1 ], [ "rock_pot", 1 ], [ "pot_copper", 1 ], [ "clay_pot", 1 ] ],
      [ [ "rock", 40 ] ],
      [ [ "pipe", 42 ] ],
      [ [ "2x4", 4 ] ],
      [ [ "sheet_metal", 6 ] ],
      [ [ "well_pump", 1 ] ],
      [ [ "nail", 8 ] ]
    ]
  },
  {
    "type": "recipe",
    "result": "faction_base_kitchen_7",
    "description": "Wood stoves will give us greater control of temperatures and let us craft more difficult recipes.",
    "category": "CC_BUILDING",
    "subcategory": "CSC_BUILDING_BASES",
    "skill_used": "fabrication",
    "difficulty": 5,
    "autolearn": false,
    "never_learn": true,
    "time": 180000,
    "qualities": [ [ { "id": "DIG", "level": 2 } ], [ { "id": "WRENCH", "level": 1 } ], [ { "id": "HAMMER", "level": 2 } ] ],
    "components": [ [ [ "pipe", 2 ] ], [ [ "2x4", 20 ] ], [ [ "metal_tank", 2 ] ], [ [ "nail", 18 ] ] ]
  },
  {
    "type": "recipe",
    "result": "faction_base_kitchen_8",
    "description": "Finally, expanding the pantry further will let us store additional materials.",
    "category": "CC_BUILDING",
    "subcategory": "CSC_BUILDING_BASES",
    "skill_used": "fabrication",
    "difficulty": 4,
    "autolearn": false,
    "never_learn": true,
    "time": 3600000,
    "qualities": [ [ { "id": "DIG", "level": 2 } ], [ { "id": "HAMMER", "level": 2 } ] ],
    "components": [ [ [ "log", 40 ] ], [ [ "stick", 30 ] ], [ [ "2x4", 135 ] ], [ [ "nail", 150 ] ], [ [ "glass_sheet", 1 ] ] ]
  },
  {
    "type": "recipe",
    "result": "faction_wall_level_N_0",
    "description": "A trench that may deter movement but is meant to be the foundation of a picket or palisade.  Requirements are for 1/2 an over map tile.",
    "category": "CC_BUILDING",
    "subcategory": "CSC_BUILDING_BASES",
    "skill_used": "fabrication",
    "difficulty": 1,
    "autolearn": false,
    "never_learn": true,
    "time": 510000,
    "qualities": [ [ { "id": "DIG", "level": 1 } ] ],
    "components": [ [ [ "stick", 3 ] ] ]
  },
  {
    "type": "recipe",
    "result": "faction_wall_level_N_1",
    "description": "A deep trench filled with spikes, requires a trench.  Requirements are for 1/2 an over map tile.",
    "category": "CC_BUILDING",
    "subcategory": "CSC_BUILDING_BASES",
    "skill_used": "fabrication",
    "difficulty": 2,
    "autolearn": false,
    "never_learn": true,
    "time": 1530000,
    "qualities": [ [ { "id": "DIG", "level": 2 } ] ],
    "components": [ [ [ "pointy_stick", 68 ] ] ]
  },
  {
    "type": "recipe",
    "result": "faction_base_blacksmith_0",
    "description": "Survey land for a blacksmith shop.",
    "category": "CC_BUILDING",
    "subcategory": "CSC_BUILDING_BASES",
    "skill_used": "fabrication",
    "autolearn": false,
    "never_learn": true,
    "time": 180000
  },
  {
    "type": "recipe",
    "result": "faction_base_blacksmith_1",
    "description": "Building a forge and kiln is our first task.",
    "category": "CC_BUILDING",
    "subcategory": "CSC_BUILDING_BASES",
    "skill_used": "fabrication",
    "difficulty": 5,
    "autolearn": false,
    "never_learn": true,
    "time": 180000,
    "qualities": [ [ { "id": "DIG", "level": 2 } ], [ { "id": "HAMMER", "level": 2 } ] ],
    "components": [
      [ [ "crucible", 1 ], [ "crucible_clay", 1 ] ],
      [ [ "primitive_hammer", 1 ], [ "makeshift_hammer", 1 ] ],
      [ [ "rock", 80 ] ]
    ]
  },
  {
    "type": "recipe",
    "result": "faction_base_blacksmith_2",
    "description": "Building a proper roof for the shop is the next step.",
    "category": "CC_BUILDING",
    "subcategory": "CSC_BUILDING_BASES",
    "skill_used": "fabrication",
    "difficulty": 4,
    "autolearn": false,
    "never_learn": true,
    "time": 10080000,
    "qualities": [ [ { "id": "DIG", "level": 2 } ], [ { "id": "HAMMER", "level": 2 } ] ],
    "components": [ [ [ "log", 136 ] ], [ [ "stick", 72 ] ], [ [ "2x4", 352 ] ] ]
  },
  {
    "type": "recipe",
    "result": "faction_base_blacksmith_3",
    "description": "Building a working table and placing an anvil are next.",
    "category": "CC_BUILDING",
    "subcategory": "CSC_BUILDING_BASES",
    "skill_used": "fabrication",
    "difficulty": 4,
    "autolearn": false,
    "never_learn": true,
    "time": 180000,
    "qualities": [ [ { "id": "HAMMER", "level": 2 } ] ],
    "components": [
      [ [ "crucible", 1 ], [ "crucible_clay", 1 ] ],
      [ [ "anvil", 1 ] ],
      [ [ "2x4", 6 ] ],
      [ [ "nail", 8 ] ],
      [ [ "rock", 40 ] ]
    ]
  },
  {
    "type": "recipe",
    "result": "faction_base_blacksmith_4",
    "description": "If we're going to do more than simple metal casting we need a bigger shop.",
    "category": "CC_BUILDING",
    "subcategory": "CSC_BUILDING_BASES",
    "skill_used": "fabrication",
    "difficulty": 4,
    "autolearn": false,
    "never_learn": true,
    "time": 8640000,
    "qualities": [ [ { "id": "DIG", "level": 2 } ], [ { "id": "HAMMER", "level": 2 } ] ],
    "components": [ [ [ "log", 108 ] ], [ [ "stick", 36 ] ], [ [ "2x4", 342 ] ], [ [ "nail", 8 ] ] ]
  },
  {
    "type": "recipe",
    "result": "faction_base_blacksmith_5",
    "description": "We need some basic tools to make more advanced crafts.",
    "category": "CC_BUILDING",
    "subcategory": "CSC_BUILDING_BASES",
    "skill_used": "fabrication",
    "difficulty": 4,
    "autolearn": false,
    "never_learn": true,
    "time": 180000,
    "qualities": [ [ { "id": "HAMMER", "level": 2 } ] ],
    "components": [
      [ [ "tongs", 2 ] ],
      [ [ "chisel", 1 ] ],
      [ [ "hammer", 1 ] ],
      [ [ "swage", 1 ] ],
      [ [ "sheet_metal", 4 ] ],
      [ [ "2x4", 18 ] ],
      [ [ "nail", 24 ] ]
    ]
  },
  {
    "type": "recipe",
    "result": "faction_base_blacksmith_6",
    "description": "An expanded forge will allow us to work on bigger projects.",
    "category": "CC_BUILDING",
    "subcategory": "CSC_BUILDING_BASES",
    "skill_used": "fabrication",
    "difficulty": 5,
    "autolearn": false,
    "never_learn": true,
    "time": 480000,
    "qualities": [ [ { "id": "DIG", "level": 2 } ], [ { "id": "HAMMER", "level": 2 } ], [ { "id": "SAW_W", "level": 1 } ] ],
    "components": [ [ [ "hammer", 1 ] ], [ [ "2x4", 16 ] ], [ [ "nail", 48 ] ], [ [ "rock", 120 ] ] ]
  },
  {
    "type": "recipe",
    "result": "faction_base_blacksmith_7",
    "description": "Proper steel work requires a bellows and quenching setup.",
    "category": "CC_BUILDING",
    "subcategory": "CSC_BUILDING_BASES",
    "skill_used": "fabrication",
    "difficulty": 4,
    "autolearn": false,
    "never_learn": true,
    "time": 1440000,
    "qualities": [ [ { "id": "HAMMER", "level": 2 } ], [ { "id": "SAW_W", "level": 1 } ] ],
    "components": [
      [ [ "2x4", 40 ] ],
      [ [ "nail", 60 ] ],
      [ [ "rock", 40 ] ],
      [ [ "sheet_metal", 4 ] ],
      [ [ "water_faucet", 1 ] ],
      [ [ "scrap", 16 ] ],
      [ [ "frame", 1 ] ],
      [ [ "leather", 10 ] ],
      [ [ "chain", 3 ] ]
    ]
  },
  {
    "type": "recipe",
    "result": "faction_base_blacksmith_8",
    "description": "A separate workshop will allow us to do the most basic of machining.",
    "category": "CC_BUILDING",
    "subcategory": "CSC_BUILDING_BASES",
    "skill_used": "fabrication",
    "difficulty": 4,
    "autolearn": false,
    "never_learn": true,
    "time": 10080000,
    "qualities": [ [ { "id": "DIG", "level": 2 } ], [ { "id": "HAMMER", "level": 2 } ] ],
    "components": [
      [ [ "hammer_sledge", 1 ] ],
      [ [ "knife_combat", 1 ], [ "copper_knife", 1 ] ],
      [ [ "log", 118 ] ],
      [ [ "stick", 114 ] ],
      [ [ "2x4", 264 ] ],
      [ [ "nail", 192 ] ],
      [ [ "glass_sheet", 4 ] ]
    ]
  },
  {
    "type": "recipe",
    "result": "faction_base_blacksmith_9",
    "description": "Next we need to add some basic tools and vices to the workshop.",
    "category": "CC_BUILDING",
    "subcategory": "CSC_BUILDING_BASES",
    "skill_used": "fabrication",
    "difficulty": 4,
    "autolearn": false,
    "never_learn": true,
    "time": 360000,
    "qualities": [ [ { "id": "WRENCH", "level": 1 } ], [ { "id": "HAMMER", "level": 2 } ] ],
    "components": [
      [ [ "wrench", 2 ] ],
      [ [ "pliers", 2 ] ],
      [ [ "sheet_metal", 6 ] ],
      [ [ "2x4", 36 ] ],
      [ [ "nail", 88 ] ],
      [ [ "scrap", 8 ] ],
      [ [ "leather", 4 ] ],
      [ [ "pipe", 36 ] ]
    ]
  },
  {
    "type": "recipe",
    "result": "faction_base_blacksmith_10",
    "description": "Advanced forging processes require more room to work.",
    "category": "CC_BUILDING",
    "subcategory": "CSC_BUILDING_BASES",
    "skill_used": "fabrication",
    "difficulty": 4,
    "autolearn": false,
    "never_learn": true,
    "time": 8640000,
    "qualities": [ [ { "id": "DIG", "level": 2 } ], [ { "id": "HAMMER", "level": 2 } ] ],
    "components": [ [ [ "hammer_sledge", 1 ] ], [ [ "log", 104 ] ], [ [ "stick", 54 ] ], [ [ "2x4", 272 ] ] ]
  },
  {
    "type": "recipe",
    "result": "faction_base_blacksmith_11",
    "description": "An on-site well will allow us to fill boilers as needed.",
    "category": "CC_BUILDING",
    "subcategory": "CSC_BUILDING_BASES",
    "skill_used": "fabrication",
    "difficulty": 4,
    "autolearn": false,
    "never_learn": true,
    "time": 1440000,
    "qualities": [ [ { "id": "WRENCH", "level": 1 } ], [ { "id": "DIG", "level": 2 } ], [ { "id": "HAMMER", "level": 2 } ] ],
    "components": [ [ [ "well_pump", 1 ] ], [ [ "pipe", 6 ] ], [ [ "2x4", 16 ] ], [ [ "nail", 24 ] ], [ [ "rock", 40 ] ] ]
  },
  {
    "type": "recipe",
    "result": "faction_base_blacksmith_12",
    "description": "A steam-powered drop hammer will greatly increase production speed in exchange for charcoal.",
    "category": "CC_BUILDING",
    "subcategory": "CSC_BUILDING_BASES",
    "skill_used": "mechanics",
    "difficulty": 4,
    "autolearn": false,
    "never_learn": true,
    "time": 4320000,
    "qualities": [ [ { "id": "WRENCH", "level": 1 } ], [ { "id": "HAMMER", "level": 2 } ] ],
    "components": [
      [ [ "log", 2 ] ],
      [ [ "2x4", 40 ] ],
      [ [ "nail", 60 ] ],
      [ [ "metal_tank", 6 ] ],
      [ [ "water_faucet", 2 ] ],
      [ [ "anvil", 1 ] ],
      [ [ "scrap", 30 ] ],
      [ [ "chain", 4 ] ],
      [ [ "pipe", 12 ] ]
    ]
  }
]
