[
  {
    "result": "fishing_rod_professional",
    "type": "recipe",
    "category": "CC_OTHER",
    "subcategory": "CSC_OTHER_TOOLS",
    "skill_used": "fabrication",
    "difficulty": 5,
    "skills_required": [ "survival", 4 ],
    "time": 300000,
    "reversible": true,
    "book_learn": [ [ "mag_survival", 4 ] , [ "manual_survival", 4 ] , [ "textbook_survival", 4 ] ],
    "qualities": [
      { "id": "CUT", "level": 1 },
      { "id": "SCREW_FINE", "level": 1 }
    ],
    "tools": [
      [ [ "mold_plastic", -1 ] ],
      [ [ "surface_heat", 50, "LIST" ] ]
    ],
    "components": [
        [ [ "plastic_chunk", 3 ] ],
        [ [ "wire", 1 ] ],
        [ [ "scrap", 1 ] ],
        [ [ "bismuth", 200 ], [ "lead", 200 ], [ "gold_small", 200 ], [ "silver_small", 200 ] ]
      ]
  },
  {
    "result": "jack",
    "type": "recipe",
    "category": "CC_OTHER",
    "subcategory": "CSC_OTHER_TOOLS",
    "skill_used": "fabrication",
    "difficulty": 5,
    "skills_required": [ "mechanics", 3 ],
    "time": 300000,
    "book_learn": [ [ "manual_mechanics", 3 ] , [ "manual_fabrication", 5 ] , [ "textbook_fabrication", 5 ] ],
    "using": [ [ "forging_standard", 10 ], [ "steel_standard", 1 ] ],
    "qualities": [
      { "id": "ANVIL", "level": 3 },
      { "id":"HAMMER", "level": 3 },
      { "id": "CHISEL", "level": 3 }
    ],
    "tools": [
      [ ["tongs", -1 ] ],
      [ ["crucible", -1 ], ["crucible_clay", -1] ],
      [ ["swage", -1 ] ]
    ]
  },
  {
  "result": "jack_makeshift",
  "type": "recipe",
  "category": "CC_OTHER",
  "subcategory": "CSC_OTHER_TOOLS",
  "skill_used": "fabrication",
  "difficulty": 2,
  "skills_required": [ "mechanics", 1 ],
  "time": 100000,
  "book_learn": [ [ "manual_mechanics", 1 ] , [ "manual_fabrication", 2 ] , [ "textbook_fabrication", 2 ] ],
  "qualities":[
    { "id": "SAW_M", "level": 1 },
    { "id": "SCREW", "level": 1 },
    { "id": "WRENCH", "level": 1 }
  ],
  "components": [
      [ [ "pipe", 4 ] ],
      [ [ "scrap", 2 ] ]
    ]
  },
  {
  "result": "jack_small",
  "type": "recipe",
  "category": "CC_OTHER",
  "subcategory": "CSC_OTHER_TOOLS",
  "skill_used": "fabrication",
  "difficulty": 3,
  "skills_required": [ "mechanics", 2 ],
  "time": 200000,
  "book_learn": [ [ "manual_mechanics", 2 ] , [ "manual_fabrication", 3 ] , [ "textbook_fabrication", 3 ] ],
  "using": [ [ "welding_standard", 5 ] ],
  "qualities":[
    { "id": "SAW_M_FINE", "level": 1 },
    { "id": "SCREW", "level": 1 },
    { "id": "WRENCH", "level": 1 }
  ],
  "components": [
      [ [ "pipe", 4 ] ],
      [ [ "scrap", 2 ] ]
    ]
  },
  {
    "result": "pickaxe",
    "type": "recipe",
    "category": "CC_OTHER",
    "subcategory": "CSC_OTHER_TOOLS",
    "skill_used": "fabrication",
    "difficulty": 7,
    "time": 420000,
    "autolearn": true,
    "book_learn": [ [ "textbook_carpentry", 5 ], [ "textbook_fabrication", 6 ] ],
    "using": [ [ "forging_standard", 2 ], [ "steel_standard", 2 ] ],
    "qualities": [
      { "id": "ANVIL", "level": 3 },
      { "id": "HAMMER", "level": 3 },
      { "id": "CHISEL", "level": 3 }
    ],
    "tools": [
      [ [ "tongs", -1 ] ],
      [ [ "crucible", -1 ], [ "crucible_clay", -1 ] ]
    ],
    "components": [ [ [ "2x4", 2 ], [ "stick", 4 ] ] ]
  },
  {
    "result": "still",
    "type": "recipe",
    "category": "CC_OTHER",
    "subcategory": "CSC_OTHER_TOOLS",
    "skill_used": "fabrication",
    "skills_required": [ "cooking", 3 ],
    "difficulty": 4,
    "time": 200000,
    "book_learn": [ [ "textbook_chemistry", 4 ], [ "brewing_cookbook", 3 ] ],
    "qualities" : [
      { "id":"CUT", "level": 1 },
      { "id":"HAMMER", "level": 2 }
    ],
    "components": [
      [ [ "pot", 1 ], [ "pot_copper", 1 ] ],
      [ [ "hose", 2 ] ]
    ]
  },
  {
    "result": "food_processor",
    "type": "recipe",
    "category": "CC_OTHER",
    "subcategory": "CSC_OTHER_TOOLS",
    "skill_used": "electronics",
    "difficulty": 3,
    "time": 20000,
    "reversible": true,
    "autolearn": true,
    "using": [ [ "soldering_standard", 20 ] ],
    "qualities": [
      { "id": "SCREW", "level": 1, "amount": 1 },
      { "id": "HAMMER", "level": 3, "amount": 1 }
    ],
    "components": [
      [ [ "scrap", 4 ] ],
      [ [ "cable", 2 ] ],
      [ [ "pot", 1 ], [ "pot_copper", 1 ] ],
      [ [ "motor_micro", 1 ] ],
      [ [ "e_scrap", 1 ] ]
    ]
  },
  {
    "result": "can_sealer",
    "type": "recipe",
    "category": "CC_OTHER",
    "subcategory": "CSC_OTHER_TOOLS",
    "skill_used": "fabrication",
    "skills_required": [ "mechanics", 2 ],
    "difficulty": 4,
    "time": 20000,
    "reversible": true,
    "autolearn": true,
    "tools": [
      [ [ "tongs", -1 ] ],
      [ [ "crucible", -1 ], [ "crucible_clay", -1 ] ]
    ],
    "using": [ [ "welding_standard", 1 ], [ "forging_standard", 1 ] ],
    "qualities":[
      { "id": "ANVIL", "level": 3 },
      { "id": "HAMMER", "level": 3 },
      { "id": "CHISEL", "level": 3 },
      { "id": "SCREW", "level": 1 },
      { "id": "WRENCH", "level": 2 },
      { "id": "SAW_M", "level": 2 }
    ],
    "components": [
      [ [ "foot_crank", 1 ] ],
      [ [ "scrap", 8 ] ],
      [ [ "steel_chunk", 4 ] ],
      [ [ "steel_lump", 2 ] ]
    ]
  },
  {
    "type" : "recipe",
    "result": "mortar_pestle",
    "category": "CC_OTHER",
    "subcategory": "CSC_OTHER_TOOLS",
    "skill_used": "fabrication",
    "skills_required": [ ["survival", 1], ["cooking", 2] ],
    "difficulty": 1,
    "time": 6000,
    "autolearn": true,
    "book_learn": [["atomic_survival", 0] , ["textbook_survival", 0]],
    "qualities":[{"id":"HAMMER","level":2}],
    "components": [
      [
        [ "rock", 3 ],
        [ "ceramic_shard", 3 ]
      ]
    ]
  },
  {
    "type" : "recipe",
    "result": "chicken_cage",
    "category": "CC_OTHER",
    "subcategory": "CSC_OTHER_TOOLS",
    "skill_used": "fabrication",
    "difficulty": 1,
    "time": 10000,
    "reversible": true,
    "autolearn": true,
    "qualities": [ { "id": "SAW_M_FINE", "level": 1 } ],
    "components": [ [ [ "wire", 4 ] ] ]
  }
]
