[
  {
    "id": "foot_pedals",
    "type": "vehicle_part",
    "name": "foot pedals",
    "item": "foot_crank",
    "location": "engine_block",
    "fuel_type": "muscle",
    "symbol": "*",
    "broken_symbol": "#",
    "color": "light_gray",
    "broken_color": "red",
    "difficulty": 1,
    "durability": 50,
    "description": "A set of bicycle style foot pedals.  If mounted on the same tile as seat, they allow you to move the vehicle at the cost of your stamina.",
    "power": 64,
    "damage_modifier": 50,
    "folded_volume": 2,
    "breaks_into": [ { "item": "steel_chunk", "count": [ 1, 2 ] }, { "item": "scrap", "count": [ 0, 2 ] } ],
    "flags": [ "ENGINE", "FOLDABLE", "MUSCLE_LEGS", "CONTROLS", "TOOL_WRENCH" ]
  },
  {
    "id": "hand_rims",
    "type": "vehicle_part",
    "name": "hand rims",
    "item": "hand_rims",
    "location": "engine_block",
    "fuel_type": "muscle",
    "symbol": "*",
    "broken_symbol": "#",
    "color": "light_gray",
    "broken_color": "red",
    "difficulty": 1,
    "durability": 50,
    "description": "A set of wheelchair style wheels.  If mounted on the same tile as seat, they allow you to move the vehicle at the cost of your stamina.",
    "power": 32,
    "damage_modifier": 50,
    "folded_volume": 2,
    "breaks_into": [ { "item": "steel_chunk", "count": [ 1, 2 ] }, { "item": "scrap", "count": [ 0, 2 ] } ],
    "flags": [ "ENGINE", "FOLDABLE", "MUSCLE_ARMS", "CONTROLS" ]
  }
]
