[
  {
    "abstract": "engine_motor",
    "type": "vehicle_part",
    "name": "electric motor",
    "item": "motor",
    "location": "engine_block",
    "description": "An electric motor.",
    "fuel_type": "battery",
    "symbol": "*",
    "color": "yellow",
    "broken_color": "red",
    "flags": [ "ENGINE", "TOOL_WRENCH" ]
  },
  {
    "id": "engine_electric_small",
    "copy-from": "engine_motor",
    "type": "vehicle_part",
    "name": "small electric motor",
    "item": "motor_small",
    "difficulty": 1,
    "durability": 120,
    "power": 20,
    "epower": -1000,
    "damage_modifier": 80,
    "folded_volume": 1,
    "breaks_into": [
      { "item": "steel_lump", "count": [ 1, 2 ] },
      { "item": "steel_chunk", "count": [ 1, 2 ] },
      { "item": "scrap", "count": [ 1, 2 ] },
      { "item": "cable", "charges": [ 3, 6 ] }
    ],
    "extend": { "flags": [ "TOOL_SCREWDRIVER", "FOLDABLE" ] },
    "delete": { "flags": [ "TOOL_WRENCH" ] }
  },
  {
    "id": "engine_electric",
    "copy-from": "engine_motor",
    "type": "vehicle_part",
    "name": "electric motor",
    "item": "motor",
    "difficulty": 2,
    "durability": 200,
    "power": 100,
    "epower": -5000,
    "damage_modifier": 80,
    "folded_volume": 6,
    "breaks_into": [
      { "item": "steel_lump", "count": [ 3, 5 ] },
      { "item": "steel_chunk", "count": [ 3, 5 ] },
      { "item": "scrap", "count": [ 3, 5 ] },
      { "item": "cable", "charges": [ 10, 15 ] }
    ]
  },
  {
    "id": "engine_electric_large",
    "copy-from": "engine_motor",
    "type": "vehicle_part",
    "name": "large electric motor",
    "item": "motor_large",
    "difficulty": 3,
    "durability": 400,
    "power": 400,
    "epower": -40000,
    "damage_modifier": 80,
    "breaks_into": [
      { "item": "steel_lump", "count": [ 3, 5 ] },
      { "item": "steel_chunk", "count": [ 3, 5 ] },
      { "item": "scrap", "count": [ 3, 5 ] },
      { "item": "cable", "charges": [ 10, 15 ] }
    ]
  },
  {
    "id": "engine_electric_enhanced",
    "copy-from": "engine_motor",
    "type": "vehicle_part",
    "name": "enhanced electric motor",
    "item": "motor_enhanced",
    "difficulty": 4,
    "durability": 200,
    "power": 500,
    "epower": -60000,
    "damage_modifier": 80,
    "breaks_into": [
      { "item": "steel_lump", "count": [ 3, 5 ] },
      { "item": "steel_chunk", "count": [ 3, 5 ] },
      { "item": "scrap", "count": [ 3, 5 ] },
      { "item": "cable", "charges": [ 10, 15 ] }
    ]
  }
]
