[
  {
    "id": "animalshelter",
    "type": "vehicle_group",
    "vehicles": [ [ "animalctrl", 300 ], [ "cube_van", 100 ], [ "cube_van_cheap", 50 ] ]
  },
  {
    "id": "animalshelter_softdrug",
    "type": "item_group",
    "items": [
      [ "bandages", 50 ],
      [ "saline", 20 ],
      [ "vitamins", 15 ],
      [ "calcium_tablet", 15 ],
      [ "nyquil", 5 ],
      [ "disinfectant", 15 ],
      [ "elec_hairtrimmer", 15 ],
      [ "survnote", 5 ],
      [ "mask_dust", 65 ],
      [ "glasses_safety", 10 ],
      [ "towel", 50 ],
      [ "scissors", 50 ],
      [ "soap", 20 ],
      [ "chem_hydrogen_peroxide", 10 ],
      [ "stethoscope", 50 ],
      [ "gloves_medical", 50 ],
      [ "hacksaw", 5 ],
      [ "gloves_rubber", 25 ],
      [ "bag_plastic", 20 ],
      [ "string_6", 5 ]
    ]
  },
  {
    "id": "animalshelter_utility",
    "type": "item_group",
    "items": [
      [ "dog_whistle", 10 ],
      [ "pet_carrier", 30 ],
      [ "dogfood", 50 ],
      [ "catfood", 50 ],
      [ "towel", 20 ],
      [ "soap", 10 ],
      [ "gloves_medical", 20 ],
      [ "rag", 15 ],
      [ "bag_plastic", 20 ],
      [ "jerky", 40 ],
      [ "rope_6", 15 ]
    ]
  },
  {
    "id": "animalshelter_hardrug",
    "type": "item_group",
    "items": [
      [ "syringe", 10 ],
      [ "antifungal", 30 ],
      [ "antiparasitic", 30 ],
      [ "antibiotics", 20 ],
      [ "saline", 15 ],
      [ "medical_tape", 35 ]
    ]
  },
  {
    "id": "animalshelter_toys",
    "type": "item_group",
    "items": [ [ "baseball", 30 ], [ "bone", 20 ], [ "bowl_plastic", 10 ], [ "rope_6", 5 ] ]
  },
  {
    "name": "GROUP_ANIMALSHELTER_CATS",
    "type": "monstergroup",
    "default": "mon_null",
    "monsters": [ { "monster": "mon_cat", "freq": 250, "cost_multiplier": 0 } ]
  },
  {
    "name": "GROUP_ANIMALSHELTER_DOGS",
    "type": "monstergroup",
    "default": "mon_zombie_dog",
    "monsters": [
      { "monster": "mon_zombie_dog", "freq": 200, "cost_multiplier": 0 },
      { "monster": "mon_dog_zombie_rot", "freq": 100, "cost_multiplier": 0 },
      { "monster": "mon_dog", "freq": 50, "cost_multiplier": 0 },
      { "monster": "mon_dog_pup", "freq": 5, "cost_multiplier": 0 },
      { "monster": "mon_dog_bull", "freq": 50, "cost_multiplier": 0 },
      { "monster": "mon_dog_bull_pup", "freq": 5, "cost_multiplier": 0 },
      { "monster": "mon_dog_pitbullmix", "freq": 50, "cost_multiplier": 0 },
      { "monster": "mon_dog_pitbullmix_pup", "freq": 5, "cost_multiplier": 0 },
      { "monster": "mon_dog_beagle", "freq": 50, "cost_multiplier": 0 },
      { "monster": "mon_dog_beagle_pup", "freq": 5, "cost_multiplier": 0 },
      { "monster": "mon_dog_bcollie", "freq": 50, "cost_multiplier": 0 },
      { "monster": "mon_dog_bcollie_pup", "freq": 5, "cost_multiplier": 0 },
      { "monster": "mon_dog_boxer", "freq": 50, "cost_multiplier": 0 },
      { "monster": "mon_dog_boxer_pup", "freq": 5, "cost_multiplier": 0 },
      { "monster": "mon_dog_chihuahua", "freq": 50, "cost_multiplier": 0 },
      { "monster": "mon_dog_chihuahua_pup", "freq": 5, "cost_multiplier": 0 },
      { "monster": "mon_dog_dachshund", "freq": 50, "cost_multiplier": 0 },
      { "monster": "mon_dog_dachshund_pup", "freq": 5, "cost_multiplier": 0 },
      { "monster": "mon_dog_gshepherd", "freq": 50, "cost_multiplier": 0 },
      { "monster": "mon_dog_gshepherd_pup", "freq": 5, "cost_multiplier": 0 },
      { "monster": "mon_dog_gpyrenees", "freq": 50, "cost_multiplier": 0 },
      { "monster": "mon_dog_gpyrenees_pup", "freq": 5, "cost_multiplier": 0 },
      { "monster": "mon_dog_rottweiler", "freq": 50, "cost_multiplier": 0 },
      { "monster": "mon_dog_rottweiler_pup", "freq": 5, "cost_multiplier": 0 },
      { "monster": "mon_dog_auscattle", "freq": 50, "cost_multiplier": 0 },
      { "monster": "mon_dog_auscattle_pup", "freq": 5, "cost_multiplier": 0 }
    ]
  },
  {
    "name": "GROUP_ANIMALSHELTER_OTHER",
    "type": "monstergroup",
    "default": "mon_null",
    "monsters": [
      { "monster": "mon_chicken", "freq": 200, "cost_multiplier": 0 },
      { "monster": "mon_rabbit", "freq": 300, "cost_multiplier": 0 }
    ]
  },
  {
    "id": "animalshelter",
    "type": "overmap_terrain",
    "name": "animal shelter",
    "sym": 94,
    "color": "i_pink",
    "see_cost": 5,
    "extras": "build",
    "mapgen": [
      {
        "method": "json",
        "weight": 300,
        "object": {
          "fill_ter": "t_floor",
          "rows": [
            "   ,    , ~~~~ ,    ,   ",
            "   ,    , -::- ,    ,   ",
            "   ,    , -..- ,    ,   ",
            "'~---------::---------''",
            "'~-F^l-Fg%#..gllAlll?-'G",
            "G~--glg^gc#..gllllll?-G'",
            "'~-F^lllg....:lllAll?-''",
            "'~-ggg:g-y..c---------'*",
            "'~-]...D....c-l-l-l-l-''",
            "*~-cT.......y-^-^-^-^-''",
            "G~-cT........:lllllll-*G",
            "'~-...#y....D-^-^-^-^-G'",
            "'~-iOOO-....y-l-l-l-l-''",
            "'~-.d%.-c..c----------''",
            "G~-rc..-c..T-ll-ll-ll-G'",
            "'~----i-y...-ll-ll-ll-G'",
            "'~-ts+......-g^-g^-g^-G'",
            "*~----M---...........-''",
            "         -.r-g^-g^-g^-'*",
            "         -..-ll-ll-ll-'G",
            "         --M----------''",
            "         f='RQ''G*G'G=G'",
            "         f=''''''G'G*=*'",
            "         '============G'"
          ],
          "terrain": {
            " ": "t_pavement",
            ",": "t_pavement_y",
            "g": "t_wall_glass",
            "%": "t_console_broken",
            "*": "t_shrub",
            "+": "t_door_c",
            "-": "t_wall",
            ".": "t_floor",
            ":": "t_door_glass_c",
            "=": "t_chainfence_h",
            "O": "t_window",
            "^": "t_chaingate_c",
            "'": "t_dirt",
            "G": "t_grass",
            "M": "t_door_metal_pickable",
            "i": "t_door_locked_interior",
            "l": "t_linoleum_white",
            "A": "t_linoleum_white",
            "?": "t_linoleum_white",
            "s": "t_linoleum_white",
            "t": "t_linoleum_white",
            "F": "t_linoleum_white",
            "f": "t_dirt",
            "R": "t_dirt",
            "Q": "t_dirt",
            "~": "t_sidewalk"
          },
          "furniture": {
            "#": "f_counter",
            "?": "f_sofa",
            "Q": "f_trashcan",
            "D": "f_trashcan",
            "F": "f_hay",
            "f": "f_dumpster",
            "R": "f_locker",
            "T": "f_table",
            "]": "f_bookcase",
            "c": "f_chair",
            "d": "f_desk",
            "r": "f_rack",
            "s": "f_sink",
            "y": "f_indoor_plant",
            "A": "f_armchair"
          },
          "toilets": { "t": {  } },
          "place_items": [
            { "item": "trash", "x": 7, "y": 8, "chance": 35, "repeat": [ 1, 3 ] },
            { "item": "trash", "x": 12, "y": 11, "chance": 35, "repeat": [ 1, 3 ] },
            { "item": "trash", "x": 13, "y": 21, "chance": 35, "repeat": [ 1, 3 ] },
            { "item": "trash", "x": 9, "y": [ 21, 22 ], "chance": 35, "repeat": [ 2, 6 ] },
            { "item": "cleaning", "x": 3, "y": 14, "chance": 45, "repeat": [ 1, 3 ] },
            { "item": "cleaning", "x": 11, "y": 18, "chance": 45, "repeat": [ 1, 3 ] },
            { "item": "cleaning", "x": 12, "y": 21, "chance": 45, "repeat": [ 1, 3 ] },
            { "item": "animalshelter_softdrug", "x": 3, "y": 14, "chance": 30, "repeat": [ 1, 3 ] },
            { "item": "animalshelter_softdrug", "x": 11, "y": 18, "chance": 30, "repeat": [ 1, 3 ] },
            { "item": "animalshelter_softdrug", "x": 12, "y": 21, "chance": 30, "repeat": [ 1, 3 ] },
            { "item": "animalshelter_hardrug", "x": 3, "y": 14, "chance": 75, "repeat": [ 1, 3 ] },
            { "item": "waitingroom", "x": 3, "y": 8, "chance": 30, "repeat": [ 1, 3 ] },
            { "item": "waitingroom", "x": 4, "y": 9, "chance": 30, "repeat": [ 1, 3 ] },
            { "item": "waitingroom", "x": 4, "y": 10, "chance": 60, "repeat": [ 1, 3 ] },
            { "item": "waitingroom", "x": 11, "y": 14, "chance": 30, "repeat": [ 2, 3 ] },
            { "item": "animalshelter_utility", "x": 3, "y": 8, "chance": 45, "repeat": [ 2, 3 ] },
            { "item": "animalshelter_utility", "x": 3, "y": 14, "chance": 35, "repeat": [ 2, 5 ] },
            { "item": "animalshelter_utility", "x": 11, "y": 14, "chance": 35, "repeat": [ 1, 3 ] },
            { "item": "animalshelter_utility", "x": 11, "y": 18, "chance": 35, "repeat": [ 2, 5 ] },
            { "item": "animalshelter_utility", "x": 12, "y": 21, "chance": 35, "repeat": [ 2, 5 ] },
            { "item": "animalshelter_toys", "x": [ 14, 20 ], "y": [ 4, 6 ], "chance": 60, "repeat": [ 2, 5 ] },
            { "item": "animalshelter_toys", "x": [ 14, 20 ], "y": [ 21, 22 ], "chance": 60, "repeat": [ 2, 5 ] },
            { "item": "office", "x": 10, "y": [ 4, 5 ], "chance": 25, "repeat": [ 1, 2 ] },
            { "item": "office", "x": 6, "y": 11, "chance": 25, "repeat": [ 1, 2 ] },
            { "item": "office", "x": 4, "y": 13, "chance": 25, "repeat": [ 1, 2 ] },
            { "item": "doctors_books", "x": 4, "y": 13, "chance": 15, "repeat": [ 1, 2 ] }
          ],
          "place_monsters": [
            { "monster": "GROUP_ANIMALSHELTER_OTHER", "x": 3, "y": 4, "chance": 20, "density": 0.05 },
            { "monster": "GROUP_ANIMALSHELTER_OTHER", "x": 7, "y": 4, "chance": 5, "density": 0.05 },
            { "monster": "GROUP_ANIMALSHELTER_OTHER", "x": 3, "y": 6, "chance": 20, "density": 0.05 },
            {
              "monster": "GROUP_ANIMALSHELTER_CATS",
              "x": [ 14, 20 ],
              "y": [ 4, 6 ],
              "chance": 2,
              "repeat": [ 2, 3 ],
              "density": 0.05
            },
            { "monster": "GROUP_ANIMALSHELTER_CATS", "x": 14, "y": 8, "chance": 2, "density": 0.05 },
            { "monster": "GROUP_ANIMALSHELTER_CATS", "x": 16, "y": 8, "chance": 5, "density": 0.05 },
            { "monster": "GROUP_ANIMALSHELTER_CATS", "x": 18, "y": 8, "chance": 5, "density": 0.05 },
            { "monster": "GROUP_ANIMALSHELTER_CATS", "x": 20, "y": 8, "chance": 5, "density": 0.05 },
            { "monster": "GROUP_ANIMALSHELTER_CATS", "x": 14, "y": 12, "chance": 2, "density": 0.05 },
            { "monster": "GROUP_ANIMALSHELTER_CATS", "x": 16, "y": 12, "chance": 5, "density": 0.05 },
            { "monster": "GROUP_ANIMALSHELTER_CATS", "x": 18, "y": 12, "chance": 5, "density": 0.05 },
            { "monster": "GROUP_ANIMALSHELTER_CATS", "x": 20, "y": 12, "chance": 5, "density": 0.05 },
            { "monster": "GROUP_ANIMALSHELTER_DOGS", "x": 13, "y": 14, "chance": 2, "density": 0.05 },
            { "monster": "GROUP_ANIMALSHELTER_DOGS", "x": 16, "y": 14, "chance": 5, "density": 0.05 },
            { "monster": "GROUP_ANIMALSHELTER_DOGS", "x": 19, "y": 14, "chance": 5, "density": 0.05 },
            { "monster": "GROUP_ANIMALSHELTER_DOGS", "x": 13, "y": 19, "chance": 5, "density": 0.05 },
            { "monster": "GROUP_ANIMALSHELTER_DOGS", "x": 16, "y": 19, "chance": 2, "density": 0.05 },
            { "monster": "GROUP_ANIMALSHELTER_DOGS", "x": 19, "y": 19, "chance": 5, "density": 0.05 },
            {
              "monster": "GROUP_ANIMALSHELTER_DOGS",
              "x": [ 14, 20 ],
              "y": [ 21, 22 ],
              "chance": 2,
              "repeat": [ 1, 2 ],
              "density": 0.05
            }
          ],
          "place_vehicles": [ { "vehicle": "animalshelter", "x": 5, "y": 20, "chance": 25 } ]
        }
      }
    ],
    "flags": [ "SIDEWALK" ]
  }
]
