[
  {
    "type": "mapgen",
    "method": "json",
    "om_terrain": [ "s_butcher" ],
    "object": {
      "rows": [
        "bbbbbbbbbbbbbbbbbbbbbbbb",
        "bbbbbbbbbbbbbbbbbbbbbbbb",
        "   addddddaeeadddddda   ",
        "   affffffa..affffffa   ",
        "   a......h.........a   ",
        "   a......j.........a   ",
        "   ak.h...h.........a   ",
        "   ak.h...k.........a   ",
        "   ak.h...h.........a   ",
        "   ak.h...k.........a   ",
        "   ak.h...h.........a   ",
        "   a..h...k.........a   ",
        "   a..h..aaaaaaaaaaaa   ",
        "   a.....e......iiiia   ",
        "   aaaaaaa..........a   ",
        "   a...............ha   ",
        "   a...p...........ha   ",
        "   a.........lhhhhhha   ",
        "   aaaaaaaaaeaaaaaaaa   ",
        "             mgggg      ",
        "              gggg      ",
        "                        ",
        "                        ",
        "                        "
      ],
      "terrain": {
        " ": [ "t_dirt", "t_grass", "t_grass", "t_grass" ],
        ".": "t_floor",
        "a": "t_wall",
        "b": "t_sidewalk",
        "d": "t_wall_glass",
        "e": "t_door_c",
        "f": "t_floor",
        "g": "t_dirt",
        "h": "t_floor",
        "i": "t_floor",
        "j": "t_console_broken",
        "k": "t_floor",
        "l": "t_floor",
        "m": "t_dirt",
        "o": "t_shrub",
        "p": "t_floor"
      },
      "furniture": {
        "f": "f_table",
        "g": "f_dumpster",
        "h": "f_counter",
        "i": "f_fridge",
        "k": "f_rack",
        "l": "f_trashcan",
        "m": "f_trashcan",
        "p": "f_metal_butcher_rack"
      },
      "place_loot": [
        { "group": "butcher_meat", "chance": 80, "x": [ 4, 4 ], "y": [ 3, 3 ] },
        { "group": "butcher_meat", "chance": 80, "x": [ 5, 5 ], "y": [ 3, 3 ] },
        { "group": "butcher_meat", "chance": 80, "x": [ 6, 6 ], "y": [ 3, 3 ] },
        { "group": "butcher_meat", "chance": 80, "x": [ 7, 7 ], "y": [ 3, 3 ] },
        { "group": "butcher_meat", "chance": 80, "x": [ 8, 8 ], "y": [ 3, 3 ] },
        { "group": "butcher_meat", "chance": 80, "x": [ 9, 9 ], "y": [ 3, 3 ] },
        { "group": "butcher_meat", "chance": 80, "x": [ 14, 14 ], "y": [ 3, 3 ] },
        { "group": "butcher_meat", "chance": 80, "x": [ 15, 15 ], "y": [ 3, 3 ] },
        { "group": "butcher_meat", "chance": 80, "x": [ 16, 16 ], "y": [ 3, 3 ] },
        { "group": "butcher_meat", "chance": 80, "x": [ 17, 17 ], "y": [ 3, 3 ] },
        { "group": "butcher_meat", "chance": 80, "x": [ 18, 18 ], "y": [ 3, 3 ] },
        { "group": "butcher_meat", "chance": 80, "x": [ 19, 19 ], "y": [ 3, 3 ] },
        { "group": "butcher_raw_meat", "chance": 60, "repeat": [ 2, 5 ], "x": [ 16, 16 ], "y": [ 13, 13 ] },
        { "group": "butcher_raw_meat", "chance": 60, "repeat": [ 2, 5 ], "x": [ 17, 17 ], "y": [ 13, 13 ] },
        { "group": "butcher_raw_meat", "chance": 60, "repeat": [ 2, 5 ], "x": [ 18, 18 ], "y": [ 13, 13 ] },
        { "group": "butcher_raw_meat", "chance": 60, "repeat": [ 2, 5 ], "x": [ 19, 19 ], "y": [ 13, 13 ] },
        { "group": "butcher_meat", "chance": 80, "x": [ 19, 19 ], "y": [ 15, 17 ] },
        { "group": "butcher_meat", "chance": 80, "x": [ 18, 14 ], "y": [ 17, 17 ] },
        { "group": "trash", "chance": 100, "repeat": [ 1, 2 ], "x": [ 17, 14 ], "y": [ 19, 20 ] },
        { "group": "restaur_trash", "chance": 80, "repeat": [ 1, 2 ], "x": [ 13, 13 ], "y": [ 17, 17 ] },
        { "group": "restaur_trash", "chance": 80, "repeat": [ 1, 2 ], "x": [ 13, 13 ], "y": [ 19, 19 ] },
        { "group": "butcher_tools", "chance": 100, "repeat": [ 1, 3 ], "x": [ 6, 6 ], "y": [ 6, 12 ] },
        { "group": "butcher_raw_meat", "chance": 80, "repeat": [ 1, 2 ], "x": [ 4, 4 ], "y": [ 6, 10 ] },
        { "group": "restaur_trash", "chance": 80, "repeat": [ 1, 2 ], "x": [ 4, 18 ], "y": [ 16, 14 ] }
      ],
      "place_monsters": [ { "monster": "GROUP_ZOMBIE_FAT", "chance": 1, "x": [ 9, 4 ], "y": [ 5, 13 ] } ],
      "place_fields": [
        { "field": "fd_blood", "x": [ 4, 7 ], "y": [ 5, 12 ], "repeat": [ 8, 12 ] },
        { "field": "fd_gibs_flesh", "x": [ 4, 7 ], "y": [ 5, 12 ], "repeat": [ 1, 5 ] },
        { "field": "fd_blood", "x": [ 4, 19 ], "y": [ 14, 17 ], "repeat": [ 4, 8 ] }
      ]
    }
  },
  {
    "type": "item_group",
    "id": "butcher_raw_meat",
    "items": [ [ "meat", 1 ], [ "lunchmeat", 1 ] ]
  },
  {
    "type": "item_group",
    "id": "butcher_meat",
    "items": [
      [ "meat", 20 ],
      [ "offal", 10 ],
      [ "lunchmeat", 15 ],
      [ "bologna", 10 ],
      [ "hotdogs_frozen", 6 ],
      [ "sausage", 4 ],
      [ "sweet_sausage", 2 ],
      [ "bag_meat_vac", 2 ],
      [ "meat_canned", 2 ],
      [ "offal_canned", 2 ],
      [ "meat_smoked", 2 ],
      { "item": "meat_pickled", "prob": 2, "charges": 2, "container-item": "jar_glass_sealed" },
      { "item": "offal_pickled", "prob": 2, "charges": 2, "container-item": "jar_glass_sealed" }
    ]
  },
  {
    "type": "item_group",
    "id": "butcher_tools",
    "items": [ [ "knife_steak", 20 ], [ "knife_butcher", 30 ], [ "tongs", 10 ], [ "carver_off", 5 ], [ "meat", 1 ] ]
  }
]
