[
  {
    "id": "gym",
    "type": "item_group",
    "items": [
      [ "water_clean", 12 ],
      [ "lemonade", 12 ],
      [ "sports_drink", 12 ],
      [ "V8", 12 ],
      [ "tank_top", 30 ],
      [ "towel", 40 ],
      [ "under_armor_shorts", 20 ],
      [ "under_armor", 20 ],
      [ "protein_shake", 8 ],
      [ "tshirt", 30 ],
      [ "sneakers", 30 ],
      [ "hot_pants", 14 ],
      [ "undershirt", 30 ],
      [ "hoodie", 20 ],
      [ "shorts", 30 ],
      [ "coke", 3 ],
      [ "longshirt", 30 ],
      [ "bandages", 10 ],
      [ "heatpack", 10 ],
      [ "gum", 12 ],
      [ "soap", 10 ],
      [ "sports_bra", 30 ],
      [ "briefs", 30 ],
      [ "yoghurt", 12 ],
      [ "vitamins", 10 ],
      [ "aspirin", 10 ]
    ]
  },
  {
    "id": "gym_fitness",
    "type": "overmap_terrain",
    "name": "fitness gym",
    "sym": 94,
    "color": "i_light_cyan",
    "see_cost": 5,
    "mondensity": 2,
    "extras": "build",
    "mapgen": [
      {
        "method": "json",
        "weight": 500,
        "object": {
          "rows": [
            "..........,,,,..........",
            "..........,,,,..........",
            "........|--++--|........",
            "........8      8........",
            "........8##    8........",
            "........8 #    8........",
            "........8 #    8........",
            "........8      8........",
            "..|55555|      |55555|..",
            "..|                  |..",
            "..| ! ! c      c @ @ |..",
            "..|     c      c     |..",
            "..| ! ! c      c @ @ |..",
            "..|     c      c     |..",
            "..| ! ! c      c @ @ |..",
            "..|                  |..",
            "..|      VVVVVV      |..",
            "..|                  |..",
            "..|-+----------|---+-|..",
            "..|  OOOOOOOOOO|     |..",
            "..|            |=|=|=|..",
            "..|  cccccccccc|*|*|*|..",
            "..|------------|-----|..",
            "........................"
          ],
          "terrain": {
            " ": "t_floor",
            "!": "t_floor",
            "#": "t_floor",
            "*": "t_floor",
            "+": "t_door_c",
            ",": "t_sidewalk",
            "-": "t_wall",
            ".": "t_grass",
            "5": "t_wall_glass",
            "8": "t_wall_glass",
            "=": "t_door_glass_c",
            "@": "t_floor",
            "O": "t_floor",
            "V": "t_floor",
            "c": "t_floor",
            "|": "t_wall"
          },
          "furniture": {
            "!": "f_ergometer",
            "#": "f_counter",
            "&": "f_counter",
            "*": "f_shower",
            "@": "f_treadmill",
            "O": "f_locker",
            "V": "f_exercise",
            "c": "f_bench"
          },
          "place_items": [ { "item": "gym", "x": [ 5, 14 ], "y": [ 19, 19 ], "chance": 95 } ]
        }
      }
    ],
    "flags": [ "SIDEWALK" ]
  }
]
