[
  {
    "id": "library_elec",
    "type": "item_group",
    "items": [
      [ "superglue", 30 ],
      [ "processor", 15 ],
      [ "RAM", 22 ],
      [ "power_supply", 16 ],
      [ "amplifier", 8 ],
      [ "transponder", 5 ],
      [ "receiver", 10 ],
      [ "antenna", 18 ],
      [ "screwdriver", 40 ],
      [ "battery", 50 ],
      [ "manual_electronics", 20 ],
      [ "mobile_memory_card", 20 ],
      [ "usb_drive", 5 ],
      [ "software_useless", 10 ],
      [ "survnote", 1 ]
    ]
  },
  {
    "type": "mapgen",
    "method": "json",
    "om_terrain": [ "s_library" ],
    "weight": 500,
    "object": {
      "rows": [
        "~~~~~~~~~~~~~~~~~~~~~~~~",
        "**qq~~~~qq|-O-|---|-O-|*",
        "**qq~~~~qq|%dy|TTT|.dd|*",
        "**qq~~~~qq|dh.|..T|.h%|*",
        "*|===::===|--+|+--|+--|*",
        "*|Th......%...........O*",
        "*|Th......###%###%###.|*",
        "*|Th..................|*",
        "*|-----|..............|*",
        "*O.hhh.+..h%T%h.h%T%h.|*",
        "*|.TTT.|..............O*",
        "*|-----|..h%T%h.h%T%h.|*",
        "*|.hhh.+..............|*",
        "*O.TTT.|.a]aa]]aa]]aa]|*",
        "*|.hhh.|.a]aa]]aa]]aa]|*",
        "*O-----|.a]aa]]aa]]aa]|*",
        "*|#s#s#|.a]aa]]aa]]aa]|*",
        "*|.....+.a]aa]]aa]]aa]|*",
        "*|+|+|+|.a]aa]]aa]]aa]|*",
        "*|.|.|.|.a]aa]]aa]]aa]|*",
        "*|t|t|t|.............T|*",
        "*|-----|-O--O---O---O-|*",
        "************************",
        "************************"
      ],
      "terrain": {
        "#": "t_floor",
        "%": "t_console_broken",
        "*": "t_grass",
        "+": "t_door_c",
        "-": "t_wall",
        ".": "t_floor",
        ":": "t_door_glass_c",
        "=": "t_wall_glass",
        "O": "t_window",
        "T": "t_floor",
        "]": "t_floor",
        "a": "t_floor",
        "d": "t_floor",
        "h": "t_floor",
        "q": "t_grass",
        "s": "t_floor",
        "t": "t_floor",
        "y": "t_floor",
        "|": "t_wall",
        "~": "t_sidewalk"
      },
      "furniture": {
        "#": "f_counter",
        "T": "f_table",
        "]": "f_bookcase",
        "a": [
          "f_stool",
          "f_null",
          "f_null",
          "f_null",
          "f_null",
          "f_null",
          "f_null",
          "f_null",
          "f_null",
          "f_null",
          "f_null",
          "f_null",
          "f_null",
          "f_null",
          "f_null"
        ],
        "d": "f_desk",
        "h": "f_chair",
        "q": "f_bluebell",
        "s": "f_sink",
        "y": "f_indoor_plant_y"
      },
      "toilets": { "t": {  } },
      "place_items": [
        { "item": "magazines", "x": 10, "y": [ 13, 19 ], "chance": 50, "repeat": [ 3, 6 ] },
        { "item": "novels", "x": 13, "y": [ 13, 19 ], "chance": 60, "repeat": [ 4, 8 ] },
        { "item": "homebooks", "x": 14, "y": [ 13, 19 ], "chance": 60, "repeat": [ 3, 6 ] },
        { "item": "manuals", "x": 17, "y": [ 13, 19 ], "chance": 50, "repeat": [ 3, 6 ] },
        { "item": "textbooks", "x": 18, "y": [ 13, 19 ], "chance": 50, "repeat": [ 3, 6 ] },
        { "item": "novels", "x": 21, "y": [ 13, 15 ], "chance": 50, "repeat": [ 2, 4 ] },
        { "item": "mansion_books", "x": 21, "y": [ 16, 19 ], "chance": 50, "repeat": [ 2, 5 ] },
        { "item": "library_elec", "x": [ 15, 17 ], "y": 2, "chance": 50, "repeat": [ 2, 3 ] },
        { "item": "office", "x": 11, "y": 3, "chance": 30 },
        { "item": "office", "x": 12, "y": 2, "chance": 30 },
        { "item": "office", "x": [ 20, 21 ], "y": 2, "chance": 80 }
      ]
    }
  },
  {
    "type": "mapgen",
    "method": "json",
    "om_terrain": [ "s_library" ],
    "weight": 500,
    "object": {
      "rows": [
        "~~~~~~~~~~~~~~~~~~~~~~~~",
        "~~~~~~~~~~~~~~~~~~~~~~~~",
        "********~~**************",
        "*qrqrqrq~~qrqrqrqrqrqrq*",
        "*|----==::=====|--OO--|*",
        "*|d.b#.........|.hh.h.|*",
        "*|d..%.....hTh.|.TTTT.|*",
        "*|d.b#.....hTh.|..hhh.|*",
        "*|f..%.........|+-----|*",
        "*|...#................O*",
        "*O........h%%h...]]aa]|*",
        "*|]aa]]...h%%h...]]aa]|*",
        "*|]aa]]...h%%h...]]aa]|*",
        "*|]aa]]...h%%h...]]aa]|*",
        "*|]aa]]...h%%h...]]aa]|*",
        "*|....................|*",
        "*|]]]]]]]]]]]]]]]]]]]]|*",
        "*|--------------------|*",
        "************************",
        "************************",
        "****4*******************",
        "*******************4****",
        "************************",
        "************************"
      ],
      "terrain": {
        "#": "t_floor",
        "%": "t_console_broken",
        "*": "t_grass",
        "+": "t_door_c",
        "-": "t_wall",
        ".": "t_floor",
        "4": "t_tree_pine",
        ":": "t_door_glass_c",
        ";": "t_door_locked",
        "=": "t_wall_glass",
        "O": "t_window",
        "T": "t_floor",
        "]": "t_floor",
        "a": "t_floor",
        "b": "t_floor",
        "d": "t_floor",
        "f": "t_floor",
        "h": "t_floor",
        "q": "t_grass",
        "r": "t_grass",
        "|": "t_wall",
        "~": "t_sidewalk"
      },
      "furniture": {
        "#": "f_counter",
        "T": "f_table",
        "]": "f_bookcase",
        "a": [
          "f_stool",
          "f_null",
          "f_null",
          "f_null",
          "f_null",
          "f_null",
          "f_null",
          "f_null",
          "f_null",
          "f_null",
          "f_null",
          "f_null"
        ],
        "b": "f_stool",
        "d": "f_desk",
        "f": "f_indoor_plant",
        "h": "f_chair",
        "q": "f_bluebell",
        "r": "f_dahlia"
      },
      "place_items": [
        { "item": "magazines", "x": 21, "y": [ 10, 14 ], "chance": 50, "repeat": [ 3, 6 ] },
        { "item": "novels", "x": [ 2, 21 ], "y": 16, "chance": 60, "repeat": [ 12, 20 ] },
        { "item": "homebooks", "x": [ 17, 18 ], "y": [ 10, 14 ], "chance": 50, "repeat": [ 4, 8 ] },
        { "item": "manuals", "x": 2, "y": [ 11, 14 ], "chance": 40, "repeat": [ 2, 4 ] },
        { "item": "textbooks", "x": 2, "y": [ 11, 14 ], "chance": 40, "repeat": 2 },
        { "item": "manuals", "x": [ 5, 6 ], "y": [ 11, 14 ], "chance": 40, "repeat": [ 2, 6 ] },
        { "item": "textbooks", "x": [ 5, 6 ], "y": [ 11, 14 ], "chance": 40, "repeat": [ 2, 3 ] },
        { "item": "office", "x": 2, "y": [ 5, 7 ], "chance": 50, "repeat": [ 1, 3 ] }
      ],
      "place_monsters": [ { "monster": "GROUP_MAYBE_ZOMBIE", "x": [ 16, 21 ], "y": [ 5, 7 ], "density": 1 } ]
    }
  },
  {
    "type": "mapgen",
    "method": "json",
    "om_terrain": [ "s_library" ],
    "weight": 1000,
    "object": {
      "rows": [
        "                        ",
        "                        ",
        "  ---ww----++----ww---  ",
        "  |...........c.t....|  ",
        "  |bbbbbbb....c......|  ",
        "  |bbbbbbb....ccccc..|  ",
        "  w..ss..............w  ",
        "  w.....s..s.........w  ",
        "  |bbbbbbbbbbbbb....b|  ",
        "  |bbbbbbbbbbbbb...sb|  ",
        "  w........sss.....sb|  ",
        "  ws..sss..........sb|  ",
        "  |bbbbbbbbbbbbb....b|  ",
        "  |bbbbbbbbbbbbbs...b|  ",
        "  w.....ss.ss.......b|  ",
        "  wss.........ss...sb|  ",
        "  |bbbbbbbbbbbbbs...b|  ",
        "  ----------------+---  ",
        "                        ",
        "                        ",
        "                        ",
        "                        ",
        "                        ",
        "                        "
      ],
      "terrain": {
        " ": [ "t_grass", "t_grass", "t_grass", "t_dirt" ],
        "+": "t_door_c",
        "-": "t_wall",
        ".": "t_floor",
        "b": "t_floor",
        "c": "t_floor",
        "s": "t_floor",
        "t": "t_floor",
        "w": "t_window_domestic",
        "|": "t_wall"
      },
      "furniture": {
        "b": "f_bookcase",
        "c": "f_counter",
        "s": [ "f_stool", "f_null", "f_null", "f_null", "f_null", "f_null", "f_null" ],
        "t": "f_stool"
      },
      "place_items": [
        { "item": "magazines", "x": [ 3, 9 ], "y": 4, "chance": 70, "repeat": [ 1, 6 ] },
        { "item": "magazines", "x": 20, "y": [ 8, 16 ], "chance": 70, "repeat": [ 1, 6 ] },
        { "item": "novels", "x": [ 3, 9 ], "y": 5, "chance": 96, "repeat": [ 1, 6 ] },
        { "item": "novels", "x": [ 3, 15 ], "y": [ 8, 9 ], "chance": 96, "repeat": [ 1, 6 ] },
        { "item": "manuals", "x": [ 3, 15 ], "y": [ 12, 13 ], "chance": 92, "repeat": [ 1, 6 ] },
        { "item": "textbooks", "x": [ 3, 15 ], "y": 16, "chance": 88, "repeat": [ 1, 6 ] }
      ],
      "place_monsters": [ { "monster": "GROUP_ZOMBIE", "x": [ 0, 0 ], "y": [ 23, 23 ], "chance": 2, "repeat": [ 2, 3 ] } ]
    }
  }
]
