[
  {
    "method": "json",
    "object": {
      "furniture": {
        "#": "f_null",
        "+": "f_null",
        ".": "f_null",
        "P": "f_sign",
        "^": "f_rubble_rock",
        "_": "f_null",
        "d": "f_null",
        "g": "f_null",
        "r": "f_rubble_rock",
        "|": "f_null"
      },
      "place_items": [
        { "chance": 15, "item": "trash", "x": 13, "y": 20 },
        { "chance": 15, "item": "trash", "x": 6, "y": 19 },
        { "chance": 15, "item": "trash", "x": 6, "y": 16 },
        { "chance": 15, "item": "trash", "x": 4, "y": 12 }
      ],
      "rows": [
        "________________________",
        "________________________",
        "________________________",
        "g||||||||P|++||||||||||g",
        "g|.............d......|d",
        "d|d....d...dd.......d.|g",
        "g|..........g......dd.|d",
        "g|.dg......d.g.....g..|g",
        "d|............d......d|d",
        "g|.....d............d.|g",
        "g|.g.gd....d..........|g",
        "g|...d....d.....d.g...|g",
        "g|.d^..^..dd....d.....|d",
        "d|.d..d....g.....d.g..|g",
        "g|...^^.^d...d.....d..|d",
        "g|..............g.....|g",
        "g|dd...g..r.d..d.....d|g",
        "d|...#.....#..dd......|d",
        "g|..#...#.......d..dd.|g",
        "g|...^.g....dd..#..g..|g",
        "g|....dd#.g...........|d",
        "d|.^d.....d.d^....d.d.|g",
        "g||||||||||||||||||||||g",
        "gggdgggdggdggdgdggdgdggg"
      ],
      "terrain": {
        "#": "t_dirtmound",
        "+": "t_chaingate_l",
        ".": "t_concrete",
        "^": "t_concrete",
        "_": "t_sidewalk",
        "d": "t_dirt",
        "g": "t_grass",
        "r": "t_grass",
        "P": "t_chainfence_v",
        "|": "t_chainfence_v"
      },
      "place_signs": [ { "signage": "Empty lot, great for your small business! Call <full_name> at 555-2117!", "x": 9, "y": 3 } ]
    },
    "om_terrain": "emptycommerciallot",
    "type": "mapgen",
    "weight": 100
  },
  {
    "method": "json",
    "object": {
      "furniture": { "#": "f_bench", ".": "f_null", "T": "f_table", "_": "f_null", "b": "f_bench", "g": "f_null", "t": "f_table" },
      "place_items": [
        { "chance": 35, "item": "trash", "x": 2, "y": 18 },
        { "chance": 35, "item": "trash", "x": 16, "y": 5 },
        { "chance": 35, "item": "trash", "x": 2, "y": 5 },
        { "chance": 25, "item": "trash", "x": 16, "y": 19 },
        { "chance": 25, "item": "trash", "x": 9, "y": 13 },
        { "chance": 25, "item": "trash", "x": 20, "y": 7 }
      ],
      "place_vehicles": [
        { "chance": 75, "fuel": 0, "rotation": 180, "status": 0, "vehicle": "food_cart", "x": 20, "y": 17 },
        { "chance": 75, "fuel": 0, "rotation": 270, "status": 0, "vehicle": "food_cart", "x": 6, "y": 19 }
      ],
      "rows": [
        "...._..._..._..._....g_.",
        "........................",
        "._..._..............__..",
        "_.......................",
        "................_......_",
        "._.....................g",
        "........................",
        "g......................_",
        "._......_..........g....",
        "..._......#t#..._..__._.",
        "__..g.....#t#..#t#......",
        "..._.#t#..#t#..#T#....._",
        ".__..#t#..#t#..#tb......",
        ".._..#t#.......#t#..._._",
        "_.._........__..........",
        ".._........gbt#...._....",
        "._........._#t#........_",
        "_...........#t#......_.g",
        "......_..........._.....",
        "._......................",
        ".._......._.......__._._",
        ".............._......._.",
        "_.._....._........._....",
        "._.g.._.._.___._._.g..__"
      ],
      "terrain": { "#": "t_concrete", ".": "t_concrete", "T": "t_dirt", "_": "t_dirt", "b": "t_dirt", "g": "t_grass", "t": "t_concrete" }
    },
    "om_terrain": "emptycommerciallot",
    "type": "mapgen",
    "weight": 100
  },
  {
    "method": "json",
    "object": {
      "furniture": { ".": "f_null", "P": "f_sign", "#": "f_null", "_": "f_null", "s": "f_sign" },
      "place_items": [ { "chance": 35, "item": "trash", "x": 16, "y": 17 }, { "chance": 35, "item": "trash", "x": 7, "y": 11 } ],
      "place_vehicles": [
        { "chance": 20, "fuel": 0, "rotation": 0, "status": 1, "vehicle": "bicycle", "x": 6, "y": 17 },
        { "chance": 20, "fuel": 0, "rotation": 0, "status": 1, "vehicle": "shopping_cart", "x": 17, "y": 19 }
      ],
      "rows": [
        "..._..._........_...._..",
        "._.........._._.........",
        "....#_..............._._",
        "_....._..._..._...._..._",
        ".._..........._.._......",
        "..._._...._..P......_...",
        "_............s_.........",
        "......__._........._._._",
        "..._.._..........._..#..",
        "._......#.._............",
        "_......._..#..._........",
        "..#.._............._....",
        "_.._.........._.._....._",
        "....._....#._._....#....",
        "........_.._......._.._.",
        "_._.__.........._..._.#.",
        "...#.._....._...........",
        ".........._..#..._....._",
        "..._...._...............",
        "__............_._..._...",
        "_.._..#_.._........_#...",
        "....._....._..._...._...",
        "...._........#........._",
        "..#..._.._...._.._._...."
      ],
      "terrain": { ".": "t_dirt", "#": "t_underbrush", "P": "t_dirt", "_": "t_grass", "s": "t_grass" },
      "place_signs": [
        { "signage": "Empty lot for sale!", "x": 13, "y": 5 },
        { "signage": "Call <family_name> Family Realty at 555-3130!", "x": 13, "y": 6 }
      ]
    },
    "om_terrain": "emptycommerciallot",
    "type": "mapgen",
    "weight": 100
  },
  {
    "method": "json",
    "object": {
      "furniture": { "+": "f_null", ".": "f_null", "P": "f_sign", "_": "f_null", "|": "f_null" },
      "place_items": [ { "chance": 55, "item": "trash", "x": 16, "y": 17 } ],
      "rows": [
        "......__........._......",
        "........................",
        ".||||||||||++|PP|||||||.",
        "_|......_........_....|.",
        ".|..........._........|.",
        ".|....................|.",
        ".|....................|_",
        ".|..._......_......._.|.",
        ".|....._........__....|.",
        ".|.........._.........|.",
        ".|....................|.",
        ".|._......_...........|.",
        ".|._..................|.",
        ".|..............._..._|.",
        ".|....................|.",
        ".|_........._.........|.",
        ".|...._...._..........|.",
        "_|....................|_",
        ".|..._................|.",
        ".|...._............_..|.",
        ".|....................|.",
        ".|........._...._.....|.",
        ".||||||||||||||||||||||.",
        ".........._........_...."
      ],
      "terrain": { "+": "t_chaingate_l", ".": "t_grass", "P": "t_chainfence_v", "_": "t_dirt", "|": "t_chainfence_v" },
      "place_signs": [ { "signage": "SOLD!", "x": 14, "y": 2 }, { "signage": "East <city> Realty!", "x": 15, "y": 2 } ]
    },
    "om_terrain": "emptycommerciallot",
    "type": "mapgen",
    "weight": 100
  },
  {
    "method": "json",
    "object": {
      "furniture": { "+": "f_null", ".": "f_null", "P": "f_sign", "_": "f_null", "d": "f_null", "|": "f_null" },
      "place_items": [ { "chance": 35, "item": "trash", "x": 20, "y": 11 }, { "chance": 35, "item": "trash", "x": 10, "y": 9 } ],
      "rows": [
        "______dd_________d______",
        "________________________",
        "_||||||PP||++||||||||||_",
        "d|....._..............|_",
        "_|....................|_",
        "_|....................|_",
        "_|......_.............|d",
        "_|....._..............|_",
        "_|....._..............|_",
        "_|....................|_",
        "_|....._............__|_",
        "_|.................._.|_",
        "_|....._..............|_",
        "_|.....__........___..|_",
        "_|...__._........_....|_",
        "_|.._..._.............|_",
        "_|......_.............|_",
        "d|_...................|d",
        "_|....................|_",
        "_|........_...........|_",
        "_|........._..........|_",
        "_|........._..........|_",
        "_||||||||||||||||||||||_",
        "__________d________d____"
      ],
      "terrain": { "+": "t_chaingate_l", ".": "t_concrete", "P": "t_chainfence_v", "_": "t_grass", "d": "t_dirt", "|": "t_chainfence_v" },
      "place_signs": [ { "signage": "Lot for sale!", "x": 7, "y": 2 }, { "signage": "Call for more info. 555-7723", "x": 8, "y": 2 } ]
    },
    "om_terrain": "emptycommerciallot",
    "type": "mapgen",
    "weight": 100
  },
  {
    "method": "json",
    "object": {
      "furniture": {
        "+": "f_null",
        ".": "f_null",
        "^": [ "f_rubble", "f_rubble", "f_rubble", "f_null", "f_null", "f_rubble_rock" ],
        "_": "f_null",
        "|": "f_null"
      },
      "items": {
        "^": [
          { "item": "trash", "chance": 25, "repeat": 2 },
          { "item": "road", "chance": 2 },
          { "item": "allclothes", "chance": 2, "damage": [ 1, 4 ] },
          { "item": "stoner", "chance": 1 },
          { "item": "oven", "chance": 1 },
          { "item": "garden_shed", "chance": 1 },
          { "item": "homebooks", "chance": 1 },
          { "item": "electronics", "chance": 1 },
          { "item": "creepy", "chance": 1 },
          { "item": "chem_home", "chance": 1 },
          { "item": "barrels", "chance": 1 },
          { "item": "hardware", "chance": 1 },
          { "item": "wheels", "chance": 1 },
          { "item": "misc_smoking", "chance": 1 },
          { "item": "tools_home", "chance": 1 }
        ]
      },
      "rows": [
        "________________________",
        "________________________",
        "__|||||||||++|||||||||__",
        "__|..................|__",
        "__|..................|__",
        "__|..................|__",
        "__|..................|__",
        "__|..................|__",
        "__|..................|__",
        "__|..................|__",
        "__|..................|__",
        "__|..................|__",
        "__|..................|__",
        "__|..................|__",
        "__|.....^............|__",
        "__|..^..^....^.......|__",
        "__|.^^...^.^......^..|__",
        "__|....^^^..^.^^.....|__",
        "__|...^..^^^^^...^...|__",
        "__|.....^^^..........|__",
        "__|............^.....|__",
        "__|||||||||||||||_||||__",
        "________________________",
        "________________________"
      ],
      "terrain": {
        "+": "t_chaingate_c",
        ".": [
          "t_concrete",
          "t_concrete",
          "t_concrete",
          "t_concrete",
          "t_concrete",
          "t_concrete",
          "t_concrete",
          "t_concrete",
          "t_concrete",
          "t_concrete",
          "t_concrete",
          "t_concrete",
          "t_grass",
          "t_grass",
          "t_dirt"
        ],
        "^": [
          "t_concrete",
          "t_concrete",
          "t_concrete",
          "t_concrete",
          "t_concrete",
          "t_concrete",
          "t_concrete",
          "t_concrete",
          "t_dirt"
        ],
        "_": [ "t_grass", "t_grass", "t_grass", "t_grass", "t_grass", "t_grass", "t_dirt" ],
        "|": "t_chainfence"
      }
    },
    "om_terrain": "emptycommerciallot",
    "type": "mapgen",
    "weight": 100
  },
  {
    "method": "json",
    "object": {
      "furniture": { ".": "f_null", "P": "f_sign", "_": "f_null" },
      "place_items": [
        { "chance": 35, "item": "trash", "x": 5, "y": 20 },
        { "chance": 35, "item": "trash", "x": 12, "y": 17 },
        { "chance": 35, "item": "trash", "x": 8, "y": 16 },
        { "chance": 35, "item": "trash", "x": 13, "y": 14 },
        { "chance": 35, "item": "trash", "x": 4, "y": 13 }
      ],
      "items": {
        "^": [
          { "item": "trash", "chance": 25, "repeat": 2 },
          { "item": "road", "chance": 1 },
          { "item": "allclothes", "chance": 1, "damage": [ 1, 4 ] },
          { "item": "stoner", "chance": 1 },
          { "item": "oven", "chance": 1 },
          { "item": "garden_shed", "chance": 1 },
          { "item": "homebooks", "chance": 1 },
          { "item": "electronics", "chance": 1 },
          { "item": "wheels", "chance": 1 },
          { "item": "creepy", "chance": 1 },
          { "item": "chem_home", "chance": 1 },
          { "item": "barrels", "chance": 1 },
          { "item": "hardware", "chance": 1 },
          { "item": "misc_smoking", "chance": 1 },
          { "item": "tools_home", "chance": 1 }
        ]
      },
      "place_vehicles": [ { "chance": 95, "fuel": 0, "rotation": 90, "status": 1, "vehicle": "forgotten_vehicles", "x": 16, "y": 17 } ],
      "rows": [
        "________________________",
        "________________________",
        "________________________",
        "___P................P___",
        "___..................___",
        "___..................___",
        "___..................___",
        "___..................___",
        "___..................___",
        "___..................___",
        "___..................___",
        "___..^...............___",
        "___..................___",
        "___..................___",
        "___.......^..........___",
        "___..................___",
        "___...^..............___",
        "___........^.........___",
        "___......^^..........___",
        "___....^.....^.......___",
        "____................____",
        "________________________",
        "________________________",
        "________________________"
      ],
      "terrain": {
        ".": [
          "t_concrete",
          "t_concrete",
          "t_concrete",
          "t_concrete",
          "t_concrete",
          "t_concrete",
          "t_concrete",
          "t_concrete",
          "t_concrete",
          "t_concrete",
          "t_grass",
          "t_grass",
          "t_grass",
          "t_dirt"
        ],
        "^": [
          "t_concrete",
          "t_concrete",
          "t_concrete",
          "t_concrete",
          "t_concrete",
          "t_concrete",
          "t_concrete",
          "t_concrete",
          "t_concrete",
          "t_concrete",
          "t_dirt"
        ],
        "P": "t_grass",
        "_": [ "t_grass", "t_grass", "t_grass", "t_grass", "t_grass", "t_grass", "t_dirt" ]
      },
      "place_signs": [ { "signage": "Private Property!", "x": 3, "y": 3 }, { "signage": "NO Dumping!", "x": 20, "y": 3 } ]
    },
    "om_terrain": "emptycommerciallot",
    "type": "mapgen",
    "weight": 100
  },
  {
    "method": "json",
    "object": {
      "furniture": { ".": "f_null", "_": "f_null", "|": "f_null" },
      "place_items": [
        { "chance": 35, "item": "trash", "x": 7, "y": 18 },
        { "chance": 35, "item": "trash", "x": 14, "y": 17 },
        { "chance": 35, "item": "trash", "x": 17, "y": 15 },
        { "chance": 35, "item": "trash", "x": 18, "y": 12 },
        { "chance": 35, "item": "trash", "x": 16, "y": 11 },
        { "chance": 35, "item": "trash", "x": 3, "y": 10 },
        { "chance": 35, "item": "trash", "x": 16, "y": 9 }
      ],
      "place_vehicles": [ { "chance": 90, "fuel": 0, "rotation": 180, "status": 1, "vehicle": "forgotten_vehicles", "x": 5, "y": 14 } ],
      "rows": [
        "________________________",
        "________________________",
        "__....................__",
        "__|..................|__",
        "__|..................|__",
        "__|..................|__",
        "__|..................|__",
        "__|..................|__",
        "__|..................|__",
        "__|..................|__",
        "__|..................|__",
        "__|..................|__",
        "__|..................|__",
        "__|..................|__",
        "__|..................|__",
        "__|..................|__",
        "__|..................|__",
        "__|..................|__",
        "__|..................|__",
        "__|..................|__",
        "__|..................|__",
        "__||||||||||||||||||||__",
        "________________________",
        "________________________"
      ],
      "terrain": {
        ".": [
          "t_concrete",
          "t_concrete",
          "t_concrete",
          "t_concrete",
          "t_concrete",
          "t_concrete",
          "t_concrete",
          "t_concrete",
          "t_concrete",
          "t_concrete",
          "t_grass",
          "t_grass",
          "t_grass",
          "t_dirt"
        ],
        "_": [ "t_grass", "t_grass", "t_grass", "t_grass", "t_grass", "t_grass", "t_dirt" ],
        "|": "t_chainfence"
      }
    },
    "om_terrain": "emptycommerciallot",
    "type": "mapgen",
    "weight": 100
  },
  {
    "method": "json",
    "object": {
      "furniture": { ".": "f_null", "_": "f_null", "d": "f_null", "p": "f_null", "|": "f_null" },
      "place_items": [
        { "chance": 35, "item": "trash", "x": 9, "y": 18 },
        { "chance": 35, "item": "trash", "x": 17, "y": 15 },
        { "chance": 35, "item": "trash", "x": 14, "y": 14 },
        { "chance": 35, "item": "trash", "x": 11, "y": 13 },
        { "chance": 35, "item": "trash", "x": 13, "y": 11 },
        { "chance": 35, "item": "trash", "x": 7, "y": 10 }
      ],
      "rows": [
        "________________________",
        "________________________",
        "__..d..d..d..d..d..d..__",
        "__..d..d..d..d..d..d..__",
        "__dddddddddddddddddddd__",
        "__..d..d..d..d..d..d..__",
        "__..d..d..d..d..d..d..__",
        "__dddddddddddddddddddd__",
        "__..d..d..d..d..d..d..__",
        "__..d..d..d..d..d..d..__",
        "__dddddddddddddddddddd__",
        "__..d..d..d..d..d..d..__",
        "__..d..d..d..d..d..d..__",
        "__dddddddddddddddddddd__",
        "__..d..d..d..d..d..d..__",
        "__..d..d..d..d..d..d..__",
        "__dddddddddddddddddddd__",
        "__..d..d..d..d..d..d..__",
        "__..d..d..d..d..d..d..__",
        "__dddddddddddddddddddd__",
        "__..d..d..d..d..d..d..__",
        "__.||||||||||||||||||.__",
        "________________________",
        "________________________"
      ],
      "terrain": {
        ".": [
          "t_concrete",
          "t_concrete",
          "t_concrete",
          "t_concrete",
          "t_concrete",
          "t_concrete",
          "t_concrete",
          "t_concrete",
          "t_concrete",
          "t_concrete",
          "t_grass",
          "t_grass",
          "t_grass",
          "t_dirt"
        ],
        "_": [ "t_grass", "t_grass", "t_grass", "t_grass", "t_grass", "t_grass", "t_dirt" ],
        "d": [
          "t_concrete",
          "t_concrete",
          "t_concrete",
          "t_concrete",
          "t_concrete",
          "t_concrete",
          "t_concrete",
          "t_grass",
          "t_grass",
          "t_grass",
          "t_grass",
          "t_grass",
          "t_dirt"
        ],
        "|": "t_concrete_wall"
      }
    },
    "om_terrain": "emptycommerciallot",
    "type": "mapgen",
    "weight": 100
  },
  {
    "method": "json",
    "object": {
      "furniture": { "#": "f_null", ".": "f_null", "{": "f_dumpster", "_": "f_null" },
      "place_items": [
        { "chance": 20, "item": "road", "x": 14, "y": 19 },
        { "chance": 30, "item": "trash", "x": 4, "y": 19 },
        { "chance": 20, "item": "road", "x": 8, "y": 18 },
        { "chance": 20, "item": "trash", "x": 10, "y": 18 },
        { "chance": 30, "item": "trash", "x": 6, "y": 17 },
        { "chance": 30, "item": "trash", "x": 19, "y": 15 },
        { "chance": 20, "item": "road", "x": 10, "y": 15 },
        { "chance": 30, "item": "trash", "x": 14, "y": 14 },
        { "chance": 30, "item": "trash", "x": 3, "y": 11 }
      ],
      "place_vehicles": [ { "chance": 85, "fuel": 0, "rotation": 0, "status": 1, "vehicle": "shopping_cart", "x": 18, "y": 15 } ],
      "rows": [
        "________________________",
        "________________________",
        "__#..................#__",
        "__....................__",
        "__....................__",
        "__....................__",
        "__....................__",
        "__....................__",
        "__....................__",
        "__....................__",
        "__....................__",
        "__....................__",
        "__....................__",
        "__....................__",
        "__....................__",
        "__....................__",
        "__....................__",
        "__....................__",
        "__......{{{...........__",
        "__....................__",
        "__....................__",
        "__#..................#__",
        "________________________",
        "________________________"
      ],
      "terrain": {
        "#": [ "t_concrete", "t_concrete", "t_chainfence_posts", "t_chainfence_posts", "t_grass", "t_grass", "t_dirt" ],
        "{": "t_concrete",
        ".": [
          "t_concrete",
          "t_concrete",
          "t_concrete",
          "t_concrete",
          "t_concrete",
          "t_concrete",
          "t_concrete",
          "t_concrete",
          "t_concrete",
          "t_concrete",
          "t_grass",
          "t_grass",
          "t_grass",
          "t_dirt"
        ],
        "_": [ "t_grass", "t_grass", "t_grass", "t_grass", "t_grass", "t_grass", "t_dirt" ]
      }
    },
    "om_terrain": "emptycommerciallot",
    "type": "mapgen",
    "weight": 100
  }
]
