[
  {
    "type": "mapgen",
    "method": "json",
    "om_terrain": [ "lumberyard_0_0" ],
    "weight": 100,
    "object": {
      "fill_ter": "t_grass",
      "rows": [
        "____________           _",
        "____________            ",
        "_                       ",
        "_                       ",
        "_                       ",
        "_                       ",
        "_                       ",
        "_                       ",
        "_                       ",
        "_                       ",
        "_                       ",
        "_                       ",
        "_                :    : ",
        "_                :    : ",
        "_                :    : ",
        "_                :    : ",
        "_     _____|||||||||||||",
        "_     _____|x.x.x.x.....",
        "_     _____|............",
        "_     _____|x.x.........",
        "_     _____|............",
        "_     _____|x......|....",
        "_     _____|............",
        "_     _____|............"
      ],
      "palettes": [ "lumberyard" ]
    }
  },
  {
    "type": "mapgen",
    "method": "json",
    "om_terrain": [ "lumberyard_0_1" ],
    "weight": 100,
    "object": {
      "fill_ter": "t_grass",
      "rows": [
        " _____     |............",
        " _____    *|............",
        " _____     |x...........",
        " _____    *|x...........",
        " _____    *|............",
        " _____     |x...........",
        " _____     |............",
        " _____    *|............",
        " _____     |............",
        " _____     |............",
        " _____    *|............",
        " _____     |..6.........",
        " _____     ||||;;;;;||||",
        " _____________6_________",
        " _______________________",
        " _______________________",
        " _______________________",
        " _______________________",
        " _______________________",
        " _______________________",
        " _______________________",
        " _______________________",
        "                        ",
        "                        "
      ],
      "palettes": [ "lumberyard" ],
      "place_vehicles": [ { "vehicle": "semi_truck", "x": 12, "y": 18, "chance": 5, "fuel": 15, "status": 0, "rotation": 180 } ]
    }
  },
  {
    "type": "mapgen",
    "method": "json",
    "om_terrain": [ "lumberyard_1_0" ],
    "weight": 100,
    "object": {
      "fill_ter": "t_grass",
      "rows": [
        "    _______             ",
        "____________s|||||||||| ",
        "____________s|&bb..|.d| ",
        "____________s-.....C.c| ",
        "____________s-.....C..| ",
        "____________s-.....Cc.| ",
        "____________s/.....C..| ",
        "________::::s/.....|..| ",
        "____________s-.....||+| ",
        "____________s-........| ",
        "____________s-.DF.....| ",
        "____________s|||||||+|| ",
        "__:_____::::s|...&....| ",
        "__:_________s|........| ",
        "__:_________s|.......b| ",
        "__:_________s|.......b| ",
        "||||||||||||||........| ",
        ".......CCCCC..........| ",
        ".....................x| ",
        "...C.................x| ",
        "...C...CCCCC..........| ",
        "...C...............x..| ",
        "...C..................| ",
        "......................| "
      ],
      "palettes": [ "lumberyard" ],
      "place_items": [
        { "item": "vending_food", "x": 16, "y": 10, "chance": 75 },
        { "item": "vending_drink", "x": 15, "y": 10, "chance": 50 },
        { "item": "magazines", "x": 19, "y": 3, "chance": 30 },
        { "item": "hardware", "x": 14, "y": [ 12, 14 ], "chance": 15 },
        { "item": "lumberyard", "x": [ 1, 14 ], "y": [ 15, 22 ], "chance": 30 }
      ]
    }
  },
  {
    "type": "mapgen",
    "method": "json",
    "om_terrain": [ "lumberyard_1_1" ],
    "weight": 100,
    "object": {
      "fill_ter": "t_grass",
      "rows": [
        "......................| ",
        "................|.....| ",
        "....CCCCCCC...........| ",
        "......................| ",
        "......................| ",
        "......................| ",
        "......................| ",
        "....||++|||||||+|.....| ",
        "....|...b|CSCS..|.....| ",
        "....|f..b|......|b....| ",
        "....|C...|+|+|..|b....| ",
        "....|CCCC|t|t|&.|.....| ",
        "|||||||||||||||||||!!|| ",
        "__________________r___v ",
        "__________________r___v ",
        "______________________v ",
        "______________________v ",
        "______________________v ",
        "______________________v ",
        "__________________X_X_v ",
        "______________________v ",
        "______________________v ",
        "vvvvvvvvvvvvvvvvvvvvvvv ",
        "                        "
      ],
      "palettes": [ "lumberyard" ],
      "place_items": [
        { "item": "snacks", "x": 6, "y": 11, "chance": 30 },
        { "item": "fridge", "x": 5, "y": 9, "chance": 40 },
        { "item": "cannedfood", "x": 7, "y": 11, "chance": 35 },
        { "item": "trash", "x": 14, "y": 11, "chance": 50 },
        { "item": "lumberyard", "x": [ 5, 15 ], "y": [ 3, 19 ], "chance": 20 }
      ]
    }
  }
]
