[
  {
    "type": "mapgen",
    "method": "json",
    "om_terrain": [ "pawn" ],
    "weight": 300,
    "object": {
      "rows": [
        ".`''''`''''`''''`''''`..",
        ".`''''`''''`''''`''''`..",
        ".`''''`''''`''''`''''`..",
        ".`''''`''''`''''`''''`..",
        ".`''''`''''`''''`''''`..",
        ".--~~~~~~--**--~~~~~~--.",
        ".|                    |.",
        ".|{   ##   ##   ##   }|.",
        ".|{   ##   ##   ##   }|.",
        ".|{   ##   ##   ##   }|.",
        ".|{   ##   ##   ##   }|.",
        ".|{   ##   ##   ##   }|.",
        ".|{   ##   ##   ##   }|.",
        ".|{   ##   ##   ##   }|.",
        ".|{   ##   ##   ##   }|.",
        ".|{   ##   ##        }|.",
        ".|{   ##   ##  -------|.",
        ".|{   ##   ##  |  d  X|.",
        ".|{   ##       +  dh }|.",
        ".|{   ##   |-^-|  d  }|.",
        ".|{   ##   |   |     }|.",
        ".|{        |% &|{}   }|.",
        ".------------------*---.",
        "........................"
      ],
      "terrain": {
        ".": [ "t_grass", "t_grass", "t_grass", "t_grass", "t_dirt" ],
        " ": "t_floor",
        "{": "t_floor",
        "}": "t_floor",
        "#": "t_floor",
        "%": "t_floor",
        "&": "t_floor",
        "h": "t_floor",
        "d": "t_floor",
        "X": "t_floor",
        "'": "t_pavement",
        "`": "t_pavement_y",
        "^": "t_door_c",
        "+": "t_door_locked",
        "*": "t_door_locked_alarm",
        "|": "t_wall",
        "-": "t_wall",
        "~": "t_window_alarm"
      },
      "furniture": { "X": "f_safe_l", "d": "f_desk", "#": "f_counter", "h": "f_chair", "%": "f_sink", "{": "f_rack", "}": "f_rack" },
      "toilets": { "&": {  } },
      "items": { "X": { "item": "my_precious", "chance": 80, "repeat": [ 1, 2 ] } },
      "place_loot": [
        { "group": "pawn", "x": 2, "y": [ 7, 21 ], "chance": 70, "repeat": [ 1, 2 ] },
        { "group": "pawn", "x": [ 6, 7 ], "y": [ 7, 20 ], "chance": 70, "repeat": [ 1, 2 ] },
        { "group": "pawn", "x": [ 11, 12 ], "y": [ 7, 17 ], "chance": 70, "repeat": [ 1, 2 ] },
        { "group": "pawn", "x": [ 16, 17 ], "y": [ 7, 14 ], "chance": 70, "repeat": [ 1, 2 ] },
        { "group": "pawn", "x": 21, "y": [ 7, 15 ], "chance": 70, "repeat": [ 1, 2 ] },
        { "group": "office", "x": 18, "y": [ 17, 19 ], "chance": 70 },
        { "group": "homeguns", "x": 21, "y": [ 18, 21 ], "chance": 50, "repeat": [ 1, 2 ] },
        { "group": "harddrugs", "x": [ 16, 17 ], "y": 21, "chance": 20, "repeat": [ 1, 2 ] }
      ]
    }
  },
  {
    "type": "mapgen",
    "method": "json",
    "om_terrain": [ "pawn" ],
    "weight": 300,
    "object": {
      "rows": [
        "...........''...........",
        ".|-~~~~~~--**--~~~~~~-|.",
        ".|                    |.",
        ".|{  ##############  }|.",
        ".|{                  }|.",
        ".|{  ##############  }| ",
        ".|{                  }|.",
        ".|{  ##############  }|.",
        ".|{                  }|.",
        ".|{  ##############  }|.",
        ".|{                  }|.",
        ".|{  ##############  }|.",
        ".|{                  }|.",
        ".|{  ##############  }|.",
        ".|{                  }|.",
        ".|{  ##############  }|.",
        ".|                    |.",
        ".|-^-|---+---|C      C|.",
        ".|   |#     }|C      C|.",
        ".|% &|# ddd }|C      C|.",
        ".|---|#  h  }|C      C|.",
        ".|X  *      }|CCCCCCCC|.",
        ".--------*-------------.",
        "........................"
      ],
      "terrain": {
        ".": [ "t_grass", "t_grass", "t_grass", "t_grass", "t_dirt" ],
        " ": "t_floor",
        "{": "t_floor",
        "}": "t_floor",
        "#": "t_floor",
        "%": "t_floor",
        "&": "t_floor",
        "h": "t_floor",
        "d": "t_floor",
        "X": "t_floor",
        "C": "t_floor",
        "'": "t_sidewalk",
        "^": "t_door_c",
        "+": "t_door_locked",
        "*": "t_door_locked_alarm",
        "|": "t_wall",
        "-": "t_wall",
        "~": "t_window_alarm"
      },
      "furniture": {
        "X": "f_safe_l",
        "d": "f_desk",
        "#": "f_counter",
        "h": "f_chair",
        "C": [ "f_displaycase", "f_displaycase", "f_displaycase", "f_displaycase_b" ],
        "%": "f_sink",
        "{": "f_rack",
        "}": "f_rack"
      },
      "toilets": { "&": {  } },
      "items": { "X": { "item": "my_precious", "chance": 80, "repeat": [ 1, 2 ] } },
      "place_loot": [
        { "group": "pawn", "x": 2, "y": [ 3, 15 ], "chance": 70, "repeat": [ 1, 2 ] },
        { "group": "pawn", "x": 21, "y": [ 3, 15 ], "chance": 70, "repeat": [ 1, 2 ] },
        { "group": "pawn", "x": [ 5, 18 ], "y": 3, "chance": 70, "repeat": [ 1, 2 ] },
        { "group": "pawn", "x": [ 5, 18 ], "y": 5, "chance": 70, "repeat": [ 1, 2 ] },
        { "group": "pawn", "x": [ 5, 18 ], "y": 7, "chance": 70, "repeat": [ 1, 2 ] },
        { "group": "pawn", "x": [ 5, 18 ], "y": 9, "chance": 70, "repeat": [ 1, 2 ] },
        { "group": "pawn", "x": [ 5, 18 ], "y": 11, "chance": 70, "repeat": [ 1, 2 ] },
        { "group": "pawn", "x": [ 5, 18 ], "y": 13, "chance": 70, "repeat": [ 1, 2 ] },
        { "group": "pawn", "x": [ 5, 18 ], "y": 15, "chance": 70, "repeat": [ 1, 2 ] },
        { "group": "pawn", "x": 14, "y": [ 17, 21 ], "chance": 70 },
        { "group": "pawn", "x": 21, "y": [ 17, 21 ], "chance": 70 },
        { "group": "pawn", "x": [ 15, 20 ], "y": 21, "chance": 70 },
        { "group": "office", "x": [ 8, 10 ], "y": 19, "chance": 70 },
        { "group": "homeguns", "x": 12, "y": [ 18, 21 ], "chance": 50, "repeat": [ 1, 2 ] },
        { "group": "harddrugs", "x": 6, "y": [ 18, 20 ], "chance": 20, "repeat": [ 1, 2 ] }
      ]
    }
  },
  {
    "id": "my_precious",
    "type": "item_group",
    "subtype": "distribution",
    "items": [
      { "group": "supplies_metal_precious", "prob": 70 },
      { "item": "money_bundle", "prob": 90 },
      { "item": "gold_watch", "prob": 30 },
      { "item": "gold_ear", "prob": 30 },
      { "item": "gold_bracelet", "prob": 30 },
      { "item": "diamond_ring", "prob": 20 },
      { "item": "diamond", "prob": 10 }
    ]
  }
]
