[
  {
    "type": "mapgen",
    "method": "json",
    "om_terrain": [ "s_pharm" ],
    "weight": 300,
    "object": {
      "rows": [
        "________________________",
        "________________________",
        "|--OOOO----**----OOOO--|",
        "|}   #.................|",
        "|}   #..{}...{}...{}...|",
        "|}   #..{}...{}...{}...|",
        "|}  h#..{}...{}...{}...|",
        "|}   #..{}...{}...{}...|",
        "|    #..{}...{}...{}...|",
        "| ####..{}...{}...{}...|",
        "|......................|",
        "|f......}}}}}}}}}}}}...|",
        "|f......}}}}}}}}}}}}...|",
        "|f.....................|",
        "|f......}}}}}}}}}}}}...|",
        "|f......}}}}}}}}}}}}...|",
        "|......................|",
        "|..................ffff|",
        "|*!!!!!!!!!------------|",
        "|     h    |LLLLLLLL| %|",
        "|          *        +  |",
        "|LLLLLLLLLL|LLLLLLLL| &|",
        "|----------------------|",
        ",,,,,,,,,,,,,,,,,,,,,,,,"
      ],
      "terrain": {
        ",": [ "t_grass", "t_grass", "t_grass", "t_grass", "t_dirt" ],
        "-": "t_wall",
        "|": "t_wall",
        "_": "t_pavement",
        ".": "t_floor",
        " ": "t_floor",
        "&": "t_floor",
        "%": "t_floor",
        "{": "t_floor",
        "}": "t_floor",
        "#": "t_floor",
        "!": "t_wall_glass_alarm",
        "h": "t_floor",
        "f": "t_floor",
        "L": "t_floor",
        "O": "t_reinforced_glass_shutter_open",
        "+": "t_door_c",
        "*": "t_door_locked_alarm"
      },
      "furniture": {
        "%": "f_sink",
        "{": "f_rack",
        "}": "f_rack",
        "h": "f_chair",
        "f": "f_glass_fridge",
        "L": "f_locker",
        "#": "f_counter"
      },
      "toilets": { "&": {  } },
      "place_loot": [
        { "group": "drugs_pharmacy", "x": [ 12, 19 ], "y": 19, "chance": 70, "repeat": [ 1, 2 ] },
        { "group": "drugs_pharmacy", "x": [ 12, 19 ], "y": 21, "chance": 70, "repeat": [ 1, 2 ] },
        { "group": "drugs_pharmacy", "x": [ 1, 10 ], "y": 21, "chance": 70, "repeat": [ 1, 2 ] },
        { "group": "behindcounter", "x": 1, "y": [ 2, 6 ], "chance": 70, "repeat": [ 1, 2 ] },
        { "group": "fridgesnacks", "x": 1, "y": [ 11, 15 ], "chance": 70, "repeat": [ 1, 2 ] },
        { "group": "fridgesnacks", "x": [ 19, 22 ], "y": 17, "chance": 70, "repeat": [ 1, 2 ] },
        { "group": "snacks", "x": [ 8, 9 ], "y": [ 4, 9 ], "chance": 70, "repeat": [ 1, 3 ] },
        { "group": "magazines", "x": [ 13, 14 ], "y": [ 4, 9 ], "chance": 70, "repeat": [ 1, 3 ] },
        { "group": "cleaning", "x": [ 18, 19 ], "y": [ 4, 9 ], "chance": 70, "repeat": [ 1, 3 ] },
        { "group": "softdrugs", "x": [ 8, 19 ], "y": [ 11, 12 ], "chance": 70, "repeat": [ 1, 3 ] },
        { "group": "softdrugs", "x": [ 8, 19 ], "y": [ 14, 15 ], "chance": 70, "repeat": [ 1, 3 ] }
      ],
      "vehicles": { ".": { "vehicle": "shopping_cart", "chance": 1, "status": 1 } },
      "place_monsters": [ { "monster": "GROUP_PHARM", "x": [ 2, 7 ], "y": [ 10, 17 ], "chance": 2 } ]
    }
  },
  {
    "type": "mapgen",
    "method": "json",
    "om_terrain": [ "s_pharm" ],
    "weight": 300,
    "object": {
      "rows": [
        "________________________",
        "________________________",
        "|--OOOO--|______________",
        "|l       +______________",
        "|l       +______________",
        "|        |--OOO---OOO--|",
        "|####                  |",
        "|   #    rr  rrrrrrr  f|",
        "|r  #    rr  rrrrrrr  f|",
        "|r  #    rr           f|",
        "|r  #    rr  rrrrrrr  f|",
        "|r  #    rr  rrrrrrr  f|",
        "|r  #                  |",
        "|   #                  |",
        "|            |     |   |",
        "|-+-----------&&&&&----|",
        "|      GG|         w   |",
        "|       c|             |",
        "|        L             |",
        "|        |rrrrrrrrrrrrr|",
        "|-----*----------------|",
        "________________________",
        "________________________",
        "________________________"
      ],
      "terrain": {
        " ": "t_floor",
        "#": "t_floor",
        "&": "t_door_metal_locked",
        "*": "t_door_locked",
        "+": "t_door_c",
        "-": "t_wall",
        "G": "t_floor",
        "L": "t_door_locked_alarm",
        "O": "t_window",
        "T": "t_floor",
        "_": "t_pavement",
        "c": "t_floor",
        "f": "t_floor",
        "l": "t_floor",
        "r": "t_floor",
        "w": "t_gates_mech_control",
        "|": "t_wall"
      },
      "furniture": {
        "#": "f_counter",
        "&": "f_counter",
        "G": "f_desk",
        "c": "f_chair",
        "f": "f_glass_fridge",
        "l": "f_vending_c",
        "r": "f_rack"
      },
      "toilets": { "T": {  } },
      "place_loot": [
        { "group": "drugs_pharmacy", "x": [ 10, 22 ], "y": [ 19, 19 ], "chance": 100, "repeat": [ 2, 6 ] },
        { "group": "behindcounter", "x": [ 1, 3 ], "y": [ 7, 12 ], "chance": 50 },
        { "group": "behindcounter", "x": [ 1, 1 ], "y": [ 8, 11 ], "chance": 70 },
        { "group": "vending_drink", "x": [ 1, 1 ], "y": [ 3, 4 ], "chance": 80, "repeat": [ 1, 1 ] },
        { "group": "softdrugs", "x": [ 9, 10 ], "y": [ 7, 11 ], "chance": 40, "repeat": [ 1, 3 ] },
        { "group": "snacks", "x": [ 13, 19 ], "y": [ 7, 8 ], "chance": 70, "repeat": [ 1, 2 ] },
        { "group": "magazines", "x": [ 13, 19 ], "y": [ 10, 11 ], "chance": 70, "repeat": [ 1, 2 ] },
        { "group": "fridgesnacks", "x": [ 22, 22 ], "y": [ 7, 11 ], "chance": 70, "repeat": [ 1, 3 ] }
      ]
    }
  },
  {
    "type": "mapgen",
    "method": "json",
    "om_terrain": [ "s_pharm" ],
    "weight": 300,
    "object": {
      "rows": [
        "________________________",
        "________________________",
        "|--OOOO--|______________",
        "|l       +______________",
        "|l       +______________",
        "|        |--OOO---OOO--|",
        "|####                  |",
        "|   #    rr  rrrrrrr  f|",
        "|r  #    rr  rrrrrrr  f|",
        "|r  #    rr           f|",
        "|r  #    rr  rrrrrrr  f|",
        "|r  #    rr  rrrrrrr  f|",
        "|r  #                  |",
        "|   #                  |",
        "|            |     |   |",
        "|-+-----------#####----|",
        "|      GG|         w   |",
        "|       c|             |",
        "|        L             |",
        "|        |rrrrrrrrrrrrr|",
        "|-----*----------------|",
        "________________________",
        "________________________",
        "________________________"
      ],
      "terrain": {
        " ": "t_floor",
        "#": "t_floor",
        "*": "t_door_locked",
        "+": "t_door_c",
        "-": "t_wall",
        "=": "t_floor",
        "G": "t_floor",
        "L": "t_door_locked_alarm",
        "O": "t_window",
        "T": "t_floor",
        "_": "t_pavement",
        "c": "t_floor",
        "f": "t_floor",
        "l": "t_floor",
        "r": "t_floor",
        "w": "t_gates_mech_control",
        "|": "t_wall"
      },
      "furniture": { "#": "f_counter", "G": "f_desk", "c": "f_chair", "f": "f_glass_fridge", "l": "f_vending_c", "r": "f_rack" },
      "toilets": { "T": {  } },
      "place_loot": [
        { "group": "drugs_pharmacy", "x": [ 10, 22 ], "y": [ 19, 19 ], "chance": 50, "repeat": [ 2, 6 ] },
        { "group": "behindcounter", "x": [ 1, 3 ], "y": [ 7, 12 ], "chance": 50 },
        { "group": "behindcounter", "x": [ 1, 1 ], "y": [ 8, 11 ], "chance": 70 },
        { "group": "vending_drink", "x": [ 1, 1 ], "y": [ 3, 4 ], "chance": 80, "repeat": [ 1, 1 ] },
        { "group": "softdrugs", "x": [ 9, 10 ], "y": [ 7, 11 ], "chance": 40, "repeat": [ 1, 3 ] },
        { "group": "snacks", "x": [ 13, 19 ], "y": [ 7, 8 ], "chance": 70, "repeat": [ 1, 2 ] },
        { "group": "magazines", "x": [ 13, 19 ], "y": [ 10, 11 ], "chance": 70, "repeat": [ 1, 2 ] },
        { "group": "fridgesnacks", "x": [ 22, 22 ], "y": [ 7, 11 ], "chance": 70, "repeat": [ 1, 3 ] }
      ]
    }
  }
]
