[
  {
    "method": "json",
    "object": {
      "furniture": {
        "#": "f_bench",
        "&": "f_trashcan",
        "+": "f_null",
        "-": "f_null",
        ".": "f_null",
        "O": "f_dive_block",
        "S": "f_shower",
        "P": "f_sign",
        "T": "f_toilet",
        "_": "f_null",
        "a": "f_trashcan",
        "d": "f_null",
        "s": "f_null",
        "t": "f_null",
        "w": "f_null",
        "{": "f_locker",
        "|": "f_null"
      },
      "place_item": [ { "chance": 10, "repeat": 3, "item": "goggles_swim", "x": [ 15, 19 ], "y": 2 } ],
      "place_items": [
        { "chance": 25, "repeat": 2, "item": "allclothes", "x": 14, "y": 18 },
        { "chance": 25, "repeat": 2, "item": "allclothes", "x": 15, "y": 18 },
        { "chance": 25, "repeat": 2, "item": "allclothes", "x": 8, "y": 18 },
        { "chance": 25, "repeat": 2, "item": "allclothes", "x": 9, "y": 18 },
        { "chance": 25, "repeat": 2, "item": "allclothes", "x": 10, "y": 18 },
        { "chance": 25, "repeat": 2, "item": "allclothes", "x": 11, "y": 18 },
        { "chance": 25, "repeat": 2, "item": "allclothes", "x": 12, "y": 18 },
        { "chance": 15, "item": "homebooks", "x": 13, "y": 18 },
        { "chance": 15, "item": "homebooks", "x": 17, "y": 2 },
        { "chance": 25, "item": "shoes", "x": 18, "y": 2 },
        { "chance": 25, "repeat": [ 1, 3 ], "item": "trash", "x": 21, "y": 18 },
        { "chance": 25, "repeat": [ 1, 3 ], "item": "trash", "x": 2, "y": 18 },
        { "chance": 25, "repeat": [ 1, 3 ], "item": "trash", "x": 21, "y": 2 },
        { "chance": 25, "repeat": [ 1, 3 ], "item": "trash", "x": 2, "y": 2 },
        { "chance": 15, "item": "magazines", "x": 6, "y": 2 }
      ],
      "place_toilets": [ { "x": 3, "y": 20 }, { "x": 20, "y": 20 } ],
      "place_monsters": [ { "monster": "GROUP_MAPGEN_POOL", "x": [ 6, 17 ], "y": [ 6, 15 ], "repeat": [ 1, 5 ] } ],
      "rows": [
        "sssssssssssssssssssssss_",
        "_||||||||||++||||||||||_",
        "_|&P#####......#####P&|_",
        "_|....................|_",
        "_|....................|_",
        "_|..wwOwwwwwwwwwwOww..|_",
        "_|..wwwwwwwwwwwwwwww..|_",
        "_|..wwwwwwwwwwwwwwww..|_",
        "_|..wwwwwwwwwwwwwwww..|_",
        "_|..wwwwwwwwwwwwwwww..|_",
        "_|..wwwwwwwwwwwwwwww..|_",
        "_|..wwwwwwwwwwwwwwww..|_",
        "_|..wwwwwwwwwwwwwwww..|_",
        "_|..wwwwwwwwwwwwwwww..|_",
        "_|..wwwwwwwwwwwwwwww..|_",
        "_|..wwwwwwwwwwwwwwww..|_",
        "_|..wwOwwwwwwwwwwOww..|_",
        "_|....................|_",
        "_|&.....{{{{{{{{.....&|_",
        "_|--d-.----------.-d--|_",
        "_|-Tt-..SS.SS.SS..-tT-|_",
        "_|----............----|_",
        "_||||||||||||||||||||||_",
        "________________________"
      ],
      "terrain": {
        "#": "t_concrete",
        "&": "t_concrete",
        "P": "t_concrete",
        "+": "t_chaingate_c",
        "-": "t_brick_wall",
        ".": "t_concrete",
        "O": "t_water_pool",
        "S": "t_concrete",
        "T": "t_thconc_floor",
        "_": [ "t_grass", "t_grass", "t_grass", "t_dirt" ],
        "d": "t_door_c",
        "s": "t_sidewalk",
        "t": "t_thconc_floor",
        "w": "t_water_pool",
        "{": "t_concrete",
        "|": "t_chainfence"
      },
      "place_signs": [ { "signage": "NO lifeguard on duty!", "x": 3, "y": 2 }, { "signage": "NO running!", "x": 20, "y": 2 } ]
    },
    "om_terrain": "pool",
    "//": "Outdoor pool",
    "type": "mapgen"
  },
  {
    "method": "json",
    "object": {
      "furniture": {
        "#": "f_bench",
        "&": "f_toilet",
        "+": "f_null",
        "-": "f_null",
        ".": "f_null",
        "S": "f_sink",
        "_": "f_null",
        "f": "f_null",
        "r": "f_null",
        "s": "f_null",
        "t": "f_trashcan",
        "v": "f_vending_c",
        "w": "f_null",
        "{": "f_locker",
        "|": "f_null"
      },
      "place_items": [
        { "chance": 20, "repeat": 2, "item": "clothing_male", "x": 18, "y": 6 },
        { "chance": 20, "repeat": 2, "item": "clothing_male", "x": 19, "y": 6 },
        { "chance": 20, "repeat": 2, "item": "clothing_male", "x": 20, "y": 6 },
        { "chance": 25, "item": "male_underwear", "x": 21, "y": 6 },
        { "chance": 25, "item": "male_underwear", "x": 17, "y": 6 },
        { "chance": 75, "repeat": 2, "item": "vending_drink_items", "x": 13, "y": 6 },
        { "chance": 25, "item": "female_underwear", "x": 6, "y": 6 },
        { "chance": 25, "item": "female_underwear", "x": 3, "y": 6 },
        { "chance": 75, "repeat": 2, "item": "vending_food_items", "x": 10, "y": 6 },
        { "chance": 15, "item": "shoes", "x": 18, "y": 8 },
        { "chance": 15, "item": "shoes", "x": 6, "y": 8 },
        { "chance": 15, "item": "shoes", "x": 4, "y": 8 },
        { "chance": 20, "repeat": 2, "item": "trash", "x": 16, "y": 3 },
        { "chance": 20, "repeat": 2, "item": "trash", "x": 7, "y": 3 },
        { "chance": 20, "repeat": 2, "item": "clothing_female", "x": 4, "y": 6 },
        { "chance": 20, "repeat": 2, "item": "clothing_female", "x": 5, "y": 6 },
        { "chance": 20, "repeat": 2, "item": "clothing_female", "x": 2, "y": 6 }
      ],
      "place_toilets": [ { "x": 2, "y": 3 }, { "x": 4, "y": 3 }, { "x": 18, "y": 3 }, { "x": 21, "y": 3 } ],
      "place_monsters": [ { "monster": "GROUP_MAPGEN_POOL", "x": [ 4, 19 ], "y": [ 11, 19 ], "repeat": [ 1, 3 ] } ],
      "rows": [
        "ssssssssssssssssssssssss",
        "sssssssssssssssssssssss_",
        "_||||||||||rr||||||||||_",
        "_|&|&|StS|ffff|StS|&|&|_",
        "_|+|+|fff+ffff+fff|+|+|_",
        "_|fffffff|ffff|fffffff|_",
        "_|{{{{{ff|vffv|ff{{{{{|_",
        "_|||||||+||rr||+|||||||_",
        "_-.####..........####.-_",
        "_-....................-_",
        "_-.wwwwwwwwwwwwwwwwww.-_",
        "_-.wwwwwwwwwwwwwwwwww.-_",
        "_-.wwwwwwwwwwwwwwwwww.-_",
        "_-.wwwwwwwwwwwwwwwwww.-_",
        "_-.wwwwwwwwwwwwwwwwww.-_",
        "_-.wwwwwwwwwwwwwwwwww.-_",
        "_-.wwwwwwwwwwwwwwwwww.-_",
        "_-.wwwwwwwwwwwwwwwwww.-_",
        "_-.wwwwwwwwwwwwwwwwww.-_",
        "_-.wwwwwwwwwwwwwwwwww.-_",
        "_-.wwwwwwwwwwwwwwwwww.-_",
        "_-....................-_",
        "_----------------------_",
        "________________________"
      ],
      "terrain": {
        "#": "t_concrete",
        "&": "t_floor",
        "+": [ "t_door_o", "t_door_c" ],
        "-": "t_chainfence",
        ".": "t_concrete",
        "S": "t_floor",
        "_": [ "t_grass", "t_grass", "t_grass", "t_dirt" ],
        "f": "t_floor",
        "r": "t_reinforced_door_glass_c",
        "s": "t_sidewalk",
        "t": "t_floor",
        "v": "t_floor",
        "w": "t_water_pool",
        "{": "t_floor",
        "|": "t_brick_wall"
      }
    },
    "om_terrain": "pool",
    "//": "Indoor pool",
    "type": "mapgen"
  },
  {
    "method": "json",
    "object": {
      "furniture": {
        "#": "f_bench",
        "&": "f_sink",
        "+": "f_null",
        ".": "f_null",
        "O": "f_dive_block",
        "P": "f_sign",
        "S": "f_sign",
        "T": "f_trashcan",
        "_": "f_null",
        "a": "f_table",
        "b": "f_bigmirror",
        "f": "f_null",
        "r": "f_null",
        "s": "f_null",
        "t": "f_toilet",
        "w": "f_null",
        "{": "f_locker",
        "|": "f_null"
      },
      "place_item": [
        { "chance": 10, "repeat": [ 1, 4 ], "item": "goggles_swim", "x": 2, "y": [ 6, 11 ] },
        { "chance": 10, "repeat": [ 1, 4 ], "item": "goggles_swim", "x": 21, "y": [ 6, 11 ] }
      ],
      "place_items": [
        { "chance": 3, "item": "creepy", "x": 17, "y": 3 },
        { "chance": 10, "repeat": [ 1, 4 ], "item": "clothing_female", "x": 21, "y": 6 },
        { "chance": 10, "repeat": [ 1, 4 ], "item": "clothing_female", "x": 21, "y": 7 },
        { "chance": 10, "repeat": [ 1, 4 ], "item": "clothing_female", "x": 21, "y": 8 },
        { "chance": 10, "repeat": [ 1, 4 ], "item": "clothing_female", "x": 21, "y": 9 },
        { "chance": 10, "repeat": [ 1, 4 ], "item": "clothing_female", "x": 21, "y": 10 },
        { "chance": 10, "repeat": [ 1, 4 ], "item": "clothing_female", "x": 21, "y": 11 },
        { "chance": 10, "repeat": [ 1, 4 ], "item": "clothing_male", "x": 2, "y": 6 },
        { "chance": 10, "repeat": [ 1, 4 ], "item": "clothing_male", "x": 2, "y": 7 },
        { "chance": 10, "repeat": [ 1, 4 ], "item": "clothing_male", "x": 2, "y": 8 },
        { "chance": 10, "repeat": [ 1, 4 ], "item": "clothing_male", "x": 2, "y": 9 },
        { "chance": 10, "repeat": [ 1, 4 ], "item": "clothing_male", "x": 2, "y": 10 },
        { "chance": 10, "repeat": [ 1, 4 ], "item": "clothing_male", "x": 2, "y": 11 },
        { "chance": 20, "repeat": [ 1, 2 ], "item": "trash", "x": 21, "y": 3 },
        { "chance": 20, "repeat": [ 1, 2 ], "item": "trash", "x": 2, "y": 3 },
        { "chance": 10, "item": "magazines", "x": 21, "y": 17 },
        { "chance": 10, "repeat": [ 1, 2 ], "item": "magazines", "x": 2, "y": 17 }
      ],
      "place_toilets": [ { "x": 6, "y": 3 }, { "x": 8, "y": 3 }, { "x": 15, "y": 3 }, { "x": 17, "y": 3 } ],
      "rows": [
        "ssssssssssssssssssssssss",
        "ssssssssssssssssssssssss",
        "_||||||||||rr||||||||||_",
        "_|T&&|t|t|ffff|t|t|&&T|_",
        "_|fff|+|+PffffP+|+|fff|_",
        "_|bffffff+ffff+ffffffb|_",
        "_|{f||||||f||f||||||f{|_",
        "_|{f|..............|f{|_",
        "_|{f|..............|f{|_",
        "_|{f|..wwwwwwwwww..|f{|_",
        "_|{f|..wwwwwwwwww..|f{|_",
        "_|{f|..wwwwwwwwww..|f{|_",
        "_||+|..wwwwwwwwww..|+||_",
        "_|S....wwwwwwwwww....S|_",
        "_|#....wwwwwwwwww....#|_",
        "_|#..wwwwwwwwwwwwww..#|_",
        "_|#..OwwwwwwwwwwwwO..#|_",
        "_|a..wwwwwwwwwwwwww..a|_",
        "_|#..OwwwwwwwwwwwwO..#|_",
        "_|#..wwwwwwwwwwwwww..#|_",
        "_|#..................#|_",
        "_|....................|_",
        "_||||||||||||||||||||||_",
        "________________________"
      ],
      "terrain": {
        "#": "t_thconc_floor",
        "&": "t_floor",
        "+": [ "t_door_o", "t_door_c" ],
        ".": "t_thconc_floor",
        "O": "t_water_pool",
        "P": "t_wall",
        "S": "t_thconc_floor",
        "T": "t_floor",
        "_": [ "t_grass", "t_grass", "t_grass", "t_dirt" ],
        "a": "t_thconc_floor",
        "b": "t_floor",
        "f": "t_floor",
        "r": "t_reinforced_door_glass_c",
        "s": "t_sidewalk",
        "t": "t_floor",
        "w": "t_water_pool",
        "{": "t_floor",
        "|": "t_wall"
      },
      "place_signs": [
        { "signage": "MEN", "x": 9, "y": 4 },
        { "signage": "WOMEN", "x": 14, "y": 4 },
        { "signage": "NO running!", "x": 2, "y": 13 },
        { "signage": "NO diving in the shallow end!", "x": 21, "y": 13 }
      ]
    },
    "om_terrain": "pool",
    "//": "Indoor pool",
    "type": "mapgen"
  },
  {
    "method": "json",
    "object": {
      "furniture": {
        "#": "f_bench",
        "&": "f_toilet",
        "+": "f_null",
        "-": "f_null",
        ".": "f_null",
        "D": "f_null",
        "P": "f_sign",
        "S": "f_sink",
        "_": "f_null",
        "a": "f_null",
        "b": "f_bench",
        "d": "f_null",
        "f": "f_null",
        "s": "f_null",
        "t": "f_trashcan",
        "w": "f_null",
        "{": "f_locker",
        "|": "f_null"
      },
      "place_items": [
        { "chance": 10, "repeat": [ 1, 4 ], "item": "trash", "x": 13, "y": 21 },
        { "chance": 10, "repeat": [ 1, 4 ], "item": "trash", "x": 10, "y": 21 },
        { "chance": 15, "repeat": [ 1, 4 ], "item": "clothing_female", "x": 5, "y": 21 },
        { "chance": 15, "repeat": [ 1, 4 ], "item": "clothing_female", "x": 6, "y": 21 },
        { "chance": 15, "repeat": [ 1, 4 ], "item": "clothing_female", "x": 7, "y": 21 },
        { "chance": 15, "repeat": [ 1, 4 ], "item": "clothing_female", "x": 8, "y": 21 },
        { "chance": 15, "repeat": [ 1, 4 ], "item": "clothing_male", "x": 15, "y": 21 },
        { "chance": 15, "repeat": [ 1, 4 ], "item": "clothing_male", "x": 16, "y": 21 },
        { "chance": 15, "repeat": [ 1, 4 ], "item": "clothing_male", "x": 17, "y": 21 },
        { "chance": 15, "repeat": [ 1, 4 ], "item": "clothing_male", "x": 18, "y": 21 }
      ],
      "place_toilets": [ { "x": 2, "y": 19 }, { "x": 2, "y": 21 }, { "x": 21, "y": 19 }, { "x": 21, "y": 21 } ],
      "rows": [
        "ssssssssssssssssssssssss",
        "ssssssssssssssssssssssss",
        "_|--|--|--|++|--|--|--|_",
        "_-....................-_",
        "_-....................-_",
        "_|..wwwwwwwwwwwwwwww..|_",
        "_-..wwwwwwwwwwwwwwww..-_",
        "_-..wwwwwwwwwwwwwwww..-d",
        "d|..wwwwwwwwwwwwwwww..|_",
        "_-..wwwwwwwwwwwwwwww..-_",
        "_-..wwwwwwwwwwwwwwww..-_",
        "_|..wwwwwwwwwwwwwwww..|_",
        "_-..wwwwwwwwwwwwwwww..-_",
        "_-..wwwwwwwwwwwwwwww..-_",
        "_|..wwwwwwwwwwwwwwww..|_",
        "_-..wwwwwwwwwwwwwwww..-_",
        "_-....................-_",
        "_|....................|_",
        "_||||||||||..||||||||||_",
        "_|&DfSS##P....P##SSfD&|_",
        "d|||fffffa....afffff|||_",
        "_|&Df{{{{|tbbt|{{{{fD&|d",
        "_||||||||||||||||||||||_",
        "________________d_______"
      ],
      "terrain": {
        "#": "t_floor",
        "&": "t_floor",
        "+": "t_door_metal_c",
        "-": "t_wall_glass",
        ".": "t_thconc_floor",
        "D": [ "t_door_o", "t_door_c" ],
        "P": "t_brick_wall",
        "S": "t_floor",
        "_": "t_grass",
        "a": "t_door_c",
        "b": "t_thconc_floor",
        "d": "t_dirt",
        "f": "t_floor",
        "s": "t_sidewalk",
        "t": "t_thconc_floor",
        "w": "t_water_pool",
        "{": "t_floor",
        "|": "t_brick_wall"
      },
      "place_signs": [ { "signage": "Women", "x": 9, "y": 19 }, { "signage": "Men", "x": 14, "y": 19 } ]
    },
    "om_terrain": "pool",
    "//": "Outdoor pool",
    "type": "mapgen"
  },
  {
    "method": "json",
    "object": {
      "furniture": {
        "#": "f_bench",
        "&": "f_sink",
        "+": "f_null",
        "-": "f_null",
        ".": "f_null",
        "P": "f_sign",
        "T": "f_toilet",
        "W": "f_null",
        "_": "f_null",
        "a": "f_trashcan",
        "c": "f_counter",
        "f": "f_null",
        "r": "f_null",
        "s": "f_null",
        "t": "f_table",
        "w": "f_null",
        "{": "f_locker",
        "|": "f_null"
      },
      "place_item": [ { "item": "goggles_swim", "chance": 10, "x": 13, "y": 11 } ],
      "place_items": [
        { "chance": 40, "item": "male_underwear_bottom", "x": 18, "y": 6 },
        { "chance": 25, "repeat": 2, "item": "clothing_female", "x": 5, "y": 6 },
        { "chance": 40, "item": "female_underwear_bottom", "x": 6, "y": 6 },
        { "chance": 40, "item": "female_underwear_top", "x": 6, "y": 6 },
        { "chance": 20, "repeat": 2, "item": "trash", "x": 3, "y": 6 },
        { "chance": 20, "repeat": 2, "item": "trash", "x": 20, "y": 6 },
        { "chance": 5, "item": "swimmer_head", "x": 7, "y": 6 },
        { "chance": 40, "item": "swimmer_torso", "x": 16, "y": 6 },
        { "chance": 25, "repeat": 2, "item": "clothing_male", "x": 15, "y": 6 },
        { "chance": 10, "item": "light_reading", "x": 12, "y": 20 },
        { "chance": 10, "item": "light_reading", "x": 6, "y": 20 },
        { "chance": 10, "item": "light_reading", "x": 17, "y": 8 },
        { "chance": 10, "item": "light_reading", "x": 11, "y": 8 },
        { "chance": 10, "item": "light_reading", "x": 12, "y": 8 }
      ],
      "place_toilets": [ { "x": 6, "y": 3 }, { "x": 8, "y": 3 }, { "x": 15, "y": 3 }, { "x": 17, "y": 3 } ],
      "place_monsters": [ { "monster": "GROUP_MAPGEN_POOL", "x": [ 6, 17 ], "y": [ 11, 17 ], "repeat": [ 1, 3 ] } ],
      "rows": [
        "...........ss...........",
        "...........ss...........",
        "..||||||||.ss.||||||||..",
        "..|&&-T-T|WrrW|T-T-&&|..",
        "..|ff-+-+|ffff|+-+-ff|..",
        "..|ffffff+fccf+ffffff|..",
        "..|af{{{{|ffff|{{{{fa|..",
        "..||+||||||||||||||+||..",
        "..|___t####tt####t___|..",
        "..|__________________|..",
        "..|__wwwwwwwwwwwwww__|..",
        "..|__wwwwwwwwwwwwww__|..",
        "..|__wwwwwwwwwwwwww__|..",
        "..|__wwwwwwwwwwwwww__|..",
        "..|P_wwwwwwwwwwwwww_P|..",
        "..|__wwwwwwwwwwwwww__|..",
        "..|__wwwwwwwwwwwwww__|..",
        "..|__wwwwwwwwwwwwww__|..",
        "..|__wwwwwwwwwwwwww__|..",
        "..|__________________|..",
        "..|___t####tt####t___|..",
        "..||||||||||||||||||||..",
        "........................",
        "........................"
      ],
      "terrain": {
        "#": "t_thconc_floor",
        "&": "t_floor",
        "+": [ "t_door_o", "t_door_c" ],
        "-": "t_wall",
        ".": [ "t_grass", "t_grass", "t_grass", "t_dirt" ],
        "P": "t_thconc_floor",
        "T": "t_floor",
        "W": "t_wall_glass",
        "_": "t_thconc_floor",
        "a": "t_floor",
        "c": "t_floor",
        "f": "t_floor",
        "r": "t_reinforced_door_glass_c",
        "s": "t_sidewalk",
        "t": "t_thconc_floor",
        "w": "t_water_pool",
        "{": "t_floor",
        "|": "t_brick_wall"
      },
      "place_signs": [ { "signage": "NO Running!", "x": 3, "y": 14 }, { "signage": "NO Diving!", "x": 20, "y": 14 } ]
    },
    "om_terrain": "pool",
    "//": "Indoor pool",
    "type": "mapgen"
  },
  {
    "name": "GROUP_MAPGEN_POOL",
    "type": "monstergroup",
    "default": "mon_null",
    "monsters": [
      { "monster": "mon_zombie_swimmer", "freq": 450, "cost_multiplier": 0 },
      { "monster": "mon_zombie_mancroc", "freq": 50, "cost_multiplier": 0 }
    ]
  },
  {
    "type": "mapgen",
    "method": "json",
    "om_terrain": "pool",
    "//": "Outdoor pool",
    "object": {
      "rows": [
        "........................",
        "........................",
        "..++n++n++n++n++n++n++..",
        "..+wwwwwwwwwwwwwwwwww+..",
        "..+wwwwwwwwwwwwwwwwww+..",
        "..+wwwwwwwwwwwwwwwwww+..",
        "..+wwwwwwwwwwwwwwwwww+..",
        "..+wwwwwwwwwwwwwwwwww+..",
        "..+wwwwwwwwwwwwwwwwww+..",
        "..+wwwwwwwwwwwwwwwwww+..",
        "..+wwwwwwwwwwwwwwwwww+..",
        "..+wwwwwwwwwwwwwwwwww+..",
        "..+wwwwwwwwwwwwwwwwww+..",
        "..+wwwwwwwwwwwwwwwwww+..",
        "..+wwwwwwwwwwwwwwwwww+..",
        "..+wwwwwwwwwwwwwwwwww+..",
        "..+wwwwwwwwwwwwwwwwww+..",
        "..+wwwwwwwwwwwwwwwwww+..",
        "..+wwwwwwwwwwwwwwwwww+..",
        "..+wwwwwwwwwwwwwwwwww+..",
        "..+wwwwwwwwwwwwwwwwww+..",
        "..++n++n++n++n++n++n++..",
        "........................",
        "........................"
      ],
      "terrain": { "+": "t_concrete", ".": [ "t_grass", "t_grass", "t_dirt" ], "n": "t_concrete", "w": "t_water_dp" },
      "furniture": { "n": "f_dive_block" },
      "place_monsters": [ { "monster": "GROUP_MAPGEN_POOL", "x": [ 5, 18 ], "y": [ 5, 18 ], "repeat": [ 1, 6 ] } ]
    }
  },
  {
    "type": "mapgen",
    "method": "json",
    "om_terrain": "pool",
    "//": "Outdoor pool",
    "object": {
      "rows": [
        "........................",
        ".---oo-----------------.",
        ".-..++..............++-.",
        ".-++++cc++cc++cc++cc++-.",
        ".-++++++++++++++++++++-.",
        ".-++++++++++++++WWW+++-.",
        ".-+++wwwwwwwwwwwwwww++-.",
        ".-c++wwwwwwwwwwwwwww++-.",
        ".-c++wwwwwwwwwwwwwww++-.",
        ".-+++wwwwwwwwwwwwwww++-.",
        ".-+++wwwwwwwwwwwwwww++-.",
        ".-+++wwwwwwwwwwwwwww++-.",
        ".-c++wwwwwwwwwwwwwww++-.",
        ".-c++wwwwwwwwwwwwwww++-.",
        ".-+++wwwwwwwwwwwwwww++-.",
        ".-+++wwwwwwwwwwwwwww++-.",
        ".-+++wwwwwwwwwwwwwww++-.",
        ".-c++wwwwwwwwwwwwwww++-.",
        ".-c++wwwwwwwwwwwwwww++-.",
        ".-+++wwwwwwwwwwwwwww++-.",
        ".-++++++++++++++++++++-.",
        ".-++++++++++++++c+++++-.",
        ".----------------------.",
        "........................"
      ],
      "terrain": {
        "+": "t_concrete",
        "-": "t_chainfence_v",
        ".": [ "t_grass", "t_grass", "t_dirt" ],
        "W": "t_water_sh",
        "c": "t_concrete",
        "o": [ "t_chaingate_c", "t_chaingate_o" ],
        "w": "t_water_dp"
      },
      "furniture": { "c": "f_chair", "n": "f_dive_block" },
      "place_monsters": [ { "monster": "GROUP_MAPGEN_POOL", "x": [ 5, 18 ], "y": [ 5, 18 ], "repeat": [ 2, 7 ] } ]
    }
  },
  {
    "name": "GROUP_MAPGEN_POOL",
    "type": "monstergroup",
    "default": "mon_null",
    "monsters": [
      { "monster": "mon_zombie_swimmer", "freq": 450, "cost_multiplier": 0 },
      { "monster": "mon_zombie_mancroc", "freq": 50, "cost_multiplier": 0 }
    ]
  },
  {
    "type": "mapgen",
    "method": "json",
    "om_terrain": "pool",
    "//": "Outdoor pool",
    "object": {
      "rows": [
        "........................",
        "........................",
        "..++n++n++n++n++n++n++..",
        "..+wwwwwwwwwwwwwwwwww+..",
        "..+wwwwwwwwwwwwwwwwww+..",
        "..+wwwwwwwwwwwwwwwwww+..",
        "..+wwwwwwwwwwwwwwwwww+..",
        "..+wwwwwwwwwwwwwwwwww+..",
        "..+wwwwwwwwwwwwwwwwww+..",
        "..+wwwwwwwwwwwwwwwwww+..",
        "..+wwwwwwwwwwwwwwwwww+..",
        "..+wwwwwwwwwwwwwwwwww+..",
        "..+wwwwwwwwwwwwwwwwww+..",
        "..+wwwwwwwwwwwwwwwwww+..",
        "..+wwwwwwwwwwwwwwwwww+..",
        "..+wwwwwwwwwwwwwwwwww+..",
        "..+wwwwwwwwwwwwwwwwww+..",
        "..+wwwwwwwwwwwwwwwwww+..",
        "..+wwwwwwwwwwwwwwwwww+..",
        "..+wwwwwwwwwwwwwwwwww+..",
        "..+wwwwwwwwwwwwwwwwww+..",
        "..++n++n++n++n++n++n++..",
        "........................",
        "........................"
      ],
      "terrain": { "+": "t_concrete", ".": [ "t_grass", "t_grass", "t_dirt" ], "n": "t_concrete", "w": "t_water_dp" },
      "furniture": { "n": "f_dive_block" },
      "place_monsters": [ { "monster": "GROUP_MAPGEN_POOL", "x": [ 5, 18 ], "y": [ 5, 18 ], "repeat": [ 1, 6 ] } ]
    }
  },
  {
    "type": "mapgen",
    "method": "json",
    "om_terrain": "pool",
    "//": "Outdoor pool",
    "object": {
      "rows": [
        "........................",
        ".---oo-----------------.",
        ".-..++..............++-.",
        ".-++++cc++cc++cc++cc++-.",
        ".-++++++++++++++++++++-.",
        ".-++++++++++++++WWW+++-.",
        ".-+++wwwwwwwwwwwwwww++-.",
        ".-c++wwwwwwwwwwwwwww++-.",
        ".-c++wwwwwwwwwwwwwww++-.",
        ".-+++wwwwwwwwwwwwwww++-.",
        ".-+++wwwwwwwwwwwwwww++-.",
        ".-+++wwwwwwwwwwwwwww++-.",
        ".-c++wwwwwwwwwwwwwww++-.",
        ".-c++wwwwwwwwwwwwwww++-.",
        ".-+++wwwwwwwwwwwwwww++-.",
        ".-+++wwwwwwwwwwwwwww++-.",
        ".-+++wwwwwwwwwwwwwww++-.",
        ".-c++wwwwwwwwwwwwwww++-.",
        ".-c++wwwwwwwwwwwwwww++-.",
        ".-+++wwwwwwwwwwwwwww++-.",
        ".-++++++++++++++++++++-.",
        ".-++++++++++++++c+++++-.",
        ".----------------------.",
        "........................"
      ],
      "terrain": {
        "+": "t_concrete",
        "-": "t_chainfence_v",
        ".": [ "t_grass", "t_grass", "t_dirt" ],
        "W": "t_water_sh",
        "c": "t_concrete",
        "o": [ "t_chaingate_c", "t_chaingate_o" ],
        "w": "t_water_dp"
      },
      "furniture": { "c": "f_chair", "n": "f_dive_block" },
      "place_monsters": [ { "monster": "GROUP_MAPGEN_POOL", "x": [ 5, 18 ], "y": [ 5, 18 ], "repeat": [ 2, 7 ] } ]
    }
  }
]
