[
  {
    "method": "json",
    "object": {
      "furniture": {
        "#": "f_table",
        "&": "f_toilet",
        "+": "f_null",
        ".": "f_null",
        "B": "f_bed",
        "C": "f_counter",
        "F": "f_fridge",
        "H": "f_sofa",
        "S": "f_sink",
        "W": "f_wreckage",
        "^": "f_indoor_plant",
        "_": "f_null",
        "a": "f_cupboard",
        "b": "f_chair",
        "c": "f_null",
        "d": "f_null",
        "e": "f_shower",
        "f": "f_null",
        "g": "f_chair",
        "s": "f_null",
        "t": "f_trashcan",
        "w": "f_null",
        "{": "f_dumpster",
        "|": "f_null"
      },
      "place_items": [
        { "chance": 10, "item": "kitchen_nonfood", "x": 20, "y": 3 },
        { "chance": 20, "item": "cannedfood", "x": 20, "y": 21 },
        { "chance": 20, "item": "alcohol", "x": 19, "y": 21 },
        { "chance": 30, "item": "livingroom", "x": 15, "y": 3 },
        { "chance": 5, "item": "hardware", "x": 4, "y": 6 },
        { "chance": 25, "item": "trash", "x": 0, "y": [ 11, 12 ] },
        { "chance": 35, "item": "fast_trash", "x": 0, "y": 10 },
        { "chance": 15, "item": "stoner", "x": 16, "y": 3 },
        { "chance": 35, "item": "magazines", "x": 16, "y": 17 },
        { "chance": 20, "item": "clutter_bedroom", "x": 10, "y": 20 },
        { "chance": 20, "item": "clutter_bedroom", "x": 11, "y": 18 },
        { "chance": 10, "item": "chem_home", "x": 13, "y": 3 },
        { "chance": 10, "item": "chem_home", "x": 10, "y": 3 },
        { "chance": 10, "item": "textbooks", "x": 15, "y": 21 },
        { "chance": 10, "item": "softdrugs", "x": 7, "y": 20 },
        { "chance": 10, "item": "softdrugs", "x": 8, "y": 3 },
        { "chance": 30, "item": "fridge", "x": 21, "y": 21 },
        { "chance": 30, "item": "fridge", "x": 18, "y": 3 },
        { "chance": 30, "item": "kitchen", "x": 19, "y": 3 },
        { "chance": 5, "item": "road", "x": 5, "y": 10 },
        { "chance": 5, "item": "road", "x": 2, "y": 8 }
      ],
      "place_toilets": [ { "x": 7, "y": 3 }, { "x": 8, "y": 21 } ],
      "rows": [
        "________________________",
        "______d___dddd__d__dd___",
        "_ccWcd|||||||||||||w|||d",
        "_cWWc||&f|ff|ff##|FCCa|_",
        "_cccc||ff+ff+fffb|ffff|d",
        "_cccg||fS|ff|fffffffff|d",
        "_cccc||ef|Bf|HHffffff^|_",
        "_ccccd|||||w|||w||||+||d",
        "_cccc_ddd__d_dd__ds_.___",
        "_.......................",
        "{.......................",
        "{.......................",
        "{.......................",
        "_.......................",
        "_.......................",
        "_cccc________sss___.____",
        "_cccc_||||w|||w||||+|||_",
        "_cccc||ff|fB|HHH#fffft|d",
        "_cccc||Sf+ff|fffffffff|_",
        "_cccc||ff|ff|fffffffff|d",
        "_cccc||ff|ff+ffbf|afff|d",
        "_cccc||e&|ff|ff##|aCCF|_",
        "_____d|||||||||||||ww||d",
        "_______d_____d__d__d_d__"
      ],
      "terrain": {
        "#": "t_floor",
        "&": "t_floor",
        "+": "t_door_c",
        ".": "t_pavement",
        "B": "t_floor",
        "C": "t_floor",
        "F": "t_floor",
        "H": "t_floor",
        "S": "t_floor",
        "W": "t_concrete",
        "^": "t_floor",
        "_": "t_grass",
        "a": "t_floor",
        "b": "t_floor",
        "c": "t_concrete",
        "d": "t_dirt",
        "e": "t_floor",
        "f": "t_floor",
        "g": "t_concrete",
        "s": "t_shrub",
        "t": "t_floor",
        "w": "t_window",
        "{": "t_grass",
        "|": "t_wall"
      }
    },
    "om_terrain": "trailerparksmall0",
    "type": "mapgen",
    "weight": 100
  },
  {
    "method": "json",
    "object": {
      "place_item": [ { "item": "blanket", "repeat": 1, "x": 11, "y": 17 }, { "item": "corpse", "repeat": 1, "x": 7, "y": 19 } ],
      "furniture": {
        "#": "f_null",
        "&": "f_trashcan",
        "+": "f_null",
        "-": "f_null",
        ".": "f_null",
        "0": "f_null",
        "4": "f_null",
        "7": "f_null",
        "B": "f_bed",
        "C": "f_cupboard",
        "D": "f_null",
        "H": "f_sofa",
        "S": "f_sink",
        "T": "f_toilet",
        "W": "f_null",
        "_": "f_null",
        "a": "f_counter",
        "b": "f_null",
        "c": "f_null",
        "d": "f_null",
        "e": "f_chair",
        "f": "f_null",
        "g": "f_shower",
        "s": "f_null",
        "t": "f_table",
        "w": "f_null",
        "{": "f_fridge",
        "|": "f_null"
      },
      "place_items": [
        { "chance": 25, "item": "house_suicide_shotgun", "x": 8, "y": 20 },
        { "chance": 45, "item": "cannedfood", "x": 20, "y": 21 },
        { "chance": 35, "item": "magazines", "x": 16, "y": 17 },
        { "chance": 45, "item": "alcohol", "x": 19, "y": 21 },
        { "chance": 25, "item": "clutter_bedroom", "x": 10, "y": 20 },
        { "chance": 35, "item": "clutter_bedroom", "x": 11, "y": 18 },
        { "chance": 15, "item": "textbooks", "x": 15, "y": 21 },
        { "chance": 45, "item": "fridge", "x": 21, "y": 21 },
        { "chance": 35, "item": "softdrugs", "x": 7, "y": 20 },
        { "chance": 35, "item": "house_suicide_clothing", "x": 7, "y": 19 }
      ],
      "place_monsters": [
        { "chance": 2, "density": 1, "monster": "GROUP_ZOMBIE", "x": 10, "y": 19 },
        { "chance": 2, "density": 1, "monster": "GROUP_ZOMBIE", "x": 17, "y": 13 },
        { "chance": 5, "density": 1, "monster": "GROUP_DOGS", "x": 3, "y": 14 }
      ],
      "place_toilets": [ { "x": 8, "y": 21 } ],
      "rows": [
        "_________.......________",
        "__#___#__.......__d_____",
        "____#d__d......._ddd#__d",
        "_4#_4#__d.......||||||d_",
        "_d#_##___.......|ffff|#d",
        "___d_d#4_.......wffff|#d",
        "_#__#__#d.......wffff|d_",
        "__#_7s_dd.......|ffff|_d",
        "_dd_d_ddd.......||||+|__",
        "........................",
        "........................",
        "........................",
        "........................",
        "........................",
        "........................",
        "_cccc__s___s#______._ss_",
        "_cccc_||||0|||b||||D|||_",
        "_cccc||ff|fB|ffftfHHH&|d",
        "_cccc||Sf-ff|fffffffff|_",
        "_cccc||ff|ff|fffffffff|d",
        "_cccc||ff|ffDffef|Cfff|d",
        "_cccc||gT|ff|fftt|Caa{|_",
        "_____d|||||||||||||WW||d",
        "_______d_____d__d__d_d__"
      ],
      "terrain": {
        "#": "t_underbrush",
        "&": "t_floor",
        "+": "t_door_c",
        "-": "t_door_boarded",
        ".": "t_pavement",
        "0": "t_window_frame",
        "4": "t_tree_pine",
        "7": "t_tree",
        "B": "t_floor",
        "C": "t_floor",
        "D": "t_door_o",
        "H": "t_floor",
        "S": "t_floor",
        "T": "t_floor",
        "W": "t_window_domestic",
        "_": "t_grass",
        "a": "t_floor",
        "b": "t_window_boarded",
        "c": "t_concrete",
        "d": "t_dirt",
        "e": "t_floor",
        "f": "t_floor",
        "g": "t_floor",
        "s": "t_shrub",
        "t": "t_floor",
        "w": "t_window",
        "{": "t_floor",
        "|": "t_wall"
      }
    },
    "om_terrain": "trailerparksmall1",
    "type": "mapgen",
    "weight": 100
  },
  {
    "method": "json",
    "object": {
      "furniture": {
        "#": "f_table",
        "&": "f_toilet",
        "+": "f_null",
        ".": "f_null",
        "A": "f_armchair",
        "B": "f_bathtub",
        "C": "f_counter",
        "D": "f_dresser",
        "F": "f_fridge",
        "H": "f_sofa",
        "S": "f_sink",
        "W": "f_null",
        "_": "f_null",
        "a": "f_cupboard",
        "b": "f_bed",
        "c": "f_null",
        "d": "f_null",
        "e": "f_chair",
        "f": "f_null",
        "g": "f_null",
        "h": "f_null",
        "i": "f_null",
        "j": "f_shower",
        "p": "f_null",
        "s": "f_null",
        "t": "f_trashcan",
        "u": "f_null",
        "w": "f_null",
        "{": "f_dumpster",
        "|": "f_null"
      },
      "place_items": [
        { "chance": 20, "item": "table_livingroom", "x": 16, "y": 21 },
        { "chance": 20, "item": "table_livingroom", "x": 9, "y": 2 },
        { "chance": 45, "item": "cannedfood", "x": 20, "y": 21 },
        { "chance": 35, "item": "alcohol", "x": 19, "y": 21 },
        { "chance": 75, "item": "bed", "x": 11, "y": 17 },
        { "chance": 75, "item": "bed", "x": 15, "y": 3 },
        { "chance": 75, "item": "bed", "x": 14, "y": [ 2, 3 ] },
        { "chance": 35, "item": "kitchen_nonfood", "x": 5, "y": 2 },
        { "chance": 35, "item": "magazines", "x": 16, "y": 17 },
        { "chance": 45, "item": "clutter_bedroom", "x": 10, "y": 20 },
        { "chance": 20, "item": "clutter_bedroom", "x": 11, "y": 18 },
        { "chance": 10, "item": "textbooks", "x": 15, "y": 21 },
        { "chance": 35, "item": "clothing_female", "x": 11, "y": 21 },
        { "chance": 55, "item": "fridge", "x": 21, "y": 21 },
        { "chance": 30, "item": "fridge", "x": 4, "y": 3 },
        { "chance": 35, "item": "dresser", "x": 13, "y": 6 },
        { "chance": 45, "item": "kitchen", "x": 18, "y": 21 },
        { "chance": 30, "item": "kitchen", "x": 6, "y": 2 }
      ],
      "place_monsters": [
        { "chance": 2, "density": 1, "monster": "GROUP_ZOMBIE", "x": 17, "y": 13 },
        { "chance": 5, "density": 1, "monster": "GROUP_DOGS", "x": 3, "y": 14 }
      ],
      "place_toilets": [ { "x": 18, "y": 2 }, { "x": 8, "y": 21 } ],
      "rows": [
        "________ppp_p___p_______",
        "ddd||ww|||||||||||||____",
        "ddd|aCC|f#HH|fbb|B&||p__",
        "ddd|Fff|ffff|fbb|ff||___",
        "ddd|ffffffffffff|ff||___",
        "dddwffffffff|ffffff||p__",
        "ddd|fffffe#t|Dff|fS||p__",
        "ddd||+|||ww|||w||i||p___",
        "ddd__gp______pp_________",
        "......................._",
        ".......................{",
        ".......................{",
        ".......................{",
        "......................._",
        "......................._",
        "_cccc__s___su______g_ss_",
        "_cccc_||||w|||w||||+|||_",
        "_cccc||ff|fb|ffA#fffft|d",
        "_cccc||Sfhff|fffffffff|_",
        "_cccc||ff|ff|fffffffff|d",
        "_cccc||ff|ffhffef|afff|d",
        "_cccc||j&|fD|ff##|aCCF|_",
        "_____d|||||||||||||WW||d",
        "_______d_____d__d__d_d__"
      ],
      "terrain": {
        "#": "t_floor",
        "&": "t_floor",
        "+": "t_door_c",
        ".": "t_pavement",
        "A": "t_floor",
        "B": "t_floor",
        "C": "t_floor",
        "D": "t_floor",
        "F": "t_floor",
        "H": "t_floor",
        "S": "t_floor",
        "W": "t_window_domestic",
        "_": "t_grass",
        "a": "t_floor",
        "b": "t_floor",
        "c": "t_concrete",
        "d": "t_dirt",
        "e": "t_floor",
        "f": "t_floor",
        "g": "t_sidewalk",
        "h": "t_door_o",
        "i": "t_curtains",
        "j": "t_floor",
        "p": "t_palisade_gate_o",
        "s": "t_shrub",
        "t": "t_floor",
        "u": "t_underbrush",
        "w": "t_window",
        "{": "t_grass",
        "|": "t_wall"
      }
    },
    "om_terrain": "trailerparksmall2",
    "type": "mapgen",
    "weight": 100
  }
]
