[
  {
    "id": "mag_tv",
    "type": "BOOK",
    "name": "US Weekly",
    "name_plural": "US Weeklies",
    "description": "Weekly news about a bunch of famous people who're all (un)dead now.",
    "weight": 60,
    "volume": 1,
    "price": 400,
    "material": [ "paper" ],
    "symbol": "?",
    "color": "pink",
    "skill": "speech",
    "max_level": 1,
    "intelligence": 3,
    "time": 8,
    "fun": 1
  },
  {
    "id": "manual_speech",
    "type": "BOOK",
    "name": "Self-Esteem for Dummies",
    "name_plural": "Self-Esteem for Dummies",
    "description": "Full of useful tips for showing confidence in your speech.",
    "weight": 454,
    "volume": 3,
    "price": 1600,
    "material": [ "paper" ],
    "symbol": "?",
    "color": "green",
    "skill": "speech",
    "max_level": 3,
    "intelligence": 5,
    "time": 20
  },
  {
    "id": "textbook_speech",
    "type": "BOOK",
    "name": "Principles of Effective Communication",
    "name_plural": "Principles of Effective Communication",
    "description": "A hardbound book devoted to being an effective and persuasive speaker.",
    "weight": 1120,
    "volume": 8,
    "price": 4000,
    "bashing": 4,
    "material": [ "paper" ],
    "symbol": "?",
    "color": "blue",
    "skill": "speech",
    "required_level": 3,
    "max_level": 6,
    "intelligence": 8,
    "time": 30
  },
  {
    "id": "dnd_handbook",
    "type": "BOOK",
    "name": "Dungeon Master's Guide: 6th Edition",
    "name_plural": "Dungeon Master's Guide: 6th Editions",
    "description": "A thick, hardcover volume with everything needed to weave legendary stories.  It's full of information, but finding the things you're looking for can be a chore.",
    "weight": 2267,
    "volume": 10,
    "price": 3000,
    "bashing": 7,
    "//": "Have you held one of these things? Bastards have some real weight behind 'em",
    "material": [ "paper" ],
    "symbol": "?",
    "color": "light_blue",
    "skill": "speech",
    "max_level": 5,
    "intelligence": 9,
    "time": 30
  }
]
