[
  {
    "id": "boxing_clothes",
    "type": "item_group",
    "items": [
      [ "tank_top", 40 ],
      [ "shorts", 40 ],
      [ "boxing_gloves", 50 ],
      [ "headgear", 50 ],
      [ "mouthpiece", 50 ],
      [ "jersey", 40 ],
      [ "coat_rain", 15 ],
      [ "hood_rain", 15 ],
      [ "gloves_wraps", 45 ],
      [ "jeans", 30 ],
      [ "sports_bra", 25 ],
      [ "jacket_leather", 20 ],
      [ "aspirin", 30 ],
      [ "water_clean", 30 ],
      [ "sports_drink", 30 ],
      [ "1st_aid", 20 ]
    ]
  },
  {
    "id": "boxing_books",
    "type": "item_group",
    "items": [
      [ "mag_unarmed", 40 ],
      [ "manual_boxing", 50 ],
      [ "mag_melee", 25 ],
      [ "mag_bashing", 10 ],
      [ "manual_melee", 15 ],
      [ "recipe_melee", 10 ],
      [ "manual_taekwondo", 10 ],
      [ "manual_karate", 10 ],
      [ "manual_muay_thai", 2 ],
      [ "manual_krav_maga", 10 ]
    ]
  },
  {
    "id": "boxing_misc",
    "type": "item_group",
    "items": [
      [ "aspirin", 50 ],
      [ "1st_aid", 40 ],
      [ "bandages", 30 ],
      [ "duct_tape", 20 ],
      [ "sewing_kit", 10 ],
      [ "mouthpiece", 10 ],
      [ "cigar", 20 ],
      [ "cig", 15 ],
      [ "matches", 10 ]
    ]
  },
  {
    "id": "gym",
    "type": "overmap_terrain",
    "name": "boxing gym",
    "sym": 94,
    "color": "yellow_cyan",
    "see_cost": 5,
    "mondensity": 3,
    "extras": "build",
    "mapgen": [
      {
        "method": "json",
        "weight": 1000,
        "object": {
          "fill_ter": "t_grass",
          "rows": [
            "  --ss----------------  ",
            "  --ss--,-----,-----,-  ",
            "  --ss--,-----,-----,-  ",
            "  --ss--,-----,-----,-  ",
            "  --ss--,-----,-----,-  ",
            "  --ss--,-----,-----,-  ",
            "  qq++qqqqgggggqqqggqq  ",
            "  xf................^x  ",
            "  x........?$$$$$$?.0x  ",
            "  xE.E.....$555555$..x  ",
            "  xE.E.....$555555$.0x  ",
            "  xE.E.....$555555$..x  ",
            "  xE.E.....?$$$$$$?.0x  ",
            "  x..........####....x  ",
            "  x...........CC....Bx  ",
            "  x.0.0.0...........Bx  ",
            "  x^.....^VV^..^BBBB^x  ",
            "  xqqqqqqqqqq''qqqqqqx  ",
            "  xLLLLLLLLLx..xfZZZ^x  ",
            "  xBBBB.BBBBx..x.....p  ",
            "  x.........'..'.C.DCp  ",
            "  xqqq...qqqx..x...DDx  ",
            "  xS.'...'.Tx..xXXXXXx  ",
            "  qqqqqqqqqqqqqqqqqqqq  "
          ],
          "terrain": {
            " ": "t_grass",
            "#": "t_floor",
            "$": "t_fence_rope",
            "'": "t_door_c",
            "+": "t_door_glass_c",
            ",": "t_pavement_y",
            "-": "t_pavement",
            ".": "t_floor",
            "0": "t_floor",
            "5": "t_floor",
            "?": "t_chainfence_posts",
            "B": "t_floor",
            "C": "t_floor",
            "D": "t_floor",
            "E": "t_floor",
            "L": "t_floor",
            "S": "t_floor",
            "T": "t_floor",
            "V": "t_floor",
            "X": "t_floor",
            "Z": "t_floor",
            "^": "t_floor",
            "f": "t_floor",
            "g": "t_window",
            "p": "t_window_domestic",
            "q": "t_wall",
            "s": "t_sidewalk",
            "x": "t_wall"
          },
          "furniture": {
            "#": "f_table",
            "0": "f_floor_canvas",
            "5": "f_canvas_floor",
            "B": "f_bench",
            "C": "f_chair",
            "D": "f_desk",
            "E": "f_exercise",
            "L": "f_locker",
            "S": "f_shower",
            "V": "f_vending_c",
            "X": "f_rack",
            "Z": "f_bookcase",
            "^": "f_indoor_plant",
            "f": "f_trashcan"
          },
          "toilets": { "T": {  } },
          "place_items": [
            { "item": "boxing_clothes", "x": [ 3, 11 ], "y": [ 18, 18 ], "chance": 80, "repeat": [ 3, 5 ] },
            { "item": "boxing_clothes", "x": [ 3, 11 ], "y": [ 18, 18 ], "chance": 40, "repeat": [ 1, 2 ] },
            { "item": "boxing_books", "x": [ 17, 19 ], "y": [ 18, 18 ], "chance": 80, "repeat": [ 1, 3 ] },
            { "item": "boxing_misc", "x": [ 16, 20 ], "y": [ 22, 22 ], "chance": 60, "repeat": [ 1, 4 ] },
            { "item": "vending_drink", "x": [ 10, 11 ], "y": [ 16, 16 ], "chance": 70 }
          ]
        }
      }
    ],
    "flags": [ "SIDEWALK" ]
  }
]
