[
  {
    "type": "mapgen",
    "method": "json",
    "om_terrain": [ "mil_surplus" ],
    "weight": 300,
    "object": {
      "rows": [
        "...........~~...........",
        "...........~~...........",
        "..-''''''--++--''''''--.",
        "..|                   |.",
        "..| #                 |.",
        "..| #                 |.",
        "..| #                 |.",
        "..| #                 |.",
        "..|                   |.",
        "..| R R R R R R R R R |.",
        "..| R R R R R R R R R |.",
        "..| R R R R R R R R R |.",
        "..| R R R R R R R R R |.",
        "..| R R R R R R R R R |.",
        "..| R R R R R R R R R |.",
        "..| R R R R R R R R R |.",
        "..| R R R R R R R R R |.",
        "..| R R R R R R R R R |.",
        "..| R R R R R R R R R |.",
        "..| R R R R R R R R R |.",
        "..|                   |.",
        "..---------------------.",
        "........................",
        "........................"
      ],
      "palettes": [ "mil_surplus" ],
      "place_loot": [
        { "group": "mil_armor", "x": 4, "y": [ 9, 19 ], "chance": 70 },
        { "group": "mil_armor", "x": 6, "y": [ 9, 19 ], "chance": 70 },
        { "group": "mil_armor", "x": 8, "y": [ 9, 19 ], "chance": 70 },
        { "group": "mil_surplus", "x": 10, "y": [ 9, 19 ], "chance": 70 },
        { "group": "mil_surplus", "x": 12, "y": [ 9, 19 ], "chance": 70 },
        { "group": "mil_surplus", "x": 14, "y": [ 9, 19 ], "chance": 70 },
        { "group": "mil_food_nodrugs", "x": 16, "y": [ 9, 19 ], "chance": 70 },
        { "group": "mil_food_nodrugs", "x": 18, "y": [ 9, 19 ], "chance": 70 },
        { "group": "mil_food_nodrugs", "x": 20, "y": [ 9, 19 ], "chance": 70 }
      ]
    }
  },
  {
    "type": "mapgen",
    "method": "json",
    "om_terrain": [ "mil_surplus" ],
    "weight": 300,
    "object": {
      "rows": [
        "...........~~...........",
        "...........~~...........",
        ".--``````--++--``````--.",
        ".|###           @  @  |.",
        ".| S#                 |.",
        ".|  #          R RR R |.",
        ".|                    |.",
        ".|---   A  A  A    ---|.",
        ".|& |   A  A  A    / ^|.",
        ".|  +   A  A  A    ---|.",
        ".|% |   A  A  A    / ^|.",
        ".|---   A  A  A    ---|.",
        ".|                    |.",
        ".| BBBBBBB    D D D D |.",
        ".|            D D D D |.",
        ".| BBBBBBB    D D D D |.",
        ".|            D D D D |.",
        ".| BBBBBBB    D D D D |.",
        ".|                    |.",
        ".| CCCCCCC    CCCCCCC |.",
        ".|                    |.",
        ".| CCCCCCC    CCCCCCC |.",
        ".----------------------.",
        "........................"
      ],
      "palettes": [ "mil_surplus" ],
      "items": { "R": { "item": "mil_armor", "chance": 50 } },
      "place_loot": [
        { "group": "mil_armor", "x": 8, "y": [ 7, 11 ], "chance": 70 },
        { "group": "mil_armor", "x": 11, "y": [ 7, 11 ], "chance": 70 },
        { "group": "mil_armor", "x": 14, "y": [ 7, 11 ], "chance": 70 },
        { "group": "mil_surplus", "x": 14, "y": [ 13, 17 ], "chance": 70 },
        { "group": "mil_surplus", "x": 16, "y": [ 13, 17 ], "chance": 70 },
        { "group": "mil_surplus", "x": 18, "y": [ 13, 17 ], "chance": 70 },
        { "group": "mil_surplus", "x": 20, "y": [ 13, 17 ], "chance": 70 },
        { "group": "mil_armor_torso", "x": [ 3, 9 ], "y": 13, "chance": 70 },
        { "group": "mil_armor_helmet", "x": [ 3, 9 ], "y": 15, "chance": 70 },
        { "group": "mil_armor_pants", "x": [ 3, 9 ], "y": 17, "chance": 70 },
        { "group": "mil_food_nodrugs", "x": [ 3, 9 ], "y": 19, "chance": 70 },
        { "group": "mil_food_nodrugs", "x": [ 3, 9 ], "y": 21, "chance": 70 },
        { "group": "mil_food_nodrugs", "x": [ 14, 20 ], "y": 19, "chance": 70 },
        { "group": "mil_food_nodrugs", "x": [ 14, 20 ], "y": 21, "chance": 70 }
      ]
    }
  },
  {
    "method": "json",
    "object": {
      "furniture": {
        "#": "f_counter",
        "+": "f_null",
        "-": "f_null",
        ".": "f_null",
        "D": "f_null",
        "S": "f_null",
        "^": "f_indoor_plant",
        "_": "f_null",
        "b": "f_bench",
        "c": "f_chair",
        "d": "f_null",
        "l": "f_locker",
        "r": "f_null",
        "s": "f_null",
        "t": "f_table",
        "u": "f_null",
        "{": "f_rack",
        "|": "f_null"
      },
      "place_items": [
        { "chance": 25, "item": "mil_armor_pants", "x": [ 3, 5 ], "y": 11 },
        { "chance": 25, "item": "mil_armor_pants", "x": [ 3, 5 ], "y": 8 },
        { "chance": 25, "item": "jackets", "x": [ 8, 9 ], "y": 18 },
        { "chance": 55, "item": "winter", "x": [ 4, 5 ], "y": 13 },
        { "chance": 55, "item": "winter", "x": [ 3, 6 ], "y": 6 },
        { "chance": 55, "item": "winter", "x": [ 3, 6 ], "y": 2 },
        { "chance": 25, "item": "mil_accessories", "x": 3, "y": [ 13, 16 ] },
        { "chance": 35, "item": "magazines", "x": [ 10, 11 ], "y": 18 },
        { "chance": 45, "item": "knife_shop", "x": [ 4, 6 ], "y": 4 },
        { "chance": 35, "item": "antique_guns", "x": 20, "y": 5 },
        { "chance": 35, "item": "antique_guns", "x": 18, "y": 5 },
        { "chance": 35, "item": "mil_surplus", "x": [ 9, 10 ], "y": [ 13, 14 ] },
        { "chance": 35, "item": "mil_surplus", "x": 21, "y": [ 11, 19 ] },
        { "chance": 35, "item": "mil_surplus", "x": [ 17, 18 ], "y": [ 11, 18 ] },
        { "chance": 35, "item": "mil_surplus", "x": [ 14, 15 ], "y": [ 11, 18 ] },
        { "chance": 35, "item": "mil_surplus", "x": [ 9, 10 ], "y": [ 9, 10 ] }
      ],
      "rows": [
        "___d___ud___________ss__",
        "__||||||||||||------ssr_",
        "_u|####.....Dsssssssssr_",
        "_S|.........Dsssssssssr_",
        "_u|.{{{.....|||||||||||_",
        "d_|........^|....{{{{{|_",
        "__|####.....+..c.....{|_",
        "__|||||.....||######|||d",
        "__|###................|_",
        "__|{.....tt...........|_",
        "_S|{.....tt...........|u",
        "_u|###........{{.{{..{|u",
        "_d|||||.......{{.{{..{|_",
        "__|###...tt...{{.{{..{|_",
        "__|#.....tt...{{.{{..{|_",
        "__|#..........{{.{{..{|_",
        "__|#..........{{.{{..{|d",
        "_u|....||||||.{{.{{..{|u",
        "__|b...|llll|.{{.{{..{|_",
        "__|b...|....|........{|_",
        "__|b...+....|||||||||||_",
        "d_|^...|tc..+ss____duS__",
        "__|||||||||||ss_________",
        "____u_u_______________d_"
      ],
      "terrain": {
        "#": "t_floor",
        "+": "t_door_c",
        "-": "t_railing_h",
        ".": "t_floor",
        "D": "t_door_glass_c",
        "S": "t_shrub",
        "^": "t_floor",
        "_": "t_grass",
        "b": "t_floor",
        "c": "t_floor",
        "d": "t_dirt",
        "l": "t_floor",
        "r": "t_railing_v",
        "s": "t_sidewalk",
        "t": "t_floor",
        "u": "t_underbrush",
        "{": "t_floor",
        "|": "t_wall"
      }
    },
    "om_terrain": "mil_surplus",
    "type": "mapgen",
    "weight": 100
  }
]
