[
  {
    "id": "museum",
    "type": "overmap_terrain",
    "name": "museum",
    "sym": 77,
    "color": "white",
    "see_cost": 5,
    "mondensity": 2,
    "extras": "build",
    "mapgen": [
      {
        "method": "json",
        "weight": 500,
        "object": {
          "rows": [
            ".|---------LL---------|.",
            ".|#5                  |.",
            ".|-5            888   |.",
            ".|#5  DD   DD   5#5   |.",
            ".|-5  DD   DD   5#5   |.",
            ".|#5            888  D|.",
            ".|-5                 D|.",
            ".|#5            888  D|.",
            ".|-5  DD   DD   5#5   |.",
            ".|#5  DD   DD   5#5   |.",
            ".|-5            888  D|.",
            ".|#5                 D|.",
            ".|-----|        888  D|.",
            ".|GGGGG|        5#5   |.",
            ".|Gc   |        5#5   |.",
            ".|G    L        888   |.",
            ".|G    | DDD          |.",
            ".|-----|--|--L--------|.",
            ".|        |           |.",
            ".|  ####  |           |.",
            ".|  ####  +   ccccc   |.",
            ".|        |   ttttt   |.",
            ".|--------|-----------|.",
            "........................"
          ],
          "terrain": {
            " ": "t_floor",
            "#": "t_floor",
            "+": "t_door_c",
            "-": "t_wall",
            ".": "t_grass",
            "5": "t_wall_glass",
            "8": "t_wall_glass",
            "D": "t_floor",
            "G": "t_floor",
            "L": "t_door_locked_alarm",
            "c": "t_floor",
            "t": "t_floor",
            "|": "t_wall"
          },
          "furniture": {
            "#": "f_counter",
            "D": "f_displaycase",
            "G": "f_desk",
            "c": "f_chair",
            "t": "f_table"
          },
          "place_items": [
            { "item": "museum_armor", "x": [ 2, 2 ], "y": [ 1, 1 ], "chance": 45 },
            { "item": "museum_armor", "x": [ 2, 2 ], "y": [ 3, 3 ], "chance": 45 },
            { "item": "museum_armor", "x": [ 2, 2 ], "y": [ 5, 5 ], "chance": 45 },
            { "item": "museum_armor", "x": [ 2, 2 ], "y": [ 7, 7 ], "chance": 45 },
            { "item": "museum_armor", "x": [ 2, 2 ], "y": [ 9, 9 ], "chance": 45 },
            { "item": "museum_primitive", "x": [ 6, 7 ], "y": [ 3, 4 ], "chance": 65 },
            { "item": "museum_primitive", "x": [ 6, 7 ], "y": [ 8, 9 ], "chance": 65 },
            { "item": "museum_melee", "x": [ 11, 12 ], "y": [ 3, 4 ], "chance": 50 },
            { "item": "museum_melee", "x": [ 11, 12 ], "y": [ 8, 9 ], "chance": 50 },
            { "item": "museum_guns", "x": [ 16, 16 ], "y": [ 3, 4 ], "chance": 45 },
            { "item": "museum_guns", "x": [ 16, 16 ], "y": [ 8, 9 ], "chance": 45 },
            { "item": "museum_misc", "x": [ 16, 16 ], "y": [ 13, 14 ], "chance": 85 },
            { "item": "museum_misc", "x": [ 11, 12 ], "y": [ 8, 9 ], "chance": 85 },
            { "item": "museum_primitive", "x": [ 21, 21 ], "y": [ 5, 7 ], "chance": 65 },
            { "item": "museum_melee", "x": [ 21, 21 ], "y": [ 10, 12 ], "chance": 50 },
            { "item": "museum_guns", "x": [ 9, 11 ], "y": [ 16, 16 ], "chance": 45 },
            { "item": "museum_armor", "x": [ 4, 7 ], "y": [ 19, 20 ], "chance": 40 },
            { "item": "museum_melee", "x": [ 4, 7 ], "y": [ 19, 20 ], "chance": 40 },
            { "item": "museum_guns", "x": [ 4, 7 ], "y": [ 19, 20 ], "chance": 40 },
            { "item": "museum_misc", "x": [ 4, 7 ], "y": [ 19, 20 ], "chance": 50 },
            { "item": "museum_security", "x": [ 2, 6 ], "y": [ 13, 13 ], "chance": 60 },
            { "item": "museum_security", "x": [ 2, 2 ], "y": [ 14, 16 ], "chance": 60 }
          ]
        }
      }
    ],
    "flags": [ "SIDEWALK" ]
  }
]
