[
  {
    "type": "mapgen",
    "method": "json",
    "om_terrain": [ "s_clothes" ],
    "//": "All clothing",
    "weight": 1000,
    "object": {
      "rows": [
        "                        ",
        "                        ",
        "  --:::::::++:::::::--  ",
        "  |..................|  ",
        "  |..........--------|  ",
        "  |{............#.s..|  ",
        "  |{............#....|  ",
        "  |{............#....|  ",
        "  |{............###..|  ",
        "  |{.................|  ",
        "  |{...{{{{{{.......{|  ",
        "  |{...{{{{{{..{{...{|  ",
        "  |{...........{{...{|  ",
        "  |............{{...{|  ",
        "  |..{{{{{{{{..{{...{|  ",
        "  |..{{{{{{{{..{{...{|  ",
        "  |............{{...{|  ",
        "  |---------...{{...{|  ",
        "  |########|........{|  ",
        "  |.................{|  ",
        "  |---------.........|  ",
        "  |..|..|..|{{{{{{...|  ",
        "  --------------------  ",
        "                        "
      ],
      "place_terrain": [
        { "ter": "t_door_c", "x": [ 3, 4 ], "y": 20 },
        { "ter": "t_door_c", "x": [ 6, 7 ], "y": 20 },
        { "ter": "t_door_c", "x": [ 9, 10 ], "y": 20 }
      ],
      "terrain": {
        " ": [ "t_grass", "t_grass", "t_grass", "t_dirt" ],
        "#": "t_floor",
        "+": "t_door_glass_c",
        "-": "t_wall",
        "s": "t_floor",
        ".": "t_floor",
        ":": "t_wall_glass",
        "{": "t_floor",
        "|": "t_wall"
      },
      "furniture": { "#": "f_counter", "s": "f_stool", "{": "f_rack" },
      "place_items": [
        { "item": "shoes", "x": [ 7, 12 ], "y": 10, "chance": 70 },
        { "item": "pants", "x": [ 5, 12 ], "y": 14, "chance": 88 },
        { "item": "shirts", "x": [ 7, 12 ], "y": 11, "chance": 88 },
        { "item": "jackets", "x": 3, "y": [ 5, 12 ], "chance": 80 },
        { "item": "winter", "x": [ 5, 12 ], "y": 15, "chance": 60 },
        { "item": "bags", "x": 15, "y": [ 11, 17 ], "chance": 70 },
        { "item": "dresser", "x": [ 12, 17 ], "y": 21, "chance": 50 },
        { "item": "allclothes", "x": [ 3, 10 ], "y": 21, "chance": 20 },
        { "item": "allclothes", "x": [ 3, 10 ], "y": 18, "chance": 20 },
        { "item": "pants", "x": 16, "y": [ 11, 17 ], "chance": 70 },
        { "item": "shirts", "x": 16, "y": [ 11, 17 ], "chance": 70 },
        { "item": "bags", "x": 16, "y": [ 11, 17 ], "chance": 70 },
        { "item": "pants", "x": 20, "y": [ 10, 19 ], "chance": 75 },
        { "item": "shirts", "x": 20, "y": [ 10, 19 ], "chance": 75 },
        { "item": "jackets", "x": 20, "y": [ 10, 19 ], "chance": 75 }
      ],
      "place_monsters": [ { "monster": "GROUP_ZOMBIE", "x": [ 0, 0 ], "y": [ 23, 23 ], "chance": 2, "repeat": [ 2, 3 ] } ],
      "vehicles": { ".": { "vehicle": "shopping_cart", "chance": 1, "status": 1 } }
    }
  },
  {
    "id": "tailorbooks",
    "type": "item_group",
    "items": [ [ "tailor_portfolio", 30 ], [ "mag_tailor", 50 ], [ "manual_tailor", 30 ], [ "textbook_tailor", 30 ] ]
  },
  {
    "type": "mapgen",
    "method": "json",
    "om_terrain": [ "s_clothes" ],
    "//": "Suit Tailor",
    "weight": 300,
    "object": {
      "rows": [
        "~~~~~~~~~~~~~~~~~~~~~~~~",
        "~~~~~~~~~~~~~~~~~~~~~~~~",
        "~~~~~~~~~~~~~~~~~~~~~~~~",
        "***|=======:::=======|**",
        "***|#.@.@#|...|#@#.@.|**",
        "***|---|+-|...|-----+|**",
        "***|..u|.@........#..|**",
        "***O...|..........%..|**",
        "***|.h.+..........#..|**",
        "***|U..|U.........#S.|**",
        "***|---|h..@.@..y|--+|**",
        "***|..U|h.......h|]..|**",
        "***O.h.|........h|dh.|**",
        "***|...+...@.@...|d..0**",
        "***|..u|.........+..d|**",
        "***|---|.........|.hd|**",
        "***|U..+....hhU.f|..u|**",
        "***|.h.|-+|------|d..|**",
        "***O...|s.|dd]u.f|dh.0**",
        "***|..u|t.|dh....+...;**",
        "***|---|-0|---0--|---|**",
        "************************",
        "************************",
        "************************"
      ],
      "terrain": {
        "#": "t_floor",
        "%": "t_console_broken",
        "*": "t_grass",
        "+": "t_door_c",
        "-": "t_wall",
        ".": "t_floor",
        "0": "t_window_alarm",
        ":": "t_door_glass_c",
        ";": "t_door_locked",
        "=": "t_wall_glass",
        "@": "t_floor",
        "S": "t_floor",
        "O": "t_window",
        "U": "t_floor",
        "]": "t_floor",
        "d": "t_floor",
        "f": "t_floor",
        "h": "t_floor",
        "s": "t_floor",
        "t": "t_floor",
        "u": "t_floor",
        "y": "t_floor",
        "|": "t_wall",
        "~": "t_sidewalk"
      },
      "furniture": {
        "#": "f_counter",
        "@": "f_mannequin",
        "U": "f_bigmirror",
        "]": "f_bookcase",
        "d": "f_desk",
        "S": "f_stool",
        "f": "f_indoor_plant",
        "h": "f_chair",
        "s": "f_sink",
        "u": "f_trashcan",
        "y": "f_indoor_plant_y"
      },
      "toilets": { "t": {  } },
      "place_items": [
        { "item": "tailorbooks", "x": 13, "y": 18, "chance": 50 },
        { "item": "tailorbooks", "x": 18, "y": 11, "chance": 50 },
        { "item": "suits", "x": 4, "y": 4, "chance": 40, "repeat": [ 1, 2 ] },
        { "item": "suits", "x": 6, "y": 4, "chance": 40, "repeat": [ 1, 2 ] },
        { "item": "suits", "x": 8, "y": 4, "chance": 40, "repeat": [ 1, 2 ] },
        { "item": "suits", "x": 9, "y": 4, "chance": 40, "repeat": [ 1, 2 ] },
        { "item": "suits", "x": 15, "y": 4, "chance": 40, "repeat": [ 1, 2 ] },
        { "item": "suits", "x": 16, "y": 4, "chance": 40, "repeat": [ 1, 2 ] },
        { "item": "suits", "x": 17, "y": 4, "chance": 40, "repeat": [ 1, 2 ] },
        { "item": "suits", "x": 19, "y": 4, "chance": 40, "repeat": [ 1, 2 ] },
        { "item": "suits", "x": 9, "y": 6, "chance": 40, "repeat": [ 1, 2 ] },
        { "item": "suits", "x": 11, "y": 10, "chance": 40, "repeat": [ 1, 2 ] },
        { "item": "suits", "x": 11, "y": 13, "chance": 40, "repeat": [ 1, 2 ] },
        { "item": "suits", "x": 13, "y": 10, "chance": 40, "repeat": [ 1, 2 ] },
        { "item": "suits", "x": 13, "y": 13, "chance": 40, "repeat": [ 1, 2 ] },
        { "item": "suits", "x": 18, "y": [ 12, 13 ], "chance": 30 },
        { "item": "suits", "x": 18, "y": [ 17, 18 ], "chance": 30 },
        { "item": "suits", "x": 20, "y": [ 14, 15 ], "chance": 30 },
        { "item": "tools_tailor", "x": 18, "y": [ 12, 13 ], "chance": 50, "repeat": [ 1, 2 ] },
        { "item": "tools_tailor", "x": 18, "y": [ 17, 18 ], "chance": 50, "repeat": [ 1, 2 ] },
        { "item": "tools_tailor", "x": 20, "y": [ 14, 15 ], "chance": 50, "repeat": [ 1, 3 ] },
        { "item": "tools_tailor", "x": [ 4, 6 ], "y": [ 6, 19 ], "chance": 40, "repeat": [ 1, 6 ] },
        { "item": "trash", "x": 14, "y": 18, "chance": 75 },
        { "item": "trash", "x": 20, "y": 16, "chance": 75 }
      ]
    }
  },
  {
    "id": "jewelry_furshop",
    "type": "item_group",
    "items": [
      [ "gold_watch", 50 ],
      [ "sf_watch", 50 ],
      [ "brooch", 80 ],
      [ "pearl_collar", 50 ],
      [ "silver_bracelet", 30 ],
      [ "gold_bracelet", 20 ]
    ]
  },
  {
    "type": "mapgen",
    "method": "json",
    "om_terrain": [ "s_clothes" ],
    "//": "Fancy Furs",
    "weight": 100,
    "object": {
      "rows": [
        "~~~~~~~~~~~~~~~~~~~~~~~~",
        "~~~~~~~~~~~~~~~~~~~~~~~~",
        "~~~~~~~~~~~~~~~~~~~~~~~~",
        "**q~~|--|===++===|******",
        "**q~~|}}|@......@|******",
        "**q~~|..|........|******",
        "**q~~|+-|U..yA..f|******",
        "**q~~|.%#.......h|******",
        "**q~~|..#.......h|******",
        "**q~~|..#..###..h|******",
        "**q~~|..#.......U|******",
        "**q~~|..#........|******",
        "**q~~|+-|-i|#####|******",
        "**q~~|.....|...S%|******",
        "**q~~|.hh..|.....|******",
        "**q~~;.[[..|+|---|******",
        "*****0.......+...|******",
        "****z|-+|-i--|ust|******",
        "****z|d.|....|---|******",
        "****z|dh|}}}}|zzzz******",
        "****z|-0|----|z*********",
        "************************",
        "************************",
        "************************"
      ],
      "terrain": {
        "#": "t_floor",
        "$": "t_floor",
        "%": "t_console_broken",
        "*": "t_grass",
        "+": "t_door_c",
        "-": "t_wall",
        ".": "t_floor",
        "0": "t_window_alarm",
        ";": "t_door_locked",
        "=": "t_wall_glass",
        "@": "t_floor",
        "A": "t_floor",
        "U": "t_floor",
        "S": "t_floor",
        "[": "t_floor",
        "d": "t_floor",
        "f": "t_floor",
        "h": "t_floor",
        "i": "t_door_locked_interior",
        "q": "t_grass",
        "s": "t_floor",
        "t": "t_floor",
        "u": "t_floor",
        "y": "t_floor",
        "z": "t_shrub",
        "|": "t_wall",
        "}": "t_floor",
        "~": "t_sidewalk"
      },
      "furniture": {
        "#": "f_displaycase",
        "$": "f_safe_l",
        "@": "f_mannequin",
        "A": "f_statue",
        "U": "f_bigmirror",
        "S": "f_stool",
        "[": "f_table",
        "d": "f_desk",
        "f": "f_indoor_plant",
        "h": "f_chair",
        "q": "f_bluebell",
        "s": "f_sink",
        "u": "f_trashcan",
        "y": "f_indoor_plant_y",
        "}": "f_locker"
      },
      "toilets": { "t": {  } },
      "place_items": [
        { "item": "fancyfurs", "x": 9, "y": 4, "chance": 60 },
        { "item": "fancyfurs", "x": 16, "y": 4, "chance": 60 },
        { "item": "fancyfurs", "x": [ 11, 13 ], "y": 9, "chance": 80, "repeat": [ 1, 2 ] },
        { "item": "fancyfurs", "x": [ 12, 16 ], "y": 12, "chance": 70, "repeat": [ 1, 3 ] },
        { "item": "fancyfurs", "x": [ 9, 12 ], "y": 19, "chance": 50, "repeat": [ 1, 3 ] },
        { "item": "jewelry_furshop", "x": [ 6, 7 ], "y": 4, "chance": 30, "repeat": [ 1, 2 ] },
        { "item": "office", "x": 6, "y": [ 18, 19 ], "chance": 60, "repeat": [ 1, 2 ] },
        { "item": "jewelry_furshop", "x": 8, "y": [ 7, 11 ], "chance": 50, "repeat": [ 1, 4 ] },
        { "item": "trash", "x": 14, "y": 17, "chance": 75 }
      ]
    }
  },
  {
    "type": "mapgen",
    "method": "json",
    "om_terrain": [ "s_clothes" ],
    "//": "Shoes & Hats",
    "weight": 200,
    "object": {
      "rows": [
        "~~~~~~~~~~~~~~~~~~~~~~~~",
        "~~~~~~~~~~~~~~~~~~~~~~~~",
        "~~~~~~~~~~~~~~~~~~~~~~~~",
        "***|===::----==::==|****",
        "***|]....%.|##...#@|****",
        "***|]....#.|.......|****",
        "***|]......|%#.....|****",
        "***|[..[..[|.#....U|****",
        "***|[..[..[|.#....U|****",
        "***|[..[..[|.......|****",
        "***|[..[..[|].....#|****",
        "***|[..[..[|]..@..#|****",
        "***|[..[..[|]..T..#|****",
        "***|[.....[|].....#|****",
        "***|--|--i-|-i-|---|****",
        "***|dd|o.......+..]|****",
        "***|.h|o..TTh.F|---|****",
        "***O..|o..hh..}|ust|****",
        "***|..+........+...O****",
        "***|--|--O-+---|---|****",
        "**********~~~***********",
        "**********~~~***********",
        "**********~~~***********",
        "**********~~~***********"
      ],
      "terrain": {
        "#": "t_floor",
        "%": "t_console_broken",
        "*": "t_grass",
        "+": "t_door_c",
        "-": "t_wall",
        ".": "t_floor",
        ":": "t_door_glass_c",
        "=": "t_wall_glass",
        "@": "t_floor",
        "F": "t_floor",
        "O": "t_window",
        "T": "t_floor",
        "U": "t_floor",
        "[": "t_floor",
        "]": "t_floor",
        "d": "t_floor",
        "h": "t_floor",
        "i": "t_door_locked_interior",
        "o": "t_floor",
        "s": "t_floor",
        "t": "t_floor",
        "u": "t_floor",
        "|": "t_wall",
        "}": "t_floor",
        "~": "t_sidewalk"
      },
      "furniture": {
        "#": "f_counter",
        "@": "f_mannequin",
        "F": "f_fridge",
        "T": "f_table",
        "U": "f_bigmirror",
        "[": "f_bookcase",
        "]": "f_rack",
        "d": "f_desk",
        "h": "f_chair",
        "o": "f_sofa",
        "s": "f_sink",
        "u": "f_trashcan",
        "}": "f_locker"
      },
      "toilets": { "t": {  } },
      "place_items": [
        { "item": "shoestore_shoes", "x": 4, "y": [ 7, 13 ], "chance": 60, "repeat": [ 1, 6 ] },
        { "item": "shoestore_shoes", "x": 7, "y": [ 7, 12 ], "chance": 60, "repeat": [ 1, 6 ] },
        { "item": "shoestore_shoes", "x": 10, "y": [ 7, 13 ], "chance": 60, "repeat": [ 1, 6 ] },
        { "item": "shoestore_accessories", "x": 4, "y": [ 4, 6 ], "chance": 70, "repeat": [ 1, 3 ] },
        { "item": "hatstore_hats", "x": [ 12, 13 ], "y": 4, "chance": 50, "repeat": [ 1, 2 ] },
        { "item": "hatstore_hats", "x": [ 17, 18 ], "y": 4, "chance": 50, "repeat": [ 1, 2 ] },
        { "item": "hatstore_hats", "x": 18, "y": [ 10, 13 ], "chance": 50, "repeat": [ 1, 4 ] },
        { "item": "hatstore_hats", "x": 15, "y": [ 11, 12 ], "chance": 50, "repeat": [ 1, 2 ] },
        { "item": "hatstore_accessories", "x": 12, "y": [ 10, 13 ], "chance": 50, "repeat": [ 1, 4 ] },
        { "item": "fridge", "x": 14, "y": 16, "chance": 30 },
        { "item": "livingroom", "x": 14, "y": 17, "chance": 30 },
        { "item": "office", "x": [ 4, 5 ], "y": 15, "chance": 50 },
        { "item": "cleaning", "x": 18, "y": 15, "chance": 50 },
        { "item": "trash", "x": 16, "y": 17, "chance": 75 }
      ]
    }
  },
  {
    "id": "dress_shop",
    "type": "item_group",
    "items": [
      [ "skirt", 40 ],
      [ "skirt_leather", 5 ],
      [ "dress", 120 ],
      [ "sundress", 50 ],
      [ "nanoskirt", 30 ],
      [ "camisole", 60 ],
      [ "corset", 20 ],
      [ "stockings", 50 ],
      [ "leggings", 20 ],
      [ "tights", 50 ]
    ]
  },
  {
    "id": "dress_shoes",
    "type": "item_group",
    "items": [ [ "dress_shoes", 50 ], [ "heels", 50 ], [ "leathersandals", 20 ] ]
  },
  {
    "type": "mapgen",
    "method": "json",
    "om_terrain": [ "s_clothes" ],
    "//": "Dress Tailor",
    "weight": 300,
    "object": {
      "rows": [
        "~~~~~~~~~~~~~~~~~~~~~~~~",
        "~~~~~~~~~~~~~~~~~~~~~~~~",
        "~~~~~~~~~~~~~~~~~~~~~~~~",
        "*|=====::======::=====|*",
        "*|#f@#...#@y@.#...#@f@|*",
        "*|...........S#.......|*",
        "*|---|...#....#....@#.|*",
        "*|U..|...####%#.......|*",
        "*|...+...........D@..[|*",
        "*0.hu|..@@.......D@..[|*",
        "*|---|..DD..[[[......[|*",
        "*0..u|...........D@..[|*",
        "*|.h.+...........D@..[|*",
        "*|U..|[[[[[[[[.......[|*",
        "*|---|-----|----+--|+-|*",
        "*zzzzzzzzzz|dddd..}|.s|*",
        "**********z|h.h...}|.t|*",
        "**********z|......}|--|*",
        "~~~~~~~~~~~+.......+.[|*",
        "**********z|----O--|--|*",
        "************************",
        "************************",
        "************************",
        "************************"
      ],
      "terrain": {
        "#": "t_floor",
        "%": "t_console_broken",
        "*": "t_grass",
        "+": "t_door_c",
        "-": "t_wall",
        ".": "t_floor",
        "0": "t_window_domestic",
        ":": "t_door_glass_c",
        "=": "t_wall_glass",
        "@": "t_floor",
        "D": "t_floor",
        "O": "t_window",
        "U": "t_floor",
        "S": "t_floor",
        "[": "t_floor",
        "d": "t_floor",
        "f": "t_floor",
        "h": "t_floor",
        "s": "t_floor",
        "t": "t_floor",
        "u": "t_floor",
        "y": "t_floor",
        "z": "t_shrub",
        "|": "t_wall",
        "}": "t_floor",
        "~": "t_sidewalk"
      },
      "furniture": {
        "#": "f_counter",
        "@": "f_mannequin",
        "D": "f_displaycase",
        "U": "f_bigmirror",
        "S": "f_stool",
        "[": "f_rack",
        "d": "f_desk",
        "f": "f_indoor_plant",
        "h": "f_chair",
        "s": "f_sink",
        "u": "f_trashcan",
        "y": "f_indoor_plant_y",
        "}": "f_bookcase"
      },
      "toilets": { "t": {  } },
      "place_items": [
        { "item": "dress_shop", "x": 2, "y": 4, "chance": 40, "repeat": 2 },
        { "item": "dress_shop", "x": [ 4, 5 ], "y": 4, "chance": 40, "repeat": 2 },
        { "item": "dress_shop", "x": [ 9, 10 ], "y": 4, "chance": 40, "repeat": 2 },
        { "item": "dress_shop", "x": 12, "y": 4, "chance": 40, "repeat": 2 },
        { "item": "dress_shop", "x": [ 18, 19 ], "y": 4, "chance": 40, "repeat": 2 },
        { "item": "dress_shop", "x": 21, "y": 4, "chance": 40, "repeat": 2 },
        { "item": "dress_shop", "x": [ 19, 20 ], "y": 6, "chance": 50, "repeat": 2 },
        { "item": "female_underwear_top", "x": [ 17, 18 ], "y": [ 8, 9 ], "chance": 50, "repeat": [ 2, 4 ] },
        { "item": "female_underwear_bottom", "x": [ 17, 18 ], "y": [ 11, 12 ], "chance": 50, "repeat": [ 2, 4 ] },
        { "item": "dresses", "x": [ 8, 9 ], "y": [ 9, 10 ], "chance": 40, "repeat": [ 2, 4 ] },
        { "item": "hatstore_accessories", "x": [ 12, 14 ], "y": 10, "chance": 40, "repeat": [ 2, 3 ] },
        { "item": "dress_shop", "x": [ 6, 13 ], "y": 13, "chance": 40, "repeat": [ 3, 8 ] },
        { "item": "dress_shoes", "x": 21, "y": [ 8, 13 ], "chance": 40, "repeat": [ 2, 5 ] },
        { "item": "tailorbooks", "x": 18, "y": [ 15, 17 ], "chance": 50, "repeat": 2 },
        { "item": "tools_tailor", "x": [ 12, 15 ], "y": 15, "chance": 50, "repeat": [ 2, 3 ] },
        { "item": "cleaning", "x": 21, "y": 18, "chance": 50, "repeat": 2 },
        { "item": "trash", "x": 4, "y": 9, "chance": 50 },
        { "item": "trash", "x": 4, "y": 11, "chance": 50 }
      ]
    }
  },
  {
    "id": "wedding_dresses",
    "type": "item_group",
    "items": [ [ "dress", 50 ], [ "veil_wedding", 150 ], [ "dress_wedding", 150 ] ]
  },
  {
    "id": "wedding_suits",
    "type": "item_group",
    "items": [ [ "tux", 100 ], [ "suit", 80 ], [ "waistcoat", 50 ], [ "dress_shirt", 100 ], [ "undershirt", 50 ] ]
  },
  {
    "type": "mapgen",
    "method": "json",
    "om_terrain": [ "s_clothes" ],
    "//": "Wedding Tailor",
    "weight": 100,
    "object": {
      "rows": [
        "~~~~~~~~~~~~~~~~~~~~~~~~",
        "~~~~~~~~~~~~~~~~~~~~~~~~",
        "*****rzr**~~~**rzr******",
        "*****rzr**~~~**rzr******",
        "*~~~~~~~~~~~~~~~~~~~~~~*",
        "*|---===--:::--===|---|*",
        "*|[..f@.........@y|ddd|*",
        "*|[..........@....|h.h|*",
        "*|[...............+...|*",
        "*|--+|-+|..@...@..|d..O*",
        "*|h..|u.|.........|dh.|*",
        "*|...|s.|..@...@..|]..|*",
        "*|U..|t.|........y|]..|*",
        "*|-O-|--|::-|.----|--.|*",
        "*zrzrzrzr~~r|.[[[[[[[.|*",
        "*********~~z|.........|*",
        "*********~~r|.........|*",
        "**~HH~***~~z|-+--|--+-|*",
        "**~TT~~~~~~r|....|...h|*",
        "**~TT~~~~~~z|h..U|U...|*",
        "**~HH~*****r|-O--|--O-|*",
        "************************",
        "*******^****************",
        "************************"
      ],
      "terrain": {
        "#": "t_floor",
        "%": "t_console_broken",
        "*": "t_grass",
        "+": "t_door_c",
        "-": "t_wall",
        ".": "t_floor",
        "0": "t_window_alarm",
        ":": "t_door_glass_c",
        ";": "t_door_locked",
        "=": "t_wall_glass",
        "@": "t_floor",
        "H": "t_sidewalk",
        "O": "t_window",
        "T": "t_sidewalk",
        "U": "t_floor",
        "[": "t_floor",
        "]": "t_floor",
        "^": "t_tree",
        "d": "t_floor",
        "f": "t_floor",
        "h": "t_floor",
        "r": "t_grass",
        "s": "t_floor",
        "t": "t_floor",
        "u": "t_floor",
        "y": "t_floor",
        "z": "t_shrub",
        "|": "t_wall",
        "~": "t_sidewalk"
      },
      "furniture": {
        "#": "f_counter",
        "@": "f_mannequin",
        "H": "f_chair",
        "T": "f_table",
        "U": "f_bigmirror",
        "[": "f_rack",
        "]": "f_bookcase",
        "d": "f_desk",
        "f": "f_indoor_plant",
        "h": "f_chair",
        "r": "f_dahlia",
        "s": "f_sink",
        "u": "f_trashcan",
        "y": "f_indoor_plant_y"
      },
      "toilets": { "t": {  } },
      "place_items": [
        { "item": "wedding_suits", "x": 2, "y": [ 6, 8 ], "chance": 50, "repeat": [ 2, 3 ] },
        { "item": "wedding_suits", "x": 6, "y": 6, "chance": 60 },
        { "item": "wedding_dresses", "x": 16, "y": 6, "chance": 40 },
        { "item": "wedding_dresses", "x": 13, "y": 7, "chance": 40 },
        { "item": "wedding_dresses", "x": 11, "y": 9, "chance": 40 },
        { "item": "wedding_dresses", "x": 15, "y": 9, "chance": 40 },
        { "item": "wedding_dresses", "x": 11, "y": 11, "chance": 40 },
        { "item": "wedding_dresses", "x": 15, "y": 11, "chance": 40 },
        { "item": "wedding_dresses", "x": [ 14, 20 ], "y": 14, "chance": 40, "repeat": [ 2, 5 ] },
        { "item": "dress_shoes", "x": [ 14, 20 ], "y": 14, "chance": 50, "repeat": [ 2, 5 ] },
        { "item": "wedding_suits", "x": [ 19, 21 ], "y": 6, "chance": 35 },
        { "item": "wedding_dresses", "x": [ 19, 21 ], "y": 6, "chance": 35 },
        { "item": "tools_tailor", "x": [ 19, 21 ], "y": 6, "chance": 80 },
        { "item": "wedding_suits", "x": 19, "y": [ 9, 10 ], "chance": 25 },
        { "item": "wedding_dresses", "x": 19, "y": [ 9, 10 ], "chance": 25 },
        { "item": "tools_tailor", "x": 19, "y": [ 9, 10 ], "chance": 80 },
        { "item": "tailorbooks", "x": 19, "y": [ 11, 12 ], "chance": 30, "repeat": [ 2, 3 ] }
      ],
      "place_monsters": [
        { "monster": "GROUP_MAYBE_ZOMBIE", "x": [ 13, 16 ], "y": [ 18, 19 ], "density": 1 },
        { "monster": "GROUP_MAYBE_ZOMBIE", "x": [ 18, 21 ], "y": [ 18, 19 ], "density": 1 }
      ]
    }
  },
  {
    "type": "mapgen",
    "method": "json",
    "om_terrain": [ "s_clothes" ],
    "//": "All clothing",
    "weight": 500,
    "object": {
      "rows": [
        "~~~~~~~~~~~~~~~~~~~~~~~~",
        "~~~~~~~~~~~~~~~~~~~~~~~~",
        "~~~~~~~~~~~~~~~~~~~~~~~~",
        "**|========::========|**",
        "**|@.#.@.......#@..@.|**",
        "**|..................|**",
        "**|[..[..........[..[|**",
        "**|[..[...####...[..[|**",
        "**|[..[...#..%...[..[|**",
        "**O#......#.S#......[|**",
        "**|[..@...#.##...[..[|**",
        "**|[..[..........[..[|**",
        "**|[..[.....T@...[..[|**",
        "**|[..[.....@T...[..[|**",
        "**|..................|**",
        "**|.....TT@..........|**",
        "**|+--------|+-|+-|+-|**",
        "**|.........|.h|.h|.u|**",
        "**|...hTTh..|..|..|.s|**",
        "**|B........|..|..|.t|**",
        "**|----O---+|--|--|O-|**",
        "***********~************",
        "***********~************",
        "***********~************"
      ],
      "terrain": {
        "#": "t_floor",
        "%": "t_console_broken",
        "*": "t_grass",
        "+": "t_door_c",
        "-": "t_wall",
        ".": "t_floor",
        "0": "t_window_alarm",
        ":": "t_door_glass_c",
        ";": "t_door_locked",
        "=": "t_wall_glass",
        "@": "t_floor",
        "B": "t_floor",
        "O": "t_window",
        "S": "t_floor",
        "T": "t_floor",
        "[": "t_floor",
        "d": "t_floor",
        "h": "t_floor",
        "s": "t_floor",
        "t": "t_floor",
        "u": "t_floor",
        "|": "t_wall",
        "~": "t_sidewalk"
      },
      "furniture": {
        "#": "f_counter",
        "@": "f_mannequin",
        "B": "f_bulletin",
        "S": "f_stool",
        "T": "f_table",
        "[": "f_rack",
        "d": "f_desk",
        "h": "f_chair",
        "s": "f_sink",
        "u": "f_trashcan"
      },
      "toilets": { "t": {  } },
      "place_items": [
        { "item": "allclothes", "x": 3, "y": 4, "chance": 40, "repeat": 2 },
        { "item": "allclothes", "x": 5, "y": 4, "chance": 40, "repeat": 2 },
        { "item": "allclothes", "x": 7, "y": 4, "chance": 40, "repeat": 2 },
        { "item": "allclothes", "x": [ 15, 16 ], "y": 4, "chance": 40, "repeat": 2 },
        { "item": "allclothes", "x": 19, "y": 4, "chance": 40, "repeat": 2 },
        { "item": "allclothes", "x": 3, "y": [ 6, 13 ], "chance": 50, "repeat": [ 4, 8 ] },
        { "item": "jackets", "x": 6, "y": [ 6, 8 ], "chance": 60, "repeat": [ 1, 3 ] },
        { "item": "jackets", "x": 6, "y": [ 10, 13 ], "chance": 60, "repeat": [ 2, 4 ] },
        { "item": "shirts", "x": 17, "y": [ 6, 8 ], "chance": 60, "repeat": [ 1, 3 ] },
        { "item": "shirts", "x": 17, "y": [ 10, 13 ], "chance": 60, "repeat": [ 2, 4 ] },
        { "item": "pants", "x": 20, "y": [ 6, 13 ], "chance": 60, "repeat": [ 4, 8 ] },
        { "item": "dresser", "x": [ 12, 13 ], "y": [ 12, 13 ], "chance": 75, "repeat": [ 1, 4 ] },
        { "item": "dresser", "x": [ 8, 10 ], "y": 15, "chance": 60, "repeat": [ 1, 3 ] },
        { "item": "office_breakroom", "x": [ 4, 11 ], "y": [ 17, 19 ], "chance": 40, "repeat": [ 3, 6 ] },
        { "item": "trash", "x": 20, "y": 17, "chance": 75 }
      ]
    }
  }
]
