[
  {
    "type": "mapgen",
    "method": "json",
    "om_terrain": [ "s_gun" ],
    "weight": 1000,
    "object": {
      "rows": [
        "  ____________________  ",
        "  *___*___*______*___*  ",
        "  *___*___*______*___*  ",
        "  *___*___*______*___*  ",
        "  *___*___*______*___*  ",
        "  *___*___*______*___*  ",
        "  ---:::--------:::---  ",
        "  |{.S..#...........{|  ",
        "  |{....#...........{|  ",
        "  |{....#...{{..{...{|  ",
        "  |{....#...{{..{...{|  ",
        "  |{....#...{{..{...{|  ",
        "  |{....#...........{|  ",
        "  |{............{{{{{|  ",
        "  |-:::::::::::------|  ",
        "  |l.................|  ",
        "  |--#--#--#--#--#--+|  ",
        "  |..................|  ",
        "  |..................|  ",
        "  |..................|  ",
        "  |..................|  ",
        "  |..................|  ",
        "  |ssssssssssssssssss|  ",
        "  ====================  "
      ],
      "place_terrain": [
        { "ter": "t_door_metal_pickable", "x": [ 11, 14 ], "y": 6 },
        { "ter": "t_door_metal_pickable", "x": [ 5, 14 ], "y": 14 }
      ],
      "terrain": {
        " ": [ "t_grass", "t_grass", "t_grass", "t_dirt" ],
        "#": "t_floor",
        "*": "t_pavement_y",
        "+": "t_door_metal_pickable",
        "-": "t_wall",
        ".": "t_floor",
        ":": "t_window_bars_alarm",
        "=": "t_strconc_wall",
        "_": "t_pavement",
        "S": "t_floor",
        "l": "t_floor",
        "s": "t_floor",
        "{": "t_floor",
        "|": "t_wall"
      },
      "furniture": { "#": "f_counter", "S": "f_stool", "l": "f_locker", "s": "f_sandbag_wall", "{": "f_rack" },
      "place_loot": [
        { "group": "guns_pistol_common", "x": 12, "y": 9, "chance": 75, "magazine": 100 },
        { "group": "guns_pistol_common", "x": 13, "y": 9, "chance": 75, "magazine": 100 },
        { "group": "guns_pistol_common", "x": [ 12, 13 ], "y": 10, "chance": 100, "magazine": 100 },
        { "group": "guns_pistol_rare", "x": 12, "y": 11, "chance": 15, "magazine": 100 },
        { "group": "guns_pistol_rare", "x": 13, "y": 11, "chance": 15, "magazine": 100 },
        { "group": "guns_shotgun_common", "x": 16, "y": 9, "chance": 50, "magazine": 100 },
        { "group": "guns_shotgun_common", "x": 16, "y": 10, "chance": 100, "magazine": 100 },
        { "group": "guns_shotgun_rare", "x": 16, "y": 11, "chance": 25, "magazine": 100 },
        { "group": "guns_rifle_common", "x": 20, "y": 7, "chance": 25, "magazine": 100 },
        { "group": "guns_rifle_rare", "x": 20, "y": 8, "chance": 25, "magazine": 100 },
        { "group": "guns_rifle_common", "x": 20, "y": 9, "chance": 100, "magazine": 100 },
        { "group": "guns_rifle_common", "x": 20, "y": 10, "chance": 50, "magazine": 100 },
        { "group": "guns_rifle_common", "x": 20, "y": 11, "chance": 50, "magazine": 100 },
        { "group": "guns_rifle_common", "x": 20, "y": 12, "chance": 50, "magazine": 100 },
        { "group": "guns_smg_common", "x": 17, "y": 13, "chance": 85, "magazine": 100 },
        { "group": "guns_smg_rare", "x": 18, "y": 13, "chance": 15, "magazine": 100 },
        { "group": "ammo_common", "x": 3, "y": [ 11, 13 ], "chance": 100, "repeat": 2 },
        { "group": "ammo_pistol_common", "x": 3, "y": 11, "chance": 100, "repeat": [ 1, 3 ] },
        { "group": "ammo_shotgun_common", "x": 3, "y": 12, "chance": 75, "repeat": [ 1, 2 ] },
        { "group": "ammo_rifle_common", "x": 3, "y": 13, "chance": 75, "repeat": [ 1, 2 ] },
        { "group": "mags_common", "x": 3, "y": 10, "chance": 100 },
        { "group": "mags_pistol_common", "x": 3, "y": 9, "chance": 100 },
        { "group": "mags_rifle_common", "x": 3, "y": 8, "chance": 75 },
        { "group": "mags_shotgun_common", "x": 3, "y": 7, "chance": 50 },
        { "group": "mags_pistol_rare", "x": 3, "y": [ 7, 10 ], "chance": 50 },
        { "group": "mags_rifle_rare", "x": 3, "y": [ 7, 10 ], "chance": 25 },
        { "group": "mags_shotgun_rare", "x": 3, "y": [ 7, 10 ], "chance": 10 },
        { "group": "book_gunmags", "x": 8, "y": [ 8, 9 ], "chance": 100 },
        { "group": "book_gunmags", "x": 8, "y": [ 11, 12 ], "chance": 50 },
        { "group": "guns_pistol_common", "x": 5, "y": 16, "chance": 20, "ammo": 25, "magazine": 100 },
        { "group": "guns_pistol_rare", "x": 8, "y": 16, "chance": 20, "ammo": 75, "magazine": 100 },
        { "group": "guns_pistol_obscure", "x": 11, "y": 16, "chance": 20, "ammo": 100, "magazine": 100 },
        { "group": "guns_pistol_rare", "x": 14, "y": 16, "chance": 20, "ammo": 75, "magazine": 100 },
        { "group": "guns_pistol_common", "x": 17, "y": 16, "chance": 20, "ammo": 25, "magazine": 100 },
        { "item": "ear_plugs", "x": 2, "y": 14, "chance": 50, "repeat": 2 },
        { "item": "powered_earmuffs", "x": 2, "y": 14, "chance": 30 }
      ],
      "place_monsters": [ { "monster": "GROUP_ZOMBIE", "x": [ 0, 0 ], "y": [ 23, 23 ], "chance": 2, "repeat": [ 2, 3 ] } ]
    }
  },
  {
    "type": "mapgen",
    "method": "json",
    "om_terrain": [ "s_gun" ],
    "//": "Home defense gun store",
    "weight": 300,
    "object": {
      "rows": [
        "_ssssssssssssssssssssss_",
        "_s@@@@@@@_ssss_@@@@@@@s_",
        "_s||555||_ssss_||555||s_",
        "_s|#####5_ssss_5#####|s_",
        "_s|.....5_ssss_5.....|s_",
        "_s|.....5_ssss_5.....|s_",
        "_s|.....|55++55|.....|s_",
        "_s|..................|s_",
        "_s|..................|s_",
        "_s|....rrr....rrr....|s_",
        "_s|u...rrr....rrr...u|s_",
        "_s|^................^|s_",
        "_||u...rrr....rrr...u|s_",
        "_A|....rrr....rrr....|s_",
        "_||..................|s_",
        "_s|..................|s_",
        "_s||D|||&&&&&&&&||L|||s_",
        "_s|....|..####..|..cE|s_",
        "_s|....|........D...E|s_",
        "_s|S..;|lll##lll|l...|s_",
        "_s|||||||||||||||||L||s_",
        "_ssssssssssssssssssssss_",
        "________________________",
        "________________________"
      ],
      "terrain": {
        "#": "t_floor",
        "&": "t_bars",
        "*": "t_door_locked_alarm",
        "+": "t_door_metal_pickable",
        ".": "t_floor",
        "5": "t_window_bars_alarm",
        ";": "t_floor",
        "@": "t_shrub",
        "A": "t_atm",
        "D": "t_door_c",
        "E": "t_floor",
        "L": "t_door_metal_locked",
        "S": "t_floor",
        "^": "t_floor",
        "_": "t_pavement",
        "c": "t_floor",
        "l": "t_floor",
        "r": "t_floor",
        "s": "t_sidewalk",
        "u": "t_floor",
        "|": "t_wall"
      },
      "furniture": {
        "#": "f_counter",
        "E": "f_desk",
        "S": "f_sink",
        "^": "f_indoor_plant",
        "c": "f_chair",
        "l": "f_locker",
        "r": "f_rack",
        "u": "f_vending_reinforced"
      },
      "vendingmachines": { "u": { "item_group": "vending_ammo", "reinforced": true } },
      "toilets": { ";": {  } },
      "place_loot": [
        { "group": "guns_pistol_rare", "x": [ 8, 10 ], "y": 19, "chance": 100, "repeat": [ 1, 2 ], "magazine": 100 },
        { "group": "guns_shotgun_rare", "x": [ 8, 10 ], "y": 19, "chance": 80, "magazine": 100 },
        { "group": "guns_rifle_rare", "x": [ 13, 16 ], "y": 19, "chance": 100, "magazine": 100 },
        { "group": "guns_smg_rare", "x": [ 13, 16 ], "y": 19, "chance": 80, "magazine": 100 },
        { "group": "ammo_rare", "x": [ 10, 13 ], "y": 17, "chance": 100, "repeat": [ 1, 4 ] },
        { "group": "ammo_pistol_common", "x": [ 7, 9 ], "y": [ 9, 10 ], "chance": 100, "repeat": [ 3, 6 ] },
        { "group": "ammo_rifle_common", "x": [ 7, 9 ], "y": 12, "chance": 100, "repeat": [ 1, 4 ] },
        { "group": "ammo_shotgun_common", "x": [ 7, 9 ], "y": 13, "chance": 100, "repeat": [ 1, 3 ] },
        { "group": "guns_pistol_common", "x": 14, "y": [ 9, 10 ], "chance": 75 },
        { "group": "guns_shotgun_common", "x": 15, "y": [ 9, 10 ], "chance": 75 },
        { "group": "guns_rifle_common", "x": 16, "y": [ 9, 10 ], "chance": 75 },
        { "group": "mags_common", "x": [ 14, 16 ], "y": 12, "chance": 100, "repeat": [ 1, 4 ] },
        { "group": "mags_rare", "x": [ 14, 16 ], "y": 13, "chance": 75, "repeat": [ 1, 3 ] }
      ]
    }
  },
  {
    "method": "json",
    "object": {
      "place_item": [ { "item": "corpse", "repeat": 1, "x": 19, "y": 12 } ],
      "furniture": {
        "#": "f_sandbag_wall",
        "&": "f_trashcan",
        "+": "f_null",
        "-": "f_null",
        ".": "f_null",
        "C": "f_chair",
        "D": "f_displaycase",
        "H": "f_armchair",
        "S": "f_sandbag_half",
        "T": "f_table",
        "W": "f_null",
        "^": "f_indoor_plant_y",
        "_": "f_null",
        "a": "f_null",
        "b": "f_sandbag_half",
        "c": "f_counter",
        "d": "f_null",
        "e": "f_null",
        "f": "f_null",
        "g": "f_null",
        "i": "f_indoor_plant",
        "r": "f_rack",
        "s": "f_null",
        "t": "f_table",
        "u": "f_null",
        "w": "f_null",
        "{": "f_locker",
        "|": "f_null"
      },
      "place_items": [
        { "chance": 99, "item": "corpse_male", "x": 19, "y": 12 },
        { "chance": 35, "item": "ammo_casings", "x": [ 14, 15 ], "y": 14 },
        { "chance": 35, "item": "guns_pistol_common", "x": 19, "y": 8 },
        { "chance": 75, "item": "guns_common", "x": 3, "y": 10 },
        { "chance": 40, "item": "gunmod_rare", "x": 3, "y": 12 },
        { "chance": 55, "item": "book_gunmags", "x": 9, "y": 8 },
        { "chance": 5, "item": "guns_pistol_rare", "x": 3, "y": 11 },
        { "chance": 35, "item": "ammo_rifle_common", "x": 18, "y": 14 },
        { "chance": 35, "item": "ammo_rifle_common", "x": 6, "y": 7 },
        { "chance": 30, "item": "gunmod_common", "x": [ 12, 14 ], "y": 9 },
        { "chance": 45, "item": "ammo_common", "x": 6, "y": [ 5, 6 ] },
        { "chance": 35, "item": "guns_rifle_common", "x": [ 17, 18 ], "y": 5 },
        { "chance": 35, "item": "guns_common", "x": 9, "y": [ 6, 7 ] },
        { "chance": 35, "item": "guns_common", "x": 19, "y": [ 5, 7 ] },
        { "chance": 45, "item": "trash", "x": 13, "y": 12 },
        { "chance": 45, "item": "trash", "x": 10, "y": 12 }
      ],
      "rows": [
        "....d...d....dss..dd.d..",
        ".......d......ss........",
        "d.............ssd.d.....",
        "..d....d..d.dssss......d",
        "....dwWeaWwwWaffaWwwa...",
        "d....W{_Cc__^____DDDWu..",
        "d....ar__D_________Dw...",
        ".d...|r__D_________D|u.d",
        "...uu|__cc_________D|u..",
        "d.||||______DDD__||||...",
        ".u|{_|||||_______|tC|u.d",
        ".u|{_+______________|...",
        "d.|{_|___|&_|&___|iH|...",
        "..|||||e|||g|||||||||...",
        ".u-___________tt_tt_-u..",
        "du-_________________-u..",
        "..-b#-bdSSSSbS.SS-Sb-...",
        "..-ddd..........dddd-..d",
        "du-ddddd.d.....ddddd-u..",
        "..-ddddddddddddddddd-..d",
        ".u-ddddddddddddddddd-..d",
        "d.-#dTdddddTdddddTd#-u..",
        "..-#################-...",
        ".d-------------------.d."
      ],
      "terrain": {
        "#": "t_dirt",
        "&": "t_floor",
        "+": "t_door_metal_pickable",
        "-": "t_brick_wall",
        ".": "t_grass",
        "C": "t_floor",
        "D": "t_floor",
        "H": "t_floor",
        "S": "t_grass",
        "T": "t_dirt",
        "W": "t_wall_w",
        "^": "t_floor",
        "_": "t_floor",
        "a": "t_wall_r",
        "b": "t_dirt",
        "c": "t_floor",
        "d": "t_dirt",
        "e": "t_window_boarded",
        "f": "t_door_boarded",
        "g": "t_door_c",
        "i": "t_floor",
        "r": "t_floor",
        "s": "t_sidewalk",
        "t": "t_floor",
        "u": "t_underbrush",
        "w": "t_wall_b",
        "{": "t_floor",
        "|": "t_wall"
      }
    },
    "om_terrain": "s_gun",
    "type": "mapgen",
    "weight": 100
  }
]
