[
  {
    "type": "item_group",
    "id": "ear_protection",
    "items": [ [ "powered_earmuffs", 10 ], [ "ear_plugs", 50 ] ]
  },
  {
    "method": "json",
    "object": {
      "furniture": {
        "#": "f_null",
        "&": "f_trashcan",
        "+": "f_null",
        "-": "f_null",
        ".": "f_null",
        "@": "f_target",
        "C": "f_chair",
        "P": "f_sign",
        "W": "f_null",
        "X": "f_gunsafe_ml",
        "_": "f_null",
        "a": "f_null",
        "c": "f_counter",
        "d": "f_desk",
        "f": "f_null",
        "s": "f_sign",
        "w": "f_null",
        "|": "f_null"
      },
      "place_items": [
        { "chance": 10, "item": "ammo_pistol_common", "x": 6, "y": 9 },
        { "chance": 5, "item": "ammo_pistol_common", "x": 3, "y": 9 },
        { "chance": 5, "item": "guns_rifle_common", "x": 21, "y": 9 },
        { "chance": 5, "item": "guns_rifle_common", "x": 17, "y": 9 },
        { "chance": 5, "item": "ammo_shotgun_common", "x": 15, "y": 9 },
        { "chance": 5, "item": "ammo_rifle_common", "x": 20, "y": 9 },
        { "chance": 5, "item": "ammo_rifle_common", "x": 18, "y": 9 },
        { "chance": 5, "item": "guns_shotgun_common", "x": 14, "y": 9 },
        { "chance": 30, "repeat": 2, "item": "trash", "x": 3, "y": 3 },
        { "chance": 75, "item": "guns_milspec", "x": 5, "y": 4 },
        { "chance": 5, "item": "ammo_smg_common", "x": 12, "y": 9 },
        { "chance": 5, "item": "ammo_smg_common", "x": 9, "y": 9 },
        { "chance": 5, "item": "guns_smg_common", "x": 11, "y": 9 },
        { "chance": 5, "item": "guns_smg_common", "x": 8, "y": 9 },
        { "chance": 10, "item": "guns_pistol_common", "x": 5, "y": 9 },
        { "chance": 5, "item": "guns_pistol_common", "x": 2, "y": 9 },
        { "chance": 25, "item": "office", "x": [ 3, 4 ], "y": 4 }
      ],
      "items": {
        "w": { "item": "casings", "chance": 60, "repeat": 7 },
        "a": { "item": "casings", "chance": 50, "repeat": 5 },
        "#": { "item": "casings", "chance": 40, "repeat": 3 },
        "c": { "item": "ear_protection", "chance": 10 },
        "d": { "item": "ear_protection", "chance": 80 }
      },
      "rows": [
        "zzzzzzzzzzzzzzzzzzzzzzzz",
        "_zzzzzzzz_______________",
        "_z--W--zz_______________",
        "_zW&Cf+zzzzzzzz_________",
        "_z-ddXWzzzszzsz_________",
        "_z--W--zzzzzzzz_________",
        "_aaaaaaaaaaaaaaaaaaaaaa_",
        "_wwwwwwwwwwwwwwwwwwwwww_",
        "_|ww|ww|ww|ww|ww|ww|ww|_",
        "_|cc|cc|cc|cc|cc|cc|cc|_",
        "_######################_",
        "_......................_",
        "_......................_",
        "_......................_",
        "_P@...................P_",
        "_..@..................._",
        "_......................_",
        "_......................_",
        "_......................_",
        "_P....@...............P_",
        "_....@................._",
        "_......................_",
        "_......................_",
        "_......................_"
      ],
      "terrain": {
        "#": "t_thconc_floor",
        "&": "t_floor",
        "+": "t_door_c",
        "-": "t_wall",
        "z": [ "t_grass", "t_grass", "t_grass", "t_grass", "t_grass", "t_dirt" ],
        ".": [ "t_grass", "t_dirt", "t_dirt", "t_dirt", "t_dirt", "t_dirt", "t_dirt", "t_dirt" ],
        "@": "t_dirt",
        "C": "t_floor",
        "P": "t_dirt",
        "W": "t_window",
        "X": "t_floor",
        "_": [
          "t_grass",
          "t_grass",
          "t_grass",
          "t_grass",
          "t_grass",
          "t_grass",
          "t_grass",
          "t_grass",
          "t_grass",
          "t_grass",
          "t_grass",
          "t_grass",
          "t_grass",
          "t_grass",
          "t_grass",
          "t_grass",
          "t_grass",
          "t_grass",
          "t_grass",
          "t_grass",
          "t_underbrush",
          "t_underbrush",
          "t_underbrush",
          "t_tree_pine",
          "t_tree_young",
          "t_tree_maple",
          "t_tree",
          "t_dirt",
          "t_dirt",
          "t_dirt"
        ],
        "a": [ "t_grass", "t_grass", "t_grass", "t_grass", "t_grass", "t_dirt" ],
        "c": "t_thconc_floor",
        "d": "t_floor",
        "f": "t_floor",
        "s": "t_grass",
        "w": "t_thconc_floor",
        "|": "t_wall_wood"
      },
      "place_signs": [
        { "signage": "<family_name> Family Shooting Range", "x": 10, "y": 4 },
        { "signage": "Open sunrise to sunset, everday besides Sundays", "x": 13, "y": 4 },
        { "signage": "5 YARDS", "x": 1, "y": 14 },
        { "signage": "5 YARDS", "x": 22, "y": 14 },
        { "signage": "10 YARDS", "x": 1, "y": 19 },
        { "signage": "10 YARDS", "x": 22, "y": 19 }
      ]
    },
    "om_terrain": "shootingrange_1a",
    "type": "mapgen",
    "weight": 100
  },
  {
    "method": "json",
    "object": {
      "furniture": { "#": "f_null", ".": "f_null", "@": "f_target", "P": "f_sign", "_": "f_null" },
      "rows": [
        "_P.....@..............P_",
        "_......................_",
        "_......................_",
        "_......................_",
        "_......................_",
        "_P........@...........P_",
        "_..........@..........._",
        "_......................_",
        "_......................_",
        "_......................_",
        "_P............@.......P_",
        "_......................_",
        "_................@....._",
        "_...............@......_",
        "_......................_",
        "_P....................P_",
        "_...................@.._",
        "_......................_",
        "_######################_",
        "_######################_",
        "______............______",
        "________________________",
        "________________________",
        "________________________"
      ],
      "terrain": {
        "#": "t_dirtmound",
        ".": [ "t_grass", "t_dirt", "t_dirt", "t_dirt", "t_dirt", "t_dirt", "t_dirt", "t_dirt" ],
        "@": "t_dirt",
        "P": "t_dirt",
        "_": [
          "t_grass",
          "t_grass",
          "t_grass",
          "t_grass",
          "t_grass",
          "t_grass",
          "t_grass",
          "t_grass",
          "t_grass",
          "t_grass",
          "t_grass",
          "t_grass",
          "t_grass",
          "t_grass",
          "t_grass",
          "t_grass",
          "t_grass",
          "t_grass",
          "t_grass",
          "t_grass",
          "t_underbrush",
          "t_underbrush",
          "t_underbrush",
          "t_tree_pine",
          "t_tree_young",
          "t_tree_maple",
          "t_tree",
          "t_dirt",
          "t_dirt",
          "t_dirt"
        ]
      },
      "place_signs": [
        { "signage": "15 YARDS", "x": 1, "y": 0 },
        { "signage": "15 YARDS", "x": 22, "y": 0 },
        { "signage": "20 YARDS", "x": 1, "y": 5 },
        { "signage": "20 YARDS", "x": 22, "y": 5 },
        { "signage": "25 YARDS", "x": 1, "y": 10 },
        { "signage": "25 YARDS", "x": 22, "y": 10 },
        { "signage": "30 YARDS", "x": 1, "y": 15 },
        { "signage": "30 YARDS", "x": 22, "y": 15 }
      ]
    },
    "om_terrain": "shootingrange_2a",
    "type": "mapgen",
    "weight": 100
  }
]
