[
  {
    "method": "json",
    "object": {
      "furniture": { ".": "f_null", "_": "f_null", "p": "f_null", "s": "f_null" },
      "rows": [
        "____.....____.....______",
        "____.....____.....______",
        "_.......................",
        "_.......................",
        "_.......................",
        "_.......................",
        "_.......................",
        "_.......................",
        "_.......................",
        "_.......................",
        "_....p.....p....p.......",
        "_....p.....p....p.......",
        "_....pppppppppppp.......",
        "_....p.....p....p.......",
        "_....p.....p....p.......",
        "_....p.....p....p.......",
        "_.......................",
        "_.......................",
        "_.......................",
        "_.......................",
        "_....p....p.....p.......",
        "_....p....p.....p.......",
        "_....p....p.....p.......",
        "_sssssssssssssssssssssss"
      ],
      "terrain": { ".": "t_pavement", "_": "t_grass", "p": "t_pavement_y", "s": "t_sidewalk" }
    },
    "om_terrain": "stadium_0_0",
    "type": "mapgen",
    "weight": 100
  },
  {
    "method": "json",
    "object": {
      "furniture": {
        " ": "f_null",
        "#": "f_bench",
        "&": "f_sink",
        "+": "f_null",
        "-": "f_null",
        ".": "f_null",
        "C": "f_counter",
        "D": "f_null",
        "T": "f_table",
        "W": "f_washer",
        "^": "f_indoor_plant",
        "_": "f_null",
        "a": "f_chair",
        "c": "f_null",
        "d": "f_dryer",
        "f": "f_fridge",
        "g": "f_null",
        "o": "f_oven",
        "r": "f_null",
        "s": "f_null",
        "t": "f_trashcan",
        "w": "f_null",
        "{": "f_rack",
        "|": "f_null"
      },
      "place_items": [
        { "chance": 65, "item": "groce_frozen", "x": 1, "y": 21 },
        { "chance": 55, "item": "groce_softdrink", "x": 6, "y": 21 },
        { "chance": 45, "item": "laundry", "x": [ 15, 16 ], "y": 7 },
        { "chance": 45, "item": "laundry", "x": [ 6, 11 ], "y": 4 },
        { "chance": 65, "item": "toy_store", "x": [ 13, 14 ], "y": 15 },
        { "chance": 65, "item": "toy_store", "x": 11, "y": [ 14, 15 ] },
        { "chance": 65, "item": "toy_store", "x": 15, "y": 12 },
        { "chance": 65, "item": "coffee_freezer", "x": 1, "y": [ 19, 20 ] },
        { "chance": 65, "item": "bar_food", "x": 6, "y": 14 },
        { "chance": 75, "item": "power_tools", "x": 4, "y": 7 },
        { "chance": 65, "item": "barbecue", "x": 1, "y": [ 13, 14 ] },
        { "chance": 55, "item": "hand_tools", "x": 3, "y": 5 }
      ],
      "place_monsters": [ { "chance": 3, "density": 1, "monster": "GROUP_ZOMBIE", "x": 13, "y": 20 } ],
      "rows": [
        "ssssssssssssssssssssssss",
        "__________----__________",
        "_________------_________",
        "_-----------------------",
        "--|&C|dddWWW......|^....",
        "-||..|............+.....",
        "-||..|............|...a.",
        "-||..|t.......aCCC|...T.",
        "-||+||||||||||||||||+|||",
        "-.......................",
        "-.......................",
        "-||+|||...|wwwww||||||||",
        "-o....|...D....C..|_____",
        "-o....|...|....Ca.|_____",
        "-C....C...w{......|_____",
        "-f...aC...w{.{{...|_____",
        "-.....C...|||||||||_____",
        "-.....|...|#c#c#crcggggg",
        "-|..|||...|#c#c#crcgg___",
        "-f....|...|#c#c#crcggg__",
        "-f...aC....ccccccccgg___",
        "-f....C....ccccccccgg___",
        "-C....C...|#c#c#crcggggg",
        "-.....|...|#c#c#crcgg___"
      ],
      "terrain": {
        " ": "t_null",
        "#": "t_concrete",
        "&": "t_thconc_floor",
        "+": "t_door_metal_c",
        "-": "t_brick_wall",
        ".": "t_thconc_floor",
        "C": "t_thconc_floor",
        "D": "t_door_glass_c",
        "T": "t_thconc_floor",
        "W": "t_thconc_floor",
        "^": "t_thconc_floor",
        "_": "t_grass",
        "a": "t_thconc_floor",
        "c": "t_concrete",
        "d": "t_thconc_floor",
        "f": "t_thconc_floor",
        "g": "t_grass_white",
        "o": "t_thconc_floor",
        "r": "t_railing_h",
        "s": "t_sidewalk",
        "t": "t_thconc_floor",
        "w": "t_wall_glass",
        "{": "t_thconc_floor",
        "|": "t_wall"
      }
    },
    "om_terrain": "stadium_0_1",
    "type": "mapgen",
    "weight": 100
  },
  {
    "method": "json",
    "object": {
      "furniture": {
        "#": "f_bench",
        "&": "f_trashcan",
        "+": "f_null",
        "-": "f_null",
        ".": "f_null",
        "C": "f_chair",
        "G": "f_null",
        "_": "f_null",
        "a": "f_glass_fridge",
        "c": "f_counter",
        "f": "f_fridge",
        "g": "f_null",
        "o": "f_oven",
        "r": "f_null",
        "s": "f_sink",
        "t": "f_table",
        "v": "f_vending_c",
        "w": "f_null",
        "{": "f_locker",
        "|": "f_null"
      },
      "place_items": [
        { "chance": 45, "item": "jackets", "x": 5, "y": [ 3, 4 ] },
        { "chance": 45, "item": "jackets", "x": 5, "y": 1 },
        { "chance": 65, "item": "fast_fridge", "x": 1, "y": 19 },
        { "chance": 75, "item": "fast_kitchen", "x": 1, "y": 21 },
        { "chance": 75, "item": "fast_kitchen", "x": 1, "y": 18 },
        { "chance": 25, "item": "clothing_watch", "x": 13, "y": 5 },
        { "chance": 35, "item": "bowling_trash", "x": 15, "y": 21 },
        { "chance": 35, "item": "bowling_trash", "x": 11, "y": 15 },
        { "chance": 75, "item": "restaur_fridge", "x": 1, "y": 12 },
        { "chance": 55, "item": "bags", "x": 5, "y": 2 },
        { "chance": 25, "item": "light_reading", "x": 9, "y": 14 },
        { "chance": 25, "item": "light_reading", "x": 6, "y": 11 },
        { "chance": 65, "item": "fridgesnacks", "x": 1, "y": 13 },
        { "chance": 5, "item": "stoner", "x": 11, "y": 22 },
        { "chance": 45, "item": "sports", "x": 18, "y": 15 },
        { "chance": 45, "item": "trash", "x": 5, "y": 18 },
        { "chance": 45, "item": "trash", "x": 5, "y": 15 },
        { "chance": 45, "item": "trash", "x": 15, "y": 13 },
        { "chance": 45, "item": "trash", "x": 12, "y": 9 },
        { "chance": 45, "item": "trash", "x": 1, "y": 7 },
        { "chance": 45, "item": "trash", "x": 11, "y": 2 }
      ],
      "place_monsters": [
        { "chance": 3, "density": 1, "monster": "GROUP_MALL", "x": 8, "y": 9 },
        { "chance": 4, "density": 0, "monster": "GROUP_FOOTBALL", "x": 21, "y": 10 }
      ],
      "rows": [
        "-.....|...|#_#_#_r_GGggg",
        "-....{|...|#_#_#_r_Ggggg",
        "-c...{|...w#_#_#_r_GGggg",
        "-c...{|..Cw#_#_#_r_Ggggg",
        "-v...{|..tw#_#_#_r_GGggg",
        "-||+|||..Cw#_#_#_r_Ggggg",
        "-.........w#_#_#_r_GGggg",
        "-&........|#_#_#_r_Ggggg",
        "-||+|||...|#_#_#_r_GGggg",
        "-c....|....________Ggggg",
        "-s....|....________GGggg",
        "-c....c...|#_#_#_r_Ggggg",
        "-f...Cc..&w#_#_#_r_GGggg",
        "-f....c..Cw#_#_#_r_Ggggg",
        "-o....c..tw#_#_#_r_GGggg",
        "-....&|..Cw#_#_#_r_Ggggg",
        "-.....|...|#_#_#_r_GGggg",
        "-|..|||....________Ggggg",
        "-c...&|....________GGggg",
        "-a....|...|#_#_#_r_Ggggg",
        "-o....c...|#_#_#_r_GGggg",
        "-c....c...|#_#_#_r_Ggggg",
        "-.....c...|#_#_#_r_GGggg",
        "-....C|...|#_#_#_r_Ggggg"
      ],
      "terrain": {
        "#": "t_concrete",
        "&": "t_thconc_floor",
        "+": "t_door_metal_c",
        "-": "t_brick_wall",
        ".": "t_thconc_floor",
        "C": "t_thconc_floor",
        "G": "t_grass_white",
        "_": "t_concrete",
        "a": "t_thconc_floor",
        "c": "t_thconc_floor",
        "f": "t_thconc_floor",
        "g": "t_grass",
        "o": "t_thconc_floor",
        "r": "t_railing_v",
        "s": "t_thconc_floor",
        "t": "t_thconc_floor",
        "v": "t_thconc_floor",
        "w": "t_wall_glass",
        "{": "t_thconc_floor",
        "|": "t_wall"
      }
    },
    "om_terrain": "stadium_0_2",
    "type": "mapgen",
    "weight": 100
  },
  {
    "method": "json",
    "object": {
      "furniture": {
        "#": "f_bench",
        "&": "f_trashcan",
        "+": "f_null",
        "-": "f_null",
        ".": "f_null",
        "6": "f_arcade_machine",
        "7": "f_pinball_machine",
        "G": "f_null",
        "_": "f_null",
        "b": "f_bench",
        "c": "f_counter",
        "g": "f_null",
        "l": "f_locker",
        "r": "f_null",
        "w": "f_null",
        "{": "f_vending_c",
        "|": "f_null"
      },
      "place_items": [
        { "chance": 45, "item": "jackets", "x": 5, "y": [ 3, 4 ] },
        { "chance": 45, "item": "jackets", "x": 5, "y": 1 },
        { "chance": 65, "item": "alcohol", "x": 1, "y": [ 3, 4 ] },
        { "chance": 45, "item": "toy_store", "x": 2, "y": 14 },
        { "chance": 45, "item": "toy_store", "x": 4, "y": 10 },
        { "chance": 55, "item": "bags", "x": 5, "y": 2 },
        { "chance": 45, "item": "trash", "x": 15, "y": 21 },
        { "chance": 45, "item": "trash", "x": 5, "y": 19 },
        { "chance": 45, "item": "trash", "x": 14, "y": 15 },
        { "chance": 45, "item": "trash", "x": 11, "y": [ 12, 13 ] },
        { "chance": 45, "item": "trash", "x": 1, "y": 7 },
        { "chance": 45, "item": "trash", "x": 13, "y": 5 },
        { "chance": 45, "item": "trash", "x": 9, "y": 3 }
      ],
      "place_monsters": [
        { "chance": 3, "density": 1, "monster": "GROUP_MALL", "x": 14, "y": 13 },
        { "chance": 4, "density": 1, "monster": "GROUP_ARCADE", "x": 3, "y": 13 }
      ],
      "rows": [
        "-.....|...|#_#_#_r_GGggg",
        "-....l|..{|#_#_#_r_Ggggg",
        "-c...l|..{|#_#_#_r_GGggg",
        "-c...l|..&|#_#_#_r_Ggggg",
        "-{...l|..{|#_#_#_r_GGggg",
        "-||+|||..{|#_#_#_r_Ggggg",
        "-.........|#_#_#_r_GGggg",
        "-&........|#_#_#_r_Ggggg",
        "-||..||...|#_#_#_r_GGggg",
        "-6....w....________Ggggg",
        "-6....w....________GGggg",
        "-..66.w...|#_#_#_r_Ggggg",
        "-6....|..bw#_#_#_r_GGggg",
        "-6.......bw#_#_#_r_Ggggg",
        "-6.......bw#_#_#_r_GGggg",
        "-6.......bw#_#_#_r_Ggggg",
        "-6........|#_#_#_r_GGggg",
        "-...6.|....________Ggggg",
        "-7....w....________GGggg",
        "-7...&w...|#_#_#_r_Ggggg",
        "-||..||...|#_#_#_r_GGggg",
        "-.........|#_#_#_r_Ggggg",
        "-.........|#_#_#_r_GGggg",
        "-.........|#_#_#_r_Ggggg"
      ],
      "terrain": {
        "#": "t_concrete",
        "&": "t_thconc_floor",
        "+": "t_door_metal_c",
        "-": "t_brick_wall",
        ".": "t_thconc_floor",
        "6": "t_thconc_floor",
        "7": "t_thconc_floor",
        "G": "t_grass_white",
        "_": "t_concrete",
        "b": "t_thconc_floor",
        "c": "t_thconc_floor",
        "g": "t_grass",
        "l": "t_thconc_floor",
        "r": "t_railing_v",
        "w": "t_wall_glass",
        "{": "t_thconc_floor",
        "|": "t_wall"
      }
    },
    "om_terrain": "stadium_0_3",
    "type": "mapgen",
    "weight": 100
  },
  {
    "method": "json",
    "object": {
      "furniture": {
        "#": "f_bench",
        "&": "f_trashcan",
        "+": "f_null",
        "-": "f_null",
        ".": "f_null",
        "6": "f_null",
        "C": "f_counter",
        "D": "f_dumpster",
        "G": "f_null",
        "H": "f_ladder",
        "_": "f_null",
        "a": "f_null",
        "b": "f_bench",
        "c": "f_chair",
        "d": "f_null",
        "g": "f_null",
        "r": "f_null",
        "t": "f_table",
        "w": "f_null",
        "{": "f_locker",
        "|": "f_null"
      },
      "place_items": [
        { "chance": 55, "item": "clothing_work_gloves", "x": 19, "y": 13 },
        { "chance": 35, "item": "snacks", "x": 5, "y": 2 },
        { "chance": 45, "item": "trash", "x": 1, "y": 21 },
        { "chance": 45, "item": "trash", "x": 2, "y": [ 19, 20 ] },
        { "chance": 45, "item": "trash", "x": [ 14, 15 ], "y": 13 },
        { "chance": 45, "item": "trash", "x": 17, "y": 9 },
        { "chance": 45, "item": "trash", "x": 11, "y": 7 },
        { "chance": 45, "item": "trash", "x": 2, "y": 7 },
        { "chance": 45, "item": "trash", "x": 13, "y": 5 },
        { "chance": 45, "item": "trash", "x": 11, "y": 1 },
        { "chance": 45, "item": "trash", "x": 1, "y": 1 },
        { "chance": 45, "item": "hardware", "x": [ 16, 19 ], "y": 22 },
        { "chance": 45, "item": "hardware", "x": 1, "y": [ 13, 14 ] }
      ],
      "place_monster": [ { "monster": "mon_zombie_technician", "x": 13, "y": 15 } ],
      "place_monsters": [
        { "chance": 5, "density": 1, "monster": "GROUP_MALL", "x": 4, "y": 4 },
        { "chance": 4, "density": 1, "monster": "GROUP_MALL", "x": 14, "y": 3 }
      ],
      "rows": [
        "-.........|#_#_#_r_GGggg",
        "-&...bb...|#_#_#_r_Ggggg",
        "-....tt...w#_#_#_r_GGggg",
        "-btb.bb...w#_#_#_r_Ggggg",
        "-btb......w#_#_#_r_GGggg",
        "-.........w#_#_#_r_Ggggg",
        "-btb.bt...w#_#_#_r_GGggg",
        "-btb.bt...|#_#_#_r_Ggggg",
        "-||||||...||wwww||||||||",
        "-..........bbbbbb&......",
        "-.......................",
        "-.......................",
        "-||d|||||||||||||||||...",
        "-{............DD|c.{|b..",
        "-...............|..C|b..",
        "-...............|a|||b..",
        "-..................t|b..",
        "-...................|...",
        "-H..................|...",
        "-&&.................|...",
        "-&&.................d...",
        "-&&.................|...",
        "-&&...6.........{{tt|...",
        "-------++++++-----------"
      ],
      "terrain": {
        "#": "t_concrete",
        "&": "t_thconc_floor",
        "+": "t_door_metal_locked",
        "-": "t_brick_wall",
        ".": "t_thconc_floor",
        "6": "t_gates_mech_control",
        "C": "t_thconc_floor",
        "D": "t_thconc_floor",
        "G": "t_grass_white",
        "H": "t_thconc_floor",
        "_": "t_concrete",
        "a": "t_door_c",
        "b": "t_thconc_floor",
        "c": "t_thconc_floor",
        "d": "t_door_metal_c",
        "g": "t_grass",
        "r": "t_railing_v",
        "t": "t_thconc_floor",
        "w": "t_wall_glass",
        "{": "t_thconc_floor",
        "|": "t_wall"
      }
    },
    "om_terrain": "stadium_0_4",
    "type": "mapgen",
    "weight": 100
  },
  {
    "method": "json",
    "object": {
      "furniture": { "#": "f_bench", "&": "f_trashcan", ".": "f_null", "_": "f_null", "g": "f_null", "p": "f_null" },
      "place_items": [ { "chance": 65, "item": "trash", "x": 17, "y": 20 } ],
      "rows": [
        "gggg.....gggg.....gggggg",
        "gggg.....gggg.....gggggg",
        "........................",
        "........................",
        "........................",
        "........................",
        "........................",
        "........................",
        "........................",
        "........................",
        ".....p.....p............",
        ".....p.....p............",
        ".....ppppppp............",
        ".....p.....p............",
        ".....p.....p............",
        ".....p.....p............",
        "................________",
        "................________",
        "................_#______",
        "................_#______",
        ".....p....p....._&______",
        ".....p....p.....________",
        ".....p....p.....________",
        "._______________________"
      ],
      "terrain": { "#": "t_sidewalk", "&": "t_sidewalk", ".": "t_pavement", "_": "t_sidewalk", "g": "t_grass", "p": "t_pavement_y" }
    },
    "om_terrain": "stadium_1_0",
    "type": "mapgen",
    "weight": 100
  },
  {
    "method": "json",
    "object": {
      "furniture": {
        "#": "f_counter",
        "+": "f_null",
        "-": "f_null",
        ".": "f_null",
        "B": "f_null",
        "C": "f_null",
        "H": "f_armchair",
        "^": "f_indoor_plant",
        "_": "f_null",
        "b": "f_bench",
        "c": "f_chair",
        "g": "f_null",
        "s": "f_null",
        "t": "f_table",
        "{": "f_vending_c",
        "|": "f_null"
      },
      "place_items": [
        { "chance": 35, "item": "office", "x": 2, "y": 7 },
        { "chance": 35, "item": "office", "x": 8, "y": [ 6, 7 ] },
        { "chance": 35, "item": "office", "x": 13, "y": 5 },
        { "chance": 65, "item": "vending_food", "x": 18, "y": 10 },
        { "chance": 65, "item": "vending_drink", "x": 19, "y": 10 }
      ],
      "place_monsters": [ { "chance": 2, "density": 1, "monster": "GROUP_FOOTBALL", "x": 12, "y": 19 } ],
      "rows": [
        "ssssssssssssssssssssssss",
        ".........bb.....ssssssss",
        "................ssssssss",
        "----------------ssssssss",
        "_HtH|__|____^|__________",
        "____|__+_____#__________",
        "____|__|t____#__________",
        "####|__|tc__c#__________",
        "|BB||__|||||||__________",
        "________________________",
        "__________________{{____",
        "||||||||||||||||||||||||",
        "........................",
        "........................",
        "........................",
        "........................",
        "......................C.",
        "gggggggggggggggggggggggg",
        "........................",
        "........................",
        "........................",
        "........................",
        "........................",
        "........................"
      ],
      "terrain": {
        "#": "t_thconc_floor",
        "+": "t_door_metal_c",
        "-": "t_brick_wall",
        ".": "t_grass",
        "B": "t_bars",
        "C": "t_chainfence_posts",
        "H": "t_thconc_floor",
        "^": "t_thconc_floor",
        "_": "t_thconc_floor",
        "b": "t_grass",
        "c": "t_thconc_floor",
        "g": "t_grass_white",
        "s": "t_sidewalk",
        "t": "t_thconc_floor",
        "{": "t_thconc_floor",
        "|": "t_wall"
      }
    },
    "om_terrain": "stadium_1_1",
    "type": "mapgen",
    "weight": 100
  },
  {
    "method": "json",
    "object": {
      "place_item": [ { "item": "football", "repeat": 1, "x": 3, "y": 5 }, { "item": "cleats", "repeat": 1, "x": 16, "y": 17 } ],
      "furniture": { ".": "f_null" },
      "place_monsters": [ { "chance": 2, "density": 1, "monster": "GROUP_FOOTBALL", "x": 11, "y": 12 } ],
      "rows": [
        "........................",
        "........................",
        "........................",
        "........................",
        "........................",
        "........................",
        "........................",
        "........................",
        "........................",
        "........................",
        "........................",
        "........................",
        "........................",
        "........................",
        "........................",
        "........................",
        "........................",
        "........................",
        "........................",
        "........................",
        "........................",
        "........................",
        "........................",
        "........................"
      ],
      "terrain": { ".": "t_grass" }
    },
    "om_terrain": "stadium_1_2",
    "type": "mapgen",
    "weight": 100
  },
  {
    "method": "json",
    "object": {
      "place_item": [ { "item": "football", "repeat": 1, "x": 19, "y": 6 }, { "item": "cleats", "repeat": 1, "x": 16, "y": 17 } ],
      "furniture": { ".": "f_null" },
      "place_monsters": [ { "chance": 2, "density": 1, "monster": "GROUP_FOOTBALL", "x": 11, "y": 12 } ],
      "rows": [
        "........................",
        "........................",
        "........................",
        "........................",
        "........................",
        "........................",
        "........................",
        "........................",
        "........................",
        "........................",
        "........................",
        "........................",
        "........................",
        "........................",
        "........................",
        "........................",
        "........................",
        "........................",
        "........................",
        "........................",
        "........................",
        "........................",
        "........................",
        "........................"
      ],
      "terrain": { ".": "t_grass" }
    },
    "om_terrain": "stadium_1_3",
    "type": "mapgen",
    "weight": 100
  },
  {
    "method": "json",
    "object": {
      "furniture": {
        "#": "f_bench",
        "&": "f_toilet",
        "+": "f_null",
        "-": "f_null",
        ".": "f_null",
        "S": "f_sink",
        "T": "f_trashcan",
        "_": "f_null",
        "b": "f_null",
        "c": "f_counter",
        "g": "f_null",
        "r": "f_null",
        "s": "f_shower",
        "t": "f_table",
        "{": "f_locker",
        "|": "f_null"
      },
      "place_items": [
        { "chance": 65, "item": "trash", "x": 2, "y": 16 },
        { "chance": 65, "item": "trash", "x": 8, "y": 14 },
        { "chance": 65, "item": "trash", "x": 13, "y": 7 },
        { "chance": 65, "item": "trash", "x": 20, "y": 6 },
        { "chance": 45, "item": "sports", "x": 19, "y": 22 },
        { "chance": 45, "item": "sports", "x": [ 15, 16 ], "y": 22 },
        { "chance": 45, "item": "sports", "x": 17, "y": 20 },
        { "chance": 45, "item": "sports", "x": 10, "y": 20 },
        { "chance": 45, "item": "sports", "x": 10, "y": 17 },
        { "chance": 45, "item": "sports", "x": 10, "y": 14 },
        { "chance": 5, "item": "guns_pistol_common", "x": 10, "y": 19 }
      ],
      "place_monsters": [
        { "chance": 3, "density": 1, "monster": "GROUP_HOUSE", "x": 14, "y": 13 },
        { "chance": 2, "density": 1, "monster": "GROUP_FOOTBALL", "x": 13, "y": 1 }
      ],
      "place_toilets": [ { "x": 2, "y": 22 }, { "x": 4, "y": 22 }, { "x": 6, "y": 22 }, { "x": 8, "y": 22 } ],
      "rows": [
        "________________________",
        "________________________",
        "gggggggggggggggggggggggg",
        "________________________",
        "________________________",
        "________________________",
        "________________________",
        "_____|___|______________",
        "||||||bbbrrrr|||||||||||",
        "........................",
        "........................",
        "........................",
        "...##....|||||||||||||||",
        "...tt....|{....|s.s.sS|.",
        "...##...T|{.#..|......|.",
        ".........|{.#..|s....s|.",
        "..T......|{.#..||....||.",
        ".|||+|+|||{.#...........",
        ".|S..|..S|{.#...........",
        ".|c..|..c|{.#...........",
        ".|...|...|{.#..######...",
        ".|+|+|+|+|{.............",
        ".|&|&|&|&|....{{{{{{{{..",
        "------------------------"
      ],
      "terrain": {
        "#": "t_thconc_floor",
        "&": "t_thconc_floor",
        "+": "t_door_c",
        "-": "t_brick_wall",
        ".": "t_thconc_floor",
        "S": "t_thconc_floor",
        "T": "t_thconc_floor",
        "_": "t_grass",
        "b": "t_bars",
        "c": "t_thconc_floor",
        "g": "t_grass_white",
        "r": "t_reinforced_glass",
        "s": "t_thconc_floor",
        "t": "t_thconc_floor",
        "{": "t_thconc_floor",
        "|": "t_wall"
      }
    },
    "om_terrain": "stadium_1_4",
    "type": "mapgen",
    "weight": 100
  },
  {
    "method": "json",
    "object": {
      "furniture": { "#": "f_bench", "&": "f_trashcan", ".": "f_null", "_": "f_null", "g": "f_null", "p": "f_null" },
      "place_items": [ { "chance": 65, "item": "trash", "x": 6, "y": 20 } ],
      "rows": [
        "gggg.....gggg.....gggggg",
        "gggg.....gggg.....gggggg",
        "........................",
        "........................",
        "........................",
        "........................",
        "........................",
        "...............p....p...",
        "...............p....p...",
        "...............p....p...",
        "...............pppppp...",
        "...............p....p...",
        "...............p....p...",
        "...............p....p...",
        "........................",
        "........................",
        "________................",
        "________................",
        "______#_................",
        "______#_................",
        "______&_....p....p......",
        "________....p....p......",
        "________....p....p......",
        "________________________"
      ],
      "terrain": { "#": "t_sidewalk", "&": "t_sidewalk", ".": "t_pavement", "_": "t_sidewalk", "g": "t_grass", "p": "t_pavement_y" }
    },
    "om_terrain": "stadium_2_0",
    "type": "mapgen",
    "weight": 100
  },
  {
    "method": "json",
    "object": {
      "furniture": {
        "#": "f_counter",
        "&": "f_toilet",
        "+": "f_null",
        "-": "f_null",
        ".": "f_null",
        "B": "f_bench",
        "S": "f_sink",
        "_": "f_null",
        "b": "f_bench",
        "g": "f_null",
        "s": "f_null",
        "t": "f_trashcan",
        "|": "f_null"
      },
      "place_items": [
        { "chance": 65, "item": "trash", "x": 7, "y": 8 },
        { "chance": 65, "item": "trash", "x": 22, "y": 7 },
        { "chance": 65, "item": "trash", "x": 9, "y": 7 }
      ],
      "place_monsters": [ { "chance": 2, "density": 1, "monster": "GROUP_FOOTBALL", "x": 12, "y": 19 } ],
      "rows": [
        "ssssssssssssssssssssssss",
        "ssssssss.BB.............",
        "ssssssss................",
        "ssssssss||||||||||||||||",
        "________|&|&|&|&|&|&|&&|",
        "_______b|_|_|_|_|_|_|__|",
        "_______b|_______|______|",
        "_______b|t__#S#S|S#S#_t|",
        "_______t||+||||||||||+||",
        "_______________________|",
        "_______________________|",
        "------------------------",
        "........................",
        "........................",
        "........................",
        "........................",
        "........................",
        "gggggggggggggggggggggggg",
        "........................",
        "........................",
        "........................",
        "........................",
        "........................",
        "........................"
      ],
      "terrain": {
        "#": "t_thconc_floor",
        "&": "t_thconc_floor",
        "+": "t_door_c",
        "-": "t_wall",
        ".": "t_grass",
        "B": "t_grass",
        "S": "t_thconc_floor",
        "_": "t_thconc_floor",
        "b": "t_thconc_floor",
        "g": "t_grass_white",
        "s": "t_sidewalk",
        "t": "t_thconc_floor",
        "|": "t_brick_wall"
      }
    },
    "om_terrain": "stadium_2_1",
    "type": "mapgen",
    "weight": 100
  },
  {
    "method": "json",
    "object": {
      "place_item": [ { "item": "football", "repeat": 1, "x": 19, "y": 6 }, { "item": "cleats", "repeat": 1, "x": 16, "y": 17 } ],
      "furniture": { ".": "f_null" },
      "place_monsters": [ { "chance": 2, "density": 1, "monster": "GROUP_FOOTBALL", "x": 11, "y": 12 } ],
      "rows": [
        "........................",
        "........................",
        "........................",
        "........................",
        "........................",
        "........................",
        "........................",
        "........................",
        "........................",
        "........................",
        "........................",
        "........................",
        "........................",
        "........................",
        "........................",
        "........................",
        "........................",
        "........................",
        "........................",
        "........................",
        "........................",
        "........................",
        "........................",
        "........................"
      ],
      "terrain": { ".": "t_grass" }
    },
    "om_terrain": "stadium_2_2",
    "type": "mapgen",
    "weight": 100
  },
  {
    "method": "json",
    "object": {
      "furniture": { ".": "f_null" },
      "place_items": [ { "chance": 45, "item": "trash", "x": 4, "y": 12 } ],
      "place_monsters": [ { "chance": 2, "density": 1, "monster": "GROUP_FOOTBALL", "x": 11, "y": 12 } ],
      "rows": [
        "........................",
        "........................",
        "........................",
        "........................",
        "........................",
        "........................",
        "........................",
        "........................",
        "........................",
        "........................",
        "........................",
        "........................",
        "........................",
        "........................",
        "........................",
        "........................",
        "........................",
        "........................",
        "........................",
        "........................",
        "........................",
        "........................",
        "........................",
        "........................"
      ],
      "terrain": { ".": "t_grass" }
    },
    "om_terrain": "stadium_2_3",
    "type": "mapgen",
    "weight": 100
  },
  {
    "method": "json",
    "object": {
      "furniture": {
        "#": "f_bench",
        "&": "f_sink",
        "+": "f_null",
        "-": "f_null",
        ".": "f_null",
        "_": "f_null",
        "b": "f_null",
        "g": "f_null",
        "r": "f_null",
        "s": "f_shower",
        "{": "f_locker",
        "|": "f_null"
      },
      "place_items": [
        { "chance": 65, "item": "trash", "x": 5, "y": 6 },
        { "chance": 65, "item": "trash", "x": 21, "y": 4 },
        { "chance": 45, "item": "sports", "x": 19, "y": 22 },
        { "chance": 45, "item": "sports", "x": [ 15, 16 ], "y": 22 },
        { "chance": 45, "item": "sports", "x": 3, "y": 22 },
        { "chance": 45, "item": "sports", "x": 17, "y": 20 },
        { "chance": 45, "item": "sports", "x": 10, "y": 20 },
        { "chance": 45, "item": "sports", "x": 3, "y": 19 },
        { "chance": 45, "item": "sports", "x": 4, "y": 17 }
      ],
      "place_monsters": [ { "chance": 3, "density": 1, "monster": "GROUP_HOUSE", "x": 14, "y": 13 } ],
      "rows": [
        "________________________",
        "________________________",
        "gggggggggggggggggggggggg",
        "________________________",
        "________________________",
        "________________________",
        "________________________",
        "_____|___|______________",
        "||||||bbbrrrr|||||||||||",
        "........................",
        "........................",
        "........................",
        "||||||...|||||||||||||||",
        ".....|...|.....|s.s.s&|.",
        ".....|...|.....|......|.",
        ".....+...+.....|s....s|.",
        ".....|...|.....||....||.",
        "....#|...|..............",
        "....#|...|..............",
        "....#|...|{.............",
        "....{|...|{....######...",
        "....{|...|{.............",
        "..{{{|...|....{{{{{{{{..",
        "------------------------"
      ],
      "terrain": {
        "#": "t_thconc_floor",
        "&": "t_thconc_floor",
        "+": "t_door_c",
        "-": "t_brick_wall",
        ".": "t_thconc_floor",
        "_": "t_grass",
        "b": "t_bars",
        "g": "t_grass_white",
        "r": "t_reinforced_glass",
        "s": "t_thconc_floor",
        "{": "t_thconc_floor",
        "|": "t_wall"
      }
    },
    "om_terrain": "stadium_2_4",
    "type": "mapgen",
    "weight": 100
  },
  {
    "method": "json",
    "object": {
      "furniture": { ".": "f_null", "_": "f_null", "p": "f_null", "s": "f_null" },
      "rows": [
        "____.....____.....______",
        "____.....____.....______",
        "......................._",
        "......................._",
        "......................._",
        "......................._",
        "......................._",
        "......................._",
        "......................._",
        "......................._",
        ".....p.....p....p......_",
        ".....p.....p....p......_",
        ".....pppppppppppp......_",
        ".....p.....p....p......_",
        ".....p.....p....p......_",
        ".....p.....p....p......_",
        "......................._",
        "......................._",
        "......................._",
        "......................._",
        ".....p....p.....p......_",
        ".....p....p.....p......_",
        ".....p....p.....p......_",
        ".ssssssssssssssssssssss_"
      ],
      "terrain": { ".": "t_pavement", "_": "t_grass", "p": "t_pavement_y", "s": "t_sidewalk" }
    },
    "om_terrain": "stadium_3_0",
    "type": "mapgen",
    "weight": 100
  },
  {
    "method": "json",
    "object": {
      "furniture": {
        "#": "f_bench",
        "&": "f_toilet",
        "+": "f_null",
        "-": "f_null",
        ".": "f_null",
        "5": "f_ergometer",
        "C": "f_counter",
        "D": "f_null",
        "L": "f_treadmill",
        "S": "f_sink",
        "T": "f_trashcan",
        "_": "f_null",
        "a": "f_chair",
        "c": "f_null",
        "d": "f_null",
        "g": "f_null",
        "o": "f_oven",
        "r": "f_null",
        "s": "f_null",
        "t": "f_table",
        "w": "f_null",
        "{": "f_fridge",
        "|": "f_null"
      },
      "place_items": [
        { "chance": 65, "item": "groce_frozen", "x": 22, "y": 21 },
        { "chance": 55, "item": "groce_softdrink", "x": 17, "y": 20 },
        { "chance": 65, "item": "trash", "x": 10, "y": 22 },
        { "chance": 65, "item": "trash", "x": 19, "y": 12 },
        { "chance": 65, "item": "trash", "x": 6, "y": 11 },
        { "chance": 65, "item": "trash", "x": 14, "y": 7 },
        { "chance": 65, "item": "trash", "x": 12, "y": 7 },
        { "chance": 55, "item": "bowling_food", "x": 22, "y": 19 },
        { "chance": 55, "item": "bowling_food", "x": 22, "y": 15 },
        { "chance": 55, "item": "bowling_food", "x": 17, "y": 15 }
      ],
      "place_monsters": [ { "chance": 3, "density": 1, "monster": "GROUP_HOUSE", "x": 14, "y": 13 } ],
      "place_toilets": [
        { "x": 5, "y": 4 },
        { "x": 7, "y": 4 },
        { "x": 9, "y": 4 },
        { "x": 14, "y": 4 },
        { "x": 16, "y": 4 },
        { "x": 18, "y": 4 },
        { "x": 20, "y": 4 },
        { "x": 22, "y": 4 }
      ],
      "place_vehicles": [ { "chance": 3, "fuel": 3, "rotation": 270, "status": -1, "vehicle": "ice_cream_cart", "x": 10, "y": 11 } ],
      "rows": [
        "ssssssssssssssssssssssss",
        "__________----__________",
        "_________------_________",
        "------------------------",
        "LLLL|&|&|&|&&|&|&|&|&|&-",
        "...L|.|.|.|..|.|.|.|.|.-",
        ".5.L|........|.........-",
        "....|SSCSC..T|T..CSCSCS-",
        "w++w|||||||d|||d|||||||-",
        ".......................-",
        ".......................-",
        "||||||a..........||||D|-",
        "_____wt..........|.....-",
        "_____wa..........Ca....-",
        "_____w...........C.....-",
        "_____wata.ata....C....o-",
        "_____|||||||||...|....o-",
        "gggggcrc#c#c#|...|....o-",
        "____gcrc#c#c#|...C....o-",
        "___ggcrc#c#c#|...Ca...C-",
        "____gcccccccc....C....S-",
        "___ggcccccccc....|....{-",
        "____gcrc#c#c#|...|.....-",
        "___ggcrc#c#c#|...|.....-"
      ],
      "terrain": {
        "#": "t_concrete",
        "&": "t_thconc_floor",
        "+": "t_door_glass_c",
        "-": "t_brick_wall",
        ".": "t_thconc_floor",
        "5": "t_thconc_floor",
        "C": "t_thconc_floor",
        "D": "t_door_metal_c",
        "L": "t_thconc_floor",
        "S": "t_thconc_floor",
        "T": "t_thconc_floor",
        "_": "t_grass",
        "a": "t_thconc_floor",
        "c": "t_concrete",
        "d": "t_door_c",
        "g": "t_grass_white",
        "o": "t_thconc_floor",
        "r": "t_railing_v",
        "s": "t_sidewalk",
        "t": "t_thconc_floor",
        "w": "t_wall_glass",
        "{": "t_thconc_floor",
        "|": "t_wall"
      }
    },
    "om_terrain": "stadium_3_1",
    "type": "mapgen",
    "weight": 100
  },
  {
    "method": "json",
    "object": {
      "furniture": {
        "#": "f_bench",
        "&": "f_trashcan",
        "+": "f_null",
        "-": "f_null",
        ".": "f_null",
        "C": "f_chair",
        "G": "f_null",
        "R": "f_null",
        "_": "f_null",
        "c": "f_counter",
        "g": "f_null",
        "o": "f_oven",
        "r": "f_null",
        "s": "f_sink",
        "t": "f_table",
        "{": "f_fridge",
        "|": "f_null"
      },
      "place_items": [
        { "chance": 55, "item": "bar_fridge", "x": 22, "y": [ 17, 18 ] },
        { "chance": 55, "item": "bar_fridge", "x": 17, "y": 13 },
        { "chance": 65, "item": "bowling_fridge", "x": 22, "y": 3 },
        { "chance": 65, "item": "trash", "x": 5, "y": 17 },
        { "chance": 65, "item": "trash", "x": 8, "y": 15 },
        { "chance": 65, "item": "trash", "x": 12, "y": 12 },
        { "chance": 65, "item": "trash", "x": 10, "y": 7 },
        { "chance": 65, "item": "trash", "x": 5, "y": 6 },
        { "chance": 55, "item": "bowling_food", "x": 18, "y": 6 },
        { "chance": 55, "item": "bowling_food", "x": 18, "y": 4 },
        { "chance": 65, "item": "bar_food", "x": 17, "y": 19 }
      ],
      "place_monsters": [ { "chance": 3, "density": 1, "monster": "GROUP_HOUSE", "x": 14, "y": 13 } ],
      "rows": [
        "ggggG_r_#_#_#|...|.....-",
        "gggGG_r_#_#_#|...|.....-",
        "ggggG________....|c...{-",
        "gggGG________....|c...{-",
        "ggggG_r_#_#_#|...|c....-",
        "gggGG_r_#_#_#R...|c....-",
        "ggggG_r_#_#_#RC..|c....-",
        "gggGG_r_#_#_#Rt..|c...&-",
        "ggggG_r_#_#_#RC..||||+|-",
        "gggGG_r_#_#_#R.........-",
        "ggggG_r_#_#_#RC........-",
        "gggGG_r_#_#_#Rt..||||+|-",
        "ggggG_r_#_#_#RC..|&....-",
        "gggGG_r_#_#_#R...cC....-",
        "ggggG_r_#_#_#RC..c.....-",
        "gggGG_r_#_#_#Rt..c....o-",
        "ggggG_r_#_#_#RC..|....o-",
        "gggGG_r_#_#_#R...|....{-",
        "ggggG_r_#_#_#R...c....{-",
        "gggGG_r_#_#_#|...cC...c-",
        "ggggG________....c....s-",
        "gggGG________....||||||-",
        "ggggG_r_#_#_#|...|.....-",
        "gggGG_r_#_#_#|...|.....-"
      ],
      "terrain": {
        "#": "t_concrete",
        "&": "t_thconc_floor",
        "+": "t_door_metal_c",
        "-": "t_brick_wall",
        ".": "t_thconc_floor",
        "C": "t_thconc_floor",
        "G": "t_grass_white",
        "R": "t_reinforced_glass",
        "_": "t_concrete",
        "c": "t_thconc_floor",
        "g": "t_grass",
        "o": "t_thconc_floor",
        "r": "t_railing_v",
        "s": "t_thconc_floor",
        "t": "t_thconc_floor",
        "{": "t_thconc_floor",
        "|": "t_wall"
      }
    },
    "om_terrain": "stadium_3_2",
    "type": "mapgen",
    "weight": 100
  },
  {
    "method": "json",
    "object": {
      "furniture": {
        "#": "f_bench",
        "&": "f_trashcan",
        "+": "f_null",
        "-": "f_null",
        ".": "f_null",
        "C": "f_chair",
        "G": "f_null",
        "R": "f_null",
        "_": "f_null",
        "c": "f_counter",
        "f": "f_fridge",
        "g": "f_null",
        "o": "f_oven",
        "r": "f_null",
        "s": "f_sink",
        "t": "f_table",
        "{": "f_vending_c",
        "|": "f_null"
      },
      "place_items": [
        { "chance": 55, "item": "coffee_shop", "x": 17, "y": 19 },
        { "chance": 55, "item": "coffee_shop", "x": 22, "y": [ 17, 18 ] },
        { "chance": 55, "item": "coffee_shop", "x": 17, "y": [ 13, 14 ] },
        { "chance": 65, "item": "vending_drink", "x": 20, "y": 22 },
        { "chance": 65, "item": "vending_drink", "x": 14, "y": 1 },
        { "chance": 65, "item": "vending_food", "x": 19, "y": 22 },
        { "chance": 65, "item": "vending_food", "x": 14, "y": 2 },
        { "chance": 65, "item": "bowling_fridge", "x": 22, "y": 3 },
        { "chance": 65, "item": "trash", "x": 5, "y": 17 },
        { "chance": 65, "item": "trash", "x": 8, "y": 15 },
        { "chance": 65, "item": "trash", "x": 12, "y": 12 },
        { "chance": 65, "item": "trash", "x": 10, "y": 7 },
        { "chance": 65, "item": "trash", "x": 5, "y": 6 },
        { "chance": 55, "item": "bowling_food", "x": 18, "y": 6 },
        { "chance": 55, "item": "bowling_food", "x": 18, "y": 4 }
      ],
      "place_monsters": [ { "chance": 3, "density": 1, "monster": "GROUP_HOUSE", "x": 14, "y": 13 } ],
      "rows": [
        "ggggG_r_#_#_#R...|o..Ct-",
        "gggGG_r_#_#_#R{..|....t-",
        "ggggG________R{..c....f-",
        "gggGG________R...c....f-",
        "ggggG_r_#_#_#R...c....o-",
        "gggGG_r_#_#_#R...|c...c-",
        "ggggG_r_#_#_#RC..|c....-",
        "gggGG_r_#_#_#Rt..|c...&-",
        "ggggG_r_#_#_#RC..||||+|-",
        "gggGG_r_#_#_#R.........-",
        "ggggG_r_#_#_#RC........-",
        "gggGG_r_#_#_#Rt..||||+|-",
        "ggggG_r_#_#_#RC..|&....-",
        "gggGG_r_#_#_#R...cC....-",
        "ggggG_r_#_#_#RC..c.....-",
        "gggGG_r_#_#_#Rt..c....o-",
        "ggggG_r_#_#_#RC..|....o-",
        "gggGG_r_#_#_#R...|....f-",
        "ggggG_r_#_#_#R...c....f-",
        "gggGG_r_#_#_#|...cC...c-",
        "ggggG________....c....s-",
        "gggGG________....||||||-",
        "ggggG_r_#_#_#|.....{{..-",
        "gggGG_r_#_#_#|.........-"
      ],
      "terrain": {
        "#": "t_concrete",
        "&": "t_thconc_floor",
        "+": "t_door_metal_c",
        "-": "t_brick_wall",
        ".": "t_thconc_floor",
        "C": "t_thconc_floor",
        "G": "t_grass_white",
        "R": "t_reinforced_glass",
        "_": "t_concrete",
        "c": "t_thconc_floor",
        "f": "t_thconc_floor",
        "g": "t_grass",
        "o": "t_thconc_floor",
        "r": "t_railing_v",
        "s": "t_thconc_floor",
        "t": "t_thconc_floor",
        "{": "t_thconc_floor",
        "|": "t_wall"
      }
    },
    "om_terrain": "stadium_3_3",
    "type": "mapgen",
    "weight": 100
  },
  {
    "method": "json",
    "object": {
      "furniture": {
        "#": "f_bench",
        "&": "f_sink",
        "+": "f_null",
        "-": "f_null",
        ".": "f_null",
        "C": "f_chair",
        "G": "f_null",
        "R": "f_null",
        "T": "f_toilet",
        "_": "f_null",
        "b": "f_bench",
        "c": "f_counter",
        "d": "f_null",
        "g": "f_null",
        "r": "f_null",
        "t": "f_table",
        "{": "f_locker",
        "|": "f_null"
      },
      "place_items": [
        { "chance": 75, "item": "bar_alcohol", "x": 15, "y": 22 },
        { "chance": 75, "item": "bar_alcohol", "x": 11, "y": 21 },
        { "chance": 75, "item": "bar_alcohol", "x": [ 17, 18 ], "y": 17 },
        { "chance": 75, "item": "bar_alcohol", "x": 16, "y": [ 13, 17 ] },
        { "chance": 65, "item": "trash", "x": 10, "y": 7 },
        { "chance": 65, "item": "trash", "x": 5, "y": 6 },
        { "chance": 45, "item": "sports", "x": 4, "y": [ 20, 22 ] },
        { "chance": 45, "item": "sports", "x": 2, "y": 18 },
        { "chance": 45, "item": "sports", "x": 4, "y": [ 17, 18 ] },
        { "chance": 45, "item": "sports", "x": 4, "y": 14 },
        { "chance": 45, "item": "sports", "x": 3, "y": 13 },
        { "chance": 65, "item": "bar_food", "x": 21, "y": 21 },
        { "chance": 65, "item": "bar_food", "x": 15, "y": 21 },
        { "chance": 45, "item": "shoes", "x": 4, "y": 19 },
        { "chance": 45, "item": "shoes", "x": 4, "y": 15 }
      ],
      "place_monsters": [ { "chance": 3, "density": 1, "monster": "GROUP_HOUSE", "x": 14, "y": 13 } ],
      "place_toilets": [ { "x": 18, "y": 2 }, { "x": 22, "y": 2 } ],
      "rows": [
        "ggggG_R_b_b_b|.........-",
        "gggGG_R_b_b_b|...||||||-",
        "GGGGG________....|T|||T-",
        "ggggG________....|+|||+-",
        "ggggG_R_b_b_b|...|..|..-",
        "gggGG_R_b_b_b|...|&.|.&-",
        "ggggG_R_b_b_b|...|c.|.c-",
        "gggGG_R_b_b_b|...|c.|.c-",
        "|||||||rrrrrr|...||+|+|-",
        ".......................-",
        ".......................-",
        ".......................-",
        "||||||...||dd|rrrrr||||-",
        "..{{{|...|.....Cc......-",
        "....{|...d.....Cc....|.-",
        "..#.{|...d.....Cc..c.|&-",
        "..#.{|...|.....Cc..&.||-",
        "..#.{|...r.....Ccccc...-",
        "..#.{|...r.CtC...CC....-",
        "..#.{|...r.............-",
        "..#.{|...r.............-",
        "..#.{|...r#t#|#t#|#t|t#-",
        "....{|...|#t#|#t#|#t|t#-",
        "------------------------"
      ],
      "terrain": {
        "#": "t_thconc_floor",
        "&": "t_thconc_floor",
        "+": "t_door_c",
        "-": "t_brick_wall",
        ".": "t_thconc_floor",
        "C": "t_thconc_floor",
        "G": "t_grass_white",
        "R": "t_railing_v",
        "T": "t_thconc_floor",
        "_": "t_concrete",
        "b": "t_concrete",
        "c": "t_thconc_floor",
        "d": "t_door_glass_c",
        "g": "t_grass",
        "r": "t_reinforced_glass",
        "t": "t_thconc_floor",
        "{": "t_thconc_floor",
        "|": "t_wall"
      }
    },
    "om_terrain": "stadium_3_4",
    "type": "mapgen",
    "weight": 100
  }
]
