[
  {
    "type": "mapgen",
    "method": "json",
    "om_terrain": "large_storage_units_1",
    "weight": 500,
    "object": {
      "rows": [
        "66666666666666666-------",
        ".................|    C|",
        "................y7    C|",
        "................y7    C|",
        "................8|BB  C|",
        "|-----|..........|-----|",
        "|C    7y........y7 FFFF|",
        "|C    7y........y7   FF|",
        "|C    |8........8|D HHH|",
        "|-----|..........|-----|",
        "|I    7y........y7  HFI|",
        "|I HH 7y........y7   FI|",
        "|  HH |8........8|  III|",
        "|-----|..........|-----|",
        "|A AA 7y........y7  H D|",
        "|A    7y........y7 F  D|",
        "|A  AA|8........8|   FB|",
        "|-----|..........|-----|",
        "|H    7y........y7    F|",
        "|F    7y........y7     |",
        "|FH   7y........y7 H  A|",
        "|FH   |8........8|II  A|",
        "|     |..........|H   A|",
        "------------------------"
      ],
      "terrain": {
        " ": "t_floor",
        "+": "t_door_c",
        "-": "t_wall_h",
        ".": "t_pavement",
        "1": "t_window",
        "2": "t_sidewalk",
        "3": "t_tree_young",
        "4": "t_chaingate_l",
        "5": "t_wall_wood",
        "6": "t_chainfence_h",
        "7": "t_door_metal_locked",
        "8": "t_gates_mech_control",
        "A": "t_floor",
        "B": "t_floor",
        "C": "t_floor",
        "D": "t_floor",
        "E": "t_dirtfloor",
        "F": "t_floor",
        "G": "t_dirtfloor",
        "H": "t_floor",
        "I": "t_floor",
        "r": "t_pavement",
        "y": "t_pavement_y",
        "|": "t_wall_v"
      },
      "furniture": {
        "A": "f_rack",
        "B": "f_toilet",
        "C": "f_counter",
        "D": "f_sink",
        "E": "f_sink",
        "F": "f_chair",
        "G": "f_locker",
        "H": "f_table",
        "I": "f_sofa"
      },
      "place_items": [
        { "item": "livingroom", "x": [ 18, 22 ], "y": [ 2, 4 ], "chance": 5, "repeat": [ 1, 3 ] },
        { "item": "hardware_bulk", "x": [ 18, 22 ], "y": [ 2, 4 ], "chance": 5, "repeat": [ 1, 3 ] },
        { "item": "home_hw", "x": [ 18, 22 ], "y": [ 2, 4 ], "chance": 5, "repeat": [ 1, 3 ] },
        { "item": "tools_home", "x": [ 18, 22 ], "y": [ 2, 4 ], "chance": 5, "repeat": [ 1, 3 ] },
        { "item": "tools_construction", "x": [ 18, 22 ], "y": [ 2, 4 ], "chance": 5, "repeat": [ 1, 3 ] },
        { "item": "supplies_electronics", "x": [ 18, 22 ], "y": [ 2, 4 ], "chance": 5, "repeat": [ 1, 3 ] },
        { "item": "gear_survival", "x": [ 18, 22 ], "y": [ 2, 4 ], "chance": 5, "repeat": [ 1, 3 ] },
        { "item": "homebooks", "x": [ 1, 5 ], "y": [ 6, 8 ], "chance": 5, "repeat": [ 1, 3 ] },
        { "item": "supplies_fuel", "x": [ 1, 5 ], "y": [ 6, 8 ], "chance": 5, "repeat": [ 1, 3 ] },
        { "item": "bedroom", "x": [ 1, 5 ], "y": [ 10, 12 ], "chance": 5, "repeat": [ 1, 3 ] },
        { "item": "dresser", "x": [ 1, 5 ], "y": [ 10, 12 ], "chance": 5, "repeat": [ 1, 3 ] },
        { "item": "mil_surplus", "x": [ 1, 5 ], "y": [ 10, 12 ], "chance": 5, "repeat": [ 1, 3 ] },
        { "item": "mil_hw", "x": [ 1, 5 ], "y": [ 10, 12 ], "chance": 5, "repeat": [ 1, 3 ] },
        { "item": "mil_armor", "x": [ 1, 5 ], "y": [ 10, 12 ], "chance": 5, "repeat": [ 1, 3 ] },
        { "item": "mil_accessories", "x": [ 1, 5 ], "y": [ 10, 12 ], "chance": 5, "repeat": [ 1, 3 ] },
        { "item": "weapons", "x": [ 1, 5 ], "y": [ 10, 12 ], "chance": 5, "repeat": [ 1, 3 ] },
        { "item": "ammo_pistol_common", "x": [ 1, 5 ], "y": [ 10, 12 ], "chance": 5, "repeat": [ 1, 3 ] },
        { "item": "mags_common", "x": [ 1, 5 ], "y": [ 10, 12 ], "chance": 5, "repeat": [ 1, 3 ] },
        { "item": "mags_crime", "x": [ 1, 5 ], "y": [ 10, 12 ], "chance": 5, "repeat": [ 1, 3 ] },
        { "item": "homeguns", "x": [ 1, 5 ], "y": [ 10, 12 ], "chance": 5, "repeat": [ 1, 3 ] },
        { "item": "mansion_guns", "x": [ 1, 5 ], "y": [ 10, 12 ], "chance": 5, "repeat": [ 1, 3 ] },
        { "item": "gunmod_common", "x": [ 1, 5 ], "y": [ 10, 12 ], "chance": 5, "repeat": [ 1, 3 ] },
        { "item": "gear_soldier_sidearm", "x": [ 1, 5 ], "y": [ 10, 12 ], "chance": 5, "repeat": [ 1, 3 ] },
        { "item": "softdrugs", "x": [ 1, 5 ], "y": [ 14, 16 ], "chance": 5, "repeat": [ 1, 3 ] },
        { "item": "harddrugs", "x": [ 1, 5 ], "y": [ 14, 16 ], "chance": 5, "repeat": [ 1, 3 ] },
        { "item": "gear_medical", "x": [ 1, 5 ], "y": [ 14, 16 ], "chance": 5, "repeat": [ 1, 3 ] },
        { "item": "drugs_emergency", "x": [ 1, 5 ], "y": [ 14, 16 ], "chance": 5, "repeat": [ 1, 3 ] },
        { "item": "drugs_pharmacy", "x": [ 1, 5 ], "y": [ 14, 16 ], "chance": 5, "repeat": [ 1, 3 ] },
        { "item": "drugs_soldier", "x": [ 1, 5 ], "y": [ 14, 16 ], "chance": 5, "repeat": [ 1, 3 ] },
        { "item": "bionics_common", "x": [ 1, 5 ], "y": [ 14, 16 ], "chance": 5, "repeat": [ 1, 3 ] },
        { "item": "dining", "x": [ 1, 5 ], "y": [ 18, 22 ], "chance": 5, "repeat": [ 1, 3 ] },
        { "item": "kitchen", "x": [ 1, 5 ], "y": [ 18, 22 ], "chance": 5, "repeat": [ 1, 3 ] },
        { "item": "oven", "x": [ 1, 5 ], "y": [ 18, 22 ], "chance": 5, "repeat": [ 1, 3 ] },
        { "item": "camping", "x": [ 1, 5 ], "y": [ 18, 22 ], "chance": 5, "repeat": [ 1, 3 ] },
        { "item": "vending_food", "x": [ 1, 5 ], "y": [ 18, 22 ], "chance": 5, "repeat": [ 1, 3 ] },
        { "item": "vending_drink", "x": [ 1, 5 ], "y": [ 18, 22 ], "chance": 5, "repeat": [ 1, 3 ] },
        { "item": "cannedfood", "x": [ 1, 5 ], "y": [ 18, 22 ], "chance": 5, "repeat": [ 1, 3 ] },
        { "item": "snacks", "x": [ 1, 5 ], "y": [ 18, 22 ], "chance": 5, "repeat": [ 1, 3 ] },
        { "item": "pasta", "x": [ 1, 5 ], "y": [ 18, 22 ], "chance": 5, "repeat": [ 1, 3 ] },
        { "item": "snacks_fancy", "x": [ 1, 5 ], "y": [ 18, 22 ], "chance": 5, "repeat": [ 1, 3 ] },
        { "item": "coffee_shop", "x": [ 1, 5 ], "y": [ 18, 22 ], "chance": 5, "repeat": [ 1, 3 ] },
        { "item": "alcohol", "x": [ 1, 5 ], "y": [ 18, 22 ], "chance": 5, "repeat": [ 1, 3 ] },
        { "item": "mil_food", "x": [ 1, 5 ], "y": [ 18, 22 ], "chance": 5, "repeat": [ 1, 3 ] },
        { "item": "methlab", "x": [ 18, 22 ], "y": [ 10, 12 ], "chance": 5, "repeat": [ 1, 3 ] },
        { "item": "harddrugs", "x": [ 18, 22 ], "y": [ 10, 12 ], "chance": 5, "repeat": [ 1, 3 ] },
        { "item": "chem_home", "x": [ 18, 22 ], "y": [ 10, 12 ], "chance": 5, "repeat": [ 1, 3 ] },
        { "item": "chem_lab", "x": [ 18, 22 ], "y": [ 10, 12 ], "chance": 5, "repeat": [ 1, 3 ] },
        { "item": "arcade_prizes", "x": [ 18, 22 ], "y": [ 14, 16 ], "chance": 5, "repeat": [ 1, 3 ] },
        { "item": "antique", "x": [ 18, 22 ], "y": [ 14, 16 ], "chance": 5, "repeat": [ 1, 3 ] },
        { "item": "farming_tools", "x": [ 18, 22 ], "y": [ 18, 22 ], "chance": 5, "repeat": [ 1, 3 ] },
        { "item": "farming_seeds", "x": [ 18, 22 ], "y": [ 18, 22 ], "chance": 5, "repeat": [ 1, 3 ] }
      ]
    }
  },
  {
    "type": "mapgen",
    "method": "json",
    "om_terrain": "large_storage_units_2",
    "weight": 500,
    "object": {
      "rows": [
        "6622rrrrrrrrrrrrrrrrr226",
        "..22yrrryrrryrrryrrry22.",
        "..22yrrryrrryrrryrrry22.",
        "..22yrrryrrryrrryrrry22.",
        "..22yrrryrrryrrryrrry22.",
        "..22yrrryrrryrrryrrry22.",
        "..22yyyyyyyyyyyyyyyyy22.",
        "..222222222222222222222.",
        "-------8.........--1+-1-",
        "C     7y.........1F    C",
        "C     7y.........1F FHFC",
        "------|..........|------",
        "C     7y........y7     A",
        "C     7y........y7     A",
        "------|8........8|------",
        "      |..........|     A",
        "      7y........y7     A",
        "      7y........y7     A",
        "------|8........8|------",
        "C     |..........|     C",
        "C     7y........y7     C",
        "C     7y........y7     C",
        "C     |8........8|     C",
        "------------------------"
      ],
      "terrain": {
        " ": "t_floor",
        "+": "t_door_c",
        "-": "t_wall_h",
        ".": "t_pavement",
        "1": "t_window",
        "2": "t_sidewalk",
        "3": "t_tree_young",
        "4": "t_chaingate_l",
        "5": "t_wall_wood",
        "6": "t_chainfence_h",
        "7": "t_door_metal_locked",
        "8": "t_gates_mech_control",
        "A": "t_floor",
        "B": "t_floor",
        "C": "t_floor",
        "D": "t_floor",
        "E": "t_dirtfloor",
        "F": "t_floor",
        "G": "t_dirtfloor",
        "H": "t_floor",
        "I": "t_floor",
        "r": "t_pavement",
        "y": "t_pavement_y",
        "|": "t_wall_v"
      },
      "furniture": {
        "A": "f_rack",
        "B": "f_toilet",
        "C": "f_counter",
        "D": "f_sink",
        "E": "f_sink",
        "F": "f_chair",
        "G": "f_locker",
        "H": "f_table",
        "I": "f_sofa"
      },
      "place_items": [
        { "item": "homebooks", "x": [ 0, 5 ], "y": [ 9, 10 ], "chance": 50, "repeat": [ 1, 11 ] },
        { "item": "livingroom", "x": [ 0, 5 ], "y": [ 9, 10 ], "chance": 50, "repeat": [ 1, 11 ] },
        { "item": "bedroom", "x": [ 0, 5 ], "y": [ 12, 13 ], "chance": 50, "repeat": [ 1, 11 ] },
        { "item": "dresser", "x": [ 0, 5 ], "y": [ 12, 13 ], "chance": 50, "repeat": [ 1, 11 ] },
        { "item": "kitchen", "x": [ 0, 5 ], "y": [ 15, 17 ], "chance": 50, "repeat": [ 1, 11 ] },
        { "item": "livingroom", "x": [ 0, 5 ], "y": [ 15, 17 ], "chance": 50, "repeat": [ 1, 11 ] },
        { "item": "bedroom", "x": [ 0, 5 ], "y": [ 19, 22 ], "chance": 50, "repeat": [ 1, 11 ] },
        { "item": "livingroom", "x": [ 0, 5 ], "y": [ 19, 22 ], "chance": 50, "repeat": [ 1, 11 ] },
        { "item": "homebooks", "x": [ 18, 23 ], "y": [ 12, 13 ], "chance": 50, "repeat": [ 1, 11 ] },
        { "item": "dresser", "x": [ 18, 23 ], "y": [ 12, 13 ], "chance": 50, "repeat": [ 1, 11 ] },
        { "item": "softdrugs", "x": [ 18, 23 ], "y": [ 15, 17 ], "chance": 50, "repeat": [ 1, 11 ] },
        { "item": "dining", "x": [ 18, 23 ], "y": [ 15, 17 ], "chance": 50, "repeat": [ 1, 11 ] },
        { "item": "camping", "x": [ 18, 23 ], "y": [ 19, 22 ], "chance": 50, "repeat": [ 1, 11 ] },
        { "item": "dining", "x": [ 18, 23 ], "y": [ 19, 22 ], "chance": 50, "repeat": [ 1, 11 ] }
      ]
    }
  },
  {
    "type": "mapgen",
    "method": "json",
    "om_terrain": "large_storage_units_3",
    "weight": 500,
    "object": {
      "rows": [
        "-------66666666666666666",
        "|AAAAA|.................",
        "|G    7y................",
        "|G    7y................",
        "|     |8................",
        "|-----|..........|-----|",
        "|C    7y........y7    A|",
        "|C    7y........y7    A|",
        "|C    |8........8|    A|",
        "|-----|..........|-----|",
        "|G    7y........y7    C|",
        "|G    7y........y7    C|",
        "|G    |8........8|    C|",
        "|-----|..........|-----|",
        "|G    7y........y7    G|",
        "|G    7y........y7    G|",
        "|G GGG|8........8|    G|",
        "|-----|..........|-----|",
        "|G    7y........y7    A|",
        "|G    7y........y7    A|",
        "|G    7y........y7    G|",
        "|     |8........8|     |",
        "|     |..........|CCCCC|",
        "------------------------"
      ],
      "terrain": {
        " ": "t_floor",
        "+": "t_door_c",
        "-": "t_wall_h",
        ".": "t_pavement",
        "1": "t_window",
        "2": "t_sidewalk",
        "3": "t_tree_young",
        "4": "t_chaingate_l",
        "5": "t_wall_wood",
        "6": "t_chainfence_h",
        "7": "t_door_metal_locked",
        "8": "t_gates_mech_control",
        "A": "t_floor",
        "B": "t_floor",
        "C": "t_floor",
        "D": "t_floor",
        "E": "t_dirtfloor",
        "F": "t_floor",
        "G": "t_floor",
        "H": "t_floor",
        "I": "t_floor",
        "r": "t_pavement",
        "y": "t_pavement_y",
        "|": "t_wall_v"
      },
      "furniture": {
        "A": "f_rack",
        "B": "f_toilet",
        "C": "f_counter",
        "D": "f_sink",
        "E": "f_sink",
        "F": "f_chair",
        "G": "f_locker",
        "H": "f_table",
        "I": "f_sofa"
      },
      "place_items": [
        { "item": "livingroom", "x": [ 1, 5 ], "y": [ 2, 4 ], "chance": 50, "repeat": [ 1, 6 ] },
        { "item": "hardware_bulk", "x": [ 1, 5 ], "y": [ 2, 4 ], "chance": 20, "repeat": [ 1, 6 ] },
        { "item": "home_hw", "x": [ 1, 5 ], "y": [ 2, 4 ], "chance": 5, "repeat": [ 1, 6 ] },
        { "item": "tools_home", "x": [ 1, 5 ], "y": [ 2, 4 ], "chance": 35, "repeat": [ 1, 6 ] },
        { "item": "tools_construction", "x": [ 1, 5 ], "y": [ 2, 4 ], "chance": 20, "repeat": [ 1, 6 ] },
        { "item": "supplies_electronics", "x": [ 1, 5 ], "y": [ 2, 4 ], "chance": 10, "repeat": [ 1, 6 ] },
        { "item": "gear_survival", "x": [ 1, 5 ], "y": [ 2, 4 ], "chance": 5, "repeat": [ 1, 6 ] },
        { "item": "homebooks", "x": [ 1, 5 ], "y": [ 6, 8 ], "chance": 50, "repeat": [ 1, 6 ] },
        { "item": "supplies_fuel", "x": [ 1, 5 ], "y": [ 6, 8 ], "chance": 35, "repeat": [ 1, 6 ] },
        { "item": "bedroom", "x": [ 1, 5 ], "y": [ 10, 12 ], "chance": 50, "repeat": [ 1, 6 ] },
        { "item": "dresser", "x": [ 1, 5 ], "y": [ 10, 12 ], "chance": 50, "repeat": [ 1, 6 ] },
        { "item": "mil_surplus", "x": [ 1, 5 ], "y": [ 10, 12 ], "chance": 35, "repeat": [ 1, 6 ] },
        { "item": "mil_hw", "x": [ 1, 5 ], "y": [ 10, 12 ], "chance": 10, "repeat": [ 1, 6 ] },
        { "item": "mil_armor", "x": [ 1, 5 ], "y": [ 10, 12 ], "chance": 5, "repeat": [ 1, 6 ] },
        { "item": "mil_accessories", "x": [ 1, 5 ], "y": [ 10, 12 ], "chance": 5, "repeat": [ 1, 6 ] },
        { "item": "weapons", "x": [ 1, 5 ], "y": [ 10, 12 ], "chance": 35, "repeat": [ 1, 6 ] },
        { "item": "ammo_pistol_common", "x": [ 1, 5 ], "y": [ 10, 12 ], "chance": 20, "repeat": [ 1, 6 ] },
        { "item": "mags_common", "x": [ 1, 5 ], "y": [ 10, 12 ], "chance": 20, "repeat": [ 1, 6 ] },
        { "item": "mags_crime", "x": [ 1, 5 ], "y": [ 10, 12 ], "chance": 20, "repeat": [ 1, 6 ] },
        { "item": "homeguns", "x": [ 1, 5 ], "y": [ 10, 12 ], "chance": 20, "repeat": [ 1, 6 ] },
        { "item": "mansion_guns", "x": [ 1, 5 ], "y": [ 10, 12 ], "chance": 5, "repeat": [ 1, 6 ] },
        { "item": "gunmod_common", "x": [ 1, 5 ], "y": [ 10, 12 ], "chance": 10, "repeat": [ 1, 6 ] },
        { "item": "gear_soldier_sidearm", "x": [ 1, 5 ], "y": [ 10, 12 ], "chance": 5, "repeat": [ 1, 6 ] },
        { "item": "softdrugs", "x": [ 1, 5 ], "y": [ 14, 16 ], "chance": 35, "repeat": [ 1, 6 ] },
        { "item": "harddrugs", "x": [ 1, 5 ], "y": [ 14, 16 ], "chance": 10, "repeat": [ 1, 6 ] },
        { "item": "gear_medical", "x": [ 1, 5 ], "y": [ 14, 16 ], "chance": 35, "repeat": [ 1, 6 ] },
        { "item": "drugs_emergency", "x": [ 1, 5 ], "y": [ 14, 16 ], "chance": 20, "repeat": [ 1, 6 ] },
        { "item": "drugs_pharmacy", "x": [ 1, 5 ], "y": [ 14, 16 ], "chance": 35, "repeat": [ 1, 6 ] },
        { "item": "drugs_soldier", "x": [ 1, 5 ], "y": [ 14, 16 ], "chance": 10, "repeat": [ 1, 6 ] },
        { "item": "bionics_common", "x": [ 1, 5 ], "y": [ 14, 16 ], "chance": 5, "repeat": [ 1, 6 ] },
        { "item": "dining", "x": [ 1, 5 ], "y": [ 18, 22 ], "chance": 50, "repeat": [ 1, 6 ] },
        { "item": "kitchen", "x": [ 1, 5 ], "y": [ 18, 22 ], "chance": 50, "repeat": [ 1, 6 ] },
        { "item": "oven", "x": [ 1, 5 ], "y": [ 18, 22 ], "chance": 35, "repeat": [ 1, 6 ] },
        { "item": "camping", "x": [ 1, 5 ], "y": [ 18, 22 ], "chance": 20, "repeat": [ 1, 6 ] },
        { "item": "vending_food", "x": [ 1, 5 ], "y": [ 18, 22 ], "chance": 35, "repeat": [ 1, 6 ] },
        { "item": "vending_drink", "x": [ 1, 5 ], "y": [ 18, 22 ], "chance": 35, "repeat": [ 1, 6 ] },
        { "item": "cannedfood", "x": [ 1, 5 ], "y": [ 18, 22 ], "chance": 35, "repeat": [ 1, 6 ] },
        { "item": "snacks", "x": [ 1, 5 ], "y": [ 18, 22 ], "chance": 20, "repeat": [ 1, 6 ] },
        { "item": "pasta", "x": [ 1, 5 ], "y": [ 18, 22 ], "chance": 20, "repeat": [ 1, 6 ] },
        { "item": "snacks_fancy", "x": [ 1, 5 ], "y": [ 18, 22 ], "chance": 10, "repeat": [ 1, 6 ] },
        { "item": "coffee_shop", "x": [ 1, 5 ], "y": [ 18, 22 ], "chance": 10, "repeat": [ 1, 6 ] },
        { "item": "alcohol", "x": [ 1, 5 ], "y": [ 18, 22 ], "chance": 10, "repeat": [ 1, 6 ] },
        { "item": "mil_food", "x": [ 1, 5 ], "y": [ 18, 22 ], "chance": 5, "repeat": [ 1, 6 ] },
        { "item": "methlab", "x": [ 18, 22 ], "y": [ 10, 12 ], "chance": 50, "repeat": [ 1, 6 ] },
        { "item": "harddrugs", "x": [ 18, 22 ], "y": [ 10, 12 ], "chance": 35, "repeat": [ 1, 6 ] },
        { "item": "chem_home", "x": [ 18, 22 ], "y": [ 10, 12 ], "chance": 20, "repeat": [ 1, 6 ] },
        { "item": "chem_lab", "x": [ 18, 22 ], "y": [ 10, 12 ], "chance": 10, "repeat": [ 1, 6 ] },
        { "item": "arcade_prizes", "x": [ 18, 22 ], "y": [ 14, 16 ], "chance": 50, "repeat": [ 1, 6 ] },
        { "item": "antique", "x": [ 18, 22 ], "y": [ 14, 16 ], "chance": 35, "repeat": [ 1, 6 ] },
        { "item": "farming_tools", "x": [ 18, 22 ], "y": [ 18, 22 ], "chance": 35, "repeat": [ 1, 6 ] },
        { "item": "farming_seeds", "x": [ 18, 22 ], "y": [ 18, 22 ], "chance": 10, "repeat": [ 1, 6 ] }
      ]
    }
  }
]
