[
  {
    "id": "sugar_house_items",
    "type": "item_group",
    "items": [
      [ "syrup", 60 ],
      [ "sandwich_pbm", 20 ],
      [ "maple_candy", 90 ],
      [ "pancakes", 50 ],
      [ "fruit_pancakes", 30 ],
      [ "choc_pancakes", 20 ],
      [ "fruit_waffles", 20 ],
      [ "choc_waffles", 20 ],
      [ "pie_maple", 70 ],
      [ "pork_beans", 15 ],
      [ "glazed_tenderloin", 5 ],
      [ "cell_phone", 1 ],
      [ "smart_phone", 3 ],
      [ "glass", 40 ],
      [ "spoon", 25 ],
      [ "fork", 25 ],
      [ "knife_butter", 20 ],
      [ "knife_steak", 15 ],
      [ "spork", 5 ],
      [ "foon", 5 ]
    ]
  },
  {
    "id": "sugar_house_kitchen_items",
    "type": "item_group",
    "items": [
      [ "thermometer", 90 ],
      [ "family_cookbook", 90 ],
      [ "maple_sap", 50 ],
      [ "syrup", 100 ],
      [ "maple_candy", 10 ],
      [ "flour", 30 ],
      [ "milk_powder", 30 ],
      [ "powder_eggs", 10 ],
      [ "egg_bird", 10 ],
      [ "cooking_oil", 20 ],
      [ "irradiated_apple", 5 ],
      [ "irradiated_banana", 5 ],
      [ "irradiated_strawberries", 5 ],
      [ "chocolate", 20 ],
      [ "waffleiron", 60 ],
      [ "bread", 30 ],
      [ "peanutbutter", 20 ],
      [ "pot", 80 ]
    ]
  },
  {
    "id": "sugar_house_tools",
    "type": "item_group",
    "items": [
      [ "hammer", 100 ],
      [ "hand_drill", 100 ],
      [ "screwdriver", 20 ],
      [ "screwdriver_set", 10 ],
      [ "cordless_drill", 70 ],
      [ "thermometer", 60 ],
      [ "saw", 90 ],
      [ "chainsaw_off", 10 ],
      [ "bucket", 100 ],
      [ "tree_spile", 100 ],
      [ "pot", 100 ]
    ]
  },
  {
    "id": "sugar_house_furnace",
    "type": "item_group",
    "subtype": "collection",
    "entries": [ { "item": "maple_sap", "container-item": "metal_tank", "charges-min": 2, "charges-max": 15 } ]
  },
  {
    "id": "sugar_house_drum",
    "type": "item_group",
    "subtype": "collection",
    "entries": [ { "item": "syrup", "container-item": "55gal_drum", "charges-min": 2, "charges-max": 150 } ]
  },
  {
    "id": "sugar_house_vehicles",
    "type": "vehicle_group",
    "vehicles": [ [ "water_cart", 100 ] ]
  },
  {
    "type": "mapgen",
    "method": "json",
    "om_terrain": [ "sugar_house" ],
    "weight": 300,
    "object": {
      "fill_ter": "t_floor",
      "rows": [
        "........................",
        ".--vvvv---;;-----vv---..",
        ".|hnnh p|D   |p hnnh |..",
        ".vhnnh  |   -|  hnnh |..",
        ".vhnnh  +       hnnh |..",
        ".|hnnh  |   hh  hnnh |..",
        ".|hnnh  |F  nn  hnnh v..",
        ".|     p|F  nn  hnnh v..",
        ".|------|   hh  hnnh |..",
        ".|Cff|t +       hnnh |..",
        ".vS  |--| hhhh  hnnh |..",
        ".vO    D| nnnn  hnnh |..",
        ".|C cc  + nnnn  hnnh v..",
        ".|C cc S| hhhh  hnnh v..",
        ".|C cc O|            |..",
        ".|------|--------++--|..",
        ".|                  r|..",
        ".|            ww    r|.M",
        ".v            rr    r|..",
        ".v            rr    r|.M",
        ".|            rr    r|..",
        ".|rrrrr   sss rr    r|..",
        ".-------++------------.M",
        "........................"
      ],
      "set": [
        { "point": "terrain", "id": "t_grass", "x": [ 22, 23 ], "y": [ 0, 23 ], "repeat": [ 10, 20 ] },
        { "point": "terrain", "id": "t_grass", "x": 0, "y": [ 0, 23 ], "repeat": [ 5, 10 ] },
        { "point": "terrain", "id": "t_grass", "x": [ 0, 21 ], "y": 0, "repeat": [ 5, 10 ] },
        { "point": "terrain", "id": "t_grass", "x": [ 0, 21 ], "y": 23, "repeat": [ 5, 10 ] }
      ],
      "terrain": {
        "+": "t_door_c",
        "-": "t_wall",
        ".": "t_dirt",
        ";": "t_door_c",
        "C": "t_floor",
        "D": "t_floor",
        "F": "t_floor",
        "M": "t_tree_maple_tapped",
        "O": "t_floor",
        "S": "t_floor",
        "c": "t_floor",
        "f": "t_floor",
        "h": "t_floor",
        "n": "t_floor",
        "p": "t_floor",
        "r": "t_floor",
        "s": "t_floor",
        "v": "t_window",
        "w": "t_floor",
        "|": "t_wall"
      },
      "furniture": {
        "C": "f_cupboard",
        "D": "f_trashcan",
        "F": "f_fireplace",
        "O": "f_oven",
        "S": "f_sink",
        "c": "f_counter",
        "f": "f_fridge",
        "h": "f_chair",
        "n": "f_table",
        "p": "f_indoor_plant",
        "r": "f_rack",
        "s": "f_standing_tank",
        "w": "f_woodstove"
      },
      "toilets": { "t": {  } },
      "place_loot": [
        { "item": "bucket", "x": 23, "y": 17, "chance": 100 },
        { "item": "bucket", "x": 23, "y": 19, "chance": 100 },
        { "item": "bucket", "x": 23, "y": 22, "chance": 100 },
        { "group": "sugar_house_furnace", "x": 14, "y": 18, "chance": 100 },
        { "group": "sugar_house_furnace", "x": 14, "y": 19, "chance": 100 },
        { "group": "sugar_house_furnace", "x": 14, "y": 20, "chance": 100 },
        { "group": "sugar_house_furnace", "x": 14, "y": 21, "chance": 100 },
        { "group": "sugar_house_furnace", "x": 15, "y": 18, "chance": 100 },
        { "group": "sugar_house_furnace", "x": 15, "y": 19, "chance": 100 },
        { "group": "sugar_house_furnace", "x": 15, "y": 20, "chance": 100 },
        { "group": "sugar_house_furnace", "x": 15, "y": 21, "chance": 100 },
        { "item": "log", "x": 9, "y": 6, "chance": 60, "repeat": [ 1, 3 ] },
        { "item": "log", "x": 9, "y": 7, "chance": 60, "repeat": [ 1, 3 ] },
        { "group": "trash", "x": 9, "y": 2, "chance": 75, "repeat": [ 1, 3 ] },
        { "group": "trash", "x": 7, "y": 11, "chance": 75, "repeat": [ 1, 3 ] },
        { "group": "sugar_house_kitchen_items", "x": [ 4, 5 ], "y": [ 12, 14 ], "chance": 100, "repeat": [ 4, 8 ] },
        { "group": "sugar_house_items", "x": [ 3, 4 ], "y": [ 2, 6 ], "chance": 75, "repeat": [ 6, 10 ] },
        { "group": "sugar_house_items", "x": [ 17, 18 ], "y": [ 2, 13 ], "chance": 75, "repeat": [ 8, 14 ] },
        { "group": "sugar_house_items", "x": [ 12, 13 ], "y": [ 6, 7 ], "chance": 75, "repeat": [ 2, 4 ] },
        { "group": "sugar_house_items", "x": [ 10, 13 ], "y": [ 11, 12 ], "chance": 50, "repeat": [ 6, 10 ] },
        { "group": "sugar_house_tools", "x": 20, "y": [ 16, 21 ], "chance": 90, "repeat": [ 2, 6 ] },
        { "group": "sugar_house_tools", "x": [ 2, 6 ], "y": 21, "chance": 90, "repeat": [ 2, 6 ] },
        { "group": "sugar_house_drum", "x": 2, "y": 16, "chance": 60 },
        { "group": "sugar_house_drum", "x": 3, "y": 16, "chance": 60 },
        { "group": "sugar_house_drum", "x": 4, "y": 16, "chance": 60 },
        { "group": "sugar_house_drum", "x": 2, "y": 17, "chance": 60 },
        { "group": "sugar_house_drum", "x": 3, "y": 17, "chance": 60 },
        { "group": "sugar_house_drum", "x": 4, "y": 17, "chance": 60 },
        { "item": "log", "x": [ 7, 10 ], "y": [ 16, 17 ], "chance": 100, "repeat": [ 16, 40 ] },
        { "group": "fridge", "x": 3, "y": 9, "chance": 60, "repeat": [ 1, 4 ] },
        { "group": "fridge", "x": 4, "y": 9, "chance": 60, "repeat": [ 1, 4 ] },
        { "group": "kitchen", "x": 2, "y": 9, "chance": 60, "repeat": [ 1, 2 ] },
        { "group": "kitchen", "x": 2, "y": 12, "chance": 60, "repeat": [ 1, 2 ] },
        { "group": "kitchen", "x": 2, "y": 13, "chance": 60, "repeat": [ 1, 2 ] },
        { "group": "kitchen", "x": 2, "y": 14, "chance": 60, "repeat": [ 1, 2 ] }
      ],
      "place_monsters": [
        { "monster": "GROUP_ZOMBIE", "x": [ 9, 20 ], "y": [ 2, 14 ], "repeat": [ 2, 5 ] },
        { "monster": "GROUP_ZOMBIE_MID", "x": [ 2, 19 ], "y": [ 16, 21 ], "repeat": [ 2, 3 ] }
      ]
    }
  }
]
