[
  {
    "type" : "item_group",
    "id" : "rare",
    "//" : "Items that should have very low frequencies and or few locations.",
    "magazine": 100,
    "items":[
      ["12mm", 20],
      ["adrenaline_injector", 20],
      ["ampoule", 100],
      ["antifungal", 10],
      ["antiparasitic", 20],
      ["armor_chitin", 10],
      ["bio_blade", 10],
      ["bio_speed", 10],
      ["bot_c4_hack", 30],
      ["bot_laserturret", 20],
      ["bot_mininuke_hack", 10],
      ["c4", 50],
      ["canister_goo", 80],
      ["cleansuit", 100],
      ["dump_pouch", 100],
      ["electrohack", 30],
      ["fetus", 10],
      ["ftk93", 10],
      ["hazmat_suit", 50],
      ["hk_g80", 20],
      ["hk_g80mag", 35],
      ["emp_gun", 20],
      ["id_military", 30],
      ["id_science", 20],
      ["knife_rm42", 20],
      ["l-stick", 10],
      ["large_repairkit", 20],
      ["laser_pack", 100],
      ["laser_rifle", 10],
      ["m240", 10],
      ["m249", 10],
      ["m60", 10],
      ["mask_bal", 100],
      ["militarymap", 20],
      ["mininuke", 10],
      ["mutagen", 80],
      ["optical_cloak", 20],
      ["pickaxe", 10],
      ["plasma", 80],
      ["plasma_rifle", 10],
      ["plut_cell", 100],
      ["portal", 20],
      ["power_armor_basic", 50],
      ["power_armor_frame", 40],
      ["power_armor_heavy", 30],
      ["power_armor_helmet_basic", 60],
      ["power_armor_helmet_heavy", 30],
      ["power_armor_helmet_light", 30],
      ["power_armor_light", 30],
      ["processor", 150],
      ["purifier", 120],
      ["pur_tablets", 200],
      ["recipe_medicalmut", 100],
      ["remotevehcontrol", 80],
      ["rm11b_sniper_rifle", 10],
      ["rm13_armor", 20],
      ["rm51_assault_rifle", 10],
      ["royal_jelly", 80],
      ["RPG", 10],
      ["RPG-7_ammo", 10],
      ["rx11_stimpack", 50],
      ["rx12_injector", 50],
      ["stimpack_ammo", 100],
      ["survivormap", 50],
      ["survnote", 10],
      ["tool_rdx_charge", 10],
      ["v29", 10]
    ]
  },{
    "type" : "item_group",
    "id" : "player_crafted",
    "//" : "items that should only be crafted by the player. Excluded from all other item groups. this is just an FYI list, it's not used to spawn items in game.",
    "items":[
      ["chemical_thrower", 0],
      ["diamond_bayonet", 0],
      ["diamond_bayonet", 0],
      ["diamond_broadsword", 0],
      ["diamond_katana", 0],
      ["diamond_knife", 0],
      ["diamond_kukri", 0],
      ["diamond_machete", 0],
      ["diamond_nodachi", 0],
      ["diamond_rapier", 0],
      ["diamond_sword_bayonet", 0],
      ["diamond_wakizashi", 0],
      ["diamond_punch_dagger", 0],
      ["diamond_zweihander", 0],
      ["fertilizer_bomb", 0],
      ["iv_mutagen_alpha", 0],
      ["iv_mutagen_chimera", 0],
      ["iv_mutagen_elfa", 0],
      ["iv_mutagen_medical", 0],
      ["m2browning_sawn", 0],
      ["mininuke_launcher", 0],
      ["mutagen_alpha", 0],
      ["mutagen_chimera", 0],
      ["mutagen_elfa", 0],
      ["mutagen_medical", 0],
      ["unbio_blaster_gun", 0]
    ]
  },{
    "type" : "item_group",
    "id" : "ammo",
    "subtype": "distribution",
    "entries" : [
      { "group": "ammo_pistol_common", "prob": 1000 },
      { "group": "ammo_shotgun_common", "prob": 1000 },
      { "group": "ammo_rifle_common", "prob": 1000 }
    ]
  },{
    "type" : "item_group",
    "id" : "launchers",
    "items":[
      ["m79", 10],
      ["m320", 50],
      ["mgl", 60],
      ["rm802", 40],
      ["m203", 50],
      ["LAW_Packed", 80],
      ["m3_carlgustav", 10],
      ["m202_flash", 20],
      ["RPG", 40],
      ["RPG-7_ammo", 40],
      ["flamethrower", 50],
      ["rm451_flamethrower", 40]
    ]
  },{
    "type" : "item_group",
    "id" : "antique_guns",
    "items" : [
      ["pistol_flintlock", 60],
      ["carbine_flintlock", 40],
      ["lemat_revolver", 30],
      ["rifle_flintlock", 75],
      ["colt_army", 30],
      ["colt_navy", 30]
    ]
  },{
    "type" : "item_group",
    "id" : "antique_guns_with_ammo",
    "ammo": 100,
    "magazine": 100,
    "items" : [
      ["pistol_flintlock", 60],
      ["carbine_flintlock", 40],
      ["lemat_revolver", 30],
      ["rifle_flintlock", 75],
      ["colt_army", 30],
      ["colt_navy", 30]
    ]
  },{
    "type" : "item_group",
    "id" : "antique_ammo",
    "items" : [
      ["flintlock_ammo", 60],
      ["flintlock_shot", 40],
      ["36navy", 50],
      ["44army", 50]
    ]
  },{
    "type" : "item_group",
    "id" : "archery",
    "items":[
      ["crossbow", 80],
      ["bullet_crossbow", 10],
      ["hand_crossbow", 10],
      ["huge_crossbow", 5],
      ["longbow", 40],
      ["compbow", 40],
      ["compositebow", 40],
      ["shortbow", 20],
      ["recurbow", 40],
      ["reflexbow", 20],
      ["slingshot", 50],
      ["wristrocket", 50]
    ]
  },{
    "type" : "item_group",
    "id" : "archery_mods",
    "items":[
      ["bow_sight", 50],
      ["bow_stabilizer", 50],
      ["arrowrest", 50],
      ["gun_crossbow", 40]
    ]
  },{
    "type" : "item_group",
    "id" : "archery_ammo",
    "items":[
      ["arrow_wood", 100],
      ["arrow_metal", 50],
      ["arrow_cf", 50],
      ["bolt_steel", 50]
    ]
  }
]
