[
    {
        "type":"GENERIC",
        "abstract": "bioroid_ai_core",
        "symbol": "o",
        "color": "yellow",
        "name": "AIコア",
        "category": "spare_parts",
        "price": 100000,
        "material": ["plastic", "steel"],
        "weight": 2000,
        "volume": 4,
        "to_hit": -3
    },
    {
        "type":"GENERIC",
        "abstract": "bioroid_kit",
        "symbol": "#",
        "color": "yellow",
        "name": "生体アンドロイドキット",
        "price": 500000,
        "material": ["plastic", "steel"],
        "weight": 10000,
        "volume": 10,
        "to_hit": -5,
        "use_action": "IUSE_BIOROID_KIT"
    },
    {
        "type":"GENERIC",
        "id": "bioroid_melee_ai_core",
        "copy-from": "bioroid_ai_core",
        "name": "AIコア(近接)",
        "description": "破損したロボットから抽出したAIコアです。近接戦闘に特化した調整がなされており、もし利用することができれば頼もしい戦力となるでしょう。"
    },
    {
        "type":"GENERIC",
        "id": "bioroid_generic_ai_core",
        "copy-from": "bioroid_ai_core",
        "name": "AIコア(汎用)",
        "description": "破損したロボットから抽出したAIコアです。バランスよく戦闘に特化した調整がなされており、もし利用することができれば頼もしい戦力となるでしょう。"
    },
    {
        "type":"GENERIC",
        "id": "bioroid_gun_ai_core",
        "copy-from": "bioroid_ai_core",
        "name": "AIコア(射撃)",
        "description": "破損したロボットから抽出したAIコアです。射撃に特化した調整がなされており、もし利用することができれば頼もしい戦力となるでしょう。"
    },
    {
        "type":"TOOL",
        "id": "bioroid_kit_melee",
        "copy-from": "bioroid_kit",
        "name": "生体アンドロイドキット(近接・男性型)",
        "description": "近接戦闘に特化した生体アンドロイドの作成キットです。使用するには素体となる人間の死体が必要になります。",
        "properties": [
            [ "type", "BIOROID_MELEE" ],
            [ "gender", "male" ]
        ]
    },
    {
        "type":"TOOL",
        "id": "bioroid_kit_melee_f",
        "copy-from": "bioroid_kit",
        "name": "生体アンドロイドキット(近接・女性型)",
        "description": "近接戦闘に特化した生体アンドロイドの作成キットです。使用するには素体となる人間の死体が必要になります。",
        "properties": [
            [ "type", "BIOROID_MELEE" ],
            [ "gender", "female" ]
        ]
    },
    {
        "type":"TOOL",
        "id": "bioroid_kit_generic",
        "copy-from": "bioroid_kit",
        "name": "生体アンドロイドキット(汎用・男性型)",
        "description": "バランスよく戦闘に特化した生体アンドロイドの作成キットです。使用するには素体となる人間の死体が必要になります。",
        "properties": [
            [ "type", "BIOROID_GENERIC" ],
            [ "gender", "male" ]
        ]
    },
    {
        "type":"TOOL",
        "id": "bioroid_kit_generic_f",
        "copy-from": "bioroid_kit",
        "name": "生体アンドロイドキット(汎用・女性型)",
        "description": "バランスよく戦闘に特化した生体アンドロイドの作成キットです。使用するには素体となる人間の死体が必要になります。",
        "properties": [
            [ "type", "BIOROID_GENERIC" ],
            [ "gender", "female" ]
        ]
    },
    {
        "type":"TOOL",
        "id": "bioroid_kit_gun",
        "copy-from": "bioroid_kit",
        "name": "生体アンドロイドキット(射撃・男性型)",
        "description": "射撃に特化した生体アンドロイドの作成キットです。使用するには素体となる人間の死体が必要になります。",
        "properties": [
            [ "type", "BIOROID_GUN" ],
            [ "gender", "male" ]
        ]
    },
    {
        "type":"TOOL",
        "id": "bioroid_kit_gun",
        "copy-from": "bioroid_kit",
        "name": "生体アンドロイドキット(射撃・女性型)",
        "description": "射撃に特化した生体アンドロイドの作成キットです。使用するには素体となる人間の死体が必要になります。",
        "properties": [
            [ "type", "BIOROID_GUN" ],
            [ "gender", "female" ]
        ]
    }
]
