[
    {
        "type": "mutation",
        "id": "BIOROID_BASE",
        "name": "生体アンドロイド",
        "points": 0,
        "description": "脳と内臓が人工器官で出来ているため、ダメージが致命傷になりにくいです。最大HPが50%増加しますが、電撃に弱くなります。",
        "starting_trait": false,
        "mixed_effect": true,
        "valid": false,
        "purifiable": false,
        "hp_modifier": 0.5,
        "armor": [
            { "parts": "ALL", "electric": -5 }
        ]
    },
    {
        "type": "mutation",
        "id": "BIOROID_MELEE",
        "name": "生体アンドロイド(近接)",
        "points": 3,
        "description": "近接戦闘型の生体アンドロイドです。近接攻撃時に電撃による追加ダメージを与えることがあります。",
        "starting_trait": false,
        "valid": false,
        "purifiable": false,
        "attacks" : [
            {
                "attack_text_u" : "右腕から放たれた電撃が%s",
                "attack_text_npc" : "%1$sの右腕から放たれた電撃が%2$sに命中した",
                "body_part" : "HAND_R",
                "chance" : 20,
                "base_damage" : { "damage_type" : "electric", "amount" : 15 },
                "strength_damage" : { "damage_type" : "electric", "amount" : 1 }
            }
        ]
    },
    {
        "type": "mutation",
        "id": "BIOROID_GENERIC",
        "name": "生体アンドロイド(汎用)",
        "points": 3,
        "description": "汎用型の生体アンドロイドです。重装備による戦闘への影響を軽減します。",
        "starting_trait": false,
        "valid": false,
        "purifiable": false,
        "encumbrance_always" : [
            [ "TORSO", -5 ],
            [ "HEAD", -5 ],
            [ "EYES", -5 ],
            [ "MOUTH", -5 ],
            [ "ARM_L", -5 ],
            [ "ARM_R", -5 ],
            [ "HAND_L", -5 ],
            [ "HAND_R", -5 ],
            [ "LEG_L", -5 ],
            [ "LEG_R", -5 ],
            [ "FOOT_L", -5 ],
            [ "FOOT_R", -5 ]
        ]
    },
    {
        "type": "mutation",
        "id": "BIOROID_GUN",
        "name": "生体アンドロイド(射撃)",
        "points": 4,
        "description": "射撃型の生体アンドロイドです。動体視力強化モジュールにより非常に優れた感覚を発揮します。",
        "starting_trait": false,
        "valid": false,
        "purifiable": false,
        "cancels" : ["MYOPIC"],
        "passive_mods" : {
            "per_mod" : 4
        }
    },
    {
        "type": "mutation",
        "id": "BIOROID_STEEL_BODY",
        "name": "鋼の肉体",
        "points": 3,
        "description": "身体に内蔵した装甲が敵の攻撃から身を守ります。",
        "starting_trait": false,
        "valid": false,
        "purifiable": false,
        "armor": [
            { "parts": "ALL", "bash": 2, "cut": 4 }
        ]
    }
]
