[
  {
    "id": "beltfeed",
    "type": "GUNMOD",
    "name": "belt feed adapter",
    "description": "A kit providing the necessary parts for permanently converting a firearm from magazine to belt-feed.  Guaranteed to void your warranty.",
    "weight": 950,
    "volume": 3,
    "integral_volume": 1,
    "price": 32000,
    "material": "steel",
    "symbol": ":",
    "color": "green",
    "location": "magazine",
    "mod_targets": [ "rifle" ],
    "acceptable_ammo": [ "223", "308", "50" ],
    "install_time": 60000,
    "magazine_adaptor": [
      [ "223", [ "belt223" ] ],
      [ "308", [ "belt308" ] ],
      [ "50", [ "belt50" ] ]
    ],
    "min_skills": [ [ "weapon", 4 ], [ "mechanics", 3 ] ],
    "flags": [ "INSTALL_DIFFICULT", "IRREMOVABLE" ]
  },
  {
    "id": "lwfeed",
    "type": "GUNMOD",
    "name": "leadworks magazine adapter",
    "description": "A bootleg adapter for permanently converting a firearm to accept proprietary Leadworks magazines.  Guaranteed to void your warranty.",
    "weight": 140,
    "volume": 1,
    "integral_volume": 1,
    "price": 48000,
    "material": "steel",
    "symbol": ":",
    "color": "green",
    "location": "magazine",
    "mod_targets": [ "pistol", "rifle" ],
    "acceptable_ammo": [ "9mm", "45", "223" ],
    "install_time": 60000,
    "magazine_adaptor": [
      [ "9mm", [ "lw21mag" ] ],
      [ "45", [ "lw12mag" ] ],
      [ "223", [ "lw223mag", "lw223bigmag" ] ]
    ],
    "min_skills": [ [ "weapon", 4 ], [ "mechanics", 3 ] ],
    "flags": [ "INSTALL_DIFFICULT", "IRREMOVABLE" ]
  }
]
