[
  {
    "id": "bow_sight",
    "type": "GUNMOD",
    "name": "five pin bow sight",
    "description": "A set of adjustable optic fibre aiming pins with a bracket to mount on modern bows.  Improves accuracy substantially, but takes a bit longer to line up.",
    "weight": 120,
    "volume": 1,
    "integral_volume": 0,
    "price": 5000,
    "material": [ "aluminum", "plastic" ],
    "symbol": ":",
    "color": "dark_gray",
    "location": "sights",
    "mod_targets": [ "bow" ],
    "sight_dispersion": 11,
    "aim_speed": 5,
    "min_skills": [ [ "archery", 2 ] ]
  },
  {
    "id": "bow_sight_pin",
    "type": "GUNMOD",
    "name": "single pin bow sight",
    "description": "A single aluminum pin with a bracket to mount on modern bows.  Quick to use, but not very accurate.",
    "weight": 80,
    "volume": 1,
    "integral_volume": 0,
    "price": 3000,
    "material": [ "aluminum", "plastic" ],
    "symbol": ":",
    "color": "dark_gray",
    "location": "sights",
    "mod_targets": [ "bow" ],
    "sight_dispersion": 22,
    "aim_speed": 7
  },
  {
    "id": "bow_scope",
    "type": "GUNMOD",
    "name": "bow scope",
    "description": "A single magnifying scope mounted on an adjustable bracket, with accompanying clarifier peep sight.  Designed for extra long shots, but easily adjusted for short range.  Spectacularly accurate.",
    "weight": 180,
    "volume": 1,
    "integral_volume": 0,
    "price": 20000,
    "material": [ "aluminum", "plastic", "glass" ],
    "symbol": ":",
    "color": "dark_gray",
    "location": "sights",
    "mod_targets": [ "bow" ],
    "sight_dispersion": 1,
    "aim_speed": 2,
    "min_skills": [ [ "archery", 3 ] ]
  },
  {
    "id": "holo_sight",
    "type": "GUNMOD",
    "name": "holographic sight",
    "description": "Used extensively by military forces, it increases accuracy and weight.  This is a step up from a red dot sight.",
    "weight": 400,
    "volume": 1,
    "price": 68000,
    "material": [ "plastic", "steel" ],
    "symbol": ":",
    "color": "dark_gray",
    "location": "sights",
    "mod_targets": [ "smg", "rifle", "shotgun", "crossbow", "pistol", "launcher" ],
    "sight_dispersion": 13,
    "aim_speed": 6,
    "min_skills": [ [ "weapon", 2 ], [ "gun", 3 ] ],
    "flags": [ "DISABLE_SIGHTS" ]
  },
  {
    "id": "improve_sights",
    "type": "GUNMOD",
    "name": "iron sights",
    "name_plural": "iron sights",
    "description": "A basic set of iron sights",
    "weight": 60,
    "volume": 1,
    "integral_volume": 0,
    "price": 72000,
    "material": [ "steel" ],
    "symbol": ":",
    "color": "dark_gray",
    "location": "sights",
    "mod_targets": [ "smg", "rifle", "pistol", "shotgun", "crossbow", "launcher" ],
    "sight_dispersion": 30,
    "aim_speed": 6,
    "min_skills": [ [ "weapon", 2 ], [ "gun", 1 ] ],
    "flags": [ "DISABLE_SIGHTS" ]
  },
  {
    "id": "pistol_scope",
    "type": "GUNMOD",
    "name": "pistol scope",
    "description": "A small scope intended for use on a handgun.  Increases weight but improves accuracy greatly.",
    "weight": 212,
    "volume": 1,
    "price": 54000,
    "material": [ "aluminum", "glass" ],
    "symbol": ":",
    "color": "dark_gray",
    "location": "sights",
    "mod_targets": [ "pistol", "crossbow" ],
    "sight_dispersion": 8,
    "aim_speed": 2,
    "min_skills": [ [ "weapon", 2 ], [ "gun", 4 ] ],
    "flags": [ "DISABLE_SIGHTS" ]
  },
  {
    "id": "red_dot_sight",
    "type": "GUNMOD",
    "name": "red dot sight",
    "description": "Adds a red dot optic to the top of your gun, replacing the iron sights.  Increases accuracy and weight.",
    "weight": 300,
    "volume": 1,
    "integral_volume": 0,
    "price": 68000,
    "material": [ "plastic", "steel" ],
    "symbol": ":",
    "color": "dark_gray",
    "location": "sights",
    "mod_targets": [ "smg", "rifle", "shotgun", "pistol", "crossbow", "launcher" ],
    "sight_dispersion": 23,
    "aim_speed": 6,
    "min_skills": [ [ "weapon", 2 ], [ "gun", 2 ] ],
    "flags": [ "DISABLE_SIGHTS" ]
  },
  {
    "id": "rifle_scope",
    "type": "GUNMOD",
    "name": "rifle scope",
    "description": "A long ranged rifle scope used by civilians and military alike, increases weight but improves accuracy greatly.",
    "weight": 450,
    "volume": 2,
    "price": 68000,
    "material": [ "aluminum", "glass" ],
    "symbol": ":",
    "color": "dark_gray",
    "location": "sights",
    "mod_targets": [ "rifle", "crossbow", "launcher" ],
    "install_time": 30000,
    "sight_dispersion": 0,
    "aim_speed": 0,
    "min_skills": [ [ "weapon", 2 ], [ "gun", 4 ] ],
    "flags": [ "DISABLE_SIGHTS", "ZOOM" ]
  },
  {
    "id": "acog_scope",
    "type": "GUNMOD",
    "name": "ACOG scope",
    "description": "An Advanced Combat Optical Gunsight, a milspec medium magnification scope.  Increases weight but improves accuracy significantly.",
    "weight": 450,
    "volume": 2,
    "price": 68000,
    "material": [ "aluminum", "glass" ],
    "symbol": ":",
    "color": "dark_gray",
    "location": "sights",
    "mod_targets": [ "rifle", "crossbow", "launcher" ],
    "install_time": 30000,
    "sight_dispersion": 8,
    "aim_speed": 2,
    "min_skills": [ [ "weapon", 2 ], [ "gun", 4 ] ],
    "flags": [ "DISABLE_SIGHTS", "ZOOM" ]
  },
  {
    "id": "riv_scope",
    "copy-from": "rifle_scope",
    "type": "GUNMOD",
    "name": "RS1219 scope",
    "description": "An integral component of the RM11B rifle system, the RS1219 Accipiter digital scope provides auto-adjusting focal length, a user-selectable reticle, and an offset reflex sight for close objectives.",
    "weight": 0,
    "volume": 0,
    "price": 0,
    "material": [ "superalloy", "ceramic" ],
    "aim_speed": 2,
    "flags": [ "ZOOM", "IRREMOVABLE" ]
  },
  {
    "id": "tele_sight",
    "type": "GUNMOD",
    "name": "telescopic sight",
    "description": "A simple telescopic sight, essentially a small telescope with crosshairs.  Increases weight but improves accuracy.",
    "weight": 300,
    "volume": 1,
    "price": 30000,
    "material": [ "plastic", "steel", "glass" ],
    "symbol": ":",
    "color": "dark_gray",
    "location": "sights",
    "mod_targets": [ "smg", "rifle", "shotgun", "crossbow", "pistol", "launcher" ],
    "install_time": 30000,
    "sight_dispersion": 15,
    "aim_speed": 1,
    "min_skills": [ [ "weapon", 2 ], [ "gun", 3 ] ],
    "flags": [ "DISABLE_SIGHTS" ]
  },
  {
    "id": "tele_sight_pistol",
    "type": "GUNMOD",
    "name": "telescopic pistol sight",
    "description": "A simple telescopic sight intended for use on a handgun.  Increases weight but improves accuracy greatly.",
    "weight": 220,
    "volume": 1,
    "price": 27000,
    "material": [ "plastic", "steel", "glass" ],
    "symbol": ":",
    "color": "dark_gray",
    "location": "sights",
    "mod_targets": [ "pistol", "crossbow" ],
    "sight_dispersion": 20,
    "aim_speed": 1,
    "min_skills": [ [ "weapon", 2 ], [ "gun", 3 ] ],
    "flags": [ "DISABLE_SIGHTS" ]
  },
  {
    "id": "lead_red_dot_sight",
    "copy-from": "red_dot_sight",
    "type": "GUNMOD",
    "name": "LW red dot sight",
    "description": "Built in red-dot sight for the Leadworks weapon.",
    "weight": 0,
    "volume": 0,
    "price": 0,
    "flags": [ "DISABLE_SIGHTS", "IRREMOVABLE" ]
  },
  {
    "id": "lead_rifle_scope",
    "copy-from": "rifle_scope",
    "type": "GUNMOD",
    "name": "LW rifle scope",
    "description": "Built in rifle scope for the Leadworks weapon.",
    "weight": 0,
    "volume": 0,
    "price": 0,
    "flags": [ "DISABLE_SIGHTS", "ZOOM", "IRREMOVABLE" ]
  },
  {
    "id": "lead_acog_scope",
    "copy-from": "acog_scope",
    "type": "GUNMOD",
    "name": "LW ACOG scope",
    "description": "An Leadworks built in Advanced Combat Optical Gunsight, a milspec medium magnification scope.  Improves accuracy significantly.",
    "weight": 0,
    "volume": 0,
    "price": 0,
    "flags": [ "DISABLE_SIGHTS", "ZOOM", "IRREMOVABLE" ]
  },
  {
    "id": "lead_holo_sight",
    "copy-from": "holo_sight",
    "type": "GUNMOD",
    "name": "LW holographic sight",
    "description": "Leadworks built in holographic sight.",
    "weight": 0,
    "price": 0,
    "flags": [ "DISABLE_SIGHTS", "IRREMOVABLE" ]
  }
]
