[
  {
    "type": "palette",
    "id": "office_doctor",
    "terrain": {
      " ": [ "t_dirt", "t_grass" ],
      "!": "t_door_locked_interior",
      "#": "t_wall",
      "$": "t_floor",
      "%": "t_console_broken",
      "&": "t_floor",
      "+": "t_door_c",
      ".": "t_floor",
      "0": "t_window_alarm",
      "D": "t_floor",
      "F": "t_floor",
      "5": "t_console",
      "6": "t_console",
      "9": "t_window_domestic",
      ":": "t_door_glass_c",
      ";": "t_door_locked",
      "=": "t_door_locked_alarm",
      "B": "t_floor",
      "C": "t_floor",
      "H": "t_floor",
      "I": "t_floor",
      "O": "t_floor",
      "S": "t_floor",
      "T": "t_floor",
      "X": "t_door_metal_locked",
      "b": "t_floor",
      "c": "t_floor",
      "d": "t_floor",
      "e": "t_floor",
      "h": "t_floor",
      "l": "t_floor",
      "o": "t_floor",
      "r": "t_sidewalk",
      "s": "t_floor",
      "t": "t_floor",
      "w": "t_window",
      "y": "t_floor",
      "}": "t_floor",
      "~": "t_sidewalk"
    },
    "furniture": {
      "$": "f_safe_l",
      "&": "f_toilet",
      "B": "f_bed",
      "C": "f_locker",
      "H": "f_locker",
      "I": "f_locker",
      "O": "f_locker",
      "S": "f_sink",
      "b": "f_bench",
      "c": "f_counter",
      "d": "f_desk",
      "e": "f_fridge",
      "h": "f_chair",
      "l": "f_locker",
      "o": "f_bookcase",
      "r": "f_trashcan",
      "s": "f_sink",
      "t": "f_table",
      "y": "f_indoor_plant_y"
    },
    "toilets": { "&": {  } }
  }
]
