[
  {
    "id": "metal_wheel",
    "type": "vehicle_part",
    "name": "metal wheel",
    "item": "wheel_metal",
    "location": "under",
    "symbol": "|",
    "broken_symbol": "x",
    "difficulty": 2,
    "durability": 180,
    "description": "A strong metal wheel.",
    "damage_modifier": 70,
    "breaks_into": [ { "item": "scrap", "count": [ 4, 6 ] }, { "item": "steel_chunk", "count": [ 2, 3 ] } ],
    "flags": [ "WHEEL" ]
  },
  {
    "id": "roller_drum",
    "type": "vehicle_part",
    "name": "roller drum",
    "item": "hd_steel_drum",
    "location": "center",
    "symbol": "B",
    "broken_symbol": "E",
    "color": "light_red",
    "difficulty": 5,
    "durability": 7500,
    "description": "A strong metal wheel.",
    "damage_modifier": 500,
    "breaks_into": [
      { "item": "steel_lump", "count": [ 25, 75 ] },
      { "item": "steel_chunk", "count": [ 30, 90 ] },
      { "item": "scrap", "count": [ 50, 150 ] }
    ],
    "flags": [ "ARMOR", "OBSTACLE", "WHEEL", "STEERABLE" ],
    "damage_reduction": { "all": 10000 }
  },
  {
    "id": "wheel",
    "type": "vehicle_part",
    "name": "wheel",
    "item": "wheel",
    "location": "under",
    "symbol": "0",
    "broken_symbol": "x",
    "color": "dark_gray",
    "difficulty": 3,
    "durability": 200,
    "description": "A wheel.",
    "damage_modifier": 50,
    "breaks_into": [
      { "item": "steel_lump", "count": [ 1, 2 ] },
      { "item": "steel_chunk", "count": [ 1, 2 ] },
      { "item": "scrap", "count": [ 1, 2 ] },
      { "item": "leaf_spring", "count": [ 1, 2 ] }
    ],
    "flags": [ "WHEEL" ]
  },
  {
    "id": "wheel_steerable",
    "copy-from": "wheel",
    "type": "vehicle_part",
    "name": "wheel (steerable)",
    "extend": { "flags": [ "STEERABLE" ] }
  },
  {
    "id": "wheel_armor",
    "type": "vehicle_part",
    "name": "armored wheel",
    "item": "wheel_armor",
    "location": "under",
    "symbol": "0",
    "broken_symbol": "x",
    "color": "green",
    "difficulty": 4,
    "durability": 800,
    "description": "A very strong, armored metal wheel.",
    "damage_modifier": 50,
    "breaks_into": [
      { "item": "steel_lump", "count": [ 2, 3 ] },
      { "item": "steel_chunk", "count": [ 2, 3 ] },
      { "item": "scrap", "count": [ 2, 3 ] },
      { "item": "leaf_spring", "count": [ 2, 3 ] }
    ],
    "flags": [ "WHEEL" ]
  },
  {
    "id": "wheel_armor_steerable",
    "copy-from": "wheel_armor",
    "type": "vehicle_part",
    "name": "armored wheel (steerable)",
    "extend": { "flags": [ "STEERABLE" ] }
  },
  {
    "id": "wheel_barrow",
    "type": "vehicle_part",
    "name": "wheelbarrow wheel",
    "item": "wheel_barrow",
    "location": "under",
    "symbol": "o",
    "broken_symbol": "x",
    "color": "dark_gray",
    "difficulty": 2,
    "durability": 70,
    "description": "A small wheel.",
    "damage_modifier": 50,
    "breaks_into": [ { "item": "steel_lump" }, { "item": "steel_chunk", "count": [ 1, 3 ] }, { "item": "scrap", "count": [ 1, 3 ] } ],
    "flags": [ "WHEEL", "STABLE", "TOOL_WRENCH", "STEERABLE" ]
  },
  {
    "id": "wheel_bicycle",
    "type": "vehicle_part",
    "name": "bicycle wheel",
    "item": "wheel_bicycle",
    "location": "under",
    "symbol": "|",
    "broken_symbol": "x",
    "color": "dark_gray",
    "difficulty": 1,
    "durability": 40,
    "description": "A thin bicycle wheel.",
    "damage_modifier": 50,
    "folded_volume": 14,
    "breaks_into": [
      { "item": "steel_lump", "prob": 50 },
      { "item": "steel_chunk", "count": [ 1, 2 ] },
      { "item": "scrap", "count": [ 1, 2 ] }
    ],
    "flags": [ "WHEEL", "FOLDABLE", "TOOL_WRENCH" ]
  },
  {
    "id": "wheel_bicycle_steerable",
    "copy-from": "wheel_bicycle",
    "type": "vehicle_part",
    "name": "bicycle wheel (steerable)",
    "extend": { "flags": [ "STEERABLE" ] }
  },
  {
    "id": "wheel_caster",
    "type": "vehicle_part",
    "name": "casters",
    "item": "wheel_caster",
    "location": "under",
    "symbol": "o",
    "broken_symbol": "x",
    "color": "dark_gray",
    "difficulty": 1,
    "durability": 70,
    "description": "A set of small wheels, mounted on pivots, like the ones on a rolling office chair or grocery cart.",
    "damage_modifier": 50,
    "folded_volume": 5,
    "breaks_into": [
      { "item": "steel_lump", "prob": 50 },
      { "item": "steel_chunk", "count": [ 1, 2 ] },
      { "item": "scrap", "count": [ 1, 2 ] }
    ],
    "flags": [ "WHEEL", "STABLE", "FOLDABLE", "TOOL_WRENCH", "STEERABLE" ]
  },
  {
    "id": "wheel_motorbike",
    "type": "vehicle_part",
    "name": "motorbike wheel",
    "item": "wheel_motorbike",
    "location": "under",
    "symbol": "o",
    "broken_symbol": "x",
    "color": "dark_gray",
    "difficulty": 2,
    "durability": 90,
    "description": "A small wheel from a motorcycle.",
    "damage_modifier": 50,
    "breaks_into": [
      { "item": "steel_lump", "count": [ 1, 3 ] },
      { "item": "steel_chunk", "count": [ 1, 3 ] },
      { "item": "scrap", "count": [ 1, 3 ] }
    ],
    "flags": [ "WHEEL" ]
  },
  {
    "id": "wheel_motorbike_steerable",
    "copy-from": "wheel_motorbike",
    "type": "vehicle_part",
    "name": "motorbike wheel (steerable)",
    "extend": { "flags": [ "STEERABLE" ] }
  },
  {
    "id": "wheel_small",
    "type": "vehicle_part",
    "name": "small wheel",
    "item": "wheel_small",
    "location": "under",
    "symbol": "o",
    "broken_symbol": "x",
    "color": "dark_gray",
    "difficulty": 2,
    "durability": 70,
    "description": "A small wheel.",
    "damage_modifier": 50,
    "breaks_into": [ { "item": "steel_lump" }, { "item": "steel_chunk", "count": [ 1, 3 ] }, { "item": "scrap", "count": [ 1, 3 ] } ],
    "flags": [ "WHEEL", "NO_JACK" ]
  },
  {
    "id": "wheel_small_steerable",
    "copy-from": "wheel_small",
    "type": "vehicle_part",
    "name": "small wheel (steerable)",
    "extend": { "flags": [ "STEERABLE" ] }
  },
  {
    "id": "wheel_unicycle",
    "type": "vehicle_part",
    "name": "unicycle wheel",
    "item": "wheel_bicycle",
    "location": "under",
    "symbol": "|",
    "broken_symbol": "x",
    "color": "dark_gray",
    "difficulty": 2,
    "durability": 40,
    "description": "A small wheel.",
    "damage_modifier": 50,
    "folded_volume": 14,
    "breaks_into": [
      { "item": "steel_lump", "prob": 50 },
      { "item": "steel_chunk", "count": [ 1, 2 ] },
      { "item": "scrap", "count": [ 1, 2 ] }
    ],
    "flags": [ "WHEEL", "STABLE", "FOLDABLE", "TOOL_WRENCH", "STEERABLE" ]
  },
  {
    "id": "wheel_wheelchair",
    "type": "vehicle_part",
    "name": "wheelchair wheel",
    "item": "wheel_wheelchair",
    "location": "under",
    "symbol": "|",
    "broken_symbol": "x",
    "color": "dark_gray",
    "difficulty": 2,
    "durability": 40,
    "description": "A pair of wheelchair wheels.",
    "damage_modifier": 50,
    "folded_volume": 25,
    "breaks_into": [
      { "item": "steel_lump", "prob": 50 },
      { "item": "steel_chunk", "count": [ 1, 2 ] },
      { "item": "scrap", "count": [ 1, 2 ] }
    ],
    "flags": [ "WHEEL", "STABLE", "FOLDABLE", "TOOL_WRENCH", "STEERABLE" ]
  },
  {
    "id": "wheel_wide",
    "type": "vehicle_part",
    "name": "wide wheel",
    "item": "wheel_wide",
    "location": "under",
    "symbol": "O",
    "broken_symbol": "x",
    "color": "dark_gray",
    "difficulty": 4,
    "durability": 400,
    "description": "A wide wheel that provides more traction and better off-road performance.",
    "damage_modifier": 50,
    "breaks_into": [
      { "item": "steel_lump", "count": [ 2, 3 ] },
      { "item": "steel_chunk", "count": [ 2, 3 ] },
      { "item": "scrap", "count": [ 2, 3 ] },
      { "item": "leaf_spring", "count": [ 2, 3 ] }
    ],
    "flags": [ "WHEEL" ]
  },
  {
    "id": "wheel_wide_steerable",
    "copy-from": "wheel_wide",
    "type": "vehicle_part",
    "name": "wide wheel (steerable)",
    "extend": { "flags": [ "STEERABLE" ] }
  },
  {
    "id": "wheel_wood",
    "type": "vehicle_part",
    "name": "wooden cart wheel",
    "item": "wheel_wood",
    "location": "under",
    "symbol": "|",
    "broken_symbol": "x",
    "color": "brown",
    "broken_color": "brown",
    "durability": 30,
    "description": "A wooden wheel.",
    "damage_modifier": 50,
    "breaks_into": [ { "item": "2x4", "count": [ 0, 4 ] }, { "item": "nail", "charges": [ 5, 15 ] } ],
    "requirements": {
      "install": { "skills": [ [ "mechanics", 2 ] ], "time": 30000, "using": "vehicle_bolt" },
      "removal": { "skills": [ [ "mechanics", 2 ] ], "using": "vehicle_bolt" },
      "repair": { "skills": [ [ "mechanics", 2 ] ], "time": 5000, "using": [ [ "adhesive", 1 ] ] }
    },
    "flags": [ "WHEEL" ]
  },
  {
    "id": "wheel_wood_b",
    "copy-from": "wheel_wood",
    "type": "vehicle_part",
    "name": "banded wooden cart wheel",
    "item": "wheel_wood_b",
    "location": "under",
    "breaks_into": [
      { "item": "2x4", "count": [ 0, 4 ] },
      { "item": "nail", "charges": [ 5, 15 ] },
      { "item": "scrap", "count": [ 1, 2 ] }
    ],
    "proportional": { "durability": 2, "damage_modifier": 2 }
  }
]
