[
  {
    "abstract": "ram_blaze",
    "type": "vehicle_part",
    "location": "structure",
    "symbol": "X",
    "broken_symbol": "*",
    "difficulty": 2,
    "description": "A reinforced ram.  Place at the edge of vehicle to reduce damage taken in collisions, and to increase damaged delivered in collisions, if the ram is the first vehicle part to collide.",
    "flags": [ "PROTRUSION", "OBSTACLE" ]
  },
  {
    "id": "ram_alloy",
    "copy-from": "ram_blaze",
    "type": "vehicle_part",
    "name": "superalloy ram",
    "item": "alloy_plate",
    "color": "dark_gray",
    "broken_color": "dark_gray",
    "durability": 900,
    "breaks_into": [
      { "item": "steel_lump", "count": [ 4, 6 ] },
      { "item": "steel_chunk", "count": [ 4, 6 ] },
      { "item": "scrap", "count": [ 4, 6 ] }
    ]
  },
  {
    "id": "ram_hardsteel",
    "copy-from": "ram_blaze",
    "type": "vehicle_part",
    "name": "heavy steel ram",
    "item": "hard_plate",
    "color": "cyan",
    "broken_color": "cyan",
    "durability": 2300,
    "breaks_into": [
      { "item": "steel_lump", "count": [ 4, 6 ] },
      { "item": "steel_chunk", "count": [ 4, 6 ] },
      { "item": "scrap", "count": [ 4, 6 ] }
    ]
  },
  {
    "id": "ram_military_horizontal",
    "copy-from": "ram_blaze",
    "type": "vehicle_part",
    "name": "military composite ram",
    "item": "mil_plate",
    "color": "green",
    "broken_color": "green",
    "durability": 3250,
    "breaks_into": [
      { "item": "steel_lump", "count": [ 4, 6 ] },
      { "item": "steel_chunk", "count": [ 4, 6 ] },
      { "item": "scrap", "count": [ 4, 6 ] },
      { "item": "ceramic_armor", "count": [ 0, 4 ] }
    ]
  },
  {
    "id": "ram_spiked",
    "copy-from": "ram_blaze",
    "type": "vehicle_part",
    "name": "spiked ram",
    "item": "spiked_plate",
    "color": "red",
    "broken_color": "red",
    "durability": 900,
    "damage_modifier": 150,
    "breaks_into": [
      { "item": "steel_lump", "count": [ 4, 6 ] },
      { "item": "steel_chunk", "count": [ 4, 6 ] },
      { "item": "scrap", "count": [ 4, 6 ] },
      { "item": "spike", "count": [ 0, 2 ] }
    ]
  },
  {
    "id": "ram_steel",
    "copy-from": "ram_blaze",
    "type": "vehicle_part",
    "name": "steel ram",
    "item": "steel_plate",
    "color": "light_cyan",
    "broken_color": "light_cyan",
    "durability": 1000,
    "breaks_into": "ig_vp_steel_plate"
  },
  {
    "id": "ram_wood",
    "copy-from": "ram_blaze",
    "type": "vehicle_part",
    "name": "wooden ram",
    "item": "wood_plate",
    "color": "brown",
    "broken_color": "brown",
    "durability": 300,
    "breaks_into": "ig_vp_wood_plate"
  },
  {
    "id": "tearer",
    "type": "vehicle_part",
    "name": "shredder",
    "item": "tearer",
    "location": "structure",
    "symbol": "*",
    "broken_symbol": "x",
    "color": "dark_gray",
    "broken_color": "dark_gray",
    "difficulty": 5,
    "durability": 900,
    "power": -25,
    "damage_modifier": 500,
    "breaks_into": [  ],
    "description": "A circular blade, powered by the vehicle's engine.  It will dramatically increase the damage the vehicle delivers in collisions.  Mount on the edges of the vehicle, preferably the front.",
    "flags": [ "UNMOUNT_ON_DAMAGE", "SHARP", "PROTRUSION" ]
  }
]
