[
  {
    "method": "json",
    "object": {
      "furniture": {
        "#": "f_null",
        "+": "f_null",
        "-": "f_null",
        ".": "f_null",
        "7": "f_null",
        "^": "f_rubble_rock",
        "_": "f_null",
        "d": "f_null",
        "h": "f_hay",
        "s": "f_straw_bed",
        "t": "f_null",
        "w": "f_null",
        "|": "f_null"
      },
      "place_items": [
        { "chance": 25, "item": "trash", "x": 12, "y": 18 },
        { "chance": 25, "item": "trash", "x": 9, "y": 13 },
        { "chance": 25, "item": "trash", "x": 6, "y": 13 },
        { "chance": 35, "item": "trash", "x": 7, "y": 11 },
        { "chance": 10, "item": "hand_tools", "x": 12, "y": 19 },
        { "chance": 10, "item": "hand_tools", "x": 13, "y": 12 }
      ],
      "rows": [
        ".....d...........d......",
        ".d........d.............",
        "d....d#.........d#.....d",
        "...d....d...d...........",
        ".............7.....d....",
        "....................#...",
        ".d.#d...d...............",
        ".d........#.d.....d.....",
        "........................",
        "......................d.",
        "..d..----++-||-.........",
        ".....-______^^|...d...t.",
        ".....w______^^w..#......",
        ".#...w_______^w......d..",
        "..d..|________|.........",
        ".....||-____|||....d...d",
        "d....|________|d........",
        ".....w________w......d..",
        "....dws_______w...7.....",
        ".....-hh______|.d.......",
        ".....--|||||-||......#..",
        ".d#.....d.....d.....d...",
        "..........d....#.......d",
        "...d............d......."
      ],
      "terrain": {
        "#": "t_underbrush",
        "+": [ "t_door_c", "t_door_o" ],
        "-": "t_wall_wood_chipped",
        ".": [
          "t_grass",
          "t_grass",
          "t_grass",
          "t_grass",
          "t_grass",
          "t_grass",
          "t_grass",
          "t_grass",
          "t_grass",
          "t_grass",
          "t_grass",
          "t_grass",
          "t_dirt",
          "t_dirt",
          "t_underbrush",
          "t_underbrush",
          "t_underbrush",
          "t_tree",
          "t_tree_dead",
          "t_tree_young",
          "t_tree_young"
        ],
        "7": "t_tree_dead",
        "^": "t_dirtfloor",
        "_": "t_dirtfloor",
        "d": "t_dirt",
        "h": "t_dirtfloor",
        "s": "t_dirtfloor",
        "t": "t_tree",
        "w": "t_window_boarded_noglass",
        "|": "t_wall_wood"
      }
    },
    "om_terrain": "desolatebarn",
    "type": "mapgen",
    "weight": 100
  },
  {
    "method": "json",
    "object": {
      "furniture": {
        "#": "f_null",
        "+": "f_null",
        "-": "f_null",
        ".": "f_null",
        "0": "f_null",
        "7": "f_null",
        "R": "f_rubble_rock",
        "^": "f_rubble",
        "_": "f_null",
        "a": "f_rubble_rock",
        "c": "f_clay_kiln",
        "d": "f_null",
        "f": "f_dandelion",
        "h": "f_hay",
        "r": "f_rubble",
        "w": "f_null",
        "|": "f_null"
      },
      "rows": [
        ".....d...........d......",
        ".d........d.............",
        "d....d#.........d#.....d",
        "...d....d...d...........",
        "...................d#...",
        ".........||-|++--|-.....",
        ".d.#d...dw^h^____^w.....",
        ".d.......w^_______w....#",
        "..7...#..----__---|.....",
        ".........|^^______-...d.",
        "..d.....r0R______cw#....",
        "........a-^______^|.....",
        "........r---|__-|||.....",
        ".#.......w________0..d..",
        "..d......w________0.....",
        ".....#.7.|||-||-|||d...d",
        "d..............d........",
        "..f............#....#d..",
        "....d...................",
        "........#...f...d.......",
        ".....7.........7...f....",
        ".d#...f...f.........d...",
        "...f......d.f....f...#.d",
        "...d......#.....d......."
      ],
      "terrain": {
        "#": "t_underbrush",
        "+": [ "t_door_c", "t_door_o" ],
        "-": "t_wall_wood_chipped",
        ".": [
          "t_grass",
          "t_grass",
          "t_grass",
          "t_grass",
          "t_grass",
          "t_grass",
          "t_grass",
          "t_grass",
          "t_grass",
          "t_grass",
          "t_grass",
          "t_grass",
          "t_grass",
          "t_dirt",
          "t_dirt",
          "t_dirt",
          "t_underbrush",
          "t_underbrush",
          "t_underbrush",
          "t_underbrush",
          "t_tree",
          "t_tree_dead",
          "t_tree_peach",
          "t_tree_young",
          "t_tree_young"
        ],
        "0": "t_window_empty",
        "7": "t_tree_peach",
        "R": "t_dirtfloor",
        "^": "t_dirtfloor",
        "_": "t_dirtfloor",
        "a": "t_grass",
        "c": "t_dirtfloor",
        "d": "t_dirt",
        "f": "t_grass",
        "h": "t_dirtfloor",
        "r": "t_grass",
        "w": "t_window_boarded_noglass",
        "|": "t_wall_wood"
      },
      "place_rubble": [ { "x": 10, "y": 5 }, { "x": 11, "y": 5 }, { "x": 11, "y": 8 } ]
    },
    "om_terrain": "desolatebarn",
    "type": "mapgen",
    "weight": 100
  },
  {
    "method": "json",
    "object": {
      "furniture": {
        "#": "f_null",
        "&": "f_null",
        "+": "f_null",
        "-": "f_null",
        ".": "f_null",
        "0": "f_null",
        "1": "f_null",
        "=": "f_smoking_rack",
        "P": "f_plant_seedling",
        "R": "f_rubble",
        "^": "f_rubble",
        "_": "f_null",
        "d": "f_null",
        "h": "f_hay",
        "p": "f_plant_seedling",
        "r": "f_rubble",
        "|": "f_null"
      },
      "place_items": [
        { "chance": 33, "item": "building_rubble", "x": 13, "y": 19 },
        { "chance": 33, "item": "building_rubble", "x": 14, "y": 19 },
        { "chance": 33, "item": "building_rubble", "x": 19, "y": 17 },
        { "chance": 33, "item": "building_rubble", "x": 19, "y": 18 },
        { "chance": 33, "item": "building_rubble", "x": 6, "y": 14 },
        { "chance": 33, "item": "building_rubble", "x": 7, "y": 14 },
        { "chance": 33, "item": "building_rubble", "x": 8, "y": 14 },
        { "chance": 33, "item": "building_rubble", "x": 13, "y": 11 },
        { "chance": 25, "item": "trash", "x": 19, "y": 19 },
        { "chance": 25, "item": "trash", "x": 15, "y": 15 },
        { "chance": 25, "item": "trash", "x": 20, "y": 12 },
        { "chance": 25, "item": "trash", "x": 18, "y": 11 }
      ],
      "place_monster": [ { "monster": "mon_cat", "chance": 30, "x": 19, "y": 10 } ],
      "rows": [
        ".....d...........d......",
        ".d........d.............",
        "d.p..d#......#..dp.....d",
        "...d....d...d...........",
        "..#.......p.......#d....",
        "..............p.........",
        ".d...p..d...........p...",
        ".d.......1...#.........#",
        ".p..........||-|++|-|-..",
        "....|-++||..|________|d.",
        "....&^___|r.&^_____hh|..",
        "..1.-____&..&^^____hh|..",
        "....0____0..|______hh-..",
        ".#..-_P^_-..|^_______|..",
        "..dr&^^^^&.p|&-____--|..",
        "...r&-&&-|..&______d_|pd",
        "d.....r.....|________|..",
        "...p.1......&^_P__^^_&..",
        "....d.......|=^&^_&^P-..",
        "........1..r&^^-R_&^_|..",
        "...p........|&&|_+-|&|..",
        ".d#...p.......r...r.R...",
        "...1......d..........#.d",
        "...d......#.....d......."
      ],
      "terrain": {
        "#": "t_underbrush",
        "&": "t_wall_wood_broken",
        "+": [ "t_door_c", "t_door_o" ],
        "-": "t_wall_wood_chipped",
        ".": [
          "t_grass",
          "t_grass",
          "t_grass",
          "t_grass",
          "t_grass",
          "t_grass",
          "t_grass",
          "t_grass",
          "t_grass",
          "t_grass",
          "t_grass",
          "t_grass",
          "t_grass",
          "t_dirt",
          "t_dirt",
          "t_underbrush",
          "t_underbrush",
          "t_underbrush",
          "t_tree",
          "t_tree_dead",
          "t_tree_young",
          "t_tree_young"
        ],
        "0": "t_window_empty",
        "1": "t_tree_young",
        "=": "t_dirtfloor",
        "P": "t_dirtfloor",
        "R": "t_dirt",
        "^": "t_dirtfloor",
        "_": "t_dirtfloor",
        "d": "t_dirt",
        "h": "t_dirtfloor",
        "p": "t_grass",
        "r": "t_grass",
        "|": "t_wall_wood"
      }
    },
    "om_terrain": "desolatebarn",
    "type": "mapgen",
    "weight": 100
  },
  {
    "method": "json",
    "object": {
      "furniture": {
        "#": "f_hay",
        "&": "f_null",
        "+": "f_null",
        "-": "f_null",
        ".": "f_null",
        "D": "f_null",
        "_": "f_null",
        "d": "f_null",
        "|": "f_null"
      },
      "place_items": [
        { "chance": 35, "item": "trash", "x": 17, "y": 5 },
        { "chance": 35, "item": "trash", "x": 4, "y": 5 },
        { "chance": 35, "item": "trash", "x": 13, "y": 3 },
        { "chance": 20, "item": "hand_tools", "x": 6, "y": 7 }
      ],
      "rows": [
        "....._..........._......",
        "._........_.............",
        "_...._....-ddddddd&...._",
        "..|&-&&|_.&ddddddd&.....",
        "..|dddd|..-ddddddd-_._..",
        "..DddddD..|ddddddd|.....",
        "._Ddddd__.|||-|-&||.....",
        "._|###d&......_.........",
        "..|||-||........_.......",
        "...................._...",
        "...........__...........",
        "..._..._................",
        ".._.....................",
        "................._......",
        "..._........._..........",
        "....._................._",
        "........_......._..._...",
        "........................",
        ".............._.........",
        "...._....._.............",
        "........................",
        "._............._...._...",
        "._........_............_",
        "..._............_......."
      ],
      "terrain": {
        "#": "t_dirtfloor",
        "&": "t_wall_wood_broken",
        "-": "t_wall_wood_chipped",
        ".": [
          "t_grass",
          "t_grass",
          "t_grass",
          "t_grass",
          "t_grass",
          "t_grass",
          "t_grass",
          "t_grass",
          "t_grass",
          "t_grass",
          "t_grass",
          "t_grass",
          "t_grass",
          "t_grass",
          "t_grass",
          "t_grass",
          "t_grass",
          "t_grass",
          "t_grass",
          "t_dirt",
          "t_dirt",
          "t_dirt",
          "t_dirt",
          "t_underbrush",
          "t_underbrush",
          "t_underbrush",
          "t_tree",
          "t_tree_dead",
          "t_tree_young",
          "t_tree_young"
        ],
        "D": [ "t_door_c", "t_door_o" ],
        "_": "t_dirt",
        "d": "t_dirtfloor",
        "|": "t_wall_wood"
      },
      "place_rubble": [ { "x": [ 17, 18 ], "y": 2 }, { "x": 18, "y": 3 }, { "x": 6, "y": 3 } ]
    },
    "om_terrain": "desolatebarn",
    "type": "mapgen",
    "weight": 100
  },
  {
    "method": "json",
    "object": {
      "furniture": {
        "#": "f_null",
        "&": "f_null",
        "+": "f_null",
        "-": "f_null",
        ".": "f_null",
        "0": "f_null",
        "_": "f_null",
        "c": "f_null",
        "d": "f_null",
        "h": "f_hay",
        "|": "f_null"
      },
      "place_items": [
        { "chance": 15, "item": "building_rubble", "x": 16, "y": 19 },
        { "chance": 15, "item": "building_rubble", "x": 8, "y": 15 },
        { "chance": 15, "item": "building_rubble", "x": 7, "y": 14 },
        { "chance": 15, "item": "building_rubble", "x": 8, "y": 14 },
        { "chance": 15, "item": "building_rubble", "x": 17, "y": 13 },
        { "chance": 15, "item": "building_rubble", "x": 18, "y": 13 },
        { "chance": 15, "item": "building_rubble", "x": 16, "y": 6 },
        { "chance": 15, "item": "building_rubble", "x": 8, "y": 6 },
        { "chance": 25, "item": "trash", "x": 16, "y": 17 },
        { "chance": 25, "item": "trash", "x": 9, "y": 10 },
        { "chance": 5, "item": "antique_guns_with_ammo", "x": 8, "y": 17 },
        { "chance": 10, "item": "building_rubble", "x": 15, "y": 17 },
        { "chance": 10, "item": "building_rubble", "x": 9, "y": 17 },
        { "chance": 10, "item": "building_rubble", "x": 8, "y": 16 },
        { "chance": 10, "item": "building_rubble", "x": 9, "y": 4 }
      ],
      "rows": [
        ".....d...........d......",
        ".d......................",
        "d.....d.....d..........d",
        "........d......d.d......",
        ".....................d..",
        "....d..&|&-|++|-&|-.....",
        ".d.....|__________|.....",
        ".d.....#__________#.....",
        ".......#__________#.....",
        ".......|__c____c__|.d...",
        ".......&__________|.....",
        "...d...#__________#.....",
        "..d....#__________#.....",
        ".......|__________&.....",
        "...d...&__c____c__|.....",
        ".....d.#hh________0....d",
        ".......#hh________#.d...",
        ".......-hh______hh&.....",
        ".......-|&||++|&-|-.....",
        "....d.....d.............",
        "........................",
        ".d.............d....d...",
        ".d........d............d",
        "...d............d......."
      ],
      "terrain": {
        "#": "t_window_boarded_noglass",
        "&": "t_wall_wood_broken",
        "+": [ "t_door_c", "t_door_o" ],
        "-": "t_wall_wood_chipped",
        ".": [
          "t_grass",
          "t_grass",
          "t_grass",
          "t_grass",
          "t_grass",
          "t_grass",
          "t_grass",
          "t_grass",
          "t_grass",
          "t_grass",
          "t_grass",
          "t_grass",
          "t_grass",
          "t_grass",
          "t_grass",
          "t_grass",
          "t_grass",
          "t_grass",
          "t_dirt",
          "t_dirt",
          "t_dirt",
          "t_dirt",
          "t_underbrush",
          "t_underbrush",
          "t_underbrush",
          "t_tree",
          "t_tree_dead",
          "t_tree_young",
          "t_tree_young"
        ],
        "0": "t_window_empty",
        "_": "t_dirtfloor",
        "c": "t_column",
        "d": "t_dirt",
        "h": "t_dirtfloor",
        "|": "t_wall_wood"
      },
      "place_rubble": [ { "chance": 30, "repeat": [ 2, 20 ], "x": [ 7, 5 ], "y": [ 18, 18 ] } ]
    },
    "om_terrain": "desolatebarn",
    "type": "mapgen",
    "weight": 100
  },
  {
    "method": "json",
    "object": {
      "furniture": { "#": "f_null", "&": "f_null", "-": "f_null", ".": "f_null", "_": "f_null", "d": "f_null", "|": "f_null" },
      "place_items": [
        { "chance": 10, "item": "stash_drugs", "x": 10, "y": 17 },
        { "chance": 35, "item": "trash", "x": 7, "y": 19 },
        { "chance": 35, "item": "trash", "x": 17, "y": 15 },
        { "chance": 35, "item": "trash", "x": 10, "y": 14 },
        { "chance": 35, "item": "trash", "x": 8, "y": 14 }
      ],
      "rows": [
        "...........d............",
        ".....................d..",
        "...d........d.........#.",
        "d.....d#.........d......",
        "........................",
        ".#.......d......#.......",
        "......#.#...#d....#....d",
        "....&&&&&|&|&|&|||||d...",
        "..d.&______________&....",
        "....|___________d__|....",
        "....d____-____-_#___....",
        "....__d_____________.d..",
        ".d..________________....",
        "...._____-____-_____....",
        "....|___d__________&....",
        "...#|______________&....",
        ".d..|&|||&||||&|&&||#..d",
        ".......#..#d#...#.......",
        "d.....d.................",
        ".....................d..",
        "....#..........d........",
        "...d...d...d.....d.#....",
        "........#...............",
        ".....d........d........."
      ],
      "terrain": {
        "#": "t_underbrush",
        "&": "t_wall_wood_broken",
        "-": "t_column",
        ".": [
          "t_grass",
          "t_grass",
          "t_grass",
          "t_grass",
          "t_grass",
          "t_grass",
          "t_grass",
          "t_grass",
          "t_grass",
          "t_grass",
          "t_grass",
          "t_grass",
          "t_grass",
          "t_grass",
          "t_grass",
          "t_grass",
          "t_grass",
          "t_grass",
          "t_grass",
          "t_dirt",
          "t_dirt",
          "t_dirt",
          "t_dirt",
          "t_underbrush",
          "t_underbrush",
          "t_underbrush",
          "t_tree",
          "t_tree_dead",
          "t_tree_young",
          "t_tree_young"
        ],
        "_": "t_dirtfloor",
        "d": "t_dirt",
        "|": "t_wall_wood_chipped"
      },
      "place_rubble": [ { "chance": 30, "repeat": [ 5, 40 ], "x": [ 4, 19 ], "y": [ 7, 16 ] } ]
    },
    "om_terrain": "desolatebarn",
    "type": "mapgen",
    "weight": 100
  },
  {
    "method": "json",
    "object": {
      "furniture": {
        "&": "f_null",
        "+": "f_null",
        ".": "f_null",
        "^": "f_rubble",
        "_": "f_null",
        "d": "f_null",
        "p": "f_plant_seedling",
        "|": "f_null"
      },
      "place_items": [
        { "chance": 10, "item": "hand_tools", "x": 7, "y": 20 },
        { "chance": 10, "item": "hand_tools", "x": 6, "y": 19 },
        { "chance": 25, "item": "trash", "x": 8, "y": 18 },
        { "chance": 25, "item": "trash", "x": 10, "y": 17 },
        { "chance": 25, "item": "trash", "x": 10, "y": 18 },
        { "chance": 25, "item": "trash", "x": 5, "y": 14 }
      ],
      "rows": [
        "..........._............",
        "....................._..",
        "..._........_...........",
        "_....._.........._......",
        "........................",
        "........._..............",
        "............._........._",
        "...................._...",
        ".._......_......_.......",
        "......_......._.........",
        ".................._.....",
        ".........._.........._..",
        "._..._........._........",
        "........................",
        "..........._...._.......",
        ".....||+||..............",
        "._...|ddd&............._",
        ".....|dpd&^....._.......",
        "_....|ddd&^_............",
        ".....|dd_&..........._..",
        ".....&ddd|....._........",
        "..._.|||&|._....._......",
        "........................",
        "....._........_........."
      ],
      "terrain": {
        "&": "t_wall_wood_broken",
        "+": "t_door_c",
        ".": [
          "t_grass",
          "t_grass",
          "t_grass",
          "t_grass",
          "t_grass",
          "t_grass",
          "t_grass",
          "t_grass",
          "t_grass",
          "t_grass",
          "t_grass",
          "t_grass",
          "t_grass",
          "t_grass",
          "t_grass",
          "t_grass",
          "t_grass",
          "t_grass",
          "t_grass",
          "t_dirt",
          "t_dirt",
          "t_dirt",
          "t_dirt",
          "t_underbrush",
          "t_underbrush",
          "t_underbrush",
          "t_tree_pine",
          "t_tree_dead",
          "t_tree_young",
          "t_tree_young"
        ],
        "^": "t_grass",
        "_": "t_dirt",
        "d": "t_dirtfloor",
        "p": "t_dirt",
        "|": "t_wall_wood_chipped"
      },
      "place_rubble": [ { "chance": 40, "repeat": [ 0, 20 ], "x": [ 5, 9 ], "y": [ 15, 21 ] } ]
    },
    "om_terrain": "desolatebarn",
    "type": "mapgen",
    "weight": 100
  },
  {
    "method": "json",
    "object": {
      "furniture": {
        "#": "f_null",
        "+": "f_null",
        "-": "f_null",
        ".": "f_null",
        "4": "f_null",
        "D": "f_null",
        "T": "f_table",
        "^": "f_still",
        "_": "f_null",
        "b": "f_brazier",
        "d": "f_null",
        "h": "f_hay",
        "s": "f_straw_bed",
        "t": "f_null",
        "u": "f_null",
        "|": "f_null"
      },
      "place_items": [
        { "chance": 10, "item": "hand_tools", "x": 10, "y": 15 },
        { "chance": 10, "item": "hand_tools", "x": 10, "y": 12 },
        { "chance": 25, "item": "trash", "x": 9, "y": 19 },
        { "chance": 25, "item": "trash", "x": 16, "y": 17 },
        { "chance": 25, "item": "trash", "x": 19, "y": 14 },
        { "chance": 25, "item": "trash", "x": 14, "y": 14 },
        { "chance": 25, "item": "trash", "x": 9, "y": 14 },
        { "chance": 25, "item": "trash", "x": 16, "y": 10 }
      ],
      "rows": [
        "...........d............",
        "........d............d..",
        "...d........d...........",
        "d..4..d..........dt.....",
        ".....u........u.........",
        ".........d..............",
        ".............d..d......d",
        "...d................d...",
        "..d.t...ud.|##|D-|##|...",
        "......d....|________#...",
        "........|#||b_______#...",
        ".......d|_T|________|d..",
        ".d...d..|__|______sh|...",
        ".....u..D__+______hh|...",
        "...d...d|__|______hh|.u.",
        "........|_T|________|...",
        ".d......|#||^_______#..d",
        ".....d.....|________#...",
        "d....4.....|##|--|##|...",
        "...d.................d..",
        ".....d.d.......du.......",
        "...d..u....d.....d......",
        ".......d................",
        ".....d........d........."
      ],
      "terrain": {
        "#": "t_window_boarded_noglass",
        "+": [ "t_door_c", "t_door_o" ],
        "-": "t_door_boarded",
        ".": [
          "t_grass",
          "t_grass",
          "t_grass",
          "t_grass",
          "t_grass",
          "t_grass",
          "t_grass",
          "t_grass",
          "t_grass",
          "t_grass",
          "t_grass",
          "t_grass",
          "t_grass",
          "t_grass",
          "t_grass",
          "t_dirt",
          "t_dirt",
          "t_dirt",
          "t_underbrush",
          "t_underbrush",
          "t_underbrush",
          "t_tree_pine",
          "t_tree_deadpine",
          "t_tree_young",
          "t_tree_young"
        ],
        "4": "t_tree_deadpine",
        "D": "t_door_boarded_damaged",
        "T": "t_dirtfloor",
        "^": "t_dirtfloor",
        "_": "t_dirtfloor",
        "b": "t_dirtfloor",
        "d": "t_dirt",
        "h": "t_dirtfloor",
        "s": "t_dirtfloor",
        "t": "t_tree_pine",
        "u": "t_underbrush",
        "|": "t_wall_wood_chipped"
      },
      "place_rubble": [
        { "chance": 20, "repeat": [ 0, 80 ], "x": [ 11, 20 ], "y": [ 8, 18 ] },
        { "chance": 20, "repeat": [ 0, 15 ], "x": [ 8, 10 ], "y": [ 10, 16 ] }
      ]
    },
    "om_terrain": "desolatebarn",
    "type": "mapgen",
    "weight": 100
  },
  {
    "method": "json",
    "object": {
      "furniture": {
        "#": "f_hay",
        "&": "f_null",
        "+": "f_null",
        ".": "f_null",
        "0": "f_null",
        "7": "f_null",
        "D": "f_null",
        "R": "f_rubble",
        "^": "f_rubble",
        "_": "f_null",
        "d": "f_null",
        "r": "f_rubble",
        "s": "f_null",
        "w": "f_null",
        "{": "f_rack",
        "|": "f_null"
      },
      "place_items": [
        { "chance": 10, "item": "tools_carpentry", "x": 7, "y": 7 },
        { "chance": 10, "item": "tools_carpentry", "x": 7, "y": 8 },
        { "chance": 10, "item": "tools_earthworking", "x": 17, "y": 7 },
        { "chance": 10, "item": "tools_earthworking", "x": 17, "y": 8 },
        { "chance": 10, "item": "hardware_clothing", "x": 13, "y": 7 },
        { "chance": 10, "item": "hardware_clothing", "x": 14, "y": 7 },
        { "chance": 10, "item": "hardware_clothing", "x": 15, "y": 7 },
        { "chance": 10, "item": "tools_mechanic", "x": 11, "y": 7 },
        { "chance": 10, "item": "tools_construction", "x": 9, "y": 7 },
        { "chance": 10, "item": "tools_construction", "x": 10, "y": 7 },
        { "chance": 10, "item": "raw_materials", "x": 14, "y": 15 },
        { "chance": 10, "item": "raw_materials", "x": 15, "y": 15 },
        { "chance": 10, "item": "raw_materials", "x": 16, "y": 15 },
        { "chance": 10, "item": "raw_materials", "x": 17, "y": 14 },
        { "chance": 10, "item": "raw_materials", "x": 17, "y": 15 }
      ],
      "rows": [
        "..d...............d.....",
        "..........d............d",
        "...............d....d...",
        "..d...d.................",
        "............d......d....",
        ".......rr...............",
        "d.d...&&0&|&D|||w||.....",
        "......&{_{{{_{{{_{&...d.",
        "....dr&{_________{|.....",
        ".....r|___________&.....",
        ".d..d.^^__________^.d...",
        ".....r^___________^r....",
        "......^___________^.....",
        "......|||+|______^|.....",
        "....d.|s__|#______|.....",
        ".....d|#__|###____&....d",
        ".7....||R+||&||||&|.....",
        ".............d....r.....",
        "..d..d...............d..",
        "...7....d........d......",
        ".........d............d.",
        "...d........d..d........",
        "d...d.........d......d..",
        "........d........d......"
      ],
      "terrain": {
        "#": "t_dirtfloor",
        "&": "t_wall_wood_broken",
        "+": "t_fencegate_c",
        ".": [
          "t_grass",
          "t_grass",
          "t_grass",
          "t_grass",
          "t_grass",
          "t_grass",
          "t_grass",
          "t_grass",
          "t_grass",
          "t_grass",
          "t_grass",
          "t_grass",
          "t_grass",
          "t_grass",
          "t_grass",
          "t_grass",
          "t_grass",
          "t_grass",
          "t_dirt",
          "t_dirt",
          "t_dirt",
          "t_dirt",
          "t_underbrush",
          "t_underbrush",
          "t_underbrush",
          "t_underbrush",
          "t_tree_willow",
          "t_tree_pear",
          "t_tree_dead",
          "t_tree_young",
          "t_tree_young"
        ],
        "0": "t_window_empty",
        "7": "t_tree_pear",
        "D": [ "t_door_c", "t_door_o" ],
        "R": "t_wall_wood_broken",
        "^": "t_dirtfloor",
        "_": "t_dirtfloor",
        "d": "t_dirt",
        "r": "t_grass",
        "s": "t_swater_sh",
        "w": "t_window",
        "{": "t_dirtfloor",
        "|": "t_wall_wood_chipped"
      },
      "place_rubble": [ { "chance": 30, "repeat": [ 3, 50 ], "x": [ 6, 18 ], "y": [ 6, 16 ] } ]
    },
    "om_terrain": "desolatebarn",
    "type": "mapgen",
    "weight": 100
  },
  {
    "method": "json",
    "object": {
      "furniture": {
        "#": "f_hay",
        "&": "f_null",
        "+": "f_null",
        "-": "f_null",
        ".": "f_null",
        "0": "f_null",
        "7": "f_null",
        "_": "f_null",
        "d": "f_null",
        "s": "f_null",
        "|": "f_null"
      },
      "place_items": [
        { "chance": 20, "item": "trash", "x": 7, "y": 9 },
        { "chance": 20, "item": "trash", "x": 14, "y": 6 },
        { "chance": 20, "item": "trash", "x": 8, "y": 6 },
        { "chance": 10, "item": "hand_tools", "x": 17, "y": 12 },
        { "chance": 10, "item": "hand_tools", "x": 15, "y": 12 },
        { "chance": 10, "item": "raw_materials", "x": 7, "y": 12 },
        { "chance": 10, "item": "raw_materials", "x": 8, "y": 12 }
      ],
      "place_vehicles": [ { "chance": 100, "fuel": 0, "rotation": 180, "status": 1, "vehicle": "tractor_plow", "x": 10, "y": 9 } ],
      "rows": [
        "..d...............d.....",
        "..........d............d",
        "...............d....d...",
        "..d...d.................",
        "............d......d....",
        "......||&&&+++||&||.....",
        "d.d...&_d_________&.....",
        "......0___d_______0...d.",
        "....d.&_d_______d_|.....",
        "......|________d__|.7...",
        ".d..d.|_dd________&.d...",
        ".....d0___________0.....",
        "......&___________|d....",
        "......||&|&+++&|&&&.....",
        "....d.-...........-.....",
        ".....d-.d.......d.-....d",
        "......-...........-.....",
        "......||||.d.d.||||.....",
        "..d..d|ss_....._ss|..d..",
        "......|d__.....___|..7..",
        "......&___.....__#|...d.",
        "...d..|##_..d..__#|.....",
        "d...d.||&|-----||||..d..",
        "........d........d......"
      ],
      "terrain": {
        "#": "t_dirtfloor",
        "&": "t_wall_wood_broken",
        "+": "t_fencegate_c",
        "-": "t_fence_h",
        ".": [
          "t_grass",
          "t_grass",
          "t_grass",
          "t_grass",
          "t_grass",
          "t_grass",
          "t_grass",
          "t_grass",
          "t_grass",
          "t_grass",
          "t_grass",
          "t_grass",
          "t_grass",
          "t_grass",
          "t_dirt",
          "t_dirt",
          "t_dirt",
          "t_underbrush",
          "t_underbrush",
          "t_underbrush",
          "t_tree",
          "t_tree_dead",
          "t_tree_young",
          "t_tree_young"
        ],
        "0": "t_window_empty",
        "7": "t_tree_dead",
        "_": "t_dirtfloor",
        "d": "t_dirt",
        "s": "t_swater_sh",
        "|": "t_wall_wood_chipped"
      },
      "place_rubble": [
        { "chance": 20, "repeat": [ 0, 40 ], "x": [ 6, 18 ], "y": [ 5, 13 ] },
        { "chance": 20, "repeat": [ 0, 8 ], "x": [ 6, 9 ], "y": [ 17, 22 ] },
        { "chance": 20, "repeat": [ 0, 8 ], "x": [ 15, 18 ], "y": [ 17, 22 ] },
        { "chance": 20, "repeat": [ 0, 2 ], "x": 6, "y": [ 14, 16 ] },
        { "chance": 20, "repeat": [ 0, 2 ], "x": 18, "y": [ 14, 16 ] },
        { "chance": 20, "repeat": [ 0, 3 ], "x": [ 10, 14 ], "y": 22 }
      ]
    },
    "om_terrain": "desolatebarn",
    "type": "mapgen",
    "weight": 100
  }
]
