[
  {
    "method": "json",
    "object": {
      "furniture": {
        "#": "f_null",
        "+": "f_null",
        ".": "f_null",
        "4": "f_null",
        "7": "f_null",
        "B": "f_bench",
        "D": "f_dandelion",
        "F": "f_flower_marloss",
        "P": "f_sign",
        "S": "f_null",
        "T": "f_null",
        "_": "f_null",
        "a": "f_null",
        "b": "f_bench",
        "c": "f_null",
        "d": "f_null",
        "e": "f_null",
        "Z": "f_trashcan",
        "f": "f_chamomile",
        "g": "f_bluebell",
        "h": "f_null",
        "i": "f_dahlia",
        "m": "f_mutpoppy",
        "s": "f_sign",
        "t": "f_null",
        "|": "f_null"
      },
      "place_items": [ { "chance": 20, "repeat": [ 1, 3 ], "item": "trash", "x": 10, "y": 12 } ],
      "rows": [
        "cccccccccccccccccccccccc",
        "cccccccccccccccccccccccc",
        "...#.#.#.#...#...7...P__",
        "..._____.....4...P.#.___",
        ".#.______..#.P......____",
        "..__.#..__......._____..",
        "#.__....___....______.SS",
        "..__.TP.._________.___.P",
        "..__#...._______..._____",
        "..___#.._____..#.P..____",
        ".#________#......a......",
        "....______....#....#..#.",
        "#.#..#.__.Z|||||||||||||",
        "..eP...__.B|ddddtddddtdd",
        "....______b|dfsdtdFsdtdg",
        "..#________|ddddtddddtdd",
        "#..___..___+tttttttttttt",
        "..__....___+tttttttttttt",
        ".#__.hP.___|ddddtddddtdd",
        "..__....__b|dmsdtdDsdtdi",
        ".#________b|ddddtddddtdd",
        "...______..|||||||||||||",
        "....#.........#......#..",
        "#..#...#...#.......#...."
      ],
      "terrain": {
        "#": "t_underbrush",
        "+": "t_reinforced_door_glass_c",
        ".": [ "t_grass", "t_grass", "t_grass", "t_grass", "t_dirt" ],
        "4": "t_tree_willow",
        "7": "t_tree",
        "B": "t_underbrush",
        "D": "t_dirtfloor",
        "F": "t_dirtfloor",
        "P": "t_grass",
        "S": "t_shrub_blueberry",
        "T": "t_tree_pine",
        "_": "t_concrete",
        "a": "t_tree_maple",
        "b": "t_grass",
        "Z": "t_grass",
        "c": "t_sidewalk",
        "d": "t_dirtfloor",
        "e": "t_tree_hickory",
        "f": "t_dirtfloor",
        "g": "t_dirtfloor",
        "h": "t_tree_birch",
        "i": "t_dirtfloor",
        "m": "t_dirtfloor",
        "s": "t_dirtfloor",
        "t": "t_thconc_floor",
        "|": "t_wall_glass"
      },
      "place_signs": [
        { "signage": "Welcome to <city> Botanical Garden! Please stay on the path!", "x": 21, "y": 2 },
        { "signage": "WILLOW", "x": 13, "y": 4 },
        { "signage": "PINE", "x": 6, "y": 7 },
        { "signage": "HICKORY", "x": 3, "y": 13 },
        { "signage": "MAPLE", "x": 17, "y": 9 },
        { "signage": "BIRCH", "x": 6, "y": 18 },
        { "signage": "OAK", "x": 17, "y": 3 },
        { "signage": "BLUEBERRY", "x": 23, "y": 7 },
        { "signage": "CHAMOMILE", "x": 14, "y": 14 },
        { "signage": "POPPY", "x": 14, "y": 19 },
        { "signage": "MARLOSS", "x": 19, "y": 14 },
        { "signage": "DANDELION", "x": 19, "y": 19 }
      ]
    },
    "om_terrain": "BotanicalGarden_1a",
    "type": "mapgen",
    "weight": 100
  },
  {
    "method": "json",
    "object": {
      "furniture": {
        "#": "f_null",
        "&": "f_trashcan",
        "*": "f_datura",
        "+": "f_null",
        ".": "f_null",
        "7": "f_null",
        "P": "f_sign",
        "S": "f_null",
        "T": "f_null",
        "_": "f_null",
        "a": "f_null",
        "b": "f_bench",
        "c": "f_null",
        "d": "f_null",
        "e": "f_null",
        "f": "f_flower_fungal",
        "g": "f_null",
        "i": "f_cattails",
        "m": "f_mutcactus_test",
        "s": "f_sign",
        "t": "f_null",
        "|": "f_null"
      },
      "place_items": [ { "chance": 20, "repeat": [ 1, 3 ], "item": "trash", "x": 13, "y": 12 } ],
      "rows": [
        "________________________",
        "________________________",
        "__P...7..#........#.....",
        "___.#.P...T..#..._____#.",
        "____......P.....______..",
        ".._____........__..#.__.",
        "SS.______...#.___....__.",
        "P.___._________#.Pa..__#",
        "_____..._______......__.",
        "____..P.._______..#.___.",
        "......c.#....._________.",
        ".#..#......#.._______...",
        "|||||||||||||&.__.#...#.",
        "ddtddddtdddd|b.__...Pe..",
        "sdtdsidtdsfd|b______....",
        "ddtddddtdddd|________#..",
        "tttttttttttt+___.#___...",
        "tttttttttttt+___....__.#",
        "ddtddddtdddd|___.Pg.__..",
        "sdtds*dtdsmd|b__....__..",
        "ddtddddtdddd|b________#.",
        "|||||||||||||..______...",
        ".....#........#......#..",
        ".#....#....#......#....."
      ],
      "terrain": {
        "#": "t_underbrush",
        "&": "t_grass",
        "*": "t_dirtfloor",
        "+": "t_reinforced_door_glass_c",
        ".": [ "t_grass", "t_grass", "t_grass", "t_grass", "t_dirt" ],
        "7": "t_tree_pear",
        "P": "t_grass",
        "S": "t_shrub_strawberry",
        "T": "t_tree_cherry",
        "_": "t_concrete",
        "a": "t_tree_peach",
        "b": "t_grass",
        "c": "t_tree_apple",
        "d": "t_dirtfloor",
        "e": "t_tree_apricot",
        "f": "t_dirtfloor",
        "g": "t_tree_plum",
        "i": "t_dirtfloor",
        "m": "t_dirtfloor",
        "s": "t_dirtfloor",
        "t": "t_thconc_floor",
        "|": "t_wall_glass"
      },
      "place_signs": [
        { "signage": "Welcome to <city> Botanical Garden! Please stay on the path!", "x": 2, "y": 2 },
        { "signage": "STRAWBERRY", "x": 0, "y": 7 },
        { "signage": "PEAR", "x": 6, "y": 3 },
        { "signage": "CHERRY", "x": 10, "y": 4 },
        { "signage": "APPLE", "x": 6, "y": 9 },
        { "signage": "PEACH", "x": 17, "y": 7 },
        { "signage": "APRICOT", "x": 20, "y": 13 },
        { "signage": "PLUM", "x": 17, "y": 18 },
        { "signage": "BLUEBELL", "x": 0, "y": 14 },
        { "signage": "DAHLIA", "x": 0, "y": 19 },
        { "signage": "CATTAIL", "x": 4, "y": 14 },
        { "signage": "DATURA", "x": 4, "y": 19 },
        { "signage": "FUNGUS", "x": 9, "y": 14 },
        { "signage": "CACTUS", "x": 9, "y": 19 }
      ]
    },
    "om_terrain": "BotanicalGarden_1b",
    "type": "mapgen",
    "weight": 100
  }
]
