[
  {
    "method": "json",
    "object": {
      "furniture": {
        ".": "f_null",
        "G": "f_null",
        "P": "f_sign",
        "S": "f_null",
        "_": "f_null",
        "&": "f_trashcan",
        "#": "f_bench",
        "d": "f_null",
        "g": "f_null",
        "s": "f_null",
        "w": "f_null"
      },
      "items": { "&": { "item": "trash", "chance": 25, "repeat": 2 }, "v": { "item": "golf_green", "chance": 10 } },
      "rows": [
        "........................",
        "...................ws...",
        "..................wsss..",
        "..____...____.....wsss..",
        "._vvvv_____________SSS__",
        "._vvvv_____________SSS__",
        "._vvvv____________wsss__",
        "._vvvv__________llwsssl_",
        "._____________lll..wss.l",
        ".P__##&............wss..",
        "..dd...............wss..",
        "..ddd.............wss...",
        "...d____..........wss...",
        "...l_gg_l...##&P.wsss.dd",
        "..llggg_l...____dSSSSSdd",
        "..l_gGg_..._vvvv_dSSSSdd",
        "..l_ggg_..._vvvv_.wsss..",
        "..l____l..._vvvv_..wss..",
        "..l____l..._vvvv_..wss..",
        "..l____l...______..wss..",
        "..l____l...______..sss..",
        "..l____l...l____l.wss...",
        "..l____l...l____l.sss...",
        "..l____l...l____l.sss..."
      ],
      "terrain": {
        ".": [
          "t_grass",
          "t_grass",
          "t_grass",
          "t_grass",
          "t_grass",
          "t_grass",
          "t_grass",
          "t_grass",
          "t_grass",
          "t_grass_long",
          "t_grass_dead",
          "t_dirt",
          "t_dirt",
          "t_underbrush",
          "t_underbrush",
          "t_underbrush",
          "t_underbrush",
          "t_tree_pine",
          "t_tree_young",
          "t_tree",
          "t_tree_maple",
          "t_tree_willow"
        ],
        "G": "t_golf_hole",
        "P": "t_grass_long",
        "S": "t_sidewalk_bg_dp",
        "l": "t_grass_long",
        "_": "t_grass",
        "#": "t_grass",
        "&": "t_grass",
        "d": "t_dirt",
        "v": "t_grass_golf",
        "g": "t_grass_golf",
        "s": "t_swater_sh",
        "w": "t_water_sh"
      },
      "place_signs": [ { "signage": "HOLE #16", "x": 1, "y": 9 }, { "signage": "HOLE #14", "x": 15, "y": 13 } ]
    },
    "om_terrain": "golfcourse_00",
    "type": "mapgen",
    "weight": 100
  },
  {
    "method": "json",
    "object": {
      "furniture": { ".": "f_null", "4": "f_null", "_": "f_null", "s": "f_null" },
      "rows": [
        "44_...._444_...._4sss444",
        "44_...._444_...._4sss444",
        "4_....._444_...._4sss444",
        "4_....._444_...._4sss444",
        "4_....._444_...._44ss444",
        "4_....__444_...._44ss444",
        "4_....__444_...._4sss444",
        "4_...._4444_...._4sss444",
        "4_....__444_...._4sss444",
        "4_ggg.__44__...._ssss444",
        "4_gggg.__4_....._ssss444",
        "44ggggg._4_....._sss4444",
        "44gggg.._4_....__sss4444",
        "44_gg..._4_....__sss4444",
        "44__...._4_....__ssss444",
        "44__...._4_....._ssss444",
        "44__...._4_....._4ssss44",
        "44_...._444_...._4ssss44",
        "44_...._444_...._4sss444",
        "44_...._44_gg..._44ss444",
        "44_...._44_ggg.._4sss444",
        "44_...._44gggg.._4sss444",
        "44_...._44gggg.._4sss444",
        "44_...._44ggg..._4ss4444"
      ],
      "terrain": {
        ".": "t_grass",
        "g": "t_sand",
        "4": [
          "t_grass",
          "t_grass",
          "t_grass",
          "t_grass",
          "t_grass",
          "t_grass",
          "t_grass",
          "t_grass",
          "t_grass",
          "t_grass_long",
          "t_grass_dead",
          "t_dirt",
          "t_dirt",
          "t_underbrush",
          "t_underbrush",
          "t_underbrush",
          "t_underbrush",
          "t_tree_pine",
          "t_tree_young",
          "t_tree",
          "t_tree_maple",
          "t_tree_willow"
        ],
        "_": "t_grass_long",
        "s": "t_swater_sh"
      }
    },
    "om_terrain": "golfcourse_01",
    "type": "mapgen",
    "weight": 100
  },
  {
    "method": "json",
    "object": {
      "furniture": {
        ".": "f_null",
        "4": "f_null",
        "G": "f_null",
        "P": "f_sign",
        "S": "f_null",
        "&": "f_trashcan",
        "#": "f_bench",
        "_": "f_null",
        "d": "f_null",
        "g": "f_null",
        "s": "f_null"
      },
      "items": { "&": { "item": "trash", "chance": 25, "repeat": 2 }, "v": { "item": "golf_green", "chance": 10 } },
      "rows": [
        "44_...._444_...._4ss4444",
        "44......444_gggg._ss4444",
        "44.vvvv.44_.ggggg_ss4444",
        "44.vvvv.44_.ggGgg_sss444",
        "44.vvvv.dd_.gggg._4ss444",
        "44.vvvv.ddd_...._44ss444",
        "44&##..P4444____444ss444",
        "4444444444444444___sss__",
        "4444.....________..sss..",
        "44vvvv.............sss..",
        "4.vvvv.............sss..",
        "4.vvvv.............SS...",
        "4.vvvv.............SS...",
        "44........_________ss___",
        "44d.....4444444444sss444",
        "44ddP##&4444444444sss444",
        "44dd44444444______sss___",
        "44dd444_____......SSS...",
        "4______...........SSS...",
        "4.gggg.............ss...",
        "4.gGgg.............sss..",
        "4.gggg.............sss..",
        "4__............_____ss__",
        "444____________444444444"
      ],
      "terrain": {
        ".": "t_grass",
        "4": [
          "t_grass",
          "t_grass",
          "t_grass",
          "t_grass",
          "t_grass",
          "t_grass",
          "t_grass",
          "t_grass",
          "t_grass",
          "t_grass_long",
          "t_grass_dead",
          "t_dirt",
          "t_dirt",
          "t_underbrush",
          "t_underbrush",
          "t_underbrush",
          "t_underbrush",
          "t_tree_pine",
          "t_tree_young",
          "t_tree",
          "t_tree_maple",
          "t_tree_willow"
        ],
        "G": "t_golf_hole",
        "P": "t_grass",
        "#": "t_grass",
        "&": "t_grass",
        "S": "t_sidewalk_bg_dp",
        "_": "t_grass_long",
        "d": "t_dirt",
        "v": "t_grass_golf",
        "g": "t_grass_golf",
        "s": "t_swater_sh"
      },
      "place_signs": [ { "signage": "HOLE #15", "x": 7, "y": 6 }, { "signage": "HOLE #10", "x": 4, "y": 15 } ]
    },
    "om_terrain": "golfcourse_02",
    "type": "mapgen",
    "weight": 100
  },
  {
    "method": "json",
    "object": {
      "furniture": {
        "#": "f_bench",
        "&": "f_trashcan",
        ".": "f_null",
        "4": "f_null",
        "G": "f_null",
        "P": "f_sign",
        "_": "f_null",
        "d": "f_null",
        "g": "f_null",
        "s": "f_null"
      },
      "items": { "&": { "item": "trash", "chance": 25, "repeat": 2 }, "v": { "item": "golf_green", "chance": 10 } },
      "rows": [
        "444444444444444444444444",
        "444444444444444444444444",
        "444444444444444444444444",
        "_____44444444.......____",
        "..ggg._444P.vvvv........",
        "..gGgg_dddd.vvvv........",
        "..gggg_dddd.vvvv........",
        "......_444#.vvvv........",
        "______4444#........_____",
        "44444444444&4....4444444",
        "444444444444444444444444",
        "4____444________________",
        "_gggg__.................",
        "_gGgg..............sss..",
        "_gggg.............ssss..",
        "_.ggg.............ssss..",
        "_...._......______ssss__",
        "4____4______44444______4",
        "444444444444444444444444",
        "44...44444______________",
        "4.vvvv..................",
        "4.vvvv..................",
        "4.vvvv..................",
        "4.vvvv.................."
      ],
      "terrain": {
        "#": "t_grass",
        "&": "t_grass",
        ".": "t_grass",
        "4": [
          "t_grass",
          "t_grass",
          "t_grass",
          "t_grass",
          "t_grass",
          "t_grass",
          "t_grass",
          "t_grass",
          "t_grass",
          "t_grass_long",
          "t_grass_dead",
          "t_dirt",
          "t_dirt",
          "t_underbrush",
          "t_underbrush",
          "t_underbrush",
          "t_underbrush",
          "t_tree_pine",
          "t_tree_young",
          "t_tree",
          "t_tree_maple",
          "t_tree_willow"
        ],
        "G": "t_golf_hole",
        "P": "t_grass",
        "_": "t_grass_long",
        "d": "t_dirt",
        "v": "t_grass_golf",
        "g": "t_grass_golf",
        "s": "t_sand"
      },
      "place_signs": [ { "signage": "HOLE #17", "x": 10, "y": 4 } ]
    },
    "om_terrain": "golfcourse_10",
    "type": "mapgen",
    "weight": 100
  },
  {
    "method": "json",
    "object": {
      "furniture": {
        "#": "f_bench",
        "&": "f_trashcan",
        ".": "f_null",
        "4": "f_null",
        "G": "f_null",
        "P": "f_sign",
        "_": "f_null",
        "d": "f_null",
        "g": "f_null"
      },
      "items": { "&": { "item": "trash", "chance": 25, "repeat": 2 }, "v": { "item": "golf_green", "chance": 10 } },
      "rows": [
        "4.........______________",
        "44ddP##&4444444444444444",
        "4______44444____44444444",
        "_ggggg__444_.gg.________",
        "_ggGgg__44_.gggg........",
        "_ggggg__44_.gGgg........",
        "_.ggg.__44_.gggg........",
        "_....._444_.............",
        "_....._4444_..._________",
        "_....._44444dd&444444444",
        "_....._444##ddP4444___44",
        "_....._444.....444_..._4",
        "_....._444.vvvv.4_.ggg._",
        "_....._444.vvvv.4_ggGg._",
        "_....._44..vvvv.4_gggg._",
        "_....._44_.vvvv.4_gggg._",
        "__...._44__....44_....._",
        "4_...._444_....44_....._",
        "4_...._444_....44_....._",
        "4_...._444_...._4_....._",
        "4....._444_...._4_....._",
        "4......444_...._4_....._",
        "4......444_...._4_....._",
        "4......444_...._4_....._"
      ],
      "terrain": {
        "#": "t_grass",
        "&": "t_grass",
        ".": "t_grass",
        "4": [
          "t_grass",
          "t_grass",
          "t_grass",
          "t_grass",
          "t_grass",
          "t_grass",
          "t_grass",
          "t_grass",
          "t_grass",
          "t_grass_long",
          "t_grass_dead",
          "t_dirt",
          "t_dirt",
          "t_underbrush",
          "t_underbrush",
          "t_underbrush",
          "t_underbrush",
          "t_tree_pine",
          "t_tree_young",
          "t_tree",
          "t_tree_maple",
          "t_tree_willow"
        ],
        "G": "t_golf_hole",
        "P": "t_grass",
        "_": "t_grass_long",
        "d": "t_dirt",
        "v": "t_grass_golf",
        "g": "t_grass_golf"
      },
      "place_signs": [ { "signage": "HOLE #12", "x": 4, "y": 1 }, { "signage": "HOLE #8", "x": 14, "y": 10 } ]
    },
    "om_terrain": "golfcourse_11",
    "type": "mapgen",
    "weight": 100
  },
  {
    "method": "json",
    "object": {
      "furniture": {
        "#": "f_bench",
        "&": "f_trashcan",
        ".": "f_null",
        "4": "f_null",
        "G": "f_null",
        "P": "f_sign",
        "_": "f_null",
        "d": "f_null",
        "s": "f_null",
        "g": "f_null",
        "t": "f_trashcan"
      },
      "items": { "&": { "item": "trash", "chance": 25, "repeat": 2 }, "v": { "item": "golf_green", "chance": 10 } },
      "rows": [
        "4......444_...._4_....._",
        "4......444_...._4_....._",
        "4.vvvv.444_...._4_....._",
        "4.vvvv.444_...._4__...._",
        "4.vvvv#444_...._4_s...._",
        "4.vvvv#444_...._4_ss..._",
        "44....&444_...._4_sss.._",
        "444ddP444__...._4_sss.._",
        "444dd4444_....._4_sss.._",
        "______444_....._4_ss..._",
        "..ggg._44__...._4__...._",
        "..gggg._4__...._4_....._",
        "..ggGg._44_...._44_...._",
        "...gg._444_...._44_...._",
        "______4444_...._44_...._",
        "444444444_....._44_...._",
        "444444444_....._44_.....",
        "__.....44_.ggg._44.vvvv.",
        "...vvvv.4_gggg._44.vvvv.",
        "...vvvv.d_gGgg._44.vvvv.",
        "...vvvv.d_ggg.__44.vvvv.",
        "...vvvv.P_...._444.....P",
        "_....&##44____444444##t4",
        "444444444444444444444444"
      ],
      "terrain": {
        "#": "t_grass",
        "&": "t_grass",
        "s": "t_sand",
        ".": "t_grass",
        "4": [
          "t_grass",
          "t_grass",
          "t_grass",
          "t_grass",
          "t_grass",
          "t_grass",
          "t_grass",
          "t_grass",
          "t_grass",
          "t_grass_long",
          "t_grass_dead",
          "t_dirt",
          "t_dirt",
          "t_underbrush",
          "t_underbrush",
          "t_underbrush",
          "t_underbrush",
          "t_tree_pine",
          "t_tree_young",
          "t_tree",
          "t_tree_maple",
          "t_tree_willow"
        ],
        "G": "t_golf_hole",
        "P": "t_grass",
        "_": "t_grass_long",
        "d": "t_dirt",
        "v": "t_grass_golf",
        "g": "t_grass_golf",
        "t": "t_tree_pine"
      },
      "place_signs": [
        { "signage": "HOLE #11", "x": 5, "y": 7 },
        { "signage": "HOLE #9", "x": 8, "y": 21 },
        { "signage": "HOLE #4", "x": 23, "y": 21 }
      ]
    },
    "om_terrain": "golfcourse_12",
    "type": "mapgen",
    "weight": 100
  },
  {
    "method": "json",
    "object": {
      "furniture": {
        "#": "f_bench",
        "&": "f_trashcan",
        ".": "f_null",
        "4": "f_null",
        "G": "f_null",
        "P": "f_sign",
        "_": "f_null",
        "d": "f_null",
        "g": "f_null"
      },
      "items": { "&": { "item": "trash", "chance": 25, "repeat": 2 }, "v": { "item": "golf_green", "chance": 10 } },
      "rows": [
        "444444444444444444444444",
        "444444444444444444444444",
        "444444444444444&##..4444",
        "_____________44P.vvvv444",
        "......___gggg_dd.vvvv.44",
        "........ggGgg_dd.vvvv.44",
        "........gggg._44.vvvv.44",
        "............_444......44",
        "____________4444......44",
        "4444444444444444......44",
        "444444444444444_......44",
        "____.......4444_.....444",
        "........vvvv&44_....._44",
        "........vvvv.44_....._44",
        "........vvvv.44_....._44",
        "........vvvv.44__...._44",
        "_..........##444_...._44",
        "444444444ddP4444_...._44",
        "444444444dd44444_...._44",
        "_____________444_...._44",
        "..____...gggg_44_...._44",
        "........gggGg_44_...._44",
        "........gggg._44_...._44",
        ".............444_...._44"
      ],
      "terrain": {
        "#": "t_grass",
        "&": "t_grass",
        ".": "t_grass",
        "4": [
          "t_grass",
          "t_grass",
          "t_grass",
          "t_grass",
          "t_grass",
          "t_grass",
          "t_grass",
          "t_grass",
          "t_grass",
          "t_grass_long",
          "t_grass_dead",
          "t_dirt",
          "t_dirt",
          "t_underbrush",
          "t_underbrush",
          "t_underbrush",
          "t_underbrush",
          "t_tree_pine",
          "t_tree_young",
          "t_tree",
          "t_tree_maple",
          "t_tree_willow"
        ],
        "G": "t_golf_hole",
        "P": "t_grass",
        "_": "t_grass_long",
        "d": "t_dirt",
        "v": "t_grass_golf",
        "g": "t_grass_golf"
      },
      "place_signs": [ { "signage": "HOLE #18", "x": 15, "y": 3 }, { "signage": "HOLE #13", "x": 11, "y": 17 } ]
    },
    "om_terrain": "golfcourse_20",
    "type": "mapgen",
    "weight": 100
  },
  {
    "method": "json",
    "object": {
      "furniture": {
        "#": "f_bench",
        "&": "f_trashcan",
        ".": "f_null",
        "4": "f_null",
        "G": "f_null",
        "P": "f_sign",
        "_": "f_null",
        "d": "f_null",
        "g": "f_null"
      },
      "items": { "&": { "item": "trash", "chance": 25, "repeat": 2 }, "v": { "item": "golf_green", "chance": 10 } },
      "rows": [
        "____________4444_...._44",
        "4444444444444444_...._44",
        "44444&4444444444_...._44",
        "__...#4444444444_....._4",
        ".vvvv#4_____4444_....._4",
        ".vvvv.4_gg._4444_....._4",
        ".vvvv.d_ggg_444__....._4",
        ".vvvv.d_gGg_444__....._4",
        "_....P4_ggg_444__....__4",
        "4444444_..._4444_....__4",
        "4444444_..._4444_....._4",
        "44##&44_..._4444_....._4",
        "4....44_..._4444_....._4",
        "Pvvvv44_..._4444__...._4",
        "dvvvv.4_...__444__...._4",
        "dvvvv.4_...._444__...._4",
        ".vvvv.4_...._4444_...._4",
        "4.....4_...._4444_gggg_4",
        "4.....4__..._4444_ggGg_4",
        "4.....4__...__444__ggg_d",
        "4.....4__...._4444_..__d",
        "4....444_...._4444____44",
        "4_...444_...._4444444444",
        "4_..._44_...._4444444444"
      ],
      "terrain": {
        "#": "t_grass",
        "&": "t_grass",
        ".": "t_grass",
        "4": [
          "t_grass",
          "t_grass",
          "t_grass",
          "t_grass",
          "t_grass",
          "t_grass",
          "t_grass",
          "t_grass",
          "t_grass",
          "t_grass_long",
          "t_grass_dead",
          "t_dirt",
          "t_dirt",
          "t_underbrush",
          "t_underbrush",
          "t_underbrush",
          "t_underbrush",
          "t_tree_pine",
          "t_tree_young",
          "t_tree",
          "t_tree_maple",
          "t_tree_willow"
        ],
        "G": "t_golf_hole",
        "P": "t_grass",
        "_": "t_grass_long",
        "d": "t_dirt",
        "v": "t_grass_golf",
        "g": "t_grass_golf"
      },
      "place_signs": [ { "signage": "HOLE #7", "x": 5, "y": 8 }, { "signage": "HOLE #5", "x": 0, "y": 13 } ]
    },
    "om_terrain": "golfcourse_21",
    "type": "mapgen",
    "weight": 100
  },
  {
    "method": "json",
    "object": {
      "furniture": {
        "#": "f_bench",
        "&": "f_trashcan",
        ".": "f_null",
        "4": "f_null",
        "G": "f_null",
        "P": "f_sign",
        "_": "f_null",
        "d": "f_null",
        "g": "f_null",
        "s": "f_null"
      },
      "items": { "&": { "item": "trash", "chance": 25, "repeat": 2 }, "v": { "item": "golf_green", "chance": 10 } },
      "rows": [
        "4_...__4_...._4444444444",
        "4_..ss_4_...._44________",
        "4_..ss_4_...._44__gg____",
        "4_.sss_4......44_ggg....",
        "4_.sss44......44_gGgg...",
        "__.ss__4......44_gggg...",
        "_....._4......44___.....",
        "_....._4._....4444______",
        "_....._4._....4444dd4444",
        "_..gg._4.vvvv.444Pdd4444",
        "_..gg._P.vvvv.44&.......",
        "_.ggG._ddvvvv.4#.vvvv...",
        "_.ggg__ddvvvv.4#.vvvv...",
        "4__.__44......44.vvvv...",
        "44___444##&44444.vvvv...",
        "44444444444444444.......",
        "444444444444444444444444",
        "44_____________44444____",
        "4_gggg........_______...",
        "d_gGgg..................",
        "d_ggg...................",
        "4___................____",
        "444___________________44",
        "444444444444444444444444"
      ],
      "terrain": {
        "#": "t_grass",
        "&": "t_grass",
        ".": "t_grass",
        "4": [
          "t_grass",
          "t_grass",
          "t_grass",
          "t_grass",
          "t_grass",
          "t_grass",
          "t_grass",
          "t_grass",
          "t_grass",
          "t_grass_long",
          "t_grass_dead",
          "t_dirt",
          "t_dirt",
          "t_underbrush",
          "t_underbrush",
          "t_underbrush",
          "t_underbrush",
          "t_tree_pine",
          "t_tree_young",
          "t_tree",
          "t_tree_maple",
          "t_tree_willow"
        ],
        "G": "t_golf_hole",
        "P": "t_grass",
        "_": "t_grass_long",
        "d": "t_dirt",
        "v": "t_grass_golf",
        "g": "t_grass_golf",
        "s": "t_sand"
      },
      "place_signs": [ { "signage": "HOLE #6", "x": 7, "y": 10 }, { "signage": "HOLE #2", "x": 17, "y": 9 } ]
    },
    "om_terrain": "golfcourse_22",
    "type": "mapgen",
    "weight": 100
  },
  {
    "method": "json",
    "object": {
      "furniture": { "#": "f_null", ".": "f_null", "_": "f_null", "p": "f_null", "s": "f_null" },
      "place_vehicles": [
        { "chance": 20, "fuel": 10, "rotation": 0, "status": -1, "vehicle": "parkinglotbasic", "x": 20, "y": 4 },
        { "chance": 20, "fuel": 20, "rotation": 180, "status": -1, "vehicle": "parkinglotbasic", "x": 3, "y": 5 },
        { "chance": 20, "fuel": 0, "rotation": 0, "status": -1, "vehicle": "parkinglotbasic", "x": 20, "y": 11 },
        { "chance": 20, "fuel": 20, "rotation": 180, "status": -1, "vehicle": "parkinglotbasic", "x": 3, "y": 12 },
        { "chance": 20, "fuel": 10, "rotation": 0, "status": -1, "vehicle": "parkinglotbasic", "x": 20, "y": 18 },
        { "chance": 20, "fuel": 30, "rotation": 180, "status": -1, "vehicle": "parkinglotbasic", "x": 3, "y": 19 }
      ],
      "rows": [
        "_________......_________",
        "_#_#_#_#_......_#_#_#_#_",
        "_......................_",
        "_......................_",
        "_......................_",
        "_......................_",
        "_......................_",
        "_......................_",
        "_pppppppp......pppppppp_",
        "_......................_",
        "_......................_",
        "_......................_",
        "_......................_",
        "_......................_",
        "_......................_",
        "_pppppppp......pppppppp_",
        "_......................_",
        "_......................_",
        "_......................_",
        "_......................_",
        "_......................_",
        "_......................_",
        "_#_#_#_#___ss___#_#_#_#_",
        "__ssssssssssssss________"
      ],
      "terrain": {
        "#": "t_shrub",
        ".": "t_pavement",
        "_": [ "t_grass", "t_grass", "t_grass", "t_grass", "t_grass", "t_dirt" ],
        "p": "t_pavement_y",
        "s": "t_sidewalk"
      }
    },
    "om_terrain": "golfcourse_30",
    "type": "mapgen",
    "weight": 100
  },
  {
    "method": "json",
    "object": {
      "add": [
        { "item": "gloves_golf", "chance": 40, "repeat": 2, "x": 5, "y": 4 },
        { "item": "gloves_golf", "chance": 40, "repeat": 2, "x": 6, "y": 4 },
        { "item": "hat_golf", "chance": 40, "repeat": 2, "x": 8, "y": 4 },
        { "item": "hat_golf", "chance": 40, "repeat": 2, "x": 9, "y": 4 },
        { "item": "golf_bag", "chance": 40, "x": 11, "y": 4 },
        { "item": "golf_bag", "chance": 40, "x": 12, "y": 4 },
        { "item": "golf_shoes", "chance": 40, "repeat": 2, "x": 18, "y": 4 },
        { "item": "golf_shoes", "chance": 40, "repeat": 2, "x": 19, "y": 4 },
        { "item": "gloves_golf", "chance": 40, "repeat": 2, "x": 5, "y": 5 },
        { "item": "gloves_golf", "chance": 40, "repeat": 2, "x": 6, "y": 5 },
        { "item": "hat_golf", "chance": 40, "repeat": 2, "x": 8, "y": 5 },
        { "item": "hat_golf", "chance": 40, "repeat": 2, "x": 9, "y": 5 },
        { "item": "golf_bag", "chance": 40, "x": 11, "y": 5 },
        { "item": "golf_bag", "chance": 40, "x": 12, "y": 5 },
        { "item": "golf_shoes", "chance": 40, "repeat": 2, "x": 18, "y": 5 },
        { "item": "golf_shoes", "chance": 40, "repeat": 2, "x": 19, "y": 5 },
        { "item": "golf_tee", "chance": 55, "repeat": 5, "x": 18, "y": 11 },
        { "item": "golf_tee", "chance": 55, "repeat": 5, "x": 19, "y": 11 },
        { "item": "golf_ball", "chance": 55, "repeat": 5, "x": 18, "y": 12 },
        { "item": "golf_ball", "chance": 55, "repeat": 5, "x": 19, "y": 12 }
      ],
      "furniture": {
        "#": "f_null",
        "+": "f_null",
        ".": "f_null",
        "C": "f_counter",
        "_": "f_null",
        "a": "f_chair",
        "c": "f_null",
        "d": "f_null",
        "g": "f_null",
        "s": "f_null",
        "t": "f_table",
        "v": "f_vending_c",
        "w": "f_null",
        "{": "f_rack",
        "|": "f_null"
      },
      "place_items": [
        { "chance": 20, "item": "office_mess", "x": [ 4, 5 ], "y": 13 },
        { "chance": 80, "item": "vending_food_items", "x": 20, "y": 7 },
        { "chance": 80, "item": "vending_drink_items", "x": 20, "y": 9 }
      ],
      "place_vehicles": [
        { "chance": 20, "fuel": 15, "rotation": 0, "status": -1, "vehicle": "golf_carts", "x": 3, "y": 15 },
        { "chance": 20, "fuel": 10, "rotation": 0, "status": -1, "vehicle": "golf_carts", "x": 7, "y": 15 },
        { "chance": 20, "fuel": 5, "rotation": 0, "status": -1, "vehicle": "golf_carts", "x": 11, "y": 15 },
        { "chance": 40, "fuel": 20, "rotation": 270, "status": -1, "vehicle": "golf_carts", "x": 17, "y": 17 },
        { "chance": 40, "fuel": 5, "rotation": 270, "status": -1, "vehicle": "golf_carts", "x": 20, "y": 17 },
        { "chance": 40, "fuel": 0, "rotation": 270, "status": -1, "vehicle": "golf_carts", "x": 17, "y": 21 },
        { "chance": 40, "fuel": 10, "rotation": 270, "status": -1, "vehicle": "golf_carts", "x": 20, "y": 21 },
        { "chance": 20, "fuel": 15, "rotation": 180, "status": -1, "vehicle": "golf_carts", "x": 3, "y": 22 },
        { "chance": 20, "fuel": 20, "rotation": 180, "status": -1, "vehicle": "golf_carts", "x": 7, "y": 22 },
        { "chance": 20, "fuel": 0, "rotation": 180, "status": -1, "vehicle": "golf_carts", "x": 11, "y": 22 }
      ],
      "rows": [
        "gsssssssssssssssgggggggg",
        "sssggggggggggggsgggggggg",
        "ssg||ww|ww|ww||+||ww||gg",
        "ss#|__________ccc____|gg",
        "ss#|_{{_{{_{{_ccc_{{_|gg",
        "ssg|_{{_{{_{{_ccc_{{_|gg",
        "ss#|__________ccc____|gg",
        "ss#|__________ccc___v|gg",
        "ssg|__CC______ccc____|gg",
        "ss#|___C______ccc___v|gg",
        "ss#|___C______ccc____|gg",
        "ssg|___C______ccc_{{_|gg",
        "ss#|_a_C______ccc_{{_|gg",
        "ss#|tttC______ccc____|gg",
        "ssg||||||||ww||+||ww||gg",
        "ss....................gg",
        "ss....................gg",
        "ss....................gg",
        "ss....................gg",
        "ss....................gg",
        "ss....................gg",
        "ss....................gg",
        "ss....................gg",
        "gdddddddddddddddddddgggg"
      ],
      "terrain": {
        "#": "t_shrub",
        "+": "t_door_c",
        ".": "t_pavement",
        "C": "t_floor",
        "_": "t_floor",
        "a": "t_floor",
        "c": "t_carpet_purple",
        "d": "t_dirt",
        "g": [ "t_grass", "t_grass", "t_grass", "t_grass", "t_grass", "t_dirt" ],
        "s": "t_sidewalk",
        "t": "t_floor",
        "v": "t_floor",
        "w": "t_window",
        "{": "t_floor",
        "|": "t_wall"
      }
    },
    "om_terrain": "golfcourse_31",
    "type": "mapgen",
    "weight": 100
  },
  {
    "method": "json",
    "object": {
      "furniture": {
        "#": "f_bench",
        "&": "f_trashcan",
        ".": "f_null",
        "4": "f_null",
        "G": "f_null",
        "P": "f_sign",
        "_": "f_null",
        "d": "f_null",
        "g": "f_null",
        "s": "f_null"
      },
      "items": { "&": { "item": "trash", "chance": 25, "repeat": 2 }, "v": { "item": "golf_green", "chance": 10 } },
      "rows": [
        "44ddddddddddddddddddd444",
        "_______4444444444##dd444",
        "______...............P44",
        ".................vvvv&44",
        ".................vvvv.44",
        ".................vvvv.44",
        "........_____....vvvv.44",
        "_______________......444",
        "444444444444444444444444",
        "44444444.............444",
        ".................ggg..44",
        ".................ggGg.44",
        ".................gggg.44",
        "......................44",
        "..................4dd444",
        "......4444444444444dd444",
        "444444444_____44444ddP44",
        "_________.............44",
        ".................vvvv.&4",
        "....ssss.........vvvv.#4",
        "....ssssss.......vvvv.#4",
        "___sssssss_______vvvv.44",
        "444444_sss_444444....444",
        "444444444444444444444444"
      ],
      "terrain": {
        "#": "t_grass",
        "&": "t_grass",
        ".": "t_grass",
        "4": [
          "t_grass",
          "t_grass",
          "t_grass",
          "t_grass",
          "t_grass",
          "t_grass",
          "t_grass",
          "t_grass",
          "t_grass",
          "t_grass_long",
          "t_grass_dead",
          "t_dirt",
          "t_dirt",
          "t_underbrush",
          "t_underbrush",
          "t_underbrush",
          "t_underbrush",
          "t_tree_pine",
          "t_tree_young",
          "t_tree",
          "t_tree_maple",
          "t_tree_willow"
        ],
        "G": "t_golf_hole",
        "P": "t_grass",
        "_": "t_grass_long",
        "d": "t_dirt",
        "v": "t_grass_golf",
        "g": "t_grass_golf",
        "s": "t_sand"
      },
      "place_signs": [ { "signage": "HOLE #1", "x": 21, "y": 2 }, { "signage": "HOLE #3", "x": 21, "y": 16 } ]
    },
    "om_terrain": "golfcourse_32",
    "type": "mapgen",
    "weight": 100
  }
]
