[
  {
    "method": "json",
    "object": {
      "furniture": {
        "#": "f_bench",
        "$": "f_null",
        "&": "f_trashcan",
        "-": "f_null",
        ".": "f_null",
        "C": "f_counter",
        "D": "f_null",
        "S": "f_null",
        "T": "f_toilet",
        "_": "f_null",
        "a": "f_chair",
        "b": "f_sink",
        "c": "f_null",
        "d": "f_desk",
        "f": "f_null",
        "r": "f_null",
        "s": "f_null",
        "t": "f_table",
        "{": "f_vending_c",
        "|": "f_null"
      },
      "place_items": [
        { "chance": 25, "item": "cubical_office", "x": [ 18, 19 ], "y": 12 },
        { "chance": 25, "item": "cubical_office", "x": [ 15, 16 ], "y": 12 },
        { "chance": 30, "item": "trash", "x": 11, "y": 10 },
        { "chance": 75, "item": "vending_food_items", "x": 11, "y": 4 },
        { "chance": 75, "item": "vending_drink_items", "x": 11, "y": 7 },
        { "chance": 40, "repeat": 3, "item": "magazines", "x": [ 16, 18 ], "y": [ 5, 6 ] }
      ],
      "place_toilets": [ { "x": 12, "y": 13 } ],
      "place_vehicles": [
        { "chance": 75, "fuel": 0, "rotation": 270, "status": 1, "vehicle": "junkyard_vehicles", "x": 12, "y": 17 },
        { "chance": 75, "fuel": 0, "rotation": 270, "status": 1, "vehicle": "junkyard_vehicles", "x": 19, "y": 17 }
      ],
      "rows": [
        "__......________________",
        "__......e_|||---|r|---||",
        "_$qqqqqq|$|ff###fff###ff",
        "_$......e_|fffffffffffff",
        "_$......__|{ffcccccccfff",
        "_$......__|fffcctttccfCC",
        "_$......__|fffcctttccfCf",
        "_$......__|{ffcccccccfCf",
        "_$......__|fffffffffffCf",
        "_$......__||D|ffffffffCf",
        "_$......__|&f|f||||||fff",
        "_$......__|bf|ffffffffff",
        "_$......__|ff|fddfddffff",
        "_$......__|fT|ffaffaffff",
        "_$......__|||||||||||||D",
        "_$......__sssss__sssss_S",
        "_$......__sssss__sssss_S",
        "_$......__sssss__sssss_S",
        "_$......__sssss__sssss_S",
        "_$......__sssss__sssss_S",
        "_$......__sssss__sssss_S",
        "_$......._sssss__sssss_S",
        "_$......................",
        "_$......................"
      ],
      "terrain": {
        "#": "t_floor",
        "$": "t_fence_barbed",
        "&": "t_floor",
        "e": "t_gates_mech_control",
        "-": "t_wall_glass",
        ".": [
          "t_pavement",
          "t_pavement",
          "t_pavement",
          "t_pavement",
          "t_pavement",
          "t_pavement",
          "t_pavement",
          "t_pavement",
          "t_pavement",
          "t_pavement",
          "t_pavement",
          "t_pavement",
          "t_pavement",
          "t_pavement",
          "t_pavement",
          "t_pavement",
          "t_pavement",
          "t_pavement",
          "t_pavement",
          "t_pavement",
          "t_pavement",
          "t_pavement",
          "t_dirt",
          "t_dirt",
          "t_grass"
        ],
        "C": "t_floor",
        "D": "t_door_c",
        "S": "t_sidewalk",
        "T": "t_floor",
        "_": [ "t_grass", "t_grass", "t_grass", "t_grass", "t_grass", "t_dirt" ],
        "a": "t_floor",
        "b": "t_floor",
        "q": "t_door_metal_locked",
        "c": "t_carpet_red",
        "d": "t_floor",
        "f": "t_floor",
        "r": "t_reinforced_door_glass_c",
        "s": [ "t_dirt", "t_dirt", "t_dirt", "t_dirt", "t_dirt", "t_grass" ],
        "t": "t_carpet_red",
        "{": "t_floor",
        "|": "t_brick_wall"
      }
    },
    "om_terrain": "junkyard_1a",
    "type": "mapgen",
    "weight": 100
  },
  {
    "method": "json",
    "object": {
      "furniture": {
        "#": "f_counter",
        "$": "f_null",
        "&": "f_trashcan",
        ".": "f_null",
        "D": "f_null",
        "S": "f_null",
        "_": "f_null",
        "d": "f_null",
        "f": "f_null",
        "m": "f_null",
        "s": "f_null",
        "t": "f_null",
        "|": "f_null"
      },
      "place_items": [
        { "chance": 20, "repeat": 2, "item": "tools_mechanic", "x": 2, "y": [ 10, 12 ] },
        { "chance": 20, "repeat": 2, "item": "tools_mechanic", "x": 2, "y": [ 6, 8 ] },
        { "chance": 25, "repeat": 2, "item": "trash", "x": 2, "y": 9 }
      ],
      "place_vehicles": [
        { "chance": 90, "fuel": 0, "rotation": 0, "status": -1, "vehicle": "engine_crane", "x": 4, "y": 3 },
        { "chance": 90, "fuel": 0, "rotation": 90, "status": -1, "vehicle": "handjack", "x": 7, "y": 3 },
        { "chance": 90, "fuel": 30, "rotation": 180, "status": -1, "vehicle": "welding_cart", "x": 10, "y": 3 },
        { "chance": 75, "fuel": 0, "rotation": 180, "status": -1, "vehicle": "junkyard_vehicles", "x": 7, "y": 9 },
        { "chance": 75, "fuel": 0, "rotation": 270, "status": 1, "vehicle": "junkyard_vehicles", "x": 4, "y": 17 },
        { "chance": 75, "fuel": 0, "rotation": 270, "status": 1, "vehicle": "junkyard_vehicles", "x": 11, "y": 17 }
      ],
      "rows": [
        "________________......__",
        "_______________e......__",
        "||||||||||||||$|dddddd$_",
        "f|ttttttttttt|_e......$_",
        "fDtttttttttttD__......$_",
        "f|tttttttttte|e.......$_",
        "f|#ttmmmmmmmmd........$_",
        "f|#ttmmmmmmmmd........$_",
        "f|#ttmmmmmmmmd........$_",
        "f|&ttmmmmmmmmd........$_",
        "f|#ttmmmmmmmmd........$_",
        "f|#ttmmmmmmmmd........$_",
        "f|#tttttttttt|_.......$_",
        "f|ttttttttttt|__......$_",
        "||||||||||||||__......$_",
        "S_sssss__sssss__......$_",
        "S_sssss__sssss__......$_",
        "S_sssss__sssss__......$_",
        "S_sssss__sssss__......$_",
        "S_sssss__sssss__......$_",
        "S_sssss__sssss_.......$_",
        "S_sssss__sssss........$_",
        "......................$_",
        "......................$_"
      ],
      "terrain": {
        "#": "t_thconc_floor",
        "$": "t_fence_barbed",
        "&": "t_thconc_floor",
        "e": "t_gates_mech_control",
        ".": [
          "t_pavement",
          "t_pavement",
          "t_pavement",
          "t_pavement",
          "t_pavement",
          "t_pavement",
          "t_pavement",
          "t_pavement",
          "t_pavement",
          "t_pavement",
          "t_pavement",
          "t_pavement",
          "t_pavement",
          "t_pavement",
          "t_pavement",
          "t_pavement",
          "t_pavement",
          "t_pavement",
          "t_pavement",
          "t_pavement",
          "t_pavement",
          "t_pavement",
          "t_dirt",
          "t_dirt",
          "t_grass"
        ],
        "D": "t_door_c",
        "S": "t_sidewalk",
        "_": [ "t_grass", "t_grass", "t_grass", "t_grass", "t_grass", "t_dirt" ],
        "d": "t_door_metal_locked",
        "f": "t_floor",
        "m": "t_metal_floor",
        "s": [ "t_dirt", "t_dirt", "t_dirt", "t_dirt", "t_dirt", "t_grass" ],
        "t": "t_thconc_floor",
        "|": "t_brick_wall"
      }
    },
    "om_terrain": "junkyard_1b",
    "type": "mapgen",
    "weight": 100
  },
  {
    "method": "json",
    "object": {
      "add": [ { "item": "bowl_plastic", "x": 22, "y": 4 } ],
      "furniture": { "-": "f_null", ".": "f_null", "#": "f_straw_bed", "_": "f_null", "g": "f_null", "|": "f_null" },
      "place_monsters": [ { "chance": 65, "density": 1, "monster": "GROUP_DOGS", "x": 23, "y": [ 4, 6 ] } ],
      "place_liquids": [ { "liquid": "water_clean", "chance": 2, "amount": [ 1, 3 ], "x": 22, "y": 4 } ],
      "place_vehicles": [
        { "chance": 75, "fuel": 0, "rotation": 90, "status": 1, "vehicle": "junkyard_vehicles", "x": 11, "y": 7 },
        { "chance": 75, "fuel": 0, "rotation": 90, "status": 1, "vehicle": "junkyard_vehicles", "x": 18, "y": 7 },
        { "chance": 75, "fuel": 0, "rotation": 90, "status": 1, "vehicle": "junkyard_vehicles", "x": 6, "y": 19 },
        { "chance": 75, "fuel": 0, "rotation": 90, "status": 1, "vehicle": "junkyard_vehicles", "x": 13, "y": 19 },
        { "chance": 75, "fuel": 0, "rotation": 90, "status": 1, "vehicle": "junkyard_vehicles", "x": 20, "y": 19 }
      ],
      "rows": [
        "g|......................",
        "g|......................",
        "g|......................",
        "g|......g_____gg_____ggg",
        "g|......g_____gg_____ggg",
        "g|......g_____gg_____g-#",
        "g|......g_____gg_____g-#",
        "g|......g_____gg_____g--",
        "g|......g_____gg_____ggg",
        "g|......._____gg_____ggg",
        "g|......................",
        "g|......................",
        "g|g.....................",
        "g|g.....................",
        "g|gg....................",
        "g|gg_____gg_____gg_____g",
        "g|gg_____gg_____gg_____g",
        "g|gg_____gg_____gg_____g",
        "g|gg_____gg_____gg_____g",
        "g|gg_____gg_____gg_____g",
        "g|gg_____gg_____gg_____g",
        "g|gg_____gg_____gg_____g",
        "g|||||||||||||||||||||||",
        "gggggggggggggggggggggggg"
      ],
      "terrain": {
        "-": "t_wall_wood",
        ".": [
          "t_pavement",
          "t_pavement",
          "t_pavement",
          "t_pavement",
          "t_pavement",
          "t_pavement",
          "t_pavement",
          "t_pavement",
          "t_pavement",
          "t_pavement",
          "t_pavement",
          "t_pavement",
          "t_pavement",
          "t_pavement",
          "t_pavement",
          "t_pavement",
          "t_pavement",
          "t_pavement",
          "t_pavement",
          "t_pavement",
          "t_pavement",
          "t_pavement",
          "t_dirt",
          "t_dirt",
          "t_grass"
        ],
        "#": "t_dirt",
        "_": [ "t_dirt", "t_dirt", "t_dirt", "t_dirt", "t_dirt", "t_grass" ],
        "g": [ "t_grass", "t_grass", "t_grass", "t_grass", "t_grass", "t_dirt" ],
        "|": "t_fence_barbed"
      }
    },
    "om_terrain": "junkyard_2a",
    "type": "mapgen",
    "weight": 100
  },
  {
    "method": "json",
    "object": {
      "add": [ { "item": "meat", "repeat": [ 1, 4 ], "chance": 50, "x": 1, "y": 4 }, { "item": "bowl_plastic", "x": 1, "y": 4 } ],
      "furniture": { "#": "f_straw_bed", "$": "f_null", ".": "f_null", "_": "f_null", "g": "f_null", "|": "f_null" },
      "place_monsters": [ { "chance": 65, "density": 1, "monster": "GROUP_DOGS", "x": 0, "y": [ 4, 6 ] } ],
      "place_vehicles": [
        { "chance": 75, "fuel": 0, "rotation": 90, "status": 1, "vehicle": "junkyard_vehicles", "x": 5, "y": 7 },
        { "chance": 75, "fuel": 0, "rotation": 90, "status": 1, "vehicle": "junkyard_vehicles", "x": 12, "y": 7 },
        { "chance": 75, "fuel": 0, "rotation": 90, "status": 1, "vehicle": "junkyard_vehicles", "x": 3, "y": 19 },
        { "chance": 75, "fuel": 0, "rotation": 90, "status": 1, "vehicle": "junkyard_vehicles", "x": 10, "y": 19 },
        { "chance": 75, "fuel": 0, "rotation": 90, "status": 1, "vehicle": "junkyard_vehicles", "x": 17, "y": 19 }
      ],
      "rows": [
        "......................$g",
        "......................$g",
        "......................$g",
        "ggg_____gg_____.......$g",
        "ggg_____gg_____g......$g",
        "#|g_____gg_____g......$g",
        "#|g_____gg_____g......$g",
        "||g_____gg_____g......$g",
        "ggg_____gg_____g......$g",
        "ggg_____gg_____.......$g",
        "......................$g",
        "......................$g",
        "......................$g",
        ".....................g$g",
        "....................gg$g",
        "g_____gg_____gg_____gg$g",
        "g_____gg_____gg_____gg$g",
        "g_____gg_____gg_____gg$g",
        "g_____gg_____gg_____gg$g",
        "g_____gg_____gg_____gg$g",
        "g_____gg_____gg_____gg$g",
        "g_____gg_____gg_____gg$g",
        "$$$$$$$$$$$$$$$$$$$$$$$g",
        "gggggggggggggggggggggggg"
      ],
      "terrain": {
        "|": "t_wall_wood",
        ".": [
          "t_pavement",
          "t_pavement",
          "t_pavement",
          "t_pavement",
          "t_pavement",
          "t_pavement",
          "t_pavement",
          "t_pavement",
          "t_pavement",
          "t_pavement",
          "t_pavement",
          "t_pavement",
          "t_pavement",
          "t_pavement",
          "t_pavement",
          "t_pavement",
          "t_pavement",
          "t_pavement",
          "t_pavement",
          "t_pavement",
          "t_pavement",
          "t_pavement",
          "t_dirt",
          "t_dirt",
          "t_grass"
        ],
        "#": "t_dirt",
        "_": [ "t_dirt", "t_dirt", "t_dirt", "t_dirt", "t_dirt", "t_grass" ],
        "g": [ "t_grass", "t_grass", "t_grass", "t_grass", "t_grass", "t_dirt" ],
        "$": "t_fence_barbed"
      }
    },
    "om_terrain": "junkyard_2b",
    "type": "mapgen",
    "weight": 100
  }
]
