[
  {
    "id": "tearer",
    "type": "GENERIC",
    "category": "veh_parts",
    "name": "shredder",
    "description": "This menacing looking attachment is meant to be powered by a vehicle's engine.  Upon doing so, the circular blades of this device will rotate rapidly; anything in front of it is likely to be ripped to shreds.  It is sturdy enough to withstand multiple impacts, and is designed to detach if it would take a hit that would break it.",
    "weight": 29955,
    "volume": 30,
    "price": 10500,
    "to_hit": -1,
    "bashing": 6,
    "material": [ "steel" ],
    "symbol": "]",
    "color": "light_cyan"
  }
]
