[
  {
    "id": "makeshift_kevlar",
    "copy-from": "kevlar",
    "type": "ARMOR",
    "name": "makeshift kevlar vest",
    "description": "A vest sewn together from Kevlar plates, less durable and protective than a proper Kevlar vest.  Suitable for wearing under clothing.",
    "relative": { "material_thickness": -1 },
    "delete": { "flags": [ "STURDY" ] }
  },
  {
    "result": "makeshift_kevlar",
    "type": "recipe",
    "category": "CC_ARMOR",
    "subcategory": "CSC_ARMOR_TORSO",
    "skill_used": "tailor",
    "difficulty": 4,
    "time": 30000,
    "reversible": true,
    "decomp_learn": 4,
    "autolearn": true,
    "tools": [ [ [ "sewing_kit", 30 ] ] ],
    "components": [ [ [ "kevlar_plate", 24 ] ] ]
  }
]
