[
  {
    "id": "hk46bigmag",
    "type": "MAGAZINE",
    "name": "H&K 4.6mm extended magazine",
    "description": "An extended 40-round magazine for use with H&K's proprietary 4.6x30mm round.",
    "weight": 240,
    "volume": 2,
    "price": 6300,
    "material": "steel",
    "symbol": "#",
    "color": "light_gray",
    "ammo_type": "46",
    "capacity": 40,
    "reliability": 8,
    "flags": [ "MAG_COMPACT" ]
  },
  {
    "id": "hk46mag",
    "type": "MAGAZINE",
    "name": "H&K 4.6mm magazine",
    "description": "A standard capacity 20-round magazine for use with H&K's proprietary 4.6x30mm round.",
    "weight": 120,
    "volume": 1,
    "price": 4700,
    "material": "steel",
    "symbol": "#",
    "color": "light_gray",
    "ammo_type": "46",
    "capacity": 20,
    "reliability": 9,
    "flags": [ "MAG_COMPACT" ]
  }
]
