[
  {
    "id": "boots",
    "type": "ARMOR",
    "name": "pair of boots",
    "name_plural": "pairs of boots",
    "description": "Tough leather boots.  Very durable.",
    "weight": 1060,
    "volume": 10,
    "price": 10000,
    "to_hit": -1,
    "bashing": 1,
    "material": [ "leather" ],
    "symbol": "[",
    "color": "dark_gray",
    "covers": [ "FEET" ],
    "coverage": 90,
    "encumbrance": 12,
    "warmth": 20,
    "material_thickness": 3,
    "environmental_protection": 2,
    "use_action": {
      "type": "holster",
      "holster_prompt": "Sheath knife",
      "holster_msg": "You sheath your %s",
      "max_volume": 1,
      "draw_cost": 80,
      "multi": 2,
      "flags": [ "SHEATH_KNIFE" ]
    },
    "flags": [ "VARSIZE", "WATERPROOF" ]
  },
  {
    "id": "boots_bone",
    "type": "ARMOR",
    "category": "armor",
    "name": "pair of bone armor boots",
    "name_plural": "pairs of bone armor boots",
    "description": "Leather boots armored with reinforcements made from bone.  Light and strong.",
    "weight": 1824,
    "volume": 17,
    "price": 13500,
    "to_hit": -1,
    "bashing": 4,
    "material": [ "bone", "leather" ],
    "symbol": "[",
    "color": "white",
    "covers": [ "FEET" ],
    "coverage": 95,
    "encumbrance": 16,
    "warmth": 20,
    "material_thickness": 4,
    "environmental_protection": 3,
    "use_action": {
      "type": "holster",
      "holster_prompt": "Sheath knife",
      "holster_msg": "You sheath your %s",
      "max_volume": 1,
      "draw_cost": 80,
      "multi": 2,
      "flags": [ "SHEATH_KNIFE" ]
    },
    "flags": [ "VARSIZE", "WATERPROOF", "STURDY" ]
  },
  {
    "id": "boots_bunker",
    "type": "ARMOR",
    "category": "armor",
    "name": "pair of turnout boots",
    "name_plural": "pairs of turnout boots",
    "description": "A pair of steel-toed rubber boots, the sort worn by firefighters.  Highly resistant to heat and flame, they provide excellent protection from injury.",
    "weight": 1930,
    "volume": 14,
    "price": 13000,
    "to_hit": 2,
    "material": [ "plastic", "nomex" ],
    "symbol": "[",
    "color": "dark_gray",
    "covers": [ "FEET" ],
    "coverage": 100,
    "encumbrance": 40,
    "warmth": 35,
    "material_thickness": 4,
    "environmental_protection": 8,
    "use_action": {
      "type": "holster",
      "holster_prompt": "Sheath knife",
      "holster_msg": "You sheath your %s",
      "max_volume": 1,
      "draw_cost": 80,
      "multi": 2,
      "flags": [ "SHEATH_KNIFE" ]
    },
    "flags": [ "VARSIZE", "WATERPROOF", "STURDY" ]
  },
  {
    "id": "boots_chitin",
    "type": "ARMOR",
    "category": "armor",
    "name": "pair of chitinous boots",
    "name_plural": "pairs of chitinous boots",
    "description": "Boots made from the exoskeletons of insects.  Light and durable.",
    "weight": 1620,
    "volume": 17,
    "price": 13500,
    "to_hit": -1,
    "bashing": 4,
    "material": [ "chitin" ],
    "symbol": "[",
    "color": "green",
    "covers": [ "FEET" ],
    "coverage": 95,
    "encumbrance": 14,
    "warmth": 10,
    "material_thickness": 4,
    "environmental_protection": 3,
    "use_action": {
      "type": "holster",
      "holster_prompt": "Sheath knife",
      "holster_msg": "You sheath your %s",
      "max_volume": 1,
      "draw_cost": 80,
      "multi": 2,
      "flags": [ "SHEATH_KNIFE" ]
    },
    "flags": [ "STURDY" ]
  },
  {
    "id": "boots_combat",
    "type": "ARMOR",
    "category": "armor",
    "name": "pair of combat boots",
    "name_plural": "pairs of combat boots",
    "description": "Modern reinforced tactical combat boots.  Very durable.",
    "weight": 1060,
    "volume": 8,
    "price": 7000,
    "to_hit": -1,
    "bashing": 1,
    "material": [ "kevlar", "leather" ],
    "symbol": "[",
    "color": "dark_gray",
    "covers": [ "FEET" ],
    "coverage": 100,
    "encumbrance": 25,
    "warmth": 25,
    "material_thickness": 3,
    "environmental_protection": 2,
    "use_action": {
      "type": "holster",
      "holster_prompt": "Sheath knife",
      "holster_msg": "You sheath your %s",
      "max_volume": 1,
      "draw_cost": 80,
      "multi": 2,
      "flags": [ "SHEATH_KNIFE" ]
    },
    "flags": [ "VARSIZE", "WATERPROOF", "STURDY" ]
  },
  {
    "id": "boots_fsurvivor",
    "type": "ARMOR",
    "category": "armor",
    "name": "pair of survivor fireboots",
    "name_plural": "pairs of survivor fireboots",
    "description": "A pair of customized, Kevlar armored Nomex boots, modified to provide maximum protection from harm and the elements, even when knee-deep in the dead.",
    "weight": 1980,
    "volume": 12,
    "price": 24000,
    "to_hit": -1,
    "bashing": 1,
    "material": [ "kevlar", "nomex" ],
    "symbol": "[",
    "color": "light_gray",
    "covers": [ "FEET" ],
    "coverage": 100,
    "encumbrance": 35,
    "warmth": 15,
    "material_thickness": 5,
    "environmental_protection": 10,
    "use_action": {
      "type": "holster",
      "holster_prompt": "Sheath knife",
      "holster_msg": "You sheath your %s",
      "max_volume": 1,
      "draw_cost": 80,
      "multi": 2,
      "flags": [ "SHEATH_KNIFE" ]
    },
    "flags": [ "VARSIZE", "WATERPROOF", "STURDY" ]
  },
  {
    "id": "boots_fur",
    "type": "ARMOR",
    "name": "pair of fur boots",
    "name_plural": "pairs of fur boots",
    "description": "Boots lined with fur for warmth.",
    "weight": 1890,
    "volume": 18,
    "price": 14000,
    "to_hit": -1,
    "bashing": 1,
    "material": [ "leather", "fur" ],
    "symbol": "[",
    "color": "brown",
    "covers": [ "FEET" ],
    "coverage": 90,
    "encumbrance": 20,
    "warmth": 60,
    "material_thickness": 3,
    "environmental_protection": 2,
    "use_action": {
      "type": "holster",
      "holster_prompt": "Sheath knife",
      "holster_msg": "You sheath your %s",
      "max_volume": 1,
      "draw_cost": 80,
      "multi": 2,
      "flags": [ "SHEATH_KNIFE" ]
    },
    "flags": [ "VARSIZE", "WATERPROOF" ]
  },
  {
    "id": "boots_h20survivor",
    "type": "ARMOR",
    "category": "armor",
    "name": "pair of survivor wetsuit boots",
    "name_plural": "pairs of survivor wetsuit boots",
    "description": "A pair of customized, kevlar armored neoprene boots, modified to provide maximum protection from harm and the elements, even when knee-deep in the dead.",
    "weight": 1180,
    "volume": 6,
    "price": 24000,
    "to_hit": -1,
    "bashing": 1,
    "material": [ "kevlar", "plastic", "neoprene" ],
    "symbol": "[",
    "color": "dark_gray",
    "covers": [ "FEET" ],
    "coverage": 100,
    "encumbrance": 32,
    "warmth": 15,
    "material_thickness": 3,
    "environmental_protection": 10,
    "use_action": {
      "type": "holster",
      "holster_prompt": "Sheath knife",
      "holster_msg": "You sheath your %s",
      "max_volume": 1,
      "draw_cost": 80,
      "multi": 2,
      "flags": [ "SHEATH_KNIFE" ]
    },
    "flags": [ "VARSIZE", "WATER_FRIENDLY", "STURDY" ]
  },
  {
    "id": "boots_hiking",
    "type": "ARMOR",
    "name": "pair of hiking boots",
    "name_plural": "pairs of hiking boots",
    "description": "Tough yet light leather boots.  Durable and comfortable.",
    "weight": 960,
    "volume": 8,
    "price": 14000,
    "to_hit": -1,
    "bashing": 1,
    "material": [ "leather", "plastic" ],
    "symbol": "[",
    "color": "brown",
    "covers": [ "FEET" ],
    "coverage": 95,
    "encumbrance": 12,
    "warmth": 30,
    "material_thickness": 2,
    "environmental_protection": 2,
    "use_action": {
      "type": "holster",
      "holster_prompt": "Sheath knife",
      "holster_msg": "You sheath your %s",
      "max_volume": 1,
      "draw_cost": 80,
      "multi": 2,
      "flags": [ "SHEATH_KNIFE" ]
    },
    "flags": [ "VARSIZE", "WATERPROOF" ]
  },
  {
    "id": "boots_hsurvivor",
    "type": "ARMOR",
    "category": "armor",
    "name": "pair of heavy survivor boots",
    "name_plural": "pairs of heavy survivor boots",
    "description": "A pair of customized kevlar boots, heavily armored with steel and modified to provide maximum protection from harm, even when knee-deep in the dead.",
    "weight": 1610,
    "volume": 12,
    "price": 24000,
    "to_hit": -1,
    "bashing": 1,
    "material": [ "kevlar", "steel" ],
    "symbol": "[",
    "color": "dark_gray",
    "covers": [ "FEET" ],
    "coverage": 100,
    "encumbrance": 35,
    "warmth": 15,
    "material_thickness": 6,
    "environmental_protection": 5,
    "use_action": {
      "type": "holster",
      "holster_prompt": "Sheath knife",
      "holster_msg": "You sheath your %s",
      "max_volume": 1,
      "draw_cost": 80,
      "multi": 2,
      "flags": [ "SHEATH_KNIFE" ]
    },
    "flags": [ "VARSIZE", "WATERPROOF", "STURDY" ]
  },
  {
    "id": "boots_larmor",
    "type": "ARMOR",
    "category": "armor",
    "name": "pair of leather armor boots",
    "name_plural": "pairs of leather armor boots",
    "description": "Thick leather boots made specifically to protect the feet.  Light and tough.",
    "weight": 902,
    "volume": 8,
    "price": 12500,
    "to_hit": -1,
    "bashing": 4,
    "material": [ "leather" ],
    "symbol": "[",
    "color": "brown",
    "covers": [ "FEET" ],
    "coverage": 95,
    "encumbrance": 18,
    "warmth": 25,
    "material_thickness": 5,
    "environmental_protection": 2,
    "use_action": {
      "type": "holster",
      "holster_prompt": "Sheath knife",
      "holster_msg": "You sheath your %s",
      "max_volume": 1,
      "draw_cost": 80,
      "multi": 2,
      "flags": [ "SHEATH_KNIFE" ]
    },
    "flags": [ "VARSIZE", "WATERPROOF", "STURDY" ]
  },
  {
    "id": "boots_lsurvivor",
    "type": "ARMOR",
    "category": "armor",
    "name": "pair of light survivor boots",
    "name_plural": "pairs of light survivor boots",
    "description": "A pair of customized, kevlar armored cloth boots, modified to provide maximum protection from harm, even when knee-deep in the dead.",
    "weight": 1120,
    "volume": 8,
    "price": 24000,
    "to_hit": -1,
    "bashing": 1,
    "material": [ "kevlar", "cotton" ],
    "symbol": "[",
    "color": "green",
    "covers": [ "FEET" ],
    "coverage": 100,
    "encumbrance": 18,
    "warmth": 15,
    "material_thickness": 5,
    "environmental_protection": 3,
    "use_action": {
      "type": "holster",
      "holster_prompt": "Sheath knife",
      "holster_msg": "You sheath your %s",
      "max_volume": 1,
      "draw_cost": 80,
      "multi": 2,
      "flags": [ "SHEATH_KNIFE" ]
    },
    "flags": [ "VARSIZE", "WATERPROOF", "STURDY" ]
  },
  {
    "id": "boots_plate",
    "type": "ARMOR",
    "category": "armor",
    "name": "pair of armored boots",
    "name_plural": "pairs of armored boots",
    "description": "An extremely heavy set of armor plated boots.",
    "weight": 1890,
    "volume": 13,
    "price": 50000,
    "to_hit": -2,
    "bashing": 7,
    "material": [ "iron", "leather" ],
    "symbol": "[",
    "color": "light_gray",
    "covers": [ "FEET" ],
    "coverage": 100,
    "encumbrance": 28,
    "warmth": 20,
    "material_thickness": 4,
    "environmental_protection": 1,
    "use_action": {
      "type": "holster",
      "holster_prompt": "Sheath knife",
      "holster_msg": "You sheath your %s",
      "max_volume": 1,
      "draw_cost": 80,
      "multi": 2,
      "flags": [ "SHEATH_KNIFE" ]
    },
    "flags": [ "VARSIZE", "WATERPROOF", "STURDY" ]
  },
  {
    "id": "boots_rubber",
    "type": "ARMOR",
    "name": "pair of rubber boots",
    "name_plural": "pairs of rubber boots",
    "description": "A pair of rubber boots, often used while cleaning with caustic materials.",
    "weight": 980,
    "volume": 14,
    "price": 8000,
    "to_hit": 2,
    "material": [ "plastic" ],
    "symbol": "[",
    "color": "dark_gray",
    "covers": [ "FEET" ],
    "coverage": 100,
    "encumbrance": 30,
    "warmth": 10,
    "material_thickness": 3,
    "environmental_protection": 12,
    "use_action": {
      "type": "holster",
      "holster_prompt": "Sheath knife",
      "holster_msg": "You sheath your %s",
      "max_volume": 1,
      "draw_cost": 80,
      "multi": 2,
      "flags": [ "SHEATH_KNIFE" ]
    },
    "flags": [ "WATERPROOF" ]
  },
  {
    "id": "boots_steel",
    "type": "ARMOR",
    "name": "pair of steeltoed boots",
    "name_plural": "pairs of steeltoed boots",
    "description": "Leather boots with a steel toe.  Extremely durable.",
    "weight": 1320,
    "volume": 12,
    "price": 12000,
    "to_hit": -1,
    "bashing": 4,
    "material": [ "leather", "steel" ],
    "symbol": "[",
    "color": "brown",
    "covers": [ "FEET" ],
    "coverage": 90,
    "encumbrance": 20,
    "warmth": 30,
    "material_thickness": 3,
    "environmental_protection": 3,
    "use_action": {
      "type": "holster",
      "holster_prompt": "Sheath knife",
      "holster_msg": "You sheath your %s",
      "max_volume": 1,
      "draw_cost": 80,
      "multi": 2,
      "flags": [ "SHEATH_KNIFE" ]
    },
    "flags": [ "VARSIZE", "WATERPROOF" ]
  },
  {
    "id": "boots_survivor",
    "type": "ARMOR",
    "category": "armor",
    "name": "pair of survivor boots",
    "name_plural": "pairs of survivor boots",
    "description": "A pair of customized leather boots, armored with kevlar and modified to provide maximum protection from harm, even when knee-deep in the dead.",
    "weight": 1330,
    "volume": 10,
    "price": 24000,
    "to_hit": -1,
    "bashing": 1,
    "material": [ "kevlar", "leather" ],
    "symbol": "[",
    "color": "brown",
    "covers": [ "FEET" ],
    "coverage": 100,
    "encumbrance": 24,
    "warmth": 15,
    "material_thickness": 5,
    "environmental_protection": 3,
    "use_action": {
      "type": "holster",
      "holster_prompt": "Sheath knife",
      "holster_msg": "You sheath your %s",
      "max_volume": 1,
      "draw_cost": 80,
      "multi": 2,
      "flags": [ "SHEATH_KNIFE" ]
    },
    "flags": [ "VARSIZE", "WATERPROOF", "STURDY" ]
  },
  {
    "id": "boots_western",
    "type": "ARMOR",
    "name": "pair of western boots",
    "name_plural": "pairs of western boots",
    "description": "Stiff leather boots with intricate embroidery and one-inch heels.  They look good, but aren't made for running.",
    "weight": 1060,
    "volume": 10,
    "price": 15000,
    "to_hit": -1,
    "bashing": 1,
    "material": [ "leather" ],
    "symbol": "[",
    "color": "dark_gray",
    "covers": [ "FEET" ],
    "coverage": 95,
    "encumbrance": 22,
    "warmth": 20,
    "material_thickness": 2,
    "environmental_protection": 2,
    "use_action": {
      "type": "holster",
      "holster_prompt": "Sheath knife",
      "holster_msg": "You sheath your %s",
      "max_volume": 1,
      "draw_cost": 80,
      "multi": 2,
      "flags": [ "SHEATH_KNIFE" ]
    },
    "flags": [ "VARSIZE", "FANCY" ]
  },
  {
    "id": "boots_winter",
    "type": "ARMOR",
    "name": "pair of winter boots",
    "name_plural": "pairs of winter boots",
    "description": "Cumbersome boots designed for warmth.",
    "weight": 1640,
    "volume": 14,
    "price": 7000,
    "to_hit": -1,
    "material": [ "wool", "plastic" ],
    "symbol": "[",
    "color": "light_gray",
    "covers": [ "FEET" ],
    "coverage": 90,
    "encumbrance": 25,
    "warmth": 80,
    "material_thickness": 6,
    "environmental_protection": 1,
    "use_action": {
      "type": "holster",
      "holster_prompt": "Sheath knife",
      "holster_msg": "You sheath your %s",
      "max_volume": 1,
      "draw_cost": 80,
      "multi": 2,
      "flags": [ "SHEATH_KNIFE" ]
    },
    "flags": [ "VARSIZE", "WATERPROOF" ]
  },
  {
    "id": "boots_wsurvivor",
    "type": "ARMOR",
    "category": "armor",
    "name": "pair of winter survivor boots",
    "name_plural": "pairs of winter survivor boots",
    "description": "A pair of customized, Kevlar armored fur boots, modified to provide maximum protection from harm and the elements, even when knee-deep in the dead.",
    "weight": 1760,
    "volume": 14,
    "price": 24000,
    "to_hit": -1,
    "bashing": 1,
    "material": [ "kevlar", "fur" ],
    "symbol": "[",
    "color": "light_gray",
    "covers": [ "FEET" ],
    "coverage": 100,
    "encumbrance": 38,
    "warmth": 75,
    "material_thickness": 6,
    "environmental_protection": 5,
    "use_action": {
      "type": "holster",
      "holster_prompt": "Sheath knife",
      "holster_msg": "You sheath your %s",
      "max_volume": 1,
      "draw_cost": 80,
      "multi": 2,
      "flags": [ "SHEATH_KNIFE" ]
    },
    "flags": [ "VARSIZE", "WATERPROOF", "STURDY" ]
  },
  {
    "id": "boots_xlsurvivor",
    "type": "ARMOR",
    "category": "armor",
    "name": "pair of XL survivor boots",
    "name_plural": "pairs of XL survivor boots",
    "description": "A massive pair of customized leather boots, armored with kevlar and modified to provide maximum protection from harm and the elements, even when knee-deep in the dead.",
    "weight": 2460,
    "volume": 20,
    "price": 24000,
    "to_hit": -1,
    "bashing": 1,
    "material": [ "kevlar", "leather" ],
    "symbol": "[",
    "color": "brown",
    "covers": [ "FEET" ],
    "coverage": 100,
    "encumbrance": 38,
    "warmth": 15,
    "material_thickness": 4,
    "environmental_protection": 3,
    "use_action": {
      "type": "holster",
      "holster_prompt": "Sheath knife",
      "holster_msg": "You sheath your %s",
      "max_volume": 1,
      "draw_cost": 80,
      "multi": 2,
      "flags": [ "SHEATH_KNIFE" ]
    },
    "flags": [ "OVERSIZE", "VARSIZE", "WATERPROOF", "STURDY" ]
  },
  {
    "id": "knee_high_boots",
    "type": "ARMOR",
    "name": "pair of knee-high boots",
    "name_plural": "pairs of knee-high boots",
    "description": "Very long leather boots that cover the lower legs.  Difficult to wear but extremely durable.",
    "weight": 1520,
    "volume": 15,
    "price": 8000,
    "to_hit": -1,
    "bashing": 1,
    "material": [ "leather" ],
    "symbol": "[",
    "color": "dark_gray",
    "covers": [ "FEET", "LEGS" ],
    "coverage": 65,
    "encumbrance": 20,
    "warmth": 20,
    "material_thickness": 3,
    "environmental_protection": 2,
    "use_action": {
      "type": "holster",
      "holster_prompt": "Sheath knife",
      "holster_msg": "You sheath your %s",
      "max_volume": 1,
      "draw_cost": 80,
      "multi": 2,
      "flags": [ "SHEATH_KNIFE" ]
    },
    "flags": [ "VARSIZE", "WATERPROOF" ]
  },
  {
    "id": "roller_blades",
    "type": "ARMOR",
    "name": "pair of rollerblades",
    "name_plural": "pairs of rollerblades",
    "description": "A pair of inline skates.  Very fast on flat floors, but they make it hard to move on rough terrain, or to dodge effectively.",
    "weight": 1640,
    "volume": 15,
    "price": 8500,
    "to_hit": -2,
    "material": [ "plastic", "cotton" ],
    "symbol": "[",
    "color": "light_gray",
    "covers": [ "FEET" ],
    "coverage": 100,
    "encumbrance": 25,
    "warmth": 20,
    "material_thickness": 3,
    "environmental_protection": 2,
    "use_action": {
      "type": "holster",
      "holster_prompt": "Sheath knife",
      "holster_msg": "You sheath your %s",
      "max_volume": 1,
      "draw_cost": 80,
      "multi": 2,
      "flags": [ "SHEATH_KNIFE" ]
    },
    "flags": [ "VARSIZE", "WATERPROOF" ]
  },
  {
    "id": "rollerskates",
    "type": "ARMOR",
    "name": "pair of rollerskates",
    "name_plural": "pairs of rollerskates",
    "description": "An old-fashioned pair of leather rollerskates with steel frames.  While quite fast on flat floors, they make it difficult to move on rough terrain.",
    "weight": 2720,
    "volume": 12,
    "price": 8500,
    "to_hit": -2,
    "bashing": 6,
    "material": [ "leather", "steel" ],
    "symbol": "[",
    "color": "brown",
    "covers": [ "FEET" ],
    "coverage": 100,
    "encumbrance": 25,
    "warmth": 30,
    "material_thickness": 3,
    "environmental_protection": 2,
    "use_action": {
      "type": "holster",
      "holster_prompt": "Sheath knife",
      "holster_msg": "You sheath your %s",
      "max_volume": 1,
      "draw_cost": 80,
      "multi": 2,
      "flags": [ "SHEATH_KNIFE" ]
    },
    "flags": [ "VARSIZE", "WATERPROOF" ]
  }
]
