[
  {
    "type": "GENERIC",
    "id": "corpse",
    "symbol": "%",
    "color": "white",
    "name": "corpse",
    "description": "A dead body.",
    "//": "most of the properties depend on the monster type and are created at runtime!",
    "price": 0,
    "volume": 0,
    "flags": [ "NO_UNLOAD", "TRADER_AVOID" ]
  },
  {
    "type": "GENERIC",
    "//": "pseudo item, only used for crafting as a required tool",
    "id": "fire",
    "symbol": "$",
    "color": "red",
    "name": "nearby fire",
    "name_plural": "none",
    "description": "seeing this is a bug",
    "price": 0,
    "volume": 0,
    "flags": [ "PSEUDO" ]
  },
  {
    "type": "GENERIC",
    "//": "pseudo item, used as fuel type for engines that are human-powered",
    "id": "muscle",
    "symbol": "?",
    "color": "white",
    "name": "muscle",
    "name_plural": "none",
    "description": "seeing this is a bug",
    "stackable": true,
    "price": 0,
    "volume": 0,
    "flags": [ "PSEUDO" ],
    "fuel": { "energy": 1 }
  },
  {
    "type": "GENERIC",
    "//": "pseudo item, only used for as a required tool, checked for in player::amount_of",
    "id": "apparatus",
    "symbol": "$",
    "color": "red",
    "name": "a smoking device and a source of flame",
    "name_plural": "none",
    "description": "seeing this is a bug",
    "price": 0,
    "volume": 0,
    "flags": [ "PSEUDO" ]
  },
  {
    "type": "GENERIC",
    "id": "null",
    "symbol": "$",
    "color": "red",
    "name": "none",
    "name_plural": "none",
    "description": "seeing this is a bug",
    "price": 0,
    "volume": 0,
    "flags": [ "PSEUDO", "UNARMED_WEAPON" ],
    "//": "Fist is internally represented as 'wielding a none as a weapon'"
  },
  {
    "type": "GENERIC",
    "id": "file",
    "name": "file",
    "description": "Several documents with all kinds of information, customer data and charts kept together, pretty useless now though.",
    "weight": 15,
    "to_hit": -3,
    "color": "white",
    "symbol": ",",
    "material": [ "paper" ],
    "volume": 1,
    "flags": [ "TRADER_AVOID" ]
  },
  {
    "type": "GENERIC",
    "id": "withered",
    "symbol": "%",
    "color": "light_gray",
    "name": "withered plant",
    "description": "A dead plant.  Good for starting fires.",
    "material": "paper",
    "weight": 20,
    "volume": 1,
    "to_hit": -2,
    "flags": [ "TRADER_AVOID" ]
  },
  {
    "type": "GENERIC",
    "id": "fur",
    "symbol": ",",
    "color": "brown",
    "name": "fur pelt",
    "description": "A small bolt of fur from an animal.  Can be made into warm clothing.",
    "price": 1000,
    "material": [ "fur", "leather" ],
    "flags": [ "NO_SALVAGE" ],
    "weight": 114,
    "volume": 1,
    "category": "spare_parts"
  },
  {
    "type": "GENERIC",
    "id": "leather",
    "symbol": ",",
    "color": "brown",
    "name": "leather patch",
    "name_plural": "leather patches",
    "description": "A smallish patch of leather, could be used to make tough clothing.",
    "price": 2000,
    "material": [ "leather", "flesh" ],
    "flags": [ "NO_SALVAGE" ],
    "weight": 100,
    "volume": 1,
    "category": "spare_parts",
    "to_hit": -1
  },
  {
    "type": "GENERIC",
    "id": "felt_patch",
    "symbol": ",",
    "color": "white",
    "name": "felt patch",
    "name_plural": "felt patches",
    "description": "A smallish patch of felt, could be disassembled for wool fiber.",
    "price": 2000,
    "material": [ "wool" ],
    "flags": [ "NO_SALVAGE" ],
    "weight": 100,
    "volume": 1,
    "category": "spare_parts",
    "to_hit": -1
  },
  {
    "type": "GENERIC",
    "id": "nomex",
    "category": "spare_parts",
    "symbol": ",",
    "color": "light_gray",
    "name": "Nomex patch",
    "name_plural": "Nomex patches",
    "description": "A small bolt of Nomex fire-resistant fabric.",
    "price": 4000,
    "price_postapoc": 200,
    "material": [ "nomex" ],
    "flags": [ "NO_SALVAGE" ],
    "weight": 42,
    "volume": 1
  },
  {
    "type": "GENERIC",
    "id": "superglue",
    "symbol": ",",
    "color": "white",
    "name": "superglue",
    "description": "A tube of strong glue.  Used in many crafting recipes.",
    "price": 1800,
    "material": "plastic",
    "weight": 45,
    "volume": 1,
    "to_hit": -2,
    "flags": [ "UNRECOVERABLE" ]
  },
  {
    "type": "GENERIC",
    "id": "bone_glue",
    "symbol": ",",
    "color": "brown",
    "name": "bone glue",
    "description": "Glue made from boiling animal bones.  The adhesive isn't strong enough for heavy duty usages, but it can be used as a varnish or holding together small items.",
    "price": 1800,
    "material": "bone",
    "weight": 45,
    "volume": 1,
    "to_hit": -2,
    "flags": [ "UNRECOVERABLE" ]
  },
  {
    "type": "GENERIC",
    "id": "fertilizer",
    "symbol": "*",
    "color": "green",
    "name": "fertilizer",
    "description": "A token, representing fertilization of a plant.",
    "material": "veggy"
  },
  {
    "type": "GENERIC",
    "id": "chain",
    "category": "spare_parts",
    "name": "steel chain",
    "description": "A heavy steel chain.  Useful as a weapon, or for crafting.  It has a chance to wrap around your target, allowing for a bonus unarmed attack.",
    "weight": 3628,
    "color": "dark_gray",
    "symbol": "/",
    "material": [ "steel" ],
    "techniques": [ "WRAP" ],
    "volume": 4,
    "bashing": 12,
    "price": 8000
  },
  {
    "type": "GENERIC",
    "id": "chitin_piece",
    "category": "spare_parts",
    "symbol": ",",
    "color": "light_gray",
    "name": "chunk of chitin",
    "name_plural": "chunks of chitin",
    "description": "A piece of an insect's exoskeleton.  It is light and very durable.",
    "price": 0,
    "material": "chitin",
    "weight": 89,
    "volume": 1,
    "bashing": 1,
    "to_hit": -2
  },
  {
    "type": "GENERIC",
    "id": "acidchitin_piece",
    "copy-from": "chitin_piece",
    "name": "chunk of biosilicified chitin",
    "name_plural": "chunks of biosilicified chitin",
    "description": "A lump of exoskeleton that has undergone biosilicification.  It is acid-resistant and remarkably sturdy.",
    "material": "acidchitin",
    "proportional": { "weight": 1.25 },
    "relative": { "bashing": 2 }
  },
  {
    "id": "bundle_rag",
    "type": "GENERIC",
    "category": "spare_parts",
    "name": "bundle of rags",
    "name_plural": "bundles of rags",
    "description": "Cotton rags, bundled tightly together for storage.  Disassemble to unpack.",
    "weight": 800,
    "volume": 3,
    "price": 0,
    "material": "cotton",
    "symbol": ",",
    "color": "white"
  },
  {
    "id": "bundle_leather",
    "type": "GENERIC",
    "category": "spare_parts",
    "name": "bundle of leather",
    "name_plural": "bundles of leather",
    "description": "Leather patches, bundled tightly together for storage.  Disassemble to unpack.",
    "weight": 1000,
    "volume": 4,
    "price": 20000,
    "material": "leather",
    "symbol": ",",
    "color": "brown"
  },
  {
    "id": "bundle_wool",
    "type": "GENERIC",
    "category": "spare_parts",
    "name": "bundle of felt",
    "name_plural": "bundles of felt",
    "description": "Felt patches, bundled tightly together for storage.  Disassemble to unpack.",
    "weight": 1000,
    "volume": 4,
    "price": 20000,
    "material": "wool",
    "symbol": ",",
    "color": "white"
  },
  {
    "type": "GENERIC",
    "id": "biollante_bud",
    "symbol": ",",
    "color": "magenta",
    "name": "biollante bud",
    "description": "An unopened biollante flower, brilliant purple in color.  It may still have its sap-producing organ intact.",
    "price": 0,
    "material": "veggy",
    "weight": 60,
    "volume": 1,
    "to_hit": -3
  },
  {
    "type": "GENERIC",
    "id": "canister_empty",
    "symbol": "*",
    "color": "light_gray",
    "name": "empty canister",
    "description": "An empty canister, which may have once held tear gas or other substances.",
    "material": "steel",
    "weight": 158,
    "volume": 1,
    "bashing": 2,
    "to_hit": -1,
    "qualities": [ [ "BOIL", 2 ], [ "CONTAIN", 1 ] ],
    "flags": [ "TRADER_AVOID" ]
  },
  {
    "type": "GENERIC",
    "id": "petrified_eye",
    "symbol": "*",
    "color": "dark_gray",
    "name": "petrified eye",
    "description": "A fist-sized eyeball with a cross-shaped pupil.  It seems to be made of stone, but doesn't look like it was carved.",
    "price": 200000,
    "price_postapoc": 1000,
    "material": "stone",
    "weight": 907,
    "volume": 1,
    "bashing": 6,
    "to_hit": -1
  },
  {
    "type": "GENERIC",
    "id": "spiral_stone",
    "symbol": "*",
    "color": "light_gray",
    "name": "spiral stone",
    "description": "A rock the size of your fist.  It is covered with intricate spirals; it is impossible to tell whether they are carved, naturally formed, or some kind of fossil.",
    "price": 20000,
    "price_postapoc": 1000,
    "material": "stone",
    "weight": 493,
    "volume": 1,
    "bashing": 6,
    "to_hit": -1
  },
  {
    "type": "GENERIC",
    "id": "usb_drive",
    "symbol": ",",
    "color": "white",
    "name": "USB drive",
    "description": "A USB thumb drive.  Useful for holding software.",
    "price": 10000,
    "price_postapoc": 100,
    "material": "plastic",
    "weight": 18,
    "volume": 0,
    "to_hit": -3
  },
  {
    "id": "golf_tee",
    "type": "GENERIC",
    "category": "other",
    "name": "golf tee",
    "description": "A pin shaped piece of wood meant for holding a golf ball slightly off the ground.",
    "weight": 3,
    "volume": 1,
    "price": 1000,
    "material": "wood",
    "symbol": "-",
    "color": "white"
  },
  {
    "id": "golf_ball",
    "type": "GENERIC",
    "category": "other",
    "name": "golf ball",
    "description": "A small ball with round indentations on it.",
    "weight": 50,
    "volume": 1,
    "price": 2000,
    "material": "plastic",
    "symbol": "*",
    "color": "white",
    "bashing": 5,
    "to_hit": -3
  },
  {
    "type": "GENERIC",
    "id": "pool_ball",
    "symbol": "*",
    "color": "blue",
    "name": "pool ball",
    "description": "A colorful, hard ball.  Essentially a rock.",
    "category": "other",
    "price": 3000,
    "price_postapoc": 0,
    "material": "plastic",
    "weight": 170,
    "volume": 1,
    "bashing": 8,
    "to_hit": -3
  },
  {
    "type": "GENERIC",
    "id": "bowling_ball",
    "symbol": "*",
    "color": "blue",
    "name": "bowling ball",
    "description": "A large, heavy ball.  Before the apocalypse, its main purpose was to be rolled along waxed floors.",
    "category": "other",
    "price": 30,
    "material": "ceramic",
    "weight": 2000,
    "volume": 10,
    "bashing": 16,
    "to_hit": -2
  },
  {
    "type": "GENERIC",
    "id": "candlestick",
    "symbol": "/",
    "color": "yellow",
    "name": "candlestick",
    "description": "A gold candlestick.",
    "category": "other",
    "price": 10000,
    "price_postapoc": 100,
    "material": "gold",
    "weight": 1500,
    "volume": 1,
    "bashing": 9
  },
  {
    "type": "GENERIC",
    "id": "blade",
    "symbol": "/",
    "color": "light_gray",
    "name": "blade",
    "description": "A large, relatively sharp blade.  Could be used to make bladed weaponry, or attached to a car.",
    "category": "spare_parts",
    "price": 28000,
    "price_postapoc": 1000,
    "material": "steel",
    "weight": 553,
    "volume": 3,
    "bashing": 6,
    "cutting": 8,
    "to_hit": -2,
    "qualities": [ [ "BUTCHER", -38 ] ]
  },
  {
    "type": "GENERIC",
    "id": "circsaw_blade",
    "symbol": "/",
    "color": "light_gray",
    "name": "circular sawblade",
    "description": "An 8\" circular sawblade.  You could make a saw with it, or throw it.  Wielding it without sturdy gloves is a bad idea.",
    "category": "spare_parts",
    "price": 20000,
    "price_postapoc": 1000,
    "material": "steel",
    "weight": 349,
    "volume": 1,
    "cutting": 14,
    "flags": [ "HURT_WHEN_WIELDED" ],
    "to_hit": -4
  },
  {
    "type": "GENERIC",
    "id": "tree_spile",
    "symbol": ".",
    "color": "light_gray",
    "name": "tree spile",
    "description": "A hollow metal cylinder which is inserted in a tree crust in order to slowly harvest its sap.  Can be used on a maple tree in between late winter and early spring to harvest maple sap.",
    "category": "tools",
    "price": 5,
    "material": "steel",
    "weight": 11,
    "volume": 0
  },
  {
    "type": "GENERIC",
    "id": "wire",
    "symbol": ";",
    "color": "light_gray",
    "name": "wire",
    "description": "A length of thin, relatively stiff, steel wire.  Like the sort you find in wire fences.",
    "category": "spare_parts",
    "price": 20000,
    "price_postapoc": 300,
    "material": "steel",
    "weight": 151,
    "volume": 2,
    "to_hit": -2
  },
  {
    "type": "GENERIC",
    "id": "wire_barbed",
    "symbol": ";",
    "color": "light_gray",
    "name": "barbed wire",
    "description": "A length of stiff wire, covered in sharp barbs.",
    "price": 20000,
    "price_postapoc": 500,
    "material": "steel",
    "weight": 302,
    "volume": 2,
    "to_hit": -2
  },
  {
    "type": "GENERIC",
    "id": "rebar",
    "symbol": "/",
    "color": "dark_gray",
    "name": "rebar",
    "description": "A length of rebar, makes a nice melee weapon, and could be handy in constructing tougher walls and such.",
    "category": "spare_parts",
    "price": 7500,
    "price_postapoc": 1000,
    "material": "steel",
    "weight": 908,
    "volume": 6,
    "bashing": 12,
    "to_hit": 2
  },
  {
    "type": "GENERIC",
    "id": "concrete",
    "symbol": "%",
    "color": "light_gray",
    "name": "concrete",
    "name_plural": "concrete",
    "description": "Some concrete, ready to be used in a construction project.",
    "category": "spare_parts",
    "container": "bag_canvas",
    "price": 10000,
    "price_postapoc": 100,
    "material": "stone",
    "weight": 2340,
    "volume": 4,
    "bashing": 4
  },
  {
    "type": "GENERIC",
    "id": "log",
    "symbol": "/",
    "color": "brown",
    "name": "log",
    "description": "A large log, cut from a tree.  (a)ctivate a wood axe or wood saw to cut it into planks.",
    "category": "other",
    "price": 10000,
    "price_postapoc": 100,
    "material": "wood",
    "weight": 9071,
    "volume": 40,
    "bashing": 10,
    "to_hit": -10,
    "flags": [ "FIREWOOD" ]
  },
  {
    "type": "GENERIC",
    "id": "splinter",
    "symbol": "/",
    "color": "brown",
    "name": "splintered wood",
    "description": "A splintered piece of wood, could be used as a skewer or for kindling.",
    "category": "other",
    "material": "wood",
    "weight": 453,
    "volume": 1,
    "bashing": 4,
    "to_hit": 1,
    "qualities": [ [ "COOK", 1 ] ],
    "flags": [ "NO_SALVAGE", "TRADER_AVOID", "FIREWOOD" ]
  },
  {
    "type": "GENERIC",
    "id": "skewer_bone",
    "symbol": ",",
    "color": "white",
    "name": "bone skewer",
    "description": "A thin skewer carved from bone.  Sadly, it won't make squirrel on a stick taste better.",
    "category": "other",
    "material": "bone",
    "flags": [ "NO_SALVAGE", "TRADER_AVOID" ],
    "weight": 10,
    "volume": 0,
    "to_hit": -5,
    "qualities": [ [ "COOK", 1 ] ]
  },
  {
    "type": "GENERIC",
    "id": "torch_done",
    "symbol": "/",
    "color": "brown",
    "name": "burnt out torch",
    "name_plural": "burnt out torches",
    "description": "A torch that has consumed all its fuel; it can be recrafted into another torch.",
    "category": "other",
    "material": "wood",
    "weight": 751,
    "volume": 3,
    "bashing": 8,
    "to_hit": 3,
    "flags": [ "TRADER_AVOID" ]
  },
  {
    "type": "GENERIC",
    "id": "handflare_dead",
    "category": "other",
    "symbol": ";",
    "color": "red",
    "name": "dead flare",
    "name_plural": "dead flares",
    "description": "This is a spent magnesium flare.  It is essentially trash.",
    "material": "plastic",
    "flags": "TRADER_AVOID",
    "weight": 39,
    "volume": 1,
    "to_hit": -1
  },
  {
    "type": "GENERIC",
    "id": "spring",
    "symbol": ",",
    "color": "light_gray",
    "name": "spring",
    "category": "spare_parts",
    "description": "A large, heavy-duty spring.  Expands with significant force when compressed.",
    "price": 1000,
    "price_postapoc": 100,
    "material": "iron",
    "weight": 3220,
    "volume": 3
  },
  {
    "type": "GENERIC",
    "id": "leaf_spring",
    "symbol": ",",
    "color": "light_gray",
    "name": "leaf spring",
    "category": "spare_parts",
    "description": "A large, heavy-duty leaf spring.  Probably from some car or truck, and looks an awful lot like a bow.  You can barely bend it...",
    "price": 5000,
    "price_postapoc": 500,
    "material": "steel",
    "weight": 8440,
    "volume": 20
  },
  {
    "type": "GENERIC",
    "id": "lawnmower",
    "symbol": ";",
    "color": "green",
    "name": "lawnmower",
    "description": "A motorized pushmower that seems to be broken.  You could take it apart if you had a wrench.",
    "category": "other",
    "price": 10000,
    "price_postapoc": 500,
    "material": [ "steel", "iron" ],
    "weight": 22680,
    "volume": 25,
    "bashing": 6,
    "to_hit": -4
  },
  {
    "type": "GENERIC",
    "id": "broketent",
    "symbol": ";",
    "color": "green",
    "name": "damaged tent",
    "description": "A small tent, just big enough to fit a person comfortably.  This tent is broken and cannot be deployed.",
    "price": 6500,
    "material": [ "plastic", "aluminum" ],
    "weight": 1133,
    "volume": 10,
    "bashing": 4,
    "to_hit": -3,
    "flags": [ "TRADER_AVOID" ]
  },
  {
    "type": "GENERIC",
    "id": "largebroketent",
    "symbol": ";",
    "color": "green",
    "name": "large damaged tent",
    "description": "A family sized tent, very bulky but with plenty of space.  This tent is broken and can not be deployed.",
    "price": 10000,
    "material": [ "plastic", "aluminum" ],
    "weight": 2266,
    "volume": 40,
    "bashing": 4,
    "to_hit": -3,
    "flags": [ "TRADER_AVOID" ]
  },
  {
    "type": "GENERIC",
    "id": "element",
    "symbol": ",",
    "color": "light_gray",
    "name": "heating element",
    "category": "spare_parts",
    "description": "A heating element, like the ones used in hotplates or kettles.",
    "price": 1000,
    "price_postapoc": 100,
    "material": "iron",
    "weight": 226,
    "volume": 1
  },
  {
    "type": "GENERIC",
    "id": "television",
    "symbol": ";",
    "color": "dark_gray",
    "name": "television",
    "description": "A large cathode ray tube television, full of delicious electronics.",
    "price": 0,
    "material": "plastic",
    "weight": 22600,
    "volume": 12,
    "bashing": 5,
    "to_hit": -5
  },
  {
    "type": "GENERIC",
    "id": "pilot_light",
    "symbol": ",",
    "color": "light_gray",
    "name": "pilot light",
    "category": "spare_parts",
    "description": "A pilot light from a gas-burning device, this particular one is a simple piezoelectric igniter.",
    "price": 1000,
    "price_postapoc": 50,
    "material": [ "aluminum", "plastic" ],
    "weight": 5,
    "volume": 0
  },
  {
    "type": "GENERIC",
    "id": "toaster",
    "symbol": ",",
    "color": "light_gray",
    "name": "toaster",
    "description": "A small two slice toaster, not much use as anything but spare parts",
    "price": 1000,
    "material": [ "aluminum", "plastic" ],
    "weight": 725,
    "volume": 3
  },
  {
    "type": "GENERIC",
    "id": "microwave",
    "symbol": ",",
    "color": "light_gray",
    "name": "microwave",
    "description": "A home microwave, has probably seen its share of baked beans.  Good for scrap parts.",
    "price": 1000,
    "material": [ "steel", "plastic" ],
    "weight": 11339,
    "volume": 12
  },
  {
    "type": "GENERIC",
    "id": "laptop",
    "symbol": ",",
    "color": "dark_gray",
    "name": "laptop computer",
    "description": "A broken laptop, basically a paperweight now.",
    "price": 1000,
    "material": [ "plastic", "aluminum" ],
    "weight": 2721,
    "volume": 3
  },
  {
    "type": "GENERIC",
    "id": "broken_eyebot",
    "symbol": ",",
    "color": "green",
    "name": "broken eyebot",
    "category": "other",
    "description": "A broken eyebot.  Much less threatening now that it won't be calling for backup.  Could be gutted for parts.",
    "price": 1000,
    "material": [ "steel", "plastic" ],
    "weight": 31520,
    "volume": 60,
    "bashing": 6,
    "cutting": 6,
    "to_hit": -3,
    "flags": [ "TRADER_AVOID" ]
  },
  {
    "type": "GENERIC",
    "id": "broken_skitterbot",
    "symbol": ",",
    "color": "green",
    "name": "broken skitterbot",
    "category": "other",
    "description": "A broken skitterbot.  Much less threatening now that it lies limp on solid ground.  Could be gutted for parts.",
    "price": 1000,
    "material": [ "steel", "plastic" ],
    "weight": 62650,
    "volume": 120,
    "bashing": 4,
    "cutting": 4,
    "to_hit": -3,
    "flags": [ "TRADER_AVOID" ]
  },
  {
    "type": "GENERIC",
    "id": "broken_copbot",
    "symbol": ",",
    "color": "green",
    "name": "broken police bot",
    "category": "other",
    "description": "A broken police bot.  Much less threatening now that it's quiet and still.  Could be gutted for parts.",
    "price": 30000,
    "price_postapoc": 1000,
    "material": [ "steel", "plastic" ],
    "weight": 140000,
    "volume": 250,
    "bashing": 6,
    "cutting": 6,
    "to_hit": -3,
    "flags": [ "TRADER_AVOID" ]
  },
  {
    "type": "GENERIC",
    "id": "broken_riotbot",
    "symbol": ",",
    "color": "green",
    "name": "broken riot control bot",
    "category": "other",
    "description": "A broken riot control bot.  Much less threatening now that it's out of gas.  Could be gutted for parts.",
    "price": 30000,
    "price_postapoc": 1000,
    "material": [ "steel", "plastic" ],
    "weight": 140000,
    "volume": 250,
    "bashing": 6,
    "cutting": 6,
    "to_hit": -3,
    "flags": [ "TRADER_AVOID" ]
  },
  {
    "type": "GENERIC",
    "id": "broken_molebot",
    "symbol": ",",
    "color": "green",
    "name": "broken miner bot",
    "category": "other",
    "description": "A broken miner bot.  Much less threatening now that it's no longer capable of drilling anything.  Could be gutted for parts.",
    "price": 20000,
    "price_postapoc": 1000,
    "material": [ "steel", "plastic" ],
    "weight": 170200,
    "volume": 250,
    "bashing": 6,
    "cutting": 10,
    "to_hit": -3,
    "flags": [ "TRADER_AVOID" ]
  },
  {
    "type": "GENERIC",
    "id": "broken_tripod",
    "symbol": ",",
    "color": "green",
    "name": "broken tribot",
    "category": "other",
    "description": "A broken tribot.  Now that its legs lie broken and immobile, the world seems a little less threatening.  Could be gutted for parts.",
    "price": 1000,
    "material": [ "steel", "plastic" ],
    "weight": 430000,
    "volume": 750,
    "bashing": 10,
    "cutting": 6,
    "to_hit": -2,
    "flags": [ "TRADER_AVOID" ]
  },
  {
    "type": "GENERIC",
    "id": "broken_tankbot",
    "symbol": ",",
    "color": "green",
    "name": "broken tank drone",
    "category": "other",
    "description": "A broken tank drone.  Still looks intimidating despite being permanently inoperative, possibly due to the sheer size and mass.  Could be gutted for parts.",
    "price": 1000,
    "material": [ "steel", "plastic" ],
    "weight": 1223850,
    "volume": 3500,
    "bashing": 20,
    "cutting": 15,
    "to_hit": -3,
    "flags": [ "TRADER_AVOID" ]
  },
  {
    "type": "GENERIC",
    "id": "broken_manhack",
    "symbol": ",",
    "color": "light_green",
    "name": "broken manhack",
    "category": "other",
    "description": "A broken manhack.  Much less threatening now that it lies limp on solid ground.  Could be gutted for parts.",
    "price": 1000,
    "material": [ "aluminum", "plastic" ],
    "weight": 5400,
    "volume": 3,
    "bashing": 6,
    "cutting": 6,
    "to_hit": -3,
    "flags": [ "TRADER_AVOID" ]
  },
  {
    "type": "GENERIC",
    "id": "broken_grenade_hack",
    "symbol": ",",
    "color": "green",
    "name": "broken grenade hack",
    "category": "other",
    "description": "A broken grenade hack.  Much less threatening now that it lies quiet on solid ground.  Could be gutted for parts.",
    "price": 9000,
    "price_postapoc": 1000,
    "material": [ "aluminum", "plastic" ],
    "weight": 4480,
    "volume": 3,
    "bashing": 6,
    "cutting": 6,
    "to_hit": -3,
    "flags": [ "TRADER_AVOID" ]
  },
  {
    "type": "GENERIC",
    "id": "broken_mininuke_hack",
    "symbol": ",",
    "color": "magenta",
    "name": "broken mininuke hack",
    "category": "other",
    "description": "A broken magenta hack.  Just looking at the wreck makes you shiver.  Could be gutted for parts.",
    "price": 18000,
    "price_postapoc": 1000,
    "material": [ "aluminum", "plastic" ],
    "weight": 12670,
    "volume": 3,
    "bashing": 6,
    "cutting": 6,
    "to_hit": -3,
    "flags": [ "TRADER_AVOID" ]
  },
  {
    "type": "GENERIC",
    "id": "broken_gasbomb_hack",
    "symbol": ",",
    "color": "dark_gray",
    "name": "broken tear gas hack",
    "category": "other",
    "description": "A broken tear gas hack.  Much less threatening now that it lies quiet on solid ground.  Could be gutted for parts.",
    "price": 9000,
    "price_postapoc": 1000,
    "material": [ "aluminum", "plastic" ],
    "weight": 5360,
    "volume": 3,
    "bashing": 6,
    "cutting": 6,
    "to_hit": -3,
    "flags": [ "TRADER_AVOID" ]
  },
  {
    "type": "GENERIC",
    "id": "broken_EMP_hack",
    "symbol": ",",
    "color": "cyan",
    "name": "broken EMP hack",
    "category": "other",
    "description": "A broken EMP hack.  Much less threatening now that it lies quiet on solid ground.  Could be gutted for parts.",
    "price": 9000,
    "price_postapoc": 1000,
    "material": [ "aluminum", "plastic" ],
    "weight": 4700,
    "volume": 3,
    "bashing": 6,
    "cutting": 6,
    "to_hit": -3,
    "flags": [ "TRADER_AVOID" ]
  },
  {
    "type": "GENERIC",
    "id": "broken_flashbang_hack",
    "symbol": ",",
    "color": "dark_gray",
    "name": "broken flashbang hack",
    "category": "other",
    "description": "A broken flashbang hack.  Much less threatening now that it lies quiet on solid ground.  Could be gutted for parts.",
    "price": 9000,
    "price_postapoc": 1000,
    "material": [ "aluminum", "plastic" ],
    "weight": 4536,
    "volume": 3,
    "bashing": 6,
    "cutting": 6,
    "to_hit": -3,
    "flags": [ "TRADER_AVOID" ]
  },
  {
    "type": "GENERIC",
    "id": "broken_c4_hack",
    "symbol": ",",
    "color": "light_gray",
    "name": "broken C-4 hack",
    "category": "other",
    "description": "A broken C-4 hack.  Much less threatening now that it lies quiet on solid ground.  Could be gutted for parts.",
    "price": 9000,
    "price_postapoc": 1000,
    "material": [ "aluminum", "plastic" ],
    "weight": 5870,
    "volume": 3,
    "bashing": 6,
    "cutting": 6,
    "to_hit": -3,
    "flags": [ "TRADER_AVOID" ]
  },
  {
    "type": "GENERIC",
    "id": "processor",
    "symbol": ",",
    "color": "dark_gray",
    "name": "processor board",
    "category": "spare_parts",
    "description": "A central processor unit, useful in advanced electronics crafting.",
    "price": 12000,
    "material": [ "plastic" ],
    "weight": 56,
    "volume": 1,
    "to_hit": -1
  },
  {
    "type": "GENERIC",
    "id": "RAM",
    "symbol": ",",
    "color": "dark_gray",
    "name": "RAM",
    "category": "spare_parts",
    "description": "A stick of memory.  Useful in advanced electronics crafting.",
    "price": 9000,
    "material": [ "plastic" ],
    "weight": 30,
    "volume": 1,
    "to_hit": -1
  },
  {
    "type": "GENERIC",
    "id": "power_supply",
    "symbol": ",",
    "color": "light_gray",
    "name": "power converter",
    "category": "spare_parts",
    "description": "A power supply unit.  Useful in lots of electronics recipes.",
    "price": 17000,
    "material": [ "aluminum", "plastic" ],
    "weight": 113,
    "volume": 4,
    "bashing": 5,
    "to_hit": -1
  },
  {
    "type": "GENERIC",
    "id": "amplifier",
    "symbol": ",",
    "color": "light_gray",
    "name": "amplifier circuit",
    "category": "spare_parts",
    "description": "A circuit designed to amplify the strength of a signal.  Useful in lots of electronics recipes.",
    "price": 20000,
    "material": [ "plastic" ],
    "weight": 114,
    "volume": 1,
    "to_hit": -1
  },
  {
    "type": "GENERIC",
    "id": "transponder",
    "symbol": ",",
    "color": "light_gray",
    "name": "transponder circuit",
    "category": "spare_parts",
    "description": "A circuit designed to repeat a signal.  Useful for crafting communications equipment.",
    "price": 14000,
    "material": [ "aluminum", "plastic" ],
    "weight": 480,
    "volume": 1,
    "to_hit": -1
  },
  {
    "type": "GENERIC",
    "id": "receiver",
    "symbol": ",",
    "color": "light_gray",
    "name": "signal receiver",
    "category": "spare_parts",
    "description": "A module designed to receive many forms of signals.  Useful for crafting communications equipment.",
    "price": 13500,
    "material": [ "aluminum", "plastic" ],
    "weight": 114,
    "volume": 1,
    "to_hit": -1
  },
  {
    "type": "GENERIC",
    "id": "small_lcd_screen",
    "symbol": ",",
    "color": "dark_gray",
    "name": "small LCD screen",
    "category": "spare_parts",
    "description": "A small backlit screen, used for displaying images.  Useful in some electronics recipes.",
    "price": 24000,
    "material": "plastic",
    "weight": 500,
    "volume": 1,
    "to_hit": -4
  },
  {
    "type": "GENERIC",
    "id": "lens",
    "symbol": ".",
    "color": "light_cyan",
    "name": "high-quality lens",
    "name_plural": "high-quality lenses",
    "category": "spare_parts",
    "description": "A high-quality lens, useful for focusing or diffusing light.  Might be useful for starting a fire.",
    "price": 120000,
    "material": "glass",
    "weight": 340,
    "volume": 0,
    "to_hit": -3,
    "use_action": { "type": "firestarter", "moves": 1000, "moves_slow": 30000, "need_sunlight": true }
  },
  {
    "type": "GENERIC",
    "id": "glass_tinted",
    "symbol": ".",
    "color": "dark_gray",
    "name": "pair of tinted glass",
    "name_plural": "pairs of tinted glass",
    "category": "spare_parts",
    "description": "A pair of small darkened glass, like the one that sunglasses are made of.",
    "price": 1000,
    "material": "glass",
    "weight": 340,
    "volume": 0,
    "to_hit": -3
  },
  {
    "type": "GENERIC",
    "id": "burnt_out_bionic",
    "symbol": ",",
    "color": "dark_gray",
    "name": "burnt out bionic",
    "category": "spare_parts",
    "description": "Once a valuable bionic implant, it has not held up well under repeated use.  This object has been destroyed by excessive electric current and is now useless.",
    "price": 13500,
    "material": [ "steel", "plastic" ],
    "weight": 317,
    "volume": 10,
    "to_hit": -1,
    "flags": [ "TRADER_AVOID" ]
  },
  {
    "type": "GENERIC",
    "id": "antenna",
    "symbol": ",",
    "color": "light_gray",
    "name": "antenna",
    "category": "spare_parts",
    "description": "A simple thin aluminum shaft.  Useful in lots of electronics recipes.",
    "price": 8000,
    "material": "aluminum",
    "weight": 68,
    "volume": 1,
    "to_hit": 2
  },
  {
    "type": "GENERIC",
    "id": "circuit",
    "symbol": ",",
    "color": "green",
    "name": "circuit board",
    "category": "spare_parts",
    "description": "A printed card that supports and electrically connects electronic components on a non-conductive substrate.",
    "price": 5000,
    "material": "plastic",
    "weight": 26,
    "volume": 0,
    "to_hit": 2
  },
  {
    "type": "GENERIC",
    "id": "e_scrap",
    "symbol": ",",
    "color": "green",
    "name": "electronic scrap",
    "category": "spare_parts",
    "description": "A random collection of resistors, capacitors, and diodes which have been stripped from printed circuits.",
    "price": 3000,
    "material": "aluminum",
    "weight": 14,
    "volume": 0,
    "to_hit": 2
  },
  {
    "type": "GENERIC",
    "id": "radio_repeater_mod",
    "symbol": ",",
    "color": "light_gray",
    "name": "radio repeater mod",
    "category": "spare_parts",
    "description": "A system designed to convert a radio station into an autonomous repeater.",
    "price": 25000,
    "material": [ "aluminum", "plastic" ],
    "weight": 21000,
    "volume": 8,
    "bashing": 4,
    "to_hit": 1
  },
  {
    "type": "GENERIC",
    "id": "kevlar_harness",
    "symbol": "[",
    "color": "blue",
    "name": "Kevlar dog harness",
    "name_plural": "Kevlar dog harnesses",
    "description": "A blue bulletproof harness, designed to be worn by canines in the service of local law enforcement.",
    "price": 30000,
    "price_postapoc": 3000,
    "material": [ "kevlar" ],
    "weight": 4290,
    "volume": 18,
    "bashing": 5,
    "to_hit": -1
  },
  {
    "type": "GENERIC",
    "id": "fan",
    "symbol": ",",
    "color": "light_gray",
    "name": "desk fan",
    "description": "A small fan, used to propel air around a room.",
    "price": 1000,
    "price_postapoc": 100,
    "material": [ "aluminum", "plastic" ],
    "weight": 2857,
    "volume": 4
  },
  {
    "type": "GENERIC",
    "id": "ceramic_armor",
    "category": "spare_parts",
    "symbol": ",",
    "color": "yellow",
    "name": "ceramic armor plate",
    "description": "A ceramic armor plate, specifically engineered for use in a bullet resistant vest.",
    "price": 8000,
    "price_postapoc": 1000,
    "material": "ceramic",
    "weight": 362,
    "volume": 2,
    "bashing": 4
  },
  {
    "type": "GENERIC",
    "id": "ceramic_plate",
    "symbol": ",",
    "color": "yellow",
    "name": "ceramic plate",
    "description": "A ceramic dinner plate, you could probably play frisbee with it.",
    "price": 1400,
    "price_postapoc": 0,
    "material": "ceramic",
    "weight": 362,
    "volume": 1,
    "bashing": 1
  },
  {
    "type": "GENERIC",
    "id": "fish_bowl",
    "symbol": "u",
    "color": "light_cyan",
    "name": "fish bowl",
    "name_plural": "fish bowls",
    "description": "A filled fish bowl, the tag says 'to Ed' and the fish's name, 'Hoss'.  The fish appears to have tiny antlers.",
    "price": 100,
    "material": "glass",
    "weight": 7042,
    "volume": 4,
    "to_hit": -6
  },
  {
    "type": "GENERIC",
    "id": "glass_plate",
    "symbol": ",",
    "color": "cyan",
    "name": "glass plate",
    "description": "A glass dinner plate, you could probably play frisbee with it.",
    "price": 1000,
    "price_postapoc": 0,
    "material": "glass",
    "weight": 452,
    "volume": 1,
    "bashing": 1
  },
  {
    "type": "GENERIC",
    "id": "tin_plate",
    "symbol": ",",
    "color": "light_gray",
    "name": "tin plate",
    "description": "A tin dinner plate, you could probably play frisbee with it.",
    "price": 500,
    "price_postapoc": 0,
    "material": "steel",
    "weight": 525,
    "volume": 1
  },
  {
    "type": "GENERIC",
    "id": "fork",
    "symbol": ";",
    "color": "light_gray",
    "name": "fork",
    "description": "A fork, if you stab something with it you eat it right away.  Wait...  nevermind.",
    "price": 100,
    "price_postapoc": 0,
    "material": "steel",
    "weight": 48,
    "volume": 1,
    "bashing": 2,
    "cutting": 1,
    "flags": [ "STAB", "SHEATH_KNIFE" ],
    "to_hit": -2
  },
  {
    "type": "GENERIC",
    "id": "spoon",
    "symbol": ";",
    "color": "light_gray",
    "name": "spoon",
    "description": "Do not try to bend the spoon.  That is impossible.",
    "price": 100,
    "price_postapoc": 0,
    "material": "steel",
    "weight": 48,
    "volume": 1,
    "bashing": 2,
    "to_hit": -2,
    "flags": [ "SHEATH_KNIFE" ]
  },
  {
    "type": "GENERIC",
    "id": "spork",
    "symbol": ";",
    "color": "light_gray",
    "name": "spork",
    "description": "Foons are for scrubs, real men use sporks.",
    "price": 100,
    "price_postapoc": 0,
    "material": "steel",
    "weight": 49,
    "volume": 1,
    "bashing": 2,
    "cutting": 1,
    "flags": [ "STAB", "SHEATH_KNIFE" ],
    "to_hit": -2
  },
  {
    "type": "GENERIC",
    "id": "foon",
    "symbol": ";",
    "color": "light_gray",
    "name": "foon",
    "description": "Clearly the superior instrument.  Sporks are just imitators.",
    "price": 100,
    "price_postapoc": 0,
    "material": "steel",
    "weight": 49,
    "volume": 1,
    "bashing": 2,
    "cutting": 1,
    "flags": [ "STAB", "SHEATH_KNIFE" ],
    "to_hit": -2
  },
  {
    "type": "GENERIC",
    "id": "rag_bloody",
    "symbol": ",",
    "color": "red",
    "name": "blood soaked rag",
    "description": "A large rag, drenched in blood.  It could be cleaned with boiling water.",
    "material": "cotton",
    "flags": [ "NO_SALVAGE", "TRADER_AVOID" ],
    "weight": 80,
    "volume": 1
  },
  {
    "type": "GENERIC",
    "id": "clock",
    "symbol": ";",
    "color": "light_gray",
    "name": "clock",
    "description": "A small mechanical clock, it's stopped at 10:10.",
    "price": 1000,
    "price_postapoc": 0,
    "material": [ "plastic", "steel" ],
    "weight": 725,
    "volume": 1,
    "bashing": 4,
    "to_hit": -3
  },
  {
    "type": "GENERIC",
    "id": "clockworks",
    "category": "spare_parts",
    "symbol": ";",
    "color": "light_gray",
    "name": "clockworks",
    "name_plural": "clockworks",
    "description": "A small assortment of gears and other clockwork gubbins.",
    "price": 200,
    "price_postapoc": 0,
    "material": "steel",
    "weight": 50,
    "volume": 1
  },
  {
    "id": "l_HFPack",
    "type": "GENERIC",
    "symbol": ")",
    "color": "brown",
    "name": "Home Frontier Starter Pack",
    "name_plural": "Home Frontier Starter Packs",
    "category": "other",
    "description": "This not-so-little bundle of joy contains Leadworks, LLC's premier offerings: the Enforcer autorevolver (with holster) and Long Ranger rifle.  Maintenance kit, batteries for same, and a complimentary copy of the Gun Owner's Handbook are included.  The perfect investment for a new family starting out!  Disassemble to unpack and enjoy.",
    "price": 463500,
    "weight": 8932,
    "volume": 18,
    "to_hit": -2,
    "material": [ "wood", "steel" ]
  },
  {
    "id": "mn_classic_kit",
    "type": "GENERIC",
    "symbol": ")",
    "color": "light_gray",
    "name": "Mosin-Nagant classic conversion kit",
    "name_plural": "Mosin-Nagant classic conversion kits",
    "category": "other",
    "description": "A beautiful wooden stock and hardware built to support common Mosin-Nagant actions.  With gunsmithing tools, some skill, and a few hours, you could take a 'tacti-cool' rifle and convert it to the classic Russian design.",
    "price": 12000,
    "weight": 2000,
    "volume": 11,
    "to_hit": -2,
    "material": [ "wood", "steel" ]
  },
  {
    "id": "mn_ebr_kit",
    "type": "GENERIC",
    "symbol": ")",
    "color": "light_gray",
    "name": "Mosin-Nagant EBR conversion kit",
    "name_plural": "Mosin-Nagant EBR conversion kits",
    "category": "other",
    "description": "A synthetic stock and hardware designed to accommodate common Mosin-Nagant actions.  With gunsmithing tools, some skill, and a few hours, you could give the classic Russian design modern furniture and customization capacity.",
    "price": 12000,
    "weight": 2000,
    "volume": 11,
    "to_hit": -2,
    "material": [ "plastic", "steel" ]
  },
  {
    "id": "l_car_223_kit",
    "type": "GENERIC",
    "symbol": ")",
    "color": "light_gray",
    "name": "L523-CAR conversion",
    "name_plural": "L523-CAR conversions",
    "category": "other",
    "description": "All the parts necessary to convert an L523 to the Carbine configuration, Leadworks LLC's choice for close-quarters work.  In order to reconfigure an already-configured L523, you'll need to disassemble it to the base platform, then assemble with the parts you prefer.",
    "price": 170000,
    "weight": 400,
    "volume": 2,
    "to_hit": -2,
    "material": [ "steel", "plastic" ]
  },
  {
    "id": "l_mbr_223_kit",
    "type": "GENERIC",
    "symbol": ")",
    "color": "light_gray",
    "name": "L523-MBR conversion",
    "name_plural": "L523-MBR conversions",
    "category": "other",
    "description": "All the parts necessary to convert an L523 to a Main Battle Rifle, a balanced weapon for all situations.  In order to reconfigure an already-configured L523, you'll need to disassemble it to the base platform, then assemble with the parts you prefer.",
    "price": 170000,
    "weight": 700,
    "volume": 3,
    "to_hit": -2,
    "material": [ "steel", "plastic" ]
  },
  {
    "id": "l_dsr_223_kit",
    "type": "GENERIC",
    "symbol": ")",
    "color": "light_gray",
    "name": "L523-DSR conversion",
    "name_plural": "L523-DSR conversions",
    "category": "other",
    "description": "All the parts necessary to convert an L523 to a Designated Shootist Rifle, suitable for long-ranged work.  In order to reconfigure an already-configured L523, you'll need to disassemble it to the base platform, then assemble with the parts you prefer.",
    "price": 200000,
    "weight": 1900,
    "volume": 10,
    "to_hit": -2,
    "material": [ "steel", "plastic" ]
  },
  {
    "id": "l_lmg_223_kit",
    "type": "GENERIC",
    "symbol": ")",
    "color": "light_gray",
    "name": "L523-LMG conversion",
    "name_plural": "L523-LMG conversions",
    "category": "other",
    "description": "All the parts necessary to convert an L523 to a light machine gun.  In order to reconfigure an already-configured L523, you'll need to disassemble it to the base platform, then assemble with the parts you prefer.",
    "price": 270000,
    "weight": 2300,
    "volume": 11,
    "to_hit": -2,
    "material": [ "steel", "plastic" ]
  },
  {
    "type": "GENERIC",
    "id": "mobile_memory_card",
    "symbol": ",",
    "color": "white",
    "name": "SD-Memory card",
    "description": "A memory card, used.  Might be worth a look.",
    "price": 1000,
    "price_postapoc": 0,
    "material": "plastic",
    "flags": [ "MC_MOBILE", "MC_RANDOM_STUFF", "MC_MAY_BE_ENCRYPTED", "MC_TURN_USED" ],
    "weight": 5,
    "volume": 0
  },
  {
    "type": "GENERIC",
    "id": "mobile_memory_card_used",
    "symbol": ",",
    "color": "white",
    "name": "SD-Memory card (clean)",
    "name_plural": "SD-Memory cards (clean)",
    "description": "This memory card is either unused or has been wiped clean.  You could use it to store your data, though!",
    "price": 500,
    "price_postapoc": 0,
    "material": "plastic",
    "flags": [ "MC_MOBILE", "MC_USED" ],
    "weight": 5,
    "volume": 0
  },
  {
    "type": "GENERIC",
    "id": "mobile_memory_card_encrypted",
    "symbol": ",",
    "color": "white",
    "name": "SD-Memory card (encrypted)",
    "name_plural": "SD-Memory cards (encrypted)",
    "description": "This memory card appears to have the firmware encryption set.  Hopefully it contains something worth encrypting.",
    "price": 2000,
    "price_postapoc": 0,
    "material": "plastic",
    "flags": [ "MC_MOBILE", "MC_ENCRYPTED", "MC_TURN_USED" ],
    "weight": 5,
    "volume": 0
  },
  {
    "type": "GENERIC",
    "id": "mobile_memory_card_science",
    "symbol": ",",
    "color": "white",
    "name": "Science SD-Memory card",
    "name_plural": "Science SD-Memory cards",
    "description": "This memory card appears to be related to 'XEDRA', and is certainly encrypted.  Looks * Interesting *, though...",
    "price": 10000,
    "price_postapoc": 0,
    "material": "plastic",
    "flags": [ "MC_MOBILE", "MC_ENCRYPTED", "MC_TURN_USED", "MC_SCIENCE_STUFF" ],
    "weight": 5,
    "volume": 0
  },
  {
    "type": "GENERIC",
    "id": "scrap_copper",
    "symbol": ",",
    "color": "light_gray",
    "name": "scrap copper",
    "name_plural": "scrap copper",
    "category": "spare_parts",
    "description": "A small chunk of copper, usable for crafting or repairs.",
    "price": 1000,
    "material": "copper",
    "weight": 200,
    "volume": 1,
    "bashing": 1,
    "to_hit": -2
  },
  {
    "type": "GENERIC",
    "id": "glass_shard",
    "symbol": ",",
    "color": "light_cyan",
    "name": "glass shard",
    "category": "other",
    "description": "A broken shard of glass covered in sharp edges.  You could use it as a weapon, but you might want to wear gloves.",
    "material": "glass",
    "weight": 89,
    "volume": 1,
    "cutting": 6,
    "flags": [ "HURT_WHEN_WIELDED", "HURT_WHEN_PULLED", "TRADER_AVOID" ],
    "to_hit": -1
  },
  {
    "type": "GENERIC",
    "id": "mirror",
    "symbol": "o",
    "color": "light_cyan",
    "name": "hand mirror",
    "description": "A small hand mirror.",
    "price": 15000,
    "material": "glass",
    "weight": 300,
    "volume": 3,
    "bashing": 2,
    "to_hit": -3
  },
  {
    "type": "GENERIC",
    "id": "glass_sheet",
    "symbol": "]",
    "color": "light_cyan",
    "name": "sheet of glass",
    "name_plural": "sheets of glass",
    "description": "A large sheet of glass.  Easily shattered.  Useful for repairing windows.",
    "category": "spare_parts",
    "price": 5000,
    "material": "glass",
    "weight": 24176,
    "volume": 50,
    "bashing": 4,
    "to_hit": -5
  },
  {
    "type": "GENERIC",
    "id": "reinforced_glass_sheet",
    "symbol": "]",
    "color": "light_blue",
    "name": "sheet of reinforced glass",
    "name_plural": "sheets of reinforced glass",
    "description": "A large sheet of glass strengthened with steel wiring.",
    "category": "spare_parts",
    "price": 10000,
    "material": [ "glass", "steel" ],
    "weight": 40123,
    "volume": 50,
    "bashing": 6,
    "to_hit": -6
  },
  {
    "type": "GENERIC",
    "id": "reinforced_glass_pane",
    "symbol": "]",
    "color": "light_blue",
    "name": "pane of reinforced glass",
    "name_plural": "panes of reinforced glass",
    "description": "A small pane of glass strengthened with steel wiring.",
    "category": "spare_parts",
    "price": 5000,
    "material": [ "glass", "steel" ],
    "weight": 10040,
    "volume": 12,
    "bashing": 4,
    "to_hit": -2
  },
  {
    "type": "GENERIC",
    "id": "manhole_cover",
    "symbol": "]",
    "color": "dark_gray",
    "name": "manhole cover",
    "description": "A heavy iron disc that typically covers a ladder into the sewers.  Lifting it from the manhole is impossible without a crowbar.",
    "category": "other",
    "price": 20000,
    "material": "iron",
    "flags": [ "DURABLE_MELEE", "TRADER_AVOID" ],
    "weight": 36287,
    "volume": 12,
    "bashing": 20,
    "to_hit": -5
  },
  {
    "type": "GENERIC",
    "id": "pine_bough",
    "symbol": "/",
    "color": "green",
    "name": "pine bough",
    "description": "A branch from a pine tree, oozing sticky sap and bristling with prickly needles.",
    "material": "wood",
    "weight": 220,
    "volume": 2,
    "to_hit": -2,
    "flags": [ "TRADER_AVOID", "FIREWOOD" ]
  },
  {
    "type": "GENERIC",
    "id": "pinecone",
    "symbol": ",",
    "color": "brown",
    "name": "pinecone",
    "description": "A spiny pod from a pine tree.  Dry seeds rattle around inside when you shake it.",
    "weight": 90,
    "volume": 1,
    "to_hit": -2,
    "flags": [ "TRADER_AVOID" ]
  },
  {
    "type": "GENERIC",
    "id": "poppy_flower",
    "name": "poppy flower",
    "description": "A poppy stalk with some petals.",
    "weight": 40,
    "to_hit": -3,
    "color": "red",
    "symbol": ",",
    "material": [ "veggy" ],
    "volume": 1,
    "price": 0
  },
  {
    "type": "GENERIC",
    "id": "poppy_bud",
    "name": "poppy bud",
    "description": "A poppy bud.  Contains some substances commonly produced by a mutated poppy flower.",
    "weight": 30,
    "to_hit": -3,
    "color": "red",
    "symbol": ",",
    "material": [ "veggy" ],
    "volume": 1,
    "price": 200
  },
  {
    "type": "GENERIC",
    "id": "bluebell_flower",
    "name": "bluebell",
    "description": "A bluebell stalk with some petals.",
    "weight": 40,
    "to_hit": -3,
    "color": "blue",
    "symbol": ",",
    "material": [ "veggy" ],
    "volume": 1,
    "price": 0
  },
  {
    "type": "GENERIC",
    "id": "bluebell_bud",
    "name": "bluebell bud",
    "description": "A bluebell bud.  Contains some substances commonly produced by a bluebell flower.",
    "weight": 30,
    "to_hit": -3,
    "color": "blue",
    "symbol": ",",
    "material": [ "veggy" ],
    "volume": 1,
    "price": 200
  },
  {
    "type": "GENERIC",
    "id": "dahlia_flower",
    "name": "dahlia",
    "description": "A dahlia stalk with some petals.",
    "weight": 40,
    "to_hit": -3,
    "color": "magenta",
    "symbol": ",",
    "material": [ "veggy" ],
    "volume": 1,
    "price": 0
  },
  {
    "type": "GENERIC",
    "id": "dahlia_bud",
    "name": "dahlia bud",
    "description": "A dahlia bud.  Contains some substances commonly produced by a dahlia.",
    "weight": 30,
    "to_hit": -3,
    "color": "magenta",
    "symbol": ",",
    "material": [ "veggy" ],
    "volume": 1,
    "price": 200
  },
  {
    "type": "GENERIC",
    "id": "clay_lump",
    "symbol": ",",
    "color": "brown",
    "name": "lump of clay",
    "name_plural": "lumps of clay",
    "category": "spare_parts",
    "description": "A fresh piece of clay.  Useful for some crafting recipes.",
    "price": 531,
    "material": "freshclay",
    "weight": 530,
    "volume": 1,
    "to_hit": -4
  },
  {
    "type": "GENERIC",
    "id": "brick",
    "symbol": ",",
    "color": "brown",
    "name": "brick",
    "category": "spare_parts",
    "description": "A fire hardened building block used in masonry construction.",
    "price": 2500,
    "material": [ "clay", "stone" ],
    "weight": 969,
    "volume": 2,
    "bashing": 8,
    "to_hit": -2
  },
  {
    "type": "GENERIC",
    "id": "mortar_build",
    "symbol": "%",
    "color": "light_gray",
    "name": "mortar",
    "name_plural": "mortar",
    "description": "Some mortar, ready to be used in building projects.",
    "category": "spare_parts",
    "container": "bag_canvas",
    "price": 5000,
    "material": "stone",
    "weight": 2340,
    "volume": 4,
    "bashing": 4
  },
  {
    "type": "GENERIC",
    "id": "tanbark",
    "symbol": ",",
    "color": "brown",
    "name": "tanbark",
    "description": "A sheet of tannin-rich bark from a tree, useful for tanning leather",
    "price": 0,
    "material": "wood",
    "weight": 323,
    "volume": 1,
    "bashing": 4,
    "to_hit": 1
  },
  {
    "type": "GENERIC",
    "id": "birchbark",
    "symbol": ",",
    "color": "brown",
    "name": "birchbark",
    "description": "A sheet of tough, water-resistant bark taken from a birch tree.",
    "price": 0,
    "material": "wood",
    "weight": 323,
    "volume": 1,
    "bashing": 4,
    "to_hit": 1
  },
  {
    "type": "GENERIC",
    "id": "willowbark",
    "symbol": ",",
    "color": "brown",
    "name": "willowbark",
    "description": "A sheet of bark taken from a willow tree.  Used in the production of aspirin.",
    "price": 0,
    "material": "wood",
    "weight": 323,
    "volume": 1,
    "bashing": 4,
    "to_hit": 1
  },
  {
    "type": "GENERIC",
    "id": "peephole",
    "symbol": ".",
    "color": "yellow",
    "name": "peephole",
    "category": "spare_parts",
    "description": "A metal cylinder with a small lens inside intended to be installed on a door.",
    "price": 12000,
    "material": [ "aluminum", "glass" ],
    "weight": 5,
    "volume": 1,
    "to_hit": -3
  },
  {
    "type": "GENERIC",
    "id": "diamond",
    "symbol": "*",
    "color": "white",
    "name": "diamond",
    "description": "A sparkling diamond.",
    "price": 1000000,
    "price_postapoc": 100,
    "material": "diamond",
    "weight": 120,
    "volume": 1,
    "to_hit": -5
  },
  {
    "type": "AMMO",
    "id": "r_paint",
    "category": "other",
    "price": 120,
    "name": "red paint",
    "name_plural": "red paint",
    "symbol": "o",
    "color": "red",
    "description": "A can of red paint.",
    "material": "steel",
    "volume": 5,
    "weight": 10,
    "ammo_type": "NULL",
    "count": 100
  },
  {
    "type": "AMMO",
    "id": "b_paint",
    "category": "other",
    "price": 120,
    "name": "blue paint",
    "name_plural": "blue paint",
    "symbol": "o",
    "color": "blue",
    "description": "A can of blue paint.",
    "material": "steel",
    "volume": 5,
    "weight": 10,
    "ammo_type": "NULL",
    "count": 100
  },
  {
    "type": "AMMO",
    "id": "w_paint",
    "category": "other",
    "price": 120,
    "name": "white paint",
    "name_plural": "white paint",
    "symbol": "o",
    "color": "white",
    "description": "A can of white paint.",
    "material": "steel",
    "volume": 5,
    "weight": 10,
    "ammo_type": "NULL",
    "count": 100
  },
  {
    "type": "AMMO",
    "id": "g_paint",
    "category": "other",
    "price": 120,
    "name": "green paint",
    "name_plural": "green paint",
    "symbol": "o",
    "color": "green",
    "description": "A can of green paint.",
    "material": "steel",
    "volume": 5,
    "weight": 10,
    "ammo_type": "NULL",
    "count": 100
  },
  {
    "type": "AMMO",
    "id": "p_paint",
    "category": "other",
    "price": 120,
    "name": "purple paint",
    "name_plural": "purple paint",
    "symbol": "o",
    "color": "magenta",
    "description": "A can of purple paint.",
    "material": "steel",
    "volume": 5,
    "weight": 10,
    "ammo_type": "NULL",
    "count": 100
  },
  {
    "type": "AMMO",
    "id": "y_paint",
    "category": "other",
    "price": 120,
    "name": "yellow paint",
    "name_plural": "yellow paint",
    "symbol": "o",
    "color": "yellow",
    "description": "A can of yellow paint.",
    "material": "steel",
    "volume": 5,
    "weight": 10,
    "ammo_type": "NULL",
    "count": 100
  },
  {
    "type": "AMMO",
    "id": "r_carpet",
    "category": "other",
    "price": 120,
    "name": "red carpet",
    "symbol": "}",
    "color": "red",
    "description": "A roll of red carpet.",
    "material": "cotton",
    "volume": 7,
    "weight": 45,
    "ammo_type": "NULL",
    "count": 5
  },
  {
    "type": "AMMO",
    "id": "g_carpet",
    "category": "other",
    "price": 120,
    "name": "green carpet",
    "symbol": "}",
    "color": "green",
    "description": "A roll of green carpet.",
    "material": "cotton",
    "volume": 7,
    "weight": 45,
    "ammo_type": "NULL",
    "count": 5
  },
  {
    "type": "AMMO",
    "id": "y_carpet",
    "category": "other",
    "price": 120,
    "name": "yellow carpet",
    "symbol": "}",
    "color": "yellow",
    "description": "A roll of yellow carpet.",
    "material": "cotton",
    "volume": 7,
    "weight": 45,
    "ammo_type": "NULL",
    "count": 5
  },
  {
    "type": "AMMO",
    "id": "p_carpet",
    "category": "other",
    "price": 120,
    "name": "purple carpet",
    "symbol": "}",
    "color": "magenta",
    "description": "A roll of purple carpet.",
    "material": "cotton",
    "volume": 7,
    "weight": 45,
    "ammo_type": "NULL",
    "count": 5
  },
  {
    "type": "GENERIC",
    "id": "cured_hide",
    "symbol": ",",
    "color": "white",
    "name": "cured hide",
    "name_plural": "cured hides",
    "description": "A rolled up animal hide which has been scraped of extraneous hair and flesh and treated to prevent decay.  It still requires tanning to become usable leather.",
    "price": 2000,
    "material": [ "flesh" ],
    "flags": [ "NO_SALVAGE" ],
    "weight": 600,
    "volume": 3,
    "category": "spare_parts",
    "to_hit": -1
  },
  {
    "type": "GENERIC",
    "id": "tanned_hide",
    "symbol": ",",
    "color": "brown",
    "name": "tanned hide",
    "name_plural": "tanned hides",
    "description": "A folded sheet of leather made from carefully tanned animal hide.  Can be cut up or used as is.",
    "price": 5000,
    "material": [ "leather" ],
    "weight": 600,
    "volume": 6,
    "category": "spare_parts",
    "to_hit": -1
  },
  {
    "type": "GENERIC",
    "id": "cured_pelt",
    "symbol": ",",
    "color": "brown",
    "name": "cured pelt",
    "name_plural": "cured pelts",
    "description": "A rolled up animal hide which has been scraped of extraneous hair and flesh and treated to prevent decay.  It still requires tanning to become usable fur.",
    "price": 2000,
    "material": [ "fur", "flesh" ],
    "flags": [ "NO_SALVAGE" ],
    "weight": 684,
    "volume": 4,
    "category": "spare_parts",
    "to_hit": -1
  },
  {
    "type": "GENERIC",
    "id": "tanned_pelt",
    "symbol": ",",
    "color": "brown",
    "name": "tanned pelt",
    "name_plural": "tanned pelts",
    "description": "A folded sheet of leather made from carefully tanned animal hide, with the fur still intact.  Can be cut up or used as is.",
    "price": 5000,
    "material": [ "fur" ],
    "weight": 684,
    "volume": 6,
    "category": "spare_parts",
    "to_hit": -1
  },
  {
    "type": "GENERIC",
    "id": "straw_pile",
    "symbol": ",",
    "color": "light_gray",
    "name": "pile of straw",
    "name_plural": "piles of straw",
    "category": "spare_parts",
    "description": "A pile of dry grass.  Can be used to craft a straw bed if there is nothing else to sleep on.",
    "material": [ "paper" ],
    "flags": "TRADER_AVOID",
    "weight": 20,
    "volume": 1,
    "to_hit": -2
  },
  {
    "type": "GENERIC",
    "id": "straw_doll",
    "symbol": "o",
    "color": "light_gray",
    "name": "straw doll",
    "name_plural": "straw dolls",
    "description": "Old straw doll.  Represents a woman in a dress.",
    "price": 100,
    "material": [ "paper" ],
    "weight": 80,
    "volume": 2
  },
  {
    "type": "GENERIC",
    "id": "pillow",
    "symbol": ",",
    "color": "blue",
    "name": "pillow",
    "description": "A pillow to rest your head on when sleeping.",
    "price": 1000,
    "material": [ "cotton" ],
    "weight": 514,
    "volume": 4,
    "flags": [ "SLEEP_AID" ],
    "category": "other"
  },
  {
    "type": "GENERIC",
    "id": "down_pillow",
    "symbol": ",",
    "color": "blue",
    "name": "down-filled pillow",
    "description": "A fluffy pillow to rest your head on when sleeping.",
    "price": 1000,
    "material": [ "cotton" ],
    "weight": 514,
    "volume": 4,
    "flags": [ "SLEEP_AID" ],
    "category": "other"
  },
  {
    "type": "GENERIC",
    "id": "teddy",
    "symbol": "o",
    "color": "brown",
    "name": "teddy bear",
    "description": "An old and half rotten teddy bear.  Looks like this one commemorates the grave of the child who once owned it.",
    "price": 200,
    "material": [ "cotton" ],
    "weight": 514,
    "volume": 3
  },
  {
    "type": "GENERIC",
    "id": "money_bundle",
    "name": "money bundle",
    "description": "A bundle holding many 20 dollar bills, pretty useless now though.",
    "weight": 20,
    "to_hit": -3,
    "color": "green",
    "symbol": ",",
    "material": [ "paper" ],
    "volume": 1,
    "price": 0
  },
  {
    "type": "GENERIC",
    "id": "cigar_lit",
    "name": "cigar",
    "color": "brown",
    "symbol": "!",
    "description": "The smoke billowing from this cigar has a sweet, musty odor.",
    "category": "drugs",
    "emits": [ "emit_tobacco_trail" ],
    "flags": [ "LITCIG", "TOBACCO", "LIGHT_4", "TRADER_AVOID" ]
  },
  {
    "type": "GENERIC",
    "id": "cigar_butt",
    "name": "cigar butt",
    "color": "dark_gray",
    "symbol": "!",
    "description": "A true gentleman always finishes his cigars.",
    "category": "other",
    "flags": [ "TRADER_AVOID" ]
  },
  {
    "type": "GENERIC",
    "id": "cig_lit",
    "name": "cigarette",
    "color": "white",
    "symbol": "!",
    "description": "Smoke swirls from the lit end of this cigarette, filling the air with the thrilling smell of burning chemicals.",
    "category": "drugs",
    "emits": [ "emit_tobacco_trail" ],
    "flags": [ "LITCIG", "TOBACCO", "LIGHT_4", "TRADER_AVOID" ]
  },
  {
    "type": "GENERIC",
    "id": "cig_butt",
    "name": "cigarette butt",
    "color": "dark_gray",
    "symbol": "!",
    "description": "What was once a wonderfully addictive tube of dried tobacco leaf is now just a smelly piece of trash.  What a tragedy!\nThe leftover tobacco in a few of these could probably be used to roll another cigarette.  If you're willing to go that far...",
    "category": "other",
    "flags": [ "TRADER_AVOID" ]
  },
  {
    "type": "GENERIC",
    "id": "joint_lit",
    "name": "joint",
    "color": "light_green",
    "symbol": "!",
    "description": "The smell of skunk permeates the air as a thin trail of smoke floats off of this joint.",
    "category": "drugs",
    "emits": [ "emit_joint_trail" ],
    "flags": [ "LITCIG", "LIGHT_4", "TRADER_AVOID" ]
  },
  {
    "type": "GENERIC",
    "id": "joint_roach",
    "name": "joint roach",
    "name_plural": "joint roaches",
    "color": "green",
    "symbol": "!",
    "description": "The smoked-down butt of a joint, a reminder of some good times.  Pretty much trash now.  Bummer, man.\nA few of these could probably be used to roll another joint.",
    "category": "other",
    "flags": [ "TRADER_AVOID" ]
  },
  {
    "type": "GENERIC",
    "id": "cannabis",
    "symbol": "%",
    "color": "light_green",
    "name": "cannabis plant",
    "description": "A psychoactive plant indigenous to Central Asia and the Indian subcontinent traditionally cultivated for its fiber, oil, for medicinal purposes, and for use as a recreational drug.  It requires further processing to be useful.",
    "price": 2000,
    "material": "veggy",
    "weight": 420,
    "volume": 4
  },
  {
    "type": "GENERIC",
    "id": "tobacco_raw",
    "symbol": "%",
    "color": "light_green",
    "name": "raw tobacco",
    "name_plural": "handfuls of raw tobacco",
    "description": "Various parts of tobacco plant, full of nicotine.  They need to be dried to become smokable.",
    "looks_like": "wild_herbs",
    "price": 300,
    "material": "veggy",
    "weight": 100,
    "volume": 1
  },
  {
    "id": "cash_card",
    "type": "TOOL",
    "symbol": ",",
    "color": "yellow",
    "name": "cash card",
    "description": "A yellow plastic card used to store money.  These became popular once the government officially moved to all electronic money.  It holds up to 2 million dollars.",
    "price": 100,
    "price_postapoc": 10,
    "material": "plastic",
    "flags": [ "NO_UNLOAD", "NO_RELOAD" ],
    "weight": 6,
    "volume": 0,
    "to_hit": -3,
    "max_charges": 200000000,
    "rand_charges": [
      0,
      1,
      2,
      3,
      4,
      5,
      6,
      7,
      8,
      9,
      10,
      50,
      100,
      200,
      300,
      500,
      800,
      1000,
      1200,
      1400,
      1600,
      1800,
      2000,
      3000,
      4000,
      5000,
      6000,
      7000,
      8000,
      9000,
      10000,
      12000,
      14000,
      16000,
      18000,
      20000,
      50000,
      100000
    ],
    "ammo": "money"
  },
  {
    "id": "gasdiscount_silver",
    "type": "TOOL",
    "symbol": ",",
    "color": "yellow",
    "name": "silver gas discount card",
    "description": "This card gives you a little discount on the purchase of gasoline.",
    "category": "other",
    "price": 500,
    "material": "plastic",
    "flags": [ "GAS_DISCOUNT", "DISCOUNT_VALUE_1" ],
    "weight": 6,
    "volume": 0,
    "to_hit": -3
  },
  {
    "id": "gasdiscount_gold",
    "type": "TOOL",
    "symbol": ",",
    "color": "yellow",
    "name": "gold gas discount card",
    "description": "This card gives you a good discount on the purchase of gasoline.",
    "category": "other",
    "price": 500,
    "material": "plastic",
    "flags": [ "GAS_DISCOUNT", "DISCOUNT_VALUE_2" ],
    "weight": 6,
    "volume": 0,
    "to_hit": -3
  },
  {
    "id": "gasdiscount_platinum",
    "type": "TOOL",
    "symbol": ",",
    "color": "yellow",
    "name": "platinum gas discount card",
    "description": "This card gives you a splendid discount on the purchase of gasoline.",
    "category": "other",
    "price": 500,
    "material": "plastic",
    "flags": [ "GAS_DISCOUNT", "DISCOUNT_VALUE_3" ],
    "weight": 6,
    "volume": 0,
    "to_hit": -3
  },
  {
    "type": "GENERIC",
    "id": "id_science",
    "symbol": ",",
    "color": "blue",
    "name": "science ID card",
    "description": "This ID card once belonged to a scientist.  The reverse side describes protocol for using it; this could grant access at one control panel, if you can find one.",
    "price": 60000,
    "price_postapoc": 5000,
    "material": "plastic",
    "weight": 6,
    "volume": 0,
    "to_hit": -3
  },
  {
    "type": "GENERIC",
    "id": "id_military",
    "symbol": ",",
    "color": "green",
    "name": "military ID card",
    "description": "This ID card once belonged to a military officer.  The reverse side describes protocol for using it; this could grant access at one control panel, if you can find one.",
    "price": 120000,
    "price_postapoc": 10000,
    "material": "plastic",
    "weight": 6,
    "volume": 0,
    "to_hit": -3
  },
  {
    "type": "GENERIC",
    "id": "neoprene",
    "symbol": ",",
    "color": "dark_gray",
    "name": "neoprene sheet",
    "description": "A moderately sized sheet of neoprene.  Can be used to craft light and stretchable clothing.",
    "price": 1000,
    "material": "neoprene",
    "flags": [ "NO_SALVAGE" ],
    "weight": 80,
    "volume": 1,
    "category": "spare_parts"
  },
  {
    "id": "cerberus_laser",
    "type": "GENERIC",
    "symbol": "(",
    "color": "magenta",
    "name": "TX-5LR Laser Cannon",
    "description": "A laser cannon stripped from the barrel of a TX-5LR Cerberus laser turret.  Unusable as a weapon on its own without the necessary parts.",
    "price": 5000000,
    "material": [ "steel", "plastic" ],
    "weight": 5000,
    "volume": 3,
    "category": "spare_parts"
  },
  {
    "id": "light_bulb",
    "type": "GENERIC",
    "name": "light bulb",
    "description": "A rather outdated light bulb used in all sorts of light equipment.",
    "symbol": ",",
    "color": "white",
    "material": "glass",
    "weight": 10,
    "volume": 1,
    "price": 500
  },
  {
    "id": "shrapnel",
    "type": "AMMO",
    "name": "shrapnel",
    "description": "A twisted shard of jagged metal.",
    "weight": 5,
    "volume": 1,
    "price": 0,
    "stack_size": 50,
    "material": [ "steel" ],
    "symbol": ".",
    "color": "white",
    "ammo_type": "components"
  }
]
