[
    {
        "type" : "overlay_order",
        "overlay_ordering" : [
        {
            "id" : [ "THRESH_CATTLE", "THRESH_CEPHALOPOD", "THRESH_SLIME", "WEB_RAPPEL", "WEB_ROPE", "WEB_SPINNER", "WEB_WALKER", "WEB_WEAVER", "WINGS_BAT", "WINGS_BIRD", "WINGS_BUTTERFLY", "WINGS_INSECT" ],
            "order" : 500
        },{
            "id" : [ "BEAUTIFUL", "BEAUTIFUL2", "BEAUTIFUL3", "LARGE", "PRETTY", "RADIOACTIVE1", "RADIOACTIVE2", "RADIOACTIVE3", "REGEN" ],
            "order" : 1000
        },{
            "id" : [ "ALBINO", "BARK", "CHITIN", "CHITIN2", "CHITIN3", "CHITIN_FUR", "CHITIN_FUR2", "CHITIN_FUR3", "FEATHERS", "FELINE_FUR", "FUR", "LEAVES", "LIGHT_FUR", "LUPINE_FUR", "LYNX_FUR", "PLANTSKIN", "SCALES", "SKIN_ROUGH", "SLEEK_SCALES", "SORES", "THORNS", "TROGLO2", "TROGLO3", "URSINE_FUR", "VISCOUS" ],
            "order" : 1500
        },{
            "id" : [ "ARACHNID_ARMS", "ARACHNID_ARMS_OK", "ARM_FEATHERS", "ARM_TENTACLES", "ARM_TENTACLES_4", "ARM_TENTACLES_8" ],
            "order" : 2000
        },{
            "id" : [ "PAWS", "PAWS_LARGE", "SLIME_HANDS" ],
            "order" : 2500
        },{
            "id" : [ "CLAWS", "CLAWS_RAT", "CLAWS_RETRACT", "LONG_FINGERNAILS", "VINES1", "VINES2", "VINES3" ],
            "order" : 3000
        },{
            "id" : [ "TAIL_CATTLE", "TAIL_CLUB", "TAIL_FIN", "TAIL_LONG", "TAIL_RAPTOR", "TAIL_RAT", "TAIL_STING", "TAIL_STUB", "TAIL_THICK" ],
            "order" : 3500
        },{
            "id" : [ "LEG_TENTACLES" ],
            "order" : 4000
        },{
            "id" : [ "HOOVES", "ROOTS1", "ROOTS2", "ROOTS3", "TALONS" ],
            "order" : 4500
        },{
            "id" : [ "FLOWERS" ],
            "order" : 5000
        },{
            "id" : [ "ELFA_EARS", "FELINE_EARS", "LUPINE_EARS", "URSINE_EARS" ],
            "order" : 5500
        },{
            "id" : [ "ANTENNAE", "ANTLERS", "CURVED_HORNS", "HORNS", "POINTED_HORNS" ],
            "order" : 6000
        },{
            "id" : [ "COMPOUND_EYES", "ELFAEYES", "FEL_EYE", "LIZ_EYE" ],
            "order" : 6500
        },{
            "id" : [ "BEAK", "BEAK_HUM", "BEAK_PECK", "MUZZLE", "MUZZLE_BEAR", "MUZZLE_LONG", "MUZZLE_RAT", "MINOTAUR", "SLIT_NOSTRILS", "SNOUT", "WHISKERS", "WHISKERS_RAT" ],
            "order" : 7000
        },{
            "id" : [ "FANGS", "MANDIBLES", "SABER_TEETH" ],
            "order" : 7500
        },{
            "id" : [ "FORKED_TONGUE" ],
            "order" : 8000
        },{
            "id" : [ "PROF_CYBERCOP", "PROF_FED", "PROF_PD_DET", "PROF_POLICE", "PROF_SWAT", "PHEROMONE_INSECT" ],
            "order" : 8500
        }
        ]
    }
]
