[
  {
    "id": "ACT_RELOAD",
    "type": "activity_type",
    "stop_phrase": "Stop reloading?",
    "suspendable": false,
    "based_on": "speed"
  },
  {
    "id": "ACT_READ",
    "type": "activity_type",
    "stop_phrase": "Stop reading?",
    "rooted": true,
    "based_on": "speed",
    "refuel_fires": true
  },
  {
    "id": "ACT_GAME",
    "type": "activity_type",
    "stop_phrase": "Stop playing?",
    "rooted": true,
    "based_on": "time"
  },
  {
    "id": "ACT_WAIT",
    "type": "activity_type",
    "stop_phrase": "Stop waiting?",
    "rooted": true,
    "based_on": "time",
    "no_resume": true
  },
  {
    "id": "ACT_CRAFT",
    "type": "activity_type",
    "stop_phrase": "Stop crafting?",
    "based_on": "neither",
    "refuel_fires": true
  },
  {
    "id": "ACT_LONGCRAFT",
    "type": "activity_type",
    "stop_phrase": "Stop crafting?",
    "based_on": "neither",
    "refuel_fires": true
  },
  {
    "id": "ACT_DISASSEMBLE",
    "type": "activity_type",
    "stop_phrase": "Stop disassembly?",
    "suspendable": false,
    "based_on": "speed",
    "refuel_fires": true
  },
  {
    "id": "ACT_BUTCHER",
    "type": "activity_type",
    "stop_phrase": "Stop butchering?",
    "based_on": "speed"
  },
  {
    "id": "ACT_BUTCHER_FULL",
    "type": "activity_type",
    "stop_phrase": "Stop butchering?",
    "based_on": "speed"
  },
  {
    "id": "ACT_FIELD_DRESS",
    "type": "activity_type",
    "stop_phrase": "Stop field dressing?",
    "based_on": "speed"
  },
  {
    "id": "ACT_QUARTER",
    "type": "activity_type",
    "stop_phrase": "Stop quartering?",
    "based_on": "speed"
  },
  {
    "id": "ACT_DISSECT",
    "type": "activity_type",
    "stop_phrase": "Stop dissecting?",
    "based_on": "speed"
  },
  {
    "id": "ACT_LONGSALVAGE",
    "type": "activity_type",
    "stop_phrase": "Stop salvaging?",
    "based_on": "speed",
    "no_resume": true,
    "refuel_fires": true
  },
  {
    "id": "ACT_FORAGE",
    "type": "activity_type",
    "stop_phrase": "Stop foraging?",
    "based_on": "speed"
  },
  {
    "id": "ACT_BUILD",
    "type": "activity_type",
    "stop_phrase": "Stop construction?",
    "based_on": "speed"
  },
  {
    "id": "ACT_VEHICLE",
    "type": "activity_type",
    "stop_phrase": "Stop interacting with the vehicle?",
    "based_on": "speed"
  },
  {
    "id": "ACT_TRAIN",
    "type": "activity_type",
    "stop_phrase": "Stop training?",
    "based_on": "speed"
  },
  {
    "id": "ACT_WAIT_WEATHER",
    "type": "activity_type",
    "stop_phrase": "Stop waiting?",
    "rooted": true,
    "based_on": "time",
    "no_resume": true
  },
  {
    "id": "ACT_FIRSTAID",
    "type": "activity_type",
    "stop_phrase": "Stop using first aid?",
    "based_on": "speed"
  },
  {
    "id": "ACT_FISH",
    "type": "activity_type",
    "stop_phrase": "Stop fishing?",
    "rooted": true,
    "based_on": "time"
  },
  {
    "id": "ACT_PICKAXE",
    "type": "activity_type",
    "stop_phrase": "Stop mining?",
    "based_on": "speed"
  },
  {
    "id": "ACT_BURROW",
    "type": "activity_type",
    "stop_phrase": "Stop burrowing?",
    "based_on": "speed"
  },
  {
    "id": "ACT_PULP",
    "type": "activity_type",
    "stop_phrase": "Stop smashing?",
    "based_on": "neither",
    "no_resume": true
  },
  {
    "id": "ACT_VIBE",
    "type": "activity_type",
    "stop_phrase": "Stop de-stressing?",
    "based_on": "time"
  },
  {
    "id": "ACT_MAKE_ZLAVE",
    "type": "activity_type",
    "stop_phrase": "Stop cutting tissues?",
    "suspendable": false,
    "based_on": "speed"
  },
  {
    "id": "ACT_DROP",
    "type": "activity_type",
    "stop_phrase": "Stop dropping?",
    "suspendable": false,
    "based_on": "neither",
    "no_resume": true
  },
  {
    "id": "ACT_STASH",
    "type": "activity_type",
    "stop_phrase": "Stop stashing?",
    "suspendable": false,
    "based_on": "neither",
    "no_resume": true
  },
  {
    "id": "ACT_PICKUP",
    "type": "activity_type",
    "stop_phrase": "Stop picking up?",
    "suspendable": false,
    "based_on": "neither",
    "no_resume": true
  },
  {
    "id": "ACT_MOVE_ITEMS",
    "type": "activity_type",
    "stop_phrase": "Stop moving items?",
    "suspendable": false,
    "based_on": "neither",
    "no_resume": true
  },
  {
    "id": "ACT_MOVE_LOOT",
    "type": "activity_type",
    "stop_phrase": "Stop sorting out the loot?",
    "suspendable": false,
    "based_on": "neither",
    "no_resume": true
  },
  {
    "id": "ACT_TILL_PLOT",
    "type": "activity_type",
    "stop_phrase": "Stop tilling the farm plot?",
    "suspendable": false,
    "based_on": "neither",
    "no_resume": true
  },
  {
    "id": "ACT_ADV_INVENTORY",
    "type": "activity_type",
    "stop_phrase": "Stop interacting with inventory?",
    "suspendable": false,
    "based_on": "neither",
    "no_resume": true
  },
  {
    "id": "ACT_ARMOR_LAYERS",
    "type": "activity_type",
    "stop_phrase": "Stop fiddling with your clothes?",
    "suspendable": false,
    "based_on": "neither",
    "no_resume": true
  },
  {
    "id": "ACT_START_FIRE",
    "type": "activity_type",
    "stop_phrase": "Stop lighting the fire?",
    "rooted": true,
    "based_on": "neither",
    "no_resume": true
  },
  {
    "id": "ACT_OPEN_GATE",
    "type": "activity_type",
    "stop_phrase": "Stop working the winch?",
    "based_on": "speed"
  },
  {
    "id": "ACT_FILL_LIQUID",
    "type": "activity_type",
    "stop_phrase": "Stop filling the container?",
    "suspendable": false,
    "rooted": true,
    "based_on": "neither",
    "no_resume": true
  },
  {
    "id": "ACT_HOTWIRE_CAR",
    "type": "activity_type",
    "stop_phrase": "Stop hotwiring the vehicle?",
    "based_on": "speed"
  },
  {
    "id": "ACT_AIM",
    "type": "activity_type",
    "stop_phrase": "Stop aiming?",
    "suspendable": false,
    "based_on": "neither",
    "no_resume": true
  },
  {
    "id": "ACT_ATM",
    "type": "activity_type",
    "stop_phrase": "Stop using the ATM?",
    "suspendable": false,
    "based_on": "neither",
    "no_resume": true
  },
  {
    "id": "ACT_START_ENGINES",
    "type": "activity_type",
    "stop_phrase": "Stop trying to start the vehicle?",
    "suspendable": false,
    "rooted": true,
    "based_on": "time"
  },
  {
    "id": "ACT_OXYTORCH",
    "type": "activity_type",
    "stop_phrase": "Stop welding?",
    "based_on": "speed"
  },
  {
    "id": "ACT_CRACKING",
    "type": "activity_type",
    "stop_phrase": "Stop cracking?",
    "based_on": "speed"
  },
  {
    "id": "ACT_REPAIR_ITEM",
    "type": "activity_type",
    "stop_phrase": "Stop repairing?",
    "based_on": "neither"
  },
  {
    "id": "ACT_MEND_ITEM",
    "type": "activity_type",
    "stop_phrase": "Stop mending?",
    "based_on": "speed"
  },
  {
    "id": "ACT_GUNMOD_ADD",
    "type": "activity_type",
    "stop_phrase": "Stop modifying gun?",
    "suspendable": false,
    "based_on": "speed"
  },
  {
    "id": "ACT_TOOLMOD_ADD",
    "type": "activity_type",
    "stop_phrase": "Stop modifying tool?",
    "suspendable": false,
    "based_on": "speed"
  },
  {
    "id": "ACT_WAIT_NPC",
    "type": "activity_type",
    "stop_phrase": "Stop interacting with the NPC?",
    "rooted": true,
    "based_on": "time",
    "no_resume": true
  },
  {
    "id": "ACT_CLEAR_RUBBLE",
    "type": "activity_type",
    "stop_phrase": "Stop clearing that rubble?",
    "based_on": "speed"
  },
  {
    "id": "ACT_MEDITATE",
    "type": "activity_type",
    "stop_phrase": "Stop meditating?",
    "rooted": true,
    "based_on": "speed"
  },
  {
    "id": "ACT_WASH",
    "type": "activity_type",
    "stop_phrase": "Stop washing?",
    "based_on": "speed"
  },
  {
    "id": "ACT_HACKSAW",
    "type": "activity_type",
    "stop_phrase": "Stop cutting the metal?",
    "based_on": "speed"
  },
  {
    "id": "ACT_CHOP_TREE",
    "type": "activity_type",
    "stop_phrase": "Stop chopping down?",
    "based_on": "speed"
  },
  {
    "id": "ACT_CHOP_LOGS",
    "type": "activity_type",
    "stop_phrase": "Stop chopping down?",
    "based_on": "speed"
  },
  {
    "id": "ACT_JACKHAMMER",
    "type": "activity_type",
    "stop_phrase": "Stop drilling?",
    "based_on": "speed"
  },
  {
    "id": "ACT_DIG",
    "type": "activity_type",
    "stop_phrase": "Stop digging?",
    "based_on": "speed"
  },
  {
    "id": "ACT_FILL_PIT",
    "type": "activity_type",
    "stop_phrase": "Stop filling?",
    "based_on": "speed"
  },
  {
    "id": "ACT_SHAVE",
    "type": "activity_type",
    "stop_phrase": "Stop shaving?",
    "based_on": "speed"
  },
  {
    "id": "ACT_HAIRCUT",
    "type": "activity_type",
    "stop_phrase": "Stop cutting your hair?",
    "based_on": "speed"
  }
]
