[
  {
    "type": "mapgen",
    "method": "json",
    "om_terrain": [ "cemetery_small" ],
    "weight": 100,
    "object": {
      "rows": [
        "ssssssssssssssssssssssss",
        "ssssssssssssssssssssssss",
        "..........p_p_p.........",
        "dS.1......_____d...4d.S.",
        "...dSd4..._____..S...7.d",
        "..dddd...._____..d......",
        ".........&_____....ddd..",
        "...U...d.B_____..UdddU.u",
        ".b.R.R.R.B_____..Rdbdb.R",
        ".........._____d........",
        ".u.u.U...._____....udu..",
        ".RucuR.R.._____..R.b.R.R",
        "...u...d.._____.........",
        ".U........_____....U....",
        ".Rdb.R.R.._____..R.edb.R",
        "..dd......_____.....dd..",
        "...U...u.._____1.....U..",
        ".R.R.R.b.._____&.b.R.R.R",
        ".........._____B........",
        "d..u.u.U.._____B...Udddu",
        ".R.bdR.R.._____..R.RaR.R",
        "...ddd....f___f.a.......",
        "...d........f........d..",
        ".........d.............."
      ],
      "terrain": {
        "&": "t_grass",
        ".": "t_grass",
        "1": "t_tree_young",
        "4": "t_tree_pine",
        "7": "t_tree_hickory",
        "B": "t_grass",
        "R": "t_grass",
        "S": "t_shrub",
        "U": "t_underbrush_harvested_autumn",
        "_": "t_pavement",
        "a": "t_shrub_blueberry_harvested",
        "b": "t_dirt",
        "c": "t_dirt",
        "d": "t_dirt",
        "e": "t_grass",
        "f": "t_fence_post",
        "p": "t_pavement_y",
        "s": "t_sidewalk",
        "u": "t_underbrush_harvested_winter"
      },
      "furniture": { "&": "f_trashcan", "B": "f_bench", "R": "f_grave_head", "b": "f_grave_head", "c": "f_statue", "e": "f_statue" },
      "place_items": [
        { "item": "trash", "x": [ 14, 15 ], "y": 17, "chance": 60 },
        { "item": "trash", "x": 9, "y": 6, "chance": 60 },
        { "item": "alcohol", "x": 9, "y": 7, "chance": 15 }
      ],
      "place_monsters": [
        { "monster": "GROUP_ZOMBIE", "x": 11, "y": 16, "chance": 3 },
        { "monster": "GROUP_PARK_ANIMAL", "x": [ 4, 19 ], "y": [ 13, 18 ], "repeat": 3 }
      ]
    }
  }
]
