[
  {
    "type": "mapgen",
    "method": "json",
    "om_terrain": [ "fishing_pond_1_1" ],
    "weight": 100,
    "object": {
      "rows": [
        "wwwwwwwwwwwwWW...__....|",
        "wwwwwwwwwwwwWW.#.__.#..|",
        "wwwwwwwwwwwWWW...__..u.|",
        "wwwwwwwwwwwWW....__....|",
        "wwwwwwwwwwwWW...t___...|",
        "wwwwwwwwwwwWWW#...__t.#|",
        "wwwwwwwwwwwWWW.....__..|",
        "wwwwwwwwwwwwWWW..4..__.|",
        "wwwwwwwwwwwwwWWW....__.|",
        "wwwwwwwwwwwwwWWW.#.t___|",
        "wwwwwwwwwwwwwwWW....___|",
        "wwwwwwwwwwwwwwWW....#__|",
        "wwwwwwwwwwwwwwWW..4..__|",
        "wwwwwwwwwwwwwwWW.....__|",
        "wwwwwwwwwwwwwWW.#....__|",
        "WWWWwwwwwwwwWWW...#4___|",
        "WWWWWWWwwwWWWW.4..____.|",
        "W...WWWWWWWWW...#____.#|",
        "..#....WWWW4..t_____#4.|",
        "__..4....4..._____#s...|",
        "_________________...4.#|",
        "....___________.4.u....|",
        ".#....t...t4.t.....s.#.|",
        "||||||||||||||||||||||||"
      ],
      "terrain": {
        "#": "t_underbrush_harvested_spring",
        ".": "t_grass",
        "4": "t_tree_pine",
        "W": "t_water_sh",
        "_": "t_dirt",
        "s": "t_shrub_blueberry",
        "t": "t_tree_deadpine",
        "u": "t_underbrush",
        "w": "t_water_dp",
        "|": "t_chainfence_h"
      },
      "place_items": [ { "item": "forest", "x": 18, "y": 8, "chance": 20 } ],
      "place_monsters": [ { "monster": "GROUP_POND_FISH", "x": [ 7, 7 ], "y": [ 6, 11 ], "repeat": 2 } ]
    }
  }
]
