[
  {
    "type": "mapgen",
    "method": "json",
    "om_terrain": [ "fishing_pond_0_0" ],
    "weight": 100,
    "object": {
      "rows": [
        "||||||||||||||||||||||||",
        "|.......................",
        "|..1...f...#.......4....",
        "|t............1....#....",
        "|....4....#.......#d#s..",
        "|..._bb_________________",
        "|#.&____________________",
        "|..________#.........WWW",
        "|.._______#..4.#..iWWWWW",
        "|.________..f...WWWWWWww",
        "|.________4....iiWWWwwww",
        "|.___#____.#..iWWWwcwwww",
        "|.__4..#___..WWWWwwwwwww",
        "|.__.#..____pppppppppp-w",
        "|d__....4__ppppppppppp-w",
        "|.___u.....ppppppppppp-w",
        "|.___.....iWWwwwwwwwpp-w",
        "|.___.1..WiWwwwwwwwwpp-w",
        "|.___#..iiWWwwwwwwwwpp-w",
        "|#.___#.WWWwwwwwwwwwpp-w",
        "|..___#iWWwcwwwwwwww---w",
        "|..___.WiWwwwwwwwwwwwwww",
        "|.4___.WWwwwwwwwwwwwwwww",
        "|...__#WWwwwwwwwwwwwwwww"
      ],
      "terrain": {
        "#": "t_underbrush_harvested_autumn",
        "&": "t_dirt",
        "-": "t_railing_v",
        ".": "t_grass",
        "1": "t_tree_young",
        "4": "t_tree_pine",
        "W": "t_water_sh",
        "_": "t_dirt",
        "b": "t_dirt",
        "c": "t_water_dp",
        "d": "t_grass",
        "f": "t_grass",
        "i": "t_water_sh",
        "p": "t_pavement",
        "s": "t_shrub_strawberry",
        "t": "t_tree_deadpine",
        "u": "t_underbrush",
        "w": "t_water_dp",
        "|": "t_chainfence_h"
      },
      "furniture": { "&": "f_trashcan", "b": "f_bench", "c": "f_cattails", "d": "f_dandelion", "f": "f_bluebell", "i": "f_cattails" },
      "place_monsters": [
        { "monster": "GROUP_POND_ANIMAL", "x": [ 2, 8 ], "y": [ 4, 9 ], "repeat": 2 },
        { "monster": "GROUP_POND_BIRD", "x": [ 8, 9 ], "y": [ 16, 17 ], "repeat": 2 },
        { "monster": "GROUP_POND_FISH", "x": [ 7, 22 ], "y": [ 11, 23 ], "repeat": 3 }
      ]
    }
  }
]
