[
  {
    "type": "mapgen",
    "method": "json",
    "om_terrain": [ "state_park_1_0" ],
    "weight": 100,
    "object": {
      "rows": [
        "|||.......---.......||||",
        "___.......-c-.......___|",
        "_4_.......Df0.......___|",
        "___.......-a-........._|",
        "_7_.......---........._|",
        "#__..................._|",
        "_1_...................s|",
        "__d...................s|",
        "4_d...................s|",
        "ddd...............pppps|",
        "dddd..................s|",
        "dddd..................s|",
        "__dd..................s|",
        "_4_d..................s|",
        "____.............ppppps|",
        "_#__..................s|",
        "__#_..................s|",
        "_7__ppppp.............s|",
        "___#..................s|",
        "4___.............ppppps|",
        "__7_..................s|",
        "____........dd........s|",
        "__#_#_____ddddd_1_#_7__|",
        "_1___#_7___dddS___4__#_|"
      ],
      "terrain": {
        "#": "t_underbrush",
        "-": "t_wall",
        ".": "t_pavement",
        "0": "t_window_empty",
        "1": "t_tree_young",
        "4": "t_tree_pine",
        "7": "t_tree_dead",
        "D": "t_door_o",
        "S": "t_shrub_strawberry",
        "_": "t_grass",
        "a": "t_floor",
        "c": "t_floor",
        "d": "t_dirt",
        "f": "t_floor",
        "p": "t_pavement_y",
        "s": "t_sidewalk",
        "|": "t_chainfence_v"
      },
      "furniture": { "a": "f_desk", "c": "f_chair" },
      "place_items": [
        { "item": "magazines", "x": 11, "y": 3, "chance": 30 },
        { "item": "pizza_trash", "x": 8, "y": 20, "chance": 30 },
        { "item": "pizza_trash", "x": 14, "y": 13, "chance": 30 },
        { "item": "pizza_trash", "x": 3, "y": 6, "chance": 30 },
        { "item": "pizza_trash", "x": 16, "y": 2, "chance": 30 }
      ],
      "place_vehicles": [ { "vehicle": "car", "x": 18, "y": 12, "chance": 4 } ]
    }
  }
]
