[
  {
    "type": "mapgen",
    "method": "json",
    "om_terrain": [ "lumberyard_1_0" ],
    "weight": 100,
    "object": {
      "fill_ter": "t_grass",
      "rows": [
        "    _______             ",
        "____________s|||||||||| ",
        "____________s|&bb..|.d| ",
        "____________s-.....C.c| ",
        "____________s-.....C..| ",
        "____________s-.....Cc.| ",
        "____________s/.....C..| ",
        "________::::s/.....|..| ",
        "____________s-.....||+| ",
        "____________s-........| ",
        "____________s-.DF.....| ",
        "____________s|||||||+|| ",
        "__:_____::::s|...&....| ",
        "__:_________s|........| ",
        "__:_________s|.......b| ",
        "__:_________s|.......b| ",
        "||||||||||||||........| ",
        ".......CCCCC..........| ",
        ".....................x| ",
        "...C.................x| ",
        "...C...CCCCC..........| ",
        "...C...............x..| ",
        "...C..................| ",
        "......................| "
      ],
      "palettes": [ "lumberyard" ],
      "place_items": [
        { "item": "vending_food", "x": 16, "y": 10, "chance": 75 },
        { "item": "vending_drink", "x": 15, "y": 10, "chance": 50 },
        { "item": "magazines", "x": 19, "y": 3, "chance": 30 },
        { "item": "hardware", "x": 14, "y": [ 12, 14 ], "chance": 15 },
        { "item": "lumberyard", "x": [ 1, 14 ], "y": [ 15, 22 ], "chance": 30 }
      ]
    }
  }
]
