[
  {
    "type": "mapgen",
    "method": "json",
    "om_terrain": [ "lumberyard_1_1" ],
    "weight": 100,
    "object": {
      "fill_ter": "t_grass",
      "rows": [
        "......................| ",
        "................|.....| ",
        "....CCCCCCC...........| ",
        "......................| ",
        "......................| ",
        "......................| ",
        "......................| ",
        "....||++|||||||+|.....| ",
        "....|...b|CSCS..|.....| ",
        "....|f..b|......|b....| ",
        "....|C...|+|+|..|b....| ",
        "....|CCCC|t|t|&.|.....| ",
        "|||||||||||||||||||!!|| ",
        "__________________r___v ",
        "__________________r___v ",
        "______________________v ",
        "______________________v ",
        "______________________v ",
        "______________________v ",
        "__________________X_X_v ",
        "______________________v ",
        "______________________v ",
        "vvvvvvvvvvvvvvvvvvvvvvv ",
        "                        "
      ],
      "palettes": [ "lumberyard" ],
      "place_items": [
        { "item": "snacks", "x": 6, "y": 11, "chance": 30 },
        { "item": "fridge", "x": 5, "y": 9, "chance": 40 },
        { "item": "cannedfood", "x": 7, "y": 11, "chance": 35 },
        { "item": "trash", "x": 14, "y": 11, "chance": 50 },
        { "item": "lumberyard", "x": [ 5, 15 ], "y": [ 3, 19 ], "chance": 20 }
      ]
    }
  }
]
