[
  {
    "result": "apron_leather",
    "type": "recipe",
    "category": "CC_ARMOR",
    "subcategory": "CSC_ARMOR_TORSO",
    "skill_used": "tailor",
    "difficulty": 3,
    "time": 180000,
    "autolearn": true,
    "using": [ [ "sewing_standard", 30 ] ],
    "components": [ [ [ "leather", 18 ], [ "tanned_hide", 3 ] ] ]
  },
  {
    "result": "bikini_top",
    "type": "recipe",
    "category": "CC_ARMOR",
    "subcategory": "CSC_ARMOR_TORSO",
    "skill_used": "tailor",
    "difficulty": 2,
    "time": 38000,
    "autolearn": true,
    "using": [ [ "sewing_standard", 4 ] ],
    "components": [ [ [ "rag", 4 ] ] ]
  },
  {
    "result": "bikini_top_fur",
    "type": "recipe",
    "category": "CC_ARMOR",
    "subcategory": "CSC_ARMOR_TORSO",
    "skill_used": "tailor",
    "difficulty": 2,
    "time": 38000,
    "autolearn": true,
    "using": [ [ "sewing_standard", 12 ] ],
    "components": [ [ [ "fur", 3 ] ] ]
  },
  {
    "result": "bikini_top_leather",
    "type": "recipe",
    "category": "CC_ARMOR",
    "subcategory": "CSC_ARMOR_TORSO",
    "skill_used": "tailor",
    "difficulty": 2,
    "time": 38000,
    "autolearn": true,
    "using": [ [ "sewing_standard", 12 ] ],
    "components": [ [ [ "leather", 3 ] ] ]
  },
  {
    "result": "blazer",
    "type": "recipe",
    "category": "CC_ARMOR",
    "subcategory": "CSC_ARMOR_TORSO",
    "skill_used": "tailor",
    "difficulty": 5,
    "time": 180000,
    "autolearn": true,
    "using": [ [ "sewing_standard", 100 ] ],
    "components": [ [ [ "felt_patch", 25 ] ] ]
  },
  {
    "result": "bookplate",
    "type": "recipe",
    "category": "CC_ARMOR",
    "subcategory": "CSC_ARMOR_TORSO",
    "skill_used": "fabrication",
    "difficulty": 3,
    "time": 10000,
    "autolearn": true,
    "book_learn": [ [ "recipe_melee", 2 ] ],
    "qualities": [ { "id": "CUT", "level": 1 } ],
    "components": [
      [ [ "paper", 300 ] ],
      [ [ "duct_tape", 150 ] ]
    ]
  },
  {
    "result": "bra",
    "type": "recipe",
    "category": "CC_ARMOR",
    "subcategory": "CSC_ARMOR_TORSO",
    "skill_used": "tailor",
    "difficulty": 2,
    "time": 35000,
    "autolearn": true,
    "using": [ [ "sewing_standard", 15 ] ],
    "components": [
      [ [ "rag", 2 ] ],
      [ [ "wire", 1 ] ]
    ]
  },
  {
    "result": "chestwrap",
    "type": "recipe",
    "category": "CC_ARMOR",
    "subcategory": "CSC_ARMOR_TORSO",
    "skill_used": "tailor",
    "time": 1000,
    "reversible": true,
    "autolearn": true,
    "components": [ [ [ "rag", 9 ] ] ],
    "flags": [ "BLIND_HARD" ]
  },
  {
    "result": "chestwrap_fur",
    "type": "recipe",
    "category": "CC_ARMOR",
    "subcategory": "CSC_ARMOR_TORSO",
    "skill_used": "tailor",
    "time": 1500,
    "reversible": true,
    "autolearn": true,
    "components": [ [ [ "fur", 12 ] ] ],
    "flags": [ "BLIND_HARD" ]
  },
  {
    "result": "chestwrap_leather",
    "type": "recipe",
    "category": "CC_ARMOR",
    "subcategory": "CSC_ARMOR_TORSO",
    "skill_used": "tailor",
    "time": 1500,
    "reversible": true,
    "autolearn": true,
    "components": [ [ [ "leather", 12 ] ] ],
    "flags": [ "BLIND_HARD" ]
  },
  {
    "result": "chestwrap_wool",
    "type": "recipe",
    "category": "CC_ARMOR",
    "subcategory": "CSC_ARMOR_TORSO",
    "skill_used": "tailor",
    "time": 1000,
    "reversible": true,
    "autolearn": true,
    "components": [ [ [ "felt_patch", 9 ] ] ],
    "flags": [ "BLIND_HARD" ]
  },
  {
    "result": "coat_fur",
    "type": "recipe",
    "category": "CC_ARMOR",
    "subcategory": "CSC_ARMOR_TORSO",
    "skill_used": "tailor",
    "difficulty": 4,
    "skills_required": [ "survival", 1 ],
    "time": 100000,
    "autolearn": true,
    "book_learn": [ [ "textbook_survival", 1 ], [ "trappers_companion", 3 ], [ "survival_book", 2 ] ],
    "using": [ [ "sewing_standard", 20 ] ],
    "components": [
      [ [ "rag", 11 ] ],
      [ [ "fur", 12 ], [ "tanned_pelt", 2 ] ]
    ]
  },
  {
    "result": "coat_rain",
    "type": "recipe",
    "category": "CC_ARMOR",
    "subcategory": "CSC_ARMOR_TORSO",
    "skill_used": "tailor",
    "difficulty": 1,
    "time": 30000,
    "autolearn": true,
    "tools": [],
    "components": [
      [ [ "duct_tape", 50 ] ],
      [ [ "bag_plastic", 10 ] ],
      [ [ "rag", 10 ] ]
    ]
  },
  {
    "result": "cuirass_lightplate",
    "type": "recipe",
    "category": "CC_ARMOR",
    "subcategory": "CSC_ARMOR_TORSO",
    "skill_used": "fabrication",
    "difficulty": 8,
    "time": 190000,
    "book_learn": [ [ "textbook_armwest", 7 ] ],
    "qualities": [
      { "id": "ANVIL", "level": 3 },
      { "id": "HAMMER", "level": 3 },
      { "id": "CHISEL", "level": 3 }
    ],
    "tools": [
      [ [ "tongs", -1 ] ],
      [ [ "swage", -1 ] ],
      [ [ "forge", 150 ], [ "oxy_torch", 30 ] ]
    ],
    "components": [
      [ [ "steel_lump", 8 ], [ "steel_chunk", 32 ] ],
      [ [ "fur", 6 ], [ "tanned_pelt", 1 ], [ "leather", 6 ], [ "tanned_hide", 1 ] ]
    ]
  },
  {
    "result": "duster",
    "type": "recipe",
    "category": "CC_ARMOR",
    "subcategory": "CSC_ARMOR_TORSO",
    "skill_used": "tailor",
    "difficulty": 3,
    "time": 42000,
    "autolearn": true,
    "using": [ [ "sewing_standard", 32 ] ],
    "components": [ [ [ "rag", 24 ] ] ]
  },
  {
    "result": "duster_fur",
    "type": "recipe",
    "category": "CC_ARMOR",
    "subcategory": "CSC_ARMOR_TORSO",
    "skill_used": "tailor",
    "difficulty": 3,
    "skills_required": [ "survival", 1 ],
    "time": 200000,
    "autolearn": true,
    "using": [ [ "sewing_standard", 60 ] ],
    "components": [ [ [ "fur", 40 ], [ "tanned_pelt", 7 ] ] ]
  },
  {
    "result": "duster_leather",
    "type": "recipe",
    "category": "CC_ARMOR",
    "subcategory": "CSC_ARMOR_TORSO",
    "skill_used": "tailor",
    "difficulty": 6,
    "time": 200000,
    "autolearn": true,
    "book_learn": [ [ "textbook_tailor", 4 ], [ "tailor_portfolio", 4 ] ],
    "using": [ [ "sewing_standard", 60 ] ],
    "components": [ [ [ "leather", 29 ], [ "tanned_hide", 5 ] ] ]
  },
  {
    "result": "duster_survivor",
    "type": "recipe",
    "category": "CC_ARMOR",
    "subcategory": "CSC_ARMOR_TORSO",
    "skill_used": "tailor",
    "difficulty": 6,
    "skills_required": [ "fabrication", 5 ],
    "time": 70000,
    "autolearn": true,
    "using": [ [ "sewing_standard", 135 ] ],
    "components": [
      [ [ "coat_rain", 1 ] ],
      [ [ "duster", 1 ], [ "duster_leather", 1 ], [ "jacket_army", 1 ] ],
      [ [ "kevlar", 1 ], [ "modularvest", 1 ], [ "kevlar_plate", 16 ] ],
      [ [ "rag", 19 ] ],
      [ [ "chestrig", 1 ], [ "legrig", 1 ], [ "vest", 1 ], [ "tool_belt", 1 ], [ "ragpouch", 4 ], [ "leather_pouch", 2 ], [ "dump_pouch", 1 ], [ "purse", 2 ], [ "fanny", 2 ] ],
      [ [ "duct_tape", 135 ] ]
    ]
  },
  {
    "result": "flotation_vest_ms",
    "type": "recipe",
    "category": "CC_ARMOR",
    "subcategory": "CSC_ARMOR_TORSO",
    "skill_used": "tailor",
    "difficulty": 4,
    "time": 150000,
    "autolearn": true,
    "using": [ [ "sewing_standard", 360 ] ],
    "components": [
      [ [ "leather", 56 ], [ "tanned_hide", 9 ], [ "fur", 56 ], [ "tanned_pelt", 9 ] ],
      [ [ "rope_6", 2 ] ]
    ]
  },
  {
    "result": "greatcoat",
    "type": "recipe",
    "category": "CC_ARMOR",
    "subcategory": "CSC_ARMOR_TORSO",
    "skill_used": "tailor",
    "difficulty": 5,
    "time": 480000,
    "autolearn": true,
    "using": [ [ "sewing_standard", 160 ] ],
    "components": [ [ [ "felt_patch", 33 ] ] ]
  },
  {
    "result": "hoodie",
    "type": "recipe",
    "category": "CC_ARMOR",
    "subcategory": "CSC_ARMOR_TORSO",
    "skill_used": "tailor",
    "difficulty": 3,
    "time": 40000,
    "autolearn": true,
    "using": [ [ "sewing_standard", 14 ] ],
    "components": [ [ [ "rag", 12 ] ] ]
  },
  {
    "result": "house_coat",
    "type": "recipe",
    "category": "CC_ARMOR",
    "subcategory": "CSC_ARMOR_TORSO",
    "skill_used": "tailor",
    "difficulty": 1,
    "time": 20000,
    "reversible": true,
    "autolearn": true,
    "using": [ [ "sewing_standard", 15 ] ],
    "components": [ [ [ "rag", 15 ] ] ]
  },
  {
    "result": "jacket_leather",
    "type": "recipe",
    "category": "CC_ARMOR",
    "subcategory": "CSC_ARMOR_TORSO",
    "skill_used": "tailor",
    "difficulty": 5,
    "time": 150000,
    "autolearn": true,
    "book_learn": [ [ "textbook_tailor", 4 ], [ "manual_tailor", 3 ] ],
    "using": [ [ "sewing_standard", 30 ] ],
    "components": [ [ [ "leather", 18 ], [ "tanned_hide", 3 ] ] ]
  },
  {
    "result": "jacket_leather_mod",
    "type": "recipe",
    "category": "CC_ARMOR",
    "subcategory": "CSC_ARMOR_TORSO",
    "skill_used": "tailor",
    "difficulty": 3,
    "skills_required": [ "fabrication", 3 ],
    "time": 96000,
    "autolearn": true,
    "using": [ [ "sewing_standard", 30 ] ],
    "qualities": [
      { "id": "HAMMER", "level": 2 }
    ],
    "components": [
      [ [ "jacket_leather", 1 ], [ "jacket_leather_red", 1 ] ],
      [ [ "scrap", 9 ] ]
    ]
  },
  {
    "result": "long_undertop",
    "type": "recipe",
    "category": "CC_ARMOR",
    "subcategory": "CSC_ARMOR_TORSO",
    "skill_used": "tailor",
    "difficulty": 2,
    "time": 35000,
    "autolearn": true,
    "using": [ [ "sewing_standard", 15 ] ],
    "components": [ [ [ "rag", 10 ] ] ]
  },
  {
    "result": "longshirt",
    "type": "recipe",
    "category": "CC_ARMOR",
    "subcategory": "CSC_ARMOR_TORSO",
    "skill_used": "tailor",
    "difficulty": 2,
    "time": 42000,
    "autolearn": true,
    "using": [ [ "sewing_standard", 8 ] ],
    "components": [ [ [ "rag", 7 ] ] ]
  },
  {
    "result": "lsurvivor_armor",
    "type": "recipe",
    "category": "CC_ARMOR",
    "subcategory": "CSC_ARMOR_TORSO",
    "skill_used": "tailor",
    "difficulty": 5,
    "skills_required": [ "fabrication", 6 ],
    "time": 120000,
    "autolearn": true,
    "using": [ [ "sewing_standard", 60 ] ],
    "tools": [ [ [ "welder", 18 ], [ "welder_crude", 27 ], [ "soldering_iron", 27 ], [ "toolset", 27 ] ] ],
    "components": [
      [ [ "rag", 15 ] ],
      [ [ "coat_rain", 1 ] ],
      [ [ "chestrig", 1 ], [ "legrig", 1 ], [ "vest", 1 ], [ "tool_belt", 1 ], [ "ragpouch", 2 ], [ "leather_pouch", 2 ], [ "dump_pouch", 1 ], [ "purse", 1 ], [ "fanny", 1 ] ],
      [ [ "duct_tape", 150 ] ],
      [ [ "kevlar", 1 ], [ "modularvest", 1 ], [ "swat_armor", 1 ], [ "kevlar_plate", 16 ] ]
    ]
  },
  {
    "result": "modularvest",
    "type": "recipe",
    "category": "CC_ARMOR",
    "subcategory": "CSC_ARMOR_TORSO",
    "skill_used": "tailor",
    "difficulty": 4,
    "time": 30000,
    "reversible": true,
    "decomp_learn": 4,
    "autolearn": true,
    "using": [ [ "sewing_standard", 30 ] ],
    "components": [ [ [ "kevlar_plate", 24 ] ] ]
  },
  {
    "result": "modularvestceramic",
    "type": "recipe",
    "category": "CC_ARMOR",
    "subcategory": "CSC_ARMOR_TORSO",
    "skill_used": "tailor",
    "time": 5000,
    "reversible": true,
    "decomp_learn": 0,
    "autolearn": true,
    "components": [
      [ [ "modularvest", 1 ] ],
      [ [ "ceramic_armor", 4 ] ]
    ],
    "flags": [ "BLIND_EASY" ]
  },
  {
    "result": "modularvesthard",
    "type": "recipe",
    "category": "CC_ARMOR",
    "subcategory": "CSC_ARMOR_TORSO",
    "skill_used": "tailor",
    "time": 5000,
    "reversible": true,
    "decomp_learn": 0,
    "autolearn": true,
    "components": [
      [ [ "modularvest", 1 ] ],
      [ [ "hard_plate", 2 ] ]
    ],
    "flags": [ "BLIND_EASY" ]
  },
  {
    "result": "modularvestkevlar",
    "type": "recipe",
    "category": "CC_ARMOR",
    "subcategory": "CSC_ARMOR_TORSO",
    "skill_used": "tailor",
    "time": 5000,
    "reversible": true,
    "decomp_learn": 0,
    "autolearn": true,
    "components": [
      [ [ "modularvest", 1 ] ],
      [ [ "kevlar_plate", 8 ] ]
    ],
    "flags": [ "BLIND_EASY" ]
  },
  {
    "result": "modularveststeel",
    "type": "recipe",
    "category": "CC_ARMOR",
    "subcategory": "CSC_ARMOR_TORSO",
    "skill_used": "tailor",
    "time": 5000,
    "reversible": true,
    "decomp_learn": 0,
    "autolearn": true,
    "components": [
      [ [ "modularvest", 1 ] ],
      [ [ "steel_plate", 2 ] ]
    ],
    "flags": [ "BLIND_EASY" ]
  },
  {
    "result": "modularvestsuper",
    "type": "recipe",
    "category": "CC_ARMOR",
    "subcategory": "CSC_ARMOR_TORSO",
    "skill_used": "tailor",
    "time": 5000,
    "reversible": true,
    "decomp_learn": 0,
    "autolearn": true,
    "components": [
      [ [ "modularvest", 1 ] ],
      [ [ "alloy_plate", 2 ], [ "alloy_sheet", 8 ] ]
    ],
    "flags": [ "BLIND_EASY" ]
  },
  {
    "result": "peacoat",
    "type": "recipe",
    "category": "CC_ARMOR",
    "subcategory": "CSC_ARMOR_TORSO",
    "skill_used": "tailor",
    "difficulty": 5,
    "time": 480000,
    "autolearn": true,
    "using": [ [ "sewing_standard", 120 ] ],
    "components": [ [ [ "felt_patch", 30 ] ] ]
  },
  {
    "result": "poncho",
    "type": "recipe",
    "category": "CC_ARMOR",
    "subcategory": "CSC_ARMOR_TORSO",
    "skill_used": "tailor",
    "difficulty": 4,
    "time": 180000,
    "autolearn": true,
    "using": [ [ "sewing_standard", 80 ] ],
    "components": [ [ [ "felt_patch", 30 ] ] ]
  },
  {
    "result": "poncho",
    "type": "recipe",
    "id_suffix": "knitted",
    "category": "CC_ARMOR",
    "subcategory": "CSC_ARMOR_TORSO",
    "skill_used": "tailor",
    "difficulty": 4,
    "time": 180000,
    "autolearn": true,
    "qualities": [ { "id": "KNIT", "level": 1 } ],
    "components": [ [ [ "yarn", 300 ] ] ]
  },
  {
    "result": "sleeveless_duster",
    "type": "recipe",
    "category": "CC_ARMOR",
    "subcategory": "CSC_ARMOR_TORSO",
    "//": "The general guideline for sleeveless dusters is the components, volume, weight, time to craft, and value are 15% lower (rounded down) than the original.  Making it from an original takes 50% the time.",
    "skill_used": "tailor",
    "difficulty": 3,
    "time": 35700,
    "autolearn": true,
    "using": [ [ "sewing_standard", 27 ] ],
    "components": [ [ [ "rag", 19 ] ] ]
  },
  {
    "result": "sleeveless_duster",
    "type": "recipe",
    "id_suffix": "from_duster",
    "category": "CC_ARMOR",
    "subcategory": "CSC_ARMOR_TORSO",
    "//": "The general guideline for sleeveless dusters is the components, volume, weight, time to craft, and value are 15% lower (rounded down) than the original.  Making it from an original takes 50% the time.",
    "skill_used": "tailor",
    "difficulty": 2,
    "time": 21000,
    "autolearn": true,
    "byproducts": [ [ "rag", 5 ] ],
    "qualities": [ { "id": "CUT", "level": 1 } ],
    "components": [ [ [ "duster", 1 ] ] ]
  },
  {
    "result": "sleeveless_duster_fur",
    "type": "recipe",
    "category": "CC_ARMOR",
    "subcategory": "CSC_ARMOR_TORSO",
    "//": "The general guideline for sleeveless dusters is the components, volume, weight, time to craft, and value are 15% lower (rounded down) than the original.  Making it from an original takes 50% the time.",
    "skill_used": "tailor",
    "difficulty": 3,
    "skills_required": [ "survival", 1 ],
    "time": 200000,
    "autolearn": true,
    "using": [ [ "sewing_standard", 50 ] ],
    "components": [ [ [ "fur", 34 ], [ "tanned_pelt", 6 ] ] ]
  },
  {
    "result": "sleeveless_duster_fur",
    "type": "recipe",
    "id_suffix": "from_duster_fur",
    "category": "CC_ARMOR",
    "subcategory": "CSC_ARMOR_TORSO",
    "//": "The general guideline for sleeveless dusters is the components, volume, weight, time to craft, and value are 15% lower (rounded down) than the original.  Making it from an original takes 50% the time.",
    "skill_used": "tailor",
    "difficulty": 2,
    "time": 100000,
    "autolearn": true,
    "byproducts": [ [ "fur", 6 ] ],
    "qualities": [ { "id": "CUT", "level": 1 } ],
    "components": [ [ [ "duster_fur", 1 ] ] ]
  },
  {
    "result": "sleeveless_duster_leather",
    "type": "recipe",
    "category": "CC_ARMOR",
    "subcategory": "CSC_ARMOR_TORSO",
    "//": "The general guideline for sleeveless dusters is the components, volume, weight, time to craft, and value are 15% lower (rounded down) than the original.  Making it from an original takes 50% the time.",
    "skill_used": "tailor",
    "difficulty": 6,
    "time": 200000,
    "autolearn": true,
    "book_learn": [ [ "textbook_tailor", 4 ], [ "tailor_portfolio", 4 ] ],
    "using": [ [ "sewing_standard", 50 ] ],
    "components": [ [ [ "leather", 25 ], [ "tanned_hide", 4 ] ] ]
  },
  {
    "result": "sleeveless_duster_leather",
    "type": "recipe",
    "id_suffix": "from_duster_leather",
    "category": "CC_ARMOR",
    "subcategory": "CSC_ARMOR_TORSO",
    "//": "The general guideline for sleeveless dusters is the components, volume, weight, time to craft, and value are 15% lower (rounded down) than the original.  Making it from an original takes 50% the time.",
    "skill_used": "tailor",
    "difficulty": 5,
    "time": 100000,
    "autolearn": true,
    "byproducts": [ [ "leather", 4 ] ],
    "qualities": [ { "id": "CUT", "level": 1 } ],
    "components": [ [ [ "duster_leather", 1 ] ] ]
  },
  {
    "result": "sleeveless_duster_survivor",
    "type": "recipe",
    "id_suffix": "from_duster_survivor",
    "category": "CC_ARMOR",
    "subcategory": "CSC_ARMOR_TORSO",
    "//": "The general guideline for sleeveless dusters is the components, volume, weight, time to craft, and value are 15% lower (rounded down) than the original.  Making it from an original takes 50% the time.",
    "skill_used": "tailor",
    "difficulty": 5,
    "time": 35000,
    "autolearn": true,
    "byproducts": [ [ "rag", 4 ] ],
    "qualities": [ { "id": "CUT", "level": 1 } ],
    "components": [ [ [ "duster_survivor", 1 ] ] ]
  },
  {
    "result": "sleeveless_duster_survivor",
    "type": "recipe",
    "category": "CC_ARMOR",
    "subcategory": "CSC_ARMOR_TORSO",
    "//": "The general guideline for sleeveless dusters is the components, volume, weight, time to craft, and value are 15% lower (rounded down) than the original.  Making it from an original takes 50% the time.  The sleeveless survivor duster is the exception with the premade wearable items.",
    "skill_used": "tailor",
    "difficulty": 6,
    "skills_required": [ "fabrication", 5 ],
    "time": 59500,
    "autolearn": true,
    "using": [ [ "sewing_standard", 115 ] ],
    "components": [
      [ [ "coat_rain", 1 ] ],
      [ [ "duster", 1 ], [ "duster_leather", 1 ], [ "jacket_army", 1 ], [ "sleeveless_duster", 1 ] ],
      [ [ "kevlar", 1 ], [ "modularvest", 1 ], [ "kevlar_plate", 13 ] ],
      [ [ "rag", 14 ] ],
      [ [ "chestrig", 1 ], [ "legrig", 1 ], [ "vest", 1 ], [ "tool_belt", 1 ], [ "ragpouch", 4 ], [ "leather_pouch", 2 ], [ "dump_pouch", 1 ], [ "purse", 2 ], [ "fanny", 2 ] ],
      [ [ "duct_tape", 115 ] ]
    ]
  },
  {
    "result": "sleeveless_trenchcoat",
    "type": "recipe",
    "id_suffix": "from_trenchcoat",
    "category": "CC_ARMOR",
    "subcategory": "CSC_ARMOR_TORSO",
    "//": "The general guideline for sleeveless trenchcoats is the components, volume, weight, time to craft, and value are 15% lower (rounded down) than the original.  Making it from an original takes 50% the time.",
    "skill_used": "tailor",
    "difficulty": 2,
    "time": 21000,
    "autolearn": true,
    "byproducts": [ [ "rag", 2 ] ],
    "qualities": [ { "id": "CUT", "level": 1 } ],
    "components": [ [ [ "trenchcoat", 1 ] ] ]
  },
  {
    "result": "sleeveless_trenchcoat",
    "type": "recipe",
    "category": "CC_ARMOR",
    "subcategory": "CSC_ARMOR_TORSO",
    "//": "The general guideline for sleeveless trenchcoats is the components, volume, weight, time to craft, and value are 15% lower (rounded down) than the original.  Making it from an original takes 50% the time.",
    "skill_used": "tailor",
    "difficulty": 3,
    "time": 35700,
    "autolearn": true,
    "using": [ [ "sewing_standard", 20 ] ],
    "components": [ [ [ "rag", 16 ] ] ]
  },
  {
    "result": "sleeveless_trenchcoat_fur",
    "type": "recipe",
    "id_suffix": "from_trenchcoat_fur",
    "category": "CC_ARMOR",
    "subcategory": "CSC_ARMOR_TORSO",
    "//": "The general guideline for sleeveless trenchcoats is the components, volume, weight, time to craft, and value are 15% lower (rounded down) than the original.  Making it from an original takes 50% the time.",
    "skill_used": "tailor",
    "difficulty": 2,
    "time": 100000,
    "autolearn": true,
    "byproducts": [ [ "fur", 2 ] ],
    "qualities": [ { "id": "CUT", "level": 1 } ],
    "components": [ [ [ "trenchcoat_fur", 1 ] ] ]
  },
  {
    "result": "sleeveless_trenchcoat_fur",
    "type": "recipe",
    "category": "CC_ARMOR",
    "subcategory": "CSC_ARMOR_TORSO",
    "//": "The general guideline for sleeveless trenchcoats is the components, volume, weight, time to craft, and value are 15% lower (rounded down) than the original.  Making it from an original takes 50% the time.",
    "skill_used": "tailor",
    "difficulty": 3,
    "skills_required": [ "survival", 1 ],
    "time": 200000,
    "autolearn": true,
    "using": [ [ "sewing_standard", 38 ] ],
    "components": [ [ [ "fur", 28 ], [ "tanned_pelt", 5 ] ] ]
  },
  {
    "result": "sleeveless_trenchcoat_leather",
    "type": "recipe",
    "id_suffix": "from_trenchcoat_leather",
    "category": "CC_ARMOR",
    "subcategory": "CSC_ARMOR_TORSO",
    "//": "The general guideline for sleeveless trenchcoats is the components, volume, weight, time to craft, and value are 15% lower (rounded down) than the original.  Making it from an original takes 50% the time.",
    "skill_used": "tailor",
    "difficulty": 5,
    "time": 100000,
    "autolearn": true,
    "byproducts": [ [ "leather", 4 ] ],
    "qualities": [ { "id": "CUT", "level": 1 } ],
    "components": [ [ [ "trenchcoat_leather", 1 ] ] ]
  },
  {
    "result": "sleeveless_trenchcoat_leather",
    "type": "recipe",
    "category": "CC_ARMOR",
    "subcategory": "CSC_ARMOR_TORSO",
    "//": "The general guideline for sleeveless trenchcoats is the components, volume, weight, time to craft, and value are 15% lower (rounded down) than the original.  Making it from an original takes 50% the time.",
    "skill_used": "tailor",
    "difficulty": 6,
    "time": 200000,
    "autolearn": true,
    "book_learn": [ [ "textbook_tailor", 4 ], [ "tailor_portfolio", 4 ] ],
    "using": [ [ "sewing_standard", 38 ] ],
    "components": [ [ [ "leather", 18 ], [ "tanned_hide", 3 ] ] ]
  },
  {
    "result": "sleeveless_trenchcoat_survivor",
    "type": "recipe",
    "category": "CC_ARMOR",
    "subcategory": "CSC_ARMOR_TORSO",
    "//": "The general guideline for sleeveless trenchcoats is the components, volume, weight, time to craft, and value are 15% lower (rounded down) than the original.  Making it from an original takes 50% the time.  The sleeveless survivor trenchcoat is the exception with the premade wearable items.",
    "skill_used": "tailor",
    "difficulty": 6,
    "skills_required": [ "fabrication", 5 ],
    "time": 59500,
    "autolearn": true,
    "using": [ [ "sewing_standard", 85 ] ],
    "components": [
      [ [ "coat_rain", 1 ] ],
      [ [ "trenchcoat", 1 ], [ "jacket_army", 1 ], [ "sleeveless_trenchcoat", 1 ] ],
      [ [ "kevlar", 1 ], [ "modularvest", 1 ], [ "kevlar_plate", 10 ] ],
      [ [ "rag", 11 ] ],
      [ [ "chestrig", 1 ], [ "legrig", 1 ], [ "vest", 1 ], [ "tool_belt", 1 ], [ "ragpouch", 4 ], [ "leather_pouch", 2 ], [ "dump_pouch", 1 ], [ "purse", 2 ], [ "fanny", 2 ] ],
      [ [ "duct_tape", 85 ] ]
    ]
  },
  {
    "result": "sleeveless_trenchcoat_survivor",
    "type": "recipe",
    "id_suffix": "from_trenchcoat_survivor",
    "category": "CC_ARMOR",
    "subcategory": "CSC_ARMOR_TORSO",
    "//": "The general guideline for sleeveless trenchcoats is the components, volume, weight, time to craft, and value are 15% lower (rounded down) than the original.  Making it from an original takes 50% the time.",
    "skill_used": "tailor",
    "difficulty": 5,
    "time": 35000,
    "autolearn": true,
    "byproducts": [ [ "rag", 4 ] ],
    "qualities": [ { "id": "CUT", "level": 1 } ],
    "components": [ [ [ "trenchcoat_survivor", 1 ] ] ]
  },
  {
    "result": "sleeveless_tunic",
    "type": "recipe",
    "id_suffix": "cutting",
    "category": "CC_ARMOR",
    "subcategory": "CSC_ARMOR_TORSO",
    "skill_used": "tailor",
    "difficulty": 2,
    "time": 21000,
    "autolearn": true,
    "byproducts": [ [ "rag", 2 ] ],
    "qualities": [ { "id": "CUT", "level": 1 } ],
    "components": [ [ [ "tunic", 1 ] ] ]
  },
  {
    "result": "sleeveless_tunic",
    "type": "recipe",
    "category": "CC_ARMOR",
    "subcategory": "CSC_ARMOR_TORSO",
    "skill_used": "tailor",
    "difficulty": 3,
    "time": 40000,
    "autolearn": true,
    "using": [ [ "sewing_standard", 8 ] ],
    "components": [ [ [ "rag", 8 ] ] ]
  },
  {
    "result": "sundress",
    "type": "recipe",
    "category": "CC_ARMOR",
    "subcategory": "CSC_ARMOR_TORSO",
    "skill_used": "tailor",
    "difficulty": 3,
    "time": 90000,
    "autolearn": true,
    "book_learn": [ [ "mag_tailor", 1 ], [ "manual_tailor", 1 ], [ "mag_beauty", 1 ] ],
    "using": [ [ "sewing_standard", 12 ] ],
    "components": [ [ [ "rag", 6 ] ] ]
  },
  {
    "result": "sweater",
    "type": "recipe",
    "category": "CC_ARMOR",
    "subcategory": "CSC_ARMOR_TORSO",
    "skill_used": "tailor",
    "difficulty": 3,
    "time": 360000,
    "autolearn": true,
    "qualities": [ { "id": "KNIT", "level": 1 } ],
    "components": [ [ [ "yarn", 600 ] ] ]
  },
  {
    "result": "tank_top",
    "type": "recipe",
    "category": "CC_ARMOR",
    "subcategory": "CSC_ARMOR_TORSO",
    "skill_used": "tailor",
    "difficulty": 2,
    "time": 38000,
    "autolearn": true,
    "using": [ [ "sewing_standard", 4 ] ],
    "components": [ [ [ "rag", 4 ] ] ]
  },
  {
    "result": "trenchcoat",
    "type": "recipe",
    "category": "CC_ARMOR",
    "subcategory": "CSC_ARMOR_TORSO",
    "skill_used": "tailor",
    "difficulty": 3,
    "time": 42000,
    "autolearn": true,
    "using": [ [ "sewing_standard", 23 ] ],
    "components": [ [ [ "rag", 18 ] ] ]
  },
  {
    "result": "trenchcoat_fur",
    "type": "recipe",
    "category": "CC_ARMOR",
    "subcategory": "CSC_ARMOR_TORSO",
    "skill_used": "tailor",
    "difficulty": 3,
    "skills_required": [ "survival", 1 ],
    "time": 200000,
    "autolearn": true,
    "using": [ [ "sewing_standard", 45 ] ],
    "components": [ [ [ "fur", 30 ], [ "tanned_pelt", 5 ] ] ]
  },
  {
    "result": "trenchcoat_leather",
    "type": "recipe",
    "category": "CC_ARMOR",
    "subcategory": "CSC_ARMOR_TORSO",
    "skill_used": "tailor",
    "difficulty": 6,
    "time": 200000,
    "autolearn": true,
    "book_learn": [ [ "textbook_tailor", 4 ], [ "tailor_portfolio", 4 ] ],
    "using": [ [ "sewing_standard", 45 ] ],
    "components": [ [ [ "leather", 22 ], [ "tanned_hide", 4 ] ] ]
  },
  {
    "result": "trenchcoat_survivor",
    "type": "recipe",
    "category": "CC_ARMOR",
    "subcategory": "CSC_ARMOR_TORSO",
    "skill_used": "tailor",
    "difficulty": 6,
    "skills_required": [ "fabrication", 5 ],
    "time": 70000,
    "autolearn": true,
    "using": [ [ "sewing_standard", 100 ] ],
    "components": [
      [ [ "coat_rain", 1 ] ],
      [ [ "trenchcoat", 1 ], [ "jacket_army", 1 ] ],
      [ [ "kevlar", 1 ], [ "modularvest", 1 ], [ "kevlar_plate", 12 ] ],
      [ [ "rag", 14 ] ],
      [ [ "chestrig", 1 ], [ "legrig", 1 ], [ "vest", 1 ], [ "tool_belt", 1 ], [ "ragpouch", 4 ], [ "leather_pouch", 2 ], [ "dump_pouch", 1 ], [ "purse", 2 ], [ "fanny", 2 ] ],
      [ [ "duct_tape", 100 ] ]
    ]
  },
  {
    "result": "tshirt",
    "type": "recipe",
    "category": "CC_ARMOR",
    "subcategory": "CSC_ARMOR_TORSO",
    "skill_used": "tailor",
    "difficulty": 2,
    "time": 38000,
    "reversible": true,
    "autolearn": true,
    "using": [ [ "sewing_standard", 4 ] ],
    "components": [ [ [ "rag", 5 ] ] ]
  },
  {
    "result": "tunic",
    "type": "recipe",
    "category": "CC_ARMOR",
    "subcategory": "CSC_ARMOR_TORSO",
    "skill_used": "tailor",
    "difficulty": 3,
    "time": 45000,
    "autolearn": true,
    "using": [ [ "sewing_standard", 10 ] ],
    "components": [ [ [ "rag", 10 ] ] ]
  },
  {
    "result": "undershirt",
    "type": "recipe",
    "category": "CC_ARMOR",
    "subcategory": "CSC_ARMOR_TORSO",
    "skill_used": "tailor",
    "difficulty": 2,
    "time": 35000,
    "autolearn": true,
    "using": [ [ "sewing_standard", 15 ] ],
    "components": [ [ [ "rag", 4 ] ] ]
  },
  {
    "result": "vest_leather",
    "type": "recipe",
    "id_suffix": "from_patches",
    "category": "CC_ARMOR",
    "subcategory": "CSC_ARMOR_TORSO",
    "skill_used": "tailor",
    "difficulty": 4,
    "time": 80000,
    "autolearn": true,
    "book_learn": [ [ "textbook_tailor", 3 ], [ "manual_tailor", 3 ] ],
    "using": [ [ "sewing_standard", 20 ] ],
    "components": [ [ [ "leather", 10 ], [ "tanned_hide", 2 ] ] ]
  },
  {
    "result": "vest_leather",
    "type": "recipe",
    "category": "CC_ARMOR",
    "subcategory": "CSC_ARMOR_TORSO",
    "skill_used": "tailor",
    "time": 20000,
    "autolearn": true,
    "byproducts": [ [ "leather", 5 ] ],
    "qualities": [ { "id": "CUT", "level": 1 } ],
    "components": [ [ [ "jacket_leather", 1 ] ] ]
  },
  {
    "result": "vest_leather_mod",
    "type": "recipe",
    "category": "CC_ARMOR",
    "subcategory": "CSC_ARMOR_TORSO",
    "skill_used": "tailor",
    "difficulty": 3,
    "skills_required": [ "fabrication", 3 ],
    "time": 72000,
    "autolearn": true,
    "using": [ [ "sewing_standard", 20 ] ],
    "qualities": [
      { "id": "HAMMER", "level": 2 }
    ],
    "components": [
      [ [ "vest_leather", 1 ] ],
      [ [ "scrap", 5 ] ]
    ]
  },
  {
    "result": "wool_hoodie",
    "type": "recipe",
    "category": "CC_ARMOR",
    "subcategory": "CSC_ARMOR_TORSO",
    "skill_used": "tailor",
    "difficulty": 5,
    "time": 150000,
    "autolearn": true,
    "using": [ [ "sewing_standard", 100 ] ],
    "components": [ [ [ "felt_patch", 13 ] ] ]
  },
  {
    "result": "chainmail_vest",
    "type": "recipe",
    "category": "CC_ARMOR",
    "subcategory": "CSC_ARMOR_TORSO",
    "skill_used": "fabrication",
    "difficulty": 7,
    "time": 70000,
    "book_learn": [ [ "textbook_armwest", 6 ] , [ "textbook_fabrication", 6 ] , [ "recipe_melee", 6 ] ],
    "using": [ [ "chainmail_standard", 7 ] ],
    "components": [
      [ [ "link_sheet", 7 ] ],
      [ [ "chain_link", 175 ] ],
      [ [ "wire", 1 ] ],
      [ [ "fur", 6 ], [ "tanned_pelt", 1 ], [ "leather", 6 ], [ "tanned_hide", 1 ] ]
    ]
  }
]
