[
  {
    "type": "palette",
    "id": "evac_center",
    "terrain": {
      " ": "t_floor",
      "#": "t_brick_wall",
      "%": "t_shrub",
      "+": "t_door_c",
      ",": "t_pavement_y",
      ".": [
        "t_grass",
        "t_grass",
        "t_grass",
        "t_grass",
        "t_grass",
        "t_grass",
        "t_grass",
        "t_grass",
        "t_grass",
        "t_grass",
        "t_grass",
        "t_grass",
        "t_grass",
        "t_grass",
        "t_grass",
        "t_grass",
        "t_dirt",
        "t_dirt",
        "t_dirt",
        "t_dirt",
        "t_dirt",
        "t_dirt",
        "t_dirt",
        "t_dirt",
        "t_dirt",
        "t_dirt",
        "t_dirt",
        "t_dirt",
        "t_dirt",
        "t_shrub"
      ],
      "0": "t_door_locked_interior",
      "1": "t_window_boarded",
      "2": "t_utility_light",
      "6": "t_console_broken",
      "=": "t_door_metal_locked",
      ">": "t_stairs_down",
      "E": "t_elevator",
      "U": "t_sidewalk",
      "V": "t_reinforced_glass",
      "_": "t_pavement",
      "n": "t_sidewalk",
      "s": "t_sidewalk",
      "t": "t_floor",
      "{": "t_dirt",
      "}": "t_sidewalk"
    },
    "furniture": {
      ")": "f_wreckage",
      "@": "f_bed",
      "D": "f_trashcan",
      "L": "f_locker",
      "P": "f_indoor_plant",
      "S": "f_sink",
      "U": "f_statue",
      "b": "f_bench",
      "c": "f_counter",
      "h": "f_chair",
      "k": "f_desk",
      "l": "f_vending_c",
      "n": "f_slab",
      "o": "f_bookcase",
      "r": "f_rack",
      "t": "f_toilet",
      "z": "f_crate_c",
      "}": "f_rubble",
      "~": "f_shower"
    },
    "toilets": { "t": {  } }
  }
]
