[
  {
    "id": "38_fmj",
    "copy-from": "38_special",
    "type": "AMMO",
    "name": ".38 FMJ",
    "description": ".38 Special ammunition with brass jacketed 130gr bullets.  The .38 Special round has been known from its inception for its accuracy and low recoil.",
    "relative": { "damage": -2, "pierce": 4 }
  },
  {
    "id": "38_special",
    "type": "AMMO",
    "name": ".38 Special",
    "description": ".38 Special ammunition with 130gr FMJ bullets.  The .38 Special round was extremely common among US police forces during the 20th century.",
    "weight": 8,
    "volume": 1,
    "price": 2200,
    "material": [ "brass", "powder" ],
    "symbol": "=",
    "color": "yellow",
    "count": 40,
    "stack_size": 40,
    "ammo_type": "38",
    "casing": "38_casing",
    "range": 14,
    "damage": 22,
    "dispersion": 30,
    "recoil": 250,
    "effects": [ "COOKOFF" ]
  },
  {
    "id": "38_super",
    "copy-from": "38_special",
    "type": "AMMO",
    "name": ".38 Super",
    "description": ".38 Super ammunition with 90gr JHP bullets.  Designed in 1929, the .38 super cartridge was designed to penetrate body armor and vehicles.",
    "price": 2700,
    "count": 20,
    "relative": { "damage": 5, "pierce": 4, "dispersion": -10 },
    "proportional": { "recoil": 1.5 }
  },
  {
    "id": "reloaded_38_fmj",
    "copy-from": "38_fmj",
    "type": "AMMO",
    "name": "reloaded .38 FMJ",
    "proportional": { "price": 0.7, "damage": 0.9, "dispersion": 1.1 },
    "extend": { "effects": [ "RECYCLED" ] },
    "delete": { "effects": [ "NEVER_MISFIRES" ] }
  },
  {
    "id": "reloaded_38_special",
    "copy-from": "38_special",
    "type": "AMMO",
    "name": "reloaded .38 Special",
    "proportional": { "price": 0.7, "damage": 0.9, "dispersion": 1.1 },
    "extend": { "effects": [ "RECYCLED" ] },
    "delete": { "effects": [ "NEVER_MISFIRES" ] }
  },
  {
    "id": "reloaded_38_super",
    "copy-from": "38_super",
    "type": "AMMO",
    "name": "reloaded .38 Super",
    "proportional": { "price": 0.7, "damage": 0.9, "dispersion": 1.1 },
    "extend": { "effects": [ "RECYCLED" ] },
    "delete": { "effects": [ "NEVER_MISFIRES" ] }
  }
]
