[
  {
    "id": "45_acp",
    "copy-from": "45_jhp",
    "type": "AMMO",
    "name": ".45 ACP FMJ",
    "description": ".45 ACP ammunition with 230gr FMJ bullets.  Noted for its stopping power, the .45 ACP round has been common for almost 150 years.",
    "relative": { "damage": -3, "pierce": 6 }
  },
  {
    "id": "45_jhp",
    "type": "AMMO",
    "name": ".45 ACP JHP",
    "description": ".45 ACP ammunition with 185gr JHP bullets.  The .45 ACP round was developed to replace the .38 Long Colt cartridge in the early 20th century.  It has good stopping power but above average recoil.",
    "weight": 10,
    "volume": 1,
    "price": 2000,
    "material": [ "brass", "powder" ],
    "symbol": "=",
    "color": "yellow",
    "count": 30,
    "stack_size": 30,
    "ammo_type": "45",
    "casing": "45_casing",
    "range": 16,
    "damage": 30,
    "pierce": 2,
    "dispersion": 50,
    "recoil": 600,
    "effects": [ "COOKOFF" ]
  },
  {
    "id": "45_super",
    "copy-from": "45_jhp",
    "type": "AMMO",
    "name": ".45 ACP +P",
    "description": "Overpressure .45 ACP ammunition with 200gr JHP bullets.  This +P ammunition has higher muzzle energy than typical loads leading to greater damage, accuracy and recoil.",
    "price": 2800,
    "count": 10,
    "relative": { "damage": 4, "pierce": 4, "dispersion": -10, "recoil": 60 }
  },
  {
    "id": "reloaded_45_acp",
    "copy-from": "45_acp",
    "type": "AMMO",
    "name": "reloaded .45 FMJ",
    "proportional": { "price": 0.7, "damage": 0.9, "dispersion": 1.1 },
    "extend": { "effects": [ "RECYCLED" ] },
    "delete": { "effects": [ "NEVER_MISFIRES" ] }
  },
  {
    "id": "reloaded_45_jhp",
    "copy-from": "45_jhp",
    "type": "AMMO",
    "name": "reloaded .45 ACP JHP",
    "proportional": { "price": 0.7, "damage": 0.9, "dispersion": 1.1 },
    "extend": { "effects": [ "RECYCLED" ] },
    "delete": { "effects": [ "NEVER_MISFIRES" ] }
  },
  {
    "id": "reloaded_45_super",
    "copy-from": "45_super",
    "type": "AMMO",
    "name": "reloaded .45 ACP +P",
    "proportional": { "price": 0.7, "damage": 0.9, "dispersion": 1.1 },
    "extend": { "effects": [ "RECYCLED" ] },
    "delete": { "effects": [ "NEVER_MISFIRES" ] }
  }
]
