[
  {
    "id": "ammo_satchel",
    "type": "ARMOR",
    "name": "ammo satchel",
    "description": "A fabric ammo bag worn at the waist which is capable of holding a single large magazine close at hand.",
    "weight": 180,
    "volume": 2,
    "price": 5000,
    "material": "cotton",
    "symbol": "[",
    "color": "dark_gray",
    "covers": [ "TORSO" ],
    "coverage": 20,
    "encumbrance": 4,
    "material_thickness": 2,
    "use_action": {
      "type": "holster",
      "holster_prompt": "Stash ammo",
      "holster_msg": "You stash your %s.",
      "max_volume": 6,
      "draw_cost": 40,
      "flags": [ "MAG_COMPACT", "MAG_BULKY" ]
    },
    "flags": [ "WATER_FRIENDLY", "WAIST" ]
  },
  {
    "id": "chestpouch",
    "type": "ARMOR",
    "name": "chest ammo pouch",
    "name_plural": "chest ammo pouches",
    "description": "A fabric ammo pouch that can be strapped to your chest which is capable of holding a single magazine close at hand.",
    "weight": 140,
    "volume": 1,
    "price": 2500,
    "rigid": false,
    "material": "cotton",
    "symbol": "[",
    "color": "dark_gray",
    "covers": [ "TORSO" ],
    "coverage": 15,
    "material_thickness": 2,
    "use_action": {
      "type": "holster",
      "holster_prompt": "Stash ammo",
      "holster_msg": "You stash your %s.",
      "max_volume": 3,
      "draw_cost": 40,
      "flags": [ "MAG_COMPACT" ]
    },
    "flags": [ "WATER_FRIENDLY", "BELTED" ]
  },
  {
    "id": "magbandolier",
    "type": "ARMOR",
    "name": "magazine bandolier",
    "name_plural": "magazine bandoliers",
    "description": "A bandolier of pouches capable of carrying four magazines close at hand.",
    "weight": 600,
    "volume": 5,
    "price": 10000,
    "rigid": false,
    "material": "cotton",
    "symbol": "[",
    "color": "dark_gray",
    "covers": [ "TORSO" ],
    "coverage": 15,
    "material_thickness": 2,
    "use_action": {
      "type": "holster",
      "holster_prompt": "Stash ammo",
      "holster_msg": "You stash your %s.",
      "multi": 4,
      "max_volume": 3,
      "draw_cost": 40,
      "flags": [ "MAG_COMPACT" ]
    },
    "flags": [ "WATER_FRIENDLY", "BELTED" ]
  },
  {
    "id": "chestrig",
    "type": "ARMOR",
    "name": "chest rig",
    "description": "A light vest covered in webbing, pockets and straps.  This variety is favored by the military, as it is capable of holding four magazines close at hand.",
    "weight": 425,
    "volume": 2,
    "price": 3900,
    "rigid": false,
    "material": "cotton",
    "symbol": "[",
    "color": "dark_gray",
    "covers": [ "TORSO" ],
    "coverage": 20,
    "encumbrance": 2,
    "material_thickness": 2,
    "storage": 12,
    "use_action": {
      "type": "holster",
      "holster_prompt": "Stash ammo",
      "holster_msg": "You stash your %s.",
      "multi": 4,
      "min_volume": 1,
      "max_volume": 4,
      "draw_cost": 60,
      "flags": [ "MAG_COMPACT", "MAG_BULKY" ]
    },
    "flags": [ "WATER_FRIENDLY", "WAIST" ]
  },
  {
    "id": "legpouch",
    "type": "ARMOR",
    "name": "ankle ammo pouch",
    "name_plural": "ankle ammo pouches",
    "description": "A small fabric ammo pouch that can be strapped to your ankle which is capable of holding a single small magazine close at hand.",
    "volume": 1,
    "weight": 60,
    "price": 2000,
    "material": "cotton",
    "symbol": "[",
    "color": "dark_gray",
    "covers": [ "FOOT_EITHER" ],
    "coverage": 5,
    "encumbrance": 1,
    "material_thickness": 2,
    "use_action": {
      "type": "holster",
      "holster_prompt": "Stash ammo",
      "holster_msg": "You stash your %s.",
      "max_volume": 1,
      "draw_cost": 40,
      "flags": [ "MAG_COMPACT" ]
    },
    "flags": [ "WATER_FRIENDLY", "BELTED", "ALLOWS_NATURAL_ATTACKS" ]
  },
  {
    "type": "ARMOR",
    "id": "legpouch_large",
    "name": "leg ammo pouch",
    "name_plural": "leg ammo pouches",
    "description": "A fabric ammo pouch that can be strapped to your leg and capable of holding two magazine close at hand.",
    "weight": 120,
    "volume": 1,
    "price": 2000,
    "rigid": false,
    "material": "cotton",
    "symbol": "[",
    "color": "dark_gray",
    "covers": [ "LEG_EITHER" ],
    "coverage": 15,
    "material_thickness": 2,
    "use_action": {
      "type": "holster",
      "holster_prompt": "Stash ammo",
      "holster_msg": "You stash your %s.",
      "multi": 2,
      "max_volume": 2,
      "draw_cost": 40,
      "flags": [ "MAG_COMPACT" ]
    },
    "flags": [ "WATER_FRIENDLY", "BELTED" ]
  },
  {
    "id": "modularvest",
    "type": "ARMOR",
    "category": "armor",
    "name": "MBR vest (empty)",
    "name_plural": "MBR vests (empty)",
    "description": "A Modular Bullet Resistant Vest.  It has pouches for extra armor inserts, but without them provides little more protection over a regular vest.  It has four pouches capable of carrying magazines.",
    "weight": 2860,
    "volume": 24,
    "price": 100000,
    "to_hit": -3,
    "bashing": 6,
    "material": [ "kevlar" ],
    "symbol": "[",
    "color": "light_gray",
    "covers": [ "TORSO" ],
    "coverage": 85,
    "encumbrance": 7,
    "storage": 10,
    "warmth": 15,
    "material_thickness": 4,
    "use_action": {
      "type": "holster",
      "holster_prompt": "Stash ammo",
      "holster_msg": "You stash your %s.",
      "multi": 4,
      "min_volume": 1,
      "max_volume": 4,
      "draw_cost": 60,
      "flags": [ "MAG_COMPACT" ]
    },
    "flags": [ "STURDY", "OUTER" ]
  },
  {
    "id": "modularvestceramic",
    "type": "ARMOR",
    "category": "armor",
    "name": "MBR vest (ceramic plates)",
    "name_plural": "MBR vests (ceramic plates)",
    "description": "A Modular Bullet Resistant Vest.  Ceramic plates have been inserted to improve its protection.  The ceramic plates cannot be repaired, only replaced.  It has four pouches capable of carrying magazines.",
    "weight": 5721,
    "volume": 24,
    "price": 120000,
    "to_hit": -3,
    "bashing": 6,
    "material": [ "kevlar", "ceramic" ],
    "symbol": "[",
    "color": "light_gray",
    "covers": [ "TORSO" ],
    "coverage": 85,
    "encumbrance": 15,
    "storage": 4,
    "warmth": 15,
    "material_thickness": 5,
    "use_action": {
      "type": "holster",
      "holster_prompt": "Stash ammo",
      "holster_msg": "You stash your %s.",
      "multi": 4,
      "min_volume": 1,
      "max_volume": 4,
      "draw_cost": 60,
      "flags": [ "MAG_COMPACT" ]
    },
    "flags": [ "STURDY", "OUTER" ]
  },
  {
    "id": "modularvesthard",
    "type": "ARMOR",
    "category": "armor",
    "name": "MBR vest (hard plates)",
    "name_plural": "MBR vests (hard plates)",
    "description": "A Modular Bullet Resistant Vest.  Hardened steel plates have been inserted, greatly increasing its protection at the cost of a great deal of weight and loss of flexibility.  It has four pouches capable of carrying magazines.",
    "weight": 20850,
    "volume": 24,
    "price": 120000,
    "to_hit": -3,
    "bashing": 6,
    "material": [ "kevlar", "hardsteel" ],
    "symbol": "[",
    "color": "light_cyan",
    "covers": [ "TORSO" ],
    "coverage": 85,
    "encumbrance": 45,
    "storage": 4,
    "warmth": 15,
    "material_thickness": 4,
    "use_action": {
      "type": "holster",
      "holster_prompt": "Stash ammo",
      "holster_msg": "You stash your %s.",
      "multi": 4,
      "min_volume": 1,
      "max_volume": 4,
      "draw_cost": 60,
      "flags": [ "MAG_COMPACT" ]
    },
    "flags": [ "STURDY", "OUTER" ]
  },
  {
    "id": "modularvestkevlar",
    "type": "ARMOR",
    "category": "armor",
    "name": "MBR vest (Kevlar plates)",
    "name_plural": "MBR vests (Kevlar plates)",
    "description": "A Modular Bullet Resistant Vest.  Kevlar plates have been inserted to improve its protection.  It has four pouches capable of carrying magazines.",
    "weight": 5721,
    "volume": 24,
    "price": 120000,
    "to_hit": -3,
    "bashing": 6,
    "material": [ "kevlar" ],
    "symbol": "[",
    "color": "light_gray",
    "covers": [ "TORSO" ],
    "coverage": 85,
    "encumbrance": 8,
    "storage": 4,
    "warmth": 15,
    "material_thickness": 5,
    "use_action": {
      "type": "holster",
      "holster_prompt": "Stash ammo",
      "holster_msg": "You stash your %s.",
      "multi": 4,
      "min_volume": 1,
      "max_volume": 4,
      "draw_cost": 60,
      "flags": [ "MAG_COMPACT" ]
    },
    "flags": [ "STURDY", "OUTER" ]
  },
  {
    "id": "modularveststeel",
    "type": "ARMOR",
    "category": "armor",
    "name": "MBR vest (steel plating)",
    "name_plural": "MBR vests (steel plating)",
    "description": "A Modular Bullet Resistant Vest.  Its armor pouches have steel plates in them; this improves protection, but makes the vest much heavier and encumbering.  It has four pouches capable of carrying magazines.",
    "weight": 10250,
    "volume": 24,
    "price": 120000,
    "to_hit": -3,
    "bashing": 8,
    "material": [ "kevlar", "steel" ],
    "symbol": "[",
    "color": "light_cyan",
    "covers": [ "TORSO" ],
    "coverage": 85,
    "encumbrance": 30,
    "storage": 4,
    "warmth": 15,
    "material_thickness": 5,
    "use_action": {
      "type": "holster",
      "holster_prompt": "Stash ammo",
      "holster_msg": "You stash your %s.",
      "multi": 4,
      "min_volume": 1,
      "max_volume": 4,
      "draw_cost": 60,
      "flags": [ "MAG_COMPACT" ]
    },
    "flags": [ "STURDY", "OUTER" ]
  },
  {
    "id": "modularvestsuper",
    "type": "ARMOR",
    "category": "armor",
    "name": "MBR vest (superalloy)",
    "name_plural": "MBR vests (superalloy)",
    "description": "A Modular Bullet Resistant Vest.  Its armor pouches have superalloy plating in them, giving it extra protection with marginal flexibility loss and additional weight.  It has four pouches capable of carrying magazines.",
    "weight": 8525,
    "volume": 24,
    "price": 180000,
    "to_hit": -3,
    "bashing": 8,
    "material": [ "kevlar", "superalloy" ],
    "symbol": "[",
    "color": "light_cyan",
    "covers": [ "TORSO" ],
    "coverage": 85,
    "encumbrance": 15,
    "storage": 4,
    "warmth": 15,
    "material_thickness": 5,
    "use_action": {
      "type": "holster",
      "holster_prompt": "Stash ammo",
      "holster_msg": "You stash your %s.",
      "multi": 4,
      "min_volume": 1,
      "max_volume": 4,
      "draw_cost": 60,
      "flags": [ "MAG_COMPACT" ]
    },
    "flags": [ "STURDY", "OUTER" ]
  }
]
