[
    {
        "type" : "construction",
        "description" : "Deconstruct Furniture",
        "category" : "FURN",
        "required_skills" : [ [ "fabrication", 0 ] ],
        "time" : 20,
        "qualities": [
            [
                { "id": "HAMMER", "level": 2 }
            ],
            [
                { "id": "SCREW", "level": 1 }
            ]
        ],
        "pre_special" : "check_deconstruct",
        "post_special" : "done_deconstruct"
    },{
        "type" : "construction",
        "description" : "Deconstruct Simple Furniture",
        "category" : "FURN",
        "required_skills" : [ [ "fabrication", 0 ] ],
        "time" : 10,
        "pre_note" : "Certain terrain and furniture can be deconstructed without any tools.",
        "pre_flags" : "EASY_DECONSTRUCT",
        "pre_special" : "check_deconstruct",
        "post_special" : "done_deconstruct"
    },{
        "type" : "construction",
        "description" : "Spike Pit",
        "category" : "DIG",
        "required_skills" : [ [ "survival", 1 ] ],
        "time" : 30,
        "components" : [
            [ [ "spear_wood", 4 ], [ "pointy_stick", 4] ]
        ],
        "pre_terrain" : "t_pit",
        "post_terrain" : "t_pit_spiked"
    },{
        "type" : "construction",
        "description" : "Glass Pit",
        "category" : "DIG",
        "required_skills" : [ [ "survival", 1 ] ],
        "time" : 30,
        "components" : [
            [ ["glass_shard", 20] ]
        ],
        "pre_terrain" : "t_pit",
        "post_terrain" : "t_pit_glass"
    },{
        "type" : "construction",
        "description" : "Chop Tree Trunk Into Planks",
        "category" : "FARM_WOOD",
        "required_skills" : [ [ "survival", 2 ] ],
        "time" : 60,
        "qualities": [ [
            { "id": "AXE", "level": 2 }, { "id": "SAW_W", "level": 1 }
        ] ],
        "pre_terrain" : "t_trunk",
        "post_terrain" : "t_dirt",
        "post_special" : "done_trunk_plank"
    },{
        "type" : "construction",
        "skill" : "survival",
        "description" : "Build Improvised Shelter",
        "category" : "CONSTRUCT",
        "required_skills" : [ [ "survival", 2 ] ],
        "time" : 120,
        "qualities": [ [
            { "id": "CUT", "level": 1 },
            { "id": "HAMMER", "level": 1 }
        ] ],
        "components" : [
            [ [ "stick", 12 ], [ "2x4", 6 ] ],
            [ [ "pine_bough", 24 ], [ "willowbark", 24 ] ]
        ],
        "pre_terrain" : "t_pit_shallow",
        "post_terrain" : "t_improvised_shelter"
    },{
        "type" : "construction",
        "description" : "Build Door Curtain", "//": "Door frame not required",
        "category" : "CONSTRUCT",
        "required_skills" : [ [ "tailor", 1 ] ],
        "time" : 30,
        "qualities": [ [
            { "id": "HAMMER", "level": 2 }
        ] ],
        "components" : [
            [ [ "nail", 4 ], [ "pointy_stick", 2 ], [ "spike", 2 ] ],
            [ [ "sheet", 2 ] ],
            [ [ "stick", 1 ] ],
            [ [ "withered", 12 ], [ "straw_pile", 12 ], [ "string_36", 1 ] ]
        ],
        "pre_note" : "Can be deconstructed without tools.",
        "pre_special" : "check_empty",
        "post_terrain" : "t_door_curtain_c"
    },{
        "type" : "construction",
        "description" : "Build Makeshift Door",
        "category" : "CONSTRUCT",
        "required_skills" : [ [ "fabrication", 2 ] ],
        "time" : 30,
        "qualities": [ [
            { "id": "CUT", "level": 1 }
        ] ],
        "components" : [
            [ [ "2x4", 6 ], [ "stick", 6 ] ],
            [ [ "rope_makeshift_6", 2 ], [ "rope_6", 2 ] ]
        ],
        "pre_note" : "Can be deconstructed without tools.",
        "pre_terrain" : "t_door_frame",
        "post_terrain" : "t_door_makeshift_c"
    },{
        "type" : "construction",
        "description" : "Build Door", "//": "Step 1: door frame",
        "category" : "CONSTRUCT",
        "required_skills" : [ [ "fabrication", 1 ] ],
        "time" : 60,
        "qualities": [ [
            { "id": "HAMMER", "level": 2 }
        ] ],
        "components" : [
            [ [ "2x4", 12 ] ],
            [ [ "nail", 24 ] ]
        ],
        "pre_special" : "check_empty",
        "post_terrain" : "t_door_frame"
    },{
        "type" : "construction",
        "description" : "Build Door", "//": "Step 2: door",
        "category" : "CONSTRUCT",
        "required_skills" : [ [ "fabrication", 2 ] ],
        "time" : 30,
        "qualities": [ [
            { "id": "HAMMER", "level": 2 }
        ] ],
        "components" : [
            [ [ "2x4", 4 ] ],
            [ [ "nail", 12 ] ]
        ],
        "pre_terrain" : "t_door_frame",
        "post_terrain" : "t_door_c"
    },{
        "type" : "construction",
        "description" : "Build Door", "//": "Step 3: peephole",
        "category" : "CONSTRUCT",
        "required_skills" : [ [ "fabrication", 3 ] ],
        "time" : 15,
                "qualities": [
            [
            { "id": "DRILL", "level": 1 }
            ],
            [
            { "id": "SCREW", "level": 1 }
            ],
            [
            { "id": "WRENCH", "level": 1 }
            ]
            ],
        "components" : [
            [ [ "peephole", 1 ] ]
        ],
        "pre_terrain" : "t_door_c",
        "post_terrain" : "t_door_c_peep"
    },{
        "type" : "construction",
        "description" : "Repair Wood Door", "//": "Repair the regular door",
        "category" : "REPAIR",
        "required_skills" : [ [ "fabrication", 1 ] ],
        "time" : 20,
        "qualities": [ [
            { "id": "HAMMER", "level": 2 }
        ] ],
        "components" : [
            [ [ "2x4", 3 ] ],
            [ [ "nail", 12 ] ]
        ],
        "pre_terrain" : "t_door_b",
        "post_terrain" : "t_door_c"
    },{
        "type" : "construction",
        "description" : "Repair Wood Door", "//": "Repair the peephole door",
        "category" : "REPAIR",
        "required_skills" : [ [ "fabrication", 1 ] ],
        "time" : 20,
        "qualities": [ [
            { "id": "HAMMER", "level": 2 }
        ] ],
        "components" : [
            [ [ "2x4", 3 ] ],
            [ [ "nail", 12 ] ]
        ],
        "pre_terrain" : "t_door_b_peep",
        "post_terrain" : "t_door_c_peep"
    },{
        "type" : "construction",
        "description" : "Repair Wood Door", "//": "Repair the reinforced door",
        "category" : "REPAIR",
        "required_skills" : [ [ "fabrication", 2 ] ],
        "time" : 45,
        "qualities": [ [
            { "id": "HAMMER", "level": 2 }
        ] ],
        "components" : [
            [ [ "2x4", 6 ] ],
            [ [ "nail", 24 ] ]
        ],
        "pre_terrain" : "t_rdoor_b",
        "post_terrain" : "t_rdoor_c"
    },{
        "type" : "construction",
        "description" : "Board Up Wood Door", "//": "regular door",
        "category" : "REINFORCE",
        "required_skills" : [ [ "fabrication", 1 ] ],
        "time" : 20,
        "qualities": [ [
            { "id": "HAMMER", "level": 2 }
        ] ],
        "components" : [
            [ [ "2x4", 4 ] ],
            [ [ "nail", 8 ] ]
        ],
        "pre_flags" : "BARRICADABLE_DOOR",
        "post_terrain" : "t_door_boarded"
    },{
        "type" : "construction",
        "description" : "Board Up Wood Door", "//": "peephole door",
        "category" : "REINFORCE",
        "required_skills" : [ [ "fabrication", 1 ] ],
        "time" : 20,
        "qualities": [ [
            { "id": "HAMMER", "level": 2 }
        ] ],
        "components" : [
            [ [ "2x4", 4 ] ],
            [ [ "nail", 8 ] ]
        ],
        "pre_terrain" : "t_door_c_peep",
        "post_terrain" : "t_door_boarded_peep"
    },{
        "type" : "construction",
        "description" : "Board Up Wood Door", "//": "boarded damaged door",
        "category" : "REINFORCE",
        "required_skills" : [ [ "fabrication", 1 ] ],
        "time" : 20,
        "qualities": [ [
            { "id": "HAMMER", "level": 2 }
        ] ],
        "components" : [
            [ [ "2x4", 4 ] ],
            [ [ "nail", 8 ] ]
        ],
        "pre_flags" : "BARRICADABLE_DOOR_DAMAGED",
        "post_terrain" : "t_door_boarded_damaged"
    },{
        "type" : "construction",
        "description" : "Board Up Wood Door", "//": "boarded damaged peephole door",
        "category" : "REINFORCE",
        "required_skills" : [ [ "fabrication", 1 ] ],
        "time" : 20,
        "qualities": [ [
            { "id": "HAMMER", "level": 2 }
        ] ],
        "components" : [
            [ [ "2x4", 4 ] ],
            [ [ "nail", 8 ] ]
        ],
        "pre_terrain" : "t_door_b_peep",
        "post_terrain" : "t_door_boarded_damaged_peep"
    },{
        "type" : "construction",
        "description" : "Board Up Wood Door", "//": "the reinforced doors",
        "category" : "REINFORCE",
        "required_skills" : [ [ "fabrication", 1 ] ],
        "time" : 20,
        "qualities": [ [
            { "id": "HAMMER", "level": 2 }
        ] ],
        "components" : [
            [ [ "2x4", 4 ] ],
            [ [ "nail", 8 ] ]
        ],
        "pre_flags" : "BARRICADABLE_DOOR_REINFORCED",
        "post_terrain" : "t_rdoor_boarded"
    },{
        "type" : "construction",
        "description" : "Board Up Wood Door", "//": "damaged reinforced doors",
        "category" : "REINFORCE",
        "required_skills" : [ [ "fabrication", 1 ] ],
        "time" : 20,
        "qualities": [ [
            { "id": "HAMMER", "level": 2 }
        ] ],
        "components" : [
            [ [ "2x4", 4 ] ],
            [ [ "nail", 8 ] ]
        ],
        "pre_flags" : "BARRICADABLE_DOOR_REINFORCED_DAMAGED",
        "post_terrain" : "t_rdoor_boarded_damaged"
    },{
        "type" : "construction",
        "description" : "Reinforce Wood Door",
        "category" : "REINFORCE",
        "required_skills" : [ [ "fabrication", 3 ] ],
        "time" : 90,
        "qualities": [ [
            { "id": "HAMMER", "level": 2 }
        ] ],
        "components" : [
            [ [ "2x4", 12 ] ],
            [ [ "nail", 48 ] ]
        ],
        "pre_flags" : "BARRICADABLE_DOOR",
        "post_terrain" : "t_rdoor_c"
    },{
        "type" : "construction",
        "description" : "Build Metal Door", "//": "step 1: door frame",
        "category" : "CONSTRUCT",
        "required_skills" : [ [ "fabrication", 6 ] ],
        "time" : 90,
        "qualities": [
            [
            { "id": "HAMMER", "level": 2 }
            ],
            [
            { "id": "SAW_M", "level": 1 }
            ]
            ],
        "components" : [
            [ [ "spike", 8 ] ],
            [ [ "steel_chunk", 4 ], [ "scrap", 12 ] ]
        ],
        "pre_special" : "check_empty",
        "post_terrain" : "t_mdoor_frame"
    },{
        "type" : "construction",
        "description" : "Build Metal Door", "//": "Step 2: metal door",
        "category" : "CONSTRUCT",
        "required_skills" : [ [ "fabrication", 7 ] ],
        "time" : 120,
        "qualities": [
            [
            { "id": "HAMMER", "level": 2 }
            ],
            [
            { "id": "SAW_M", "level": 1 }
            ],
            [
            { "id": "WRENCH", "level": 1 }
            ]
            ],
        "components" : [
            [ [ "steel_lump", 4 ], [ "steel_chunk", 12 ], [ "scrap", 36 ] ],
            [ [ "steel_plate", 2 ], [ "sheet_metal", 8 ] ]
        ],
        "pre_terrain" : "t_mdoor_frame",
        "post_terrain" : "t_door_metal_c"
    },{
        "type" : "construction",
        "description" : "Build Metal Door", "//": "Step 3: peephole",
        "category" : "CONSTRUCT",
        "required_skills" : [ [ "fabrication", 3 ] ],
        "time" : 25,
        "qualities": [
            [ { "id": "DRILL", "level": 1 } ],
            [ { "id": "SCREW", "level": 1 } ],
            [ { "id": "WRENCH", "level": 1 } ] ],
        "components" : [ [ [ "peephole", 1 ] ] ],
        "pre_terrain" : "t_door_metal_c",
        "post_terrain" : "t_door_metal_c_peep"
    },{
        "type" : "construction",
        "description" : "Build Window", "//": "Step 1: window frame",
        "category" : "CONSTRUCT",
        "required_skills" : [ [ "fabrication", 2 ] ],
        "time" : 75,
        "qualities": [ [
            { "id": "HAMMER", "level": 2 }
        ] ],
        "components" : [
            [ [ "2x4", 15 ], [ "log", 2 ] ],
            [ [ "nail", 30 ] ]
        ],
        "pre_special" : "check_empty",
        "post_terrain" : "t_window_empty"
    },{
        "type" : "construction",
        "description" : "Build Window", "//": "Step 2: window, no curtains",
        "category" : "CONSTRUCT",
        "required_skills" : [ [ "fabrication", 3 ] ],
        "time" : 30,
        "components" : [
            [ [ "glass_sheet", 1 ] ]
        ],
        "pre_terrain" : "t_window_empty",
        "post_terrain" : "t_window_no_curtains"
    },{
        "type" : "construction",
        "description" : "Build Window", "//": "Step 3: window with curtains",
        "category" : "CONSTRUCT",
        "required_skills" : [ [ "fabrication", 2 ] ],
        "time" : 30,
        "qualities": [
            [ { "id": "SAW_W", "level": 1 } ],
            [ { "id": "HAMMER", "level": 2 } ]
        ],
        "components" : [
            [ [ "nail", 4 ] ],
            [ [ "sheet", 2 ] ],
            [ [ "stick", 1 ] ],
            [ [ "string_36", 1 ] ]
        ],
        "pre_terrain" : "t_window_no_curtains",
        "post_terrain" : "t_window_domestic"
    },{
        "type" : "construction",
        "description" : "Clean Broken Window",
        "category" : "REPAIR",
        "required_skills" : [ [ "fabrication", 0 ] ],
        "time" : 5,
        "pre_terrain" : "t_window_frame",
        "post_terrain" : "t_window_empty"
    },{
        "type" : "construction",
        "description" : "Tape Up Window", "//": "Need a recipe for each type of window tapable due to how code works",
        "category" : "REINFORCE",
        "required_skills" : [ [ "fabrication", 0 ] ],
        "time" : 5,
        "components" : [
            [ [ "duct_tape", 50 ] ]
        ],
        "pre_terrain" : "t_window",
        "post_terrain" : "t_window_taped"
    },{
        "type" : "construction",
        "description" : "Tape Up Window", "//": "Need a recipe for each type of window tapable due to how code works",
        "category" : "REINFORCE",
        "required_skills" : [ [ "fabrication", 0 ] ],
        "time" : 5,
        "components" : [
            [ [ "duct_tape", 50 ] ]
        ],
        "pre_terrain" : "t_window_domestic",
        "post_terrain" : "t_window_domestic_taped"
    },{
        "type" : "construction",
        "description" : "Tape Up Window", "//": "Need a recipe for each type of window tapable due to how code works",
        "category" : "REINFORCE",
        "required_skills" : [ [ "fabrication", 0 ] ],
        "time" : 5,
        "components" : [
            [ [ "duct_tape", 50 ] ]
        ],
        "pre_terrain" : "t_window_alarm",
        "post_terrain" : "t_window_alarm_taped"
    },{
        "type" : "construction",
        "description" : "Tape Up Window", "//": "Need a recipe for each type of window tapable due to how code works",
        "category" : "REINFORCE",
        "required_skills" : [ [ "fabrication", 0 ] ],
        "time" : 5,
        "components" : [
            [ [ "duct_tape", 50 ] ]
        ],
        "pre_terrain" : "t_window_no_curtains",
        "post_terrain" : "t_window_no_curtains_taped"
    },{
        "type" : "construction",
        "description" : "Remove Tape from Window", "//": "Need a recipe for each type of window tapable due to how code works",
        "category" : "REINFORCE",
        "required_skills" : [ [ "fabrication", 0 ] ],
        "time" : 2,
        "qualities": [ [
            { "id": "CUT", "level": 1 }
        ] ],
        "pre_terrain" : "t_window_taped",
        "post_terrain" : "t_window"
    },{
        "type" : "construction",
        "description" : "Remove Tape from Window", "//": "Need a recipe for each type of window tapable due to how code works",
        "category" : "REINFORCE",
        "required_skills" : [ [ "fabrication", 0 ] ],
        "time" : 2,
        "qualities": [ [
            { "id": "CUT", "level": 1 }
        ] ],
        "pre_terrain" : "t_window_domestic_taped",
        "post_terrain" : "t_window_domestic"
    },{
        "type" : "construction",
        "description" : "Remove Tape from Window", "//": "Need a recipe for each type of window tapable due to how code works",
        "category" : "REINFORCE",
        "required_skills" : [ [ "fabrication", 0 ] ],
        "time" : 2,
        "qualities": [ [
            { "id": "CUT", "level": 1 }
        ] ],
        "pre_terrain" : "t_window_alarm_taped",
        "post_terrain" : "t_window_alarm"
    },{
        "type" : "construction",
        "description" : "Remove Tape from Window", "//": "Need a recipe for each type of window tapable due to how code works",
        "category" : "REINFORCE",
        "required_skills" : [ [ "fabrication", 0 ] ],
        "time" : 2,
        "qualities": [ [
            { "id": "CUT", "level": 1 }
        ] ],
        "pre_terrain" : "t_window_no_curtains_taped",
        "post_terrain" : "t_window_no_curtains"
    },{
        "type" : "construction",
        "description" : "Board Up Window", "//": "Board up normal window",
        "category" : "REINFORCE",
        "required_skills" : [ [ "fabrication", 1 ] ],
        "time" : 20,
        "qualities": [ [
            { "id": "HAMMER", "level": 2 }
        ] ],
        "components" : [
            [ [ "2x4", 4 ] ],
            [ [ "nail", 8 ] ]
        ],
        "pre_flags" : "BARRICADABLE_WINDOW",
        "post_terrain" : "t_window_boarded"
    },{
        "type" : "construction",
        "description" : "Board Up Window", "//": "Board up window with curtains",
        "category" : "REINFORCE",
        "required_skills" : [ [ "fabrication", 1 ] ],
        "time" : 20,
        "qualities": [ [
            { "id": "HAMMER", "level": 2 }
        ] ],
        "components" : [
            [ [ "2x4", 4 ] ],
            [ [ "nail", 8 ] ]
        ],
        "pre_flags" : "BARRICADABLE_WINDOW_CURTAINS",
        "post_terrain" : "t_window_boarded",
        "post_special" : "done_window_curtains"
    },{
        "type" : "construction",
        "description" : "Board Up Window", "//": "Board up empty window",
        "category" : "REINFORCE",
        "required_skills" : [ [ "fabrication", 1 ] ],
        "time" : 20,
        "qualities": [ [
            { "id": "HAMMER", "level": 2 }
        ] ],
        "components" : [
            [ [ "2x4", 4 ] ],
            [ [ "nail", 8 ] ]
        ],
        "pre_terrain" : "t_window_empty",
        "post_terrain" : "t_window_boarded_noglass"
    },{
        "type" : "construction",
        "description" : "Board Up Window", "//": "Board up window frame only",
        "category" : "REINFORCE",
        "required_skills" : [ [ "fabrication", 1 ] ],
        "time" : 20,
        "qualities": [ [
            { "id": "HAMMER", "level": 2 }
        ] ],
        "components" : [
            [ [ "2x4", 4 ] ],
            [ [ "nail", 8 ] ]
        ],
        "pre_terrain" : "t_window_frame",
        "post_terrain" : "t_window_boarded_noglass"
    },{
        "type" : "construction",
        "description" : "Reinforce Boarded Window", "//": "For regular windows",
        "category" : "REINFORCE",
        "required_skills" : [ [ "fabrication", 3 ] ],
        "time" : 40,
        "qualities": [ [
            { "id": "HAMMER", "level": 2 }
        ] ],
        "components" : [
            [ [ "2x4", 8 ] ],
            [ [ "nail", 16 ] ]
        ],
        "pre_terrain" : "t_window_boarded",
        "post_terrain" : "t_window_reinforced"
    },{
        "type" : "construction",
        "description" : "Reinforce Boarded Window", "//": "For windows with no glass that were barricaded",
        "category" : "REINFORCE",
        "required_skills" : [ [ "fabrication", 3 ] ],
        "time" : 40,
        "qualities": [ [
            { "id": "HAMMER", "level": 2 }
        ] ],
        "components" : [
            [ [ "2x4", 8 ] ],
            [ [ "nail", 16 ] ]
        ],
        "pre_terrain" : "t_window_boarded_noglass",
        "post_terrain" : "t_window_reinforced_noglass"
    },{
        "type" : "construction",
        "description" : "Armor Reinforced Window", "//": "Armo up regular reinforced window",
        "category" : "REINFORCE",
        "required_skills" : [ [ "fabrication", 6 ] ],
        "time" : 60,
        "qualities": [ [
            { "id": "HAMMER", "level": 2 }
        ] ],
        "components" : [
            [ [ "spike", 4 ] ],
            [ [ "steel_plate", 1 ], [ "sheet_metal", 4 ] ]
        ],
        "pre_terrain" : "t_window_reinforced",
        "post_terrain" : "t_window_enhanced"
    },{
        "type" : "construction",
        "description" : "Armor Reinforced Window", "//": "When underlying window has no glass",
        "category" : "REINFORCE",
        "required_skills" : [ [ "fabrication", 6 ] ],
        "time" : 60,
        "qualities": [ [
            { "id": "HAMMER", "level": 2 }
        ] ],
        "components" : [
            [ [ "spike", 4 ] ],
            [ [ "steel_plate", 1 ], [ "sheet_metal", 4 ] ]
        ],
        "pre_terrain" : "t_window_reinforced_noglass",
        "post_terrain" : "t_window_enhanced_noglass"
    },{
        "type" : "construction",
        "description" : "Build Metal Bars",
        "category" : "CONSTRUCT",
        "required_skills" : [ [ "fabrication", 5 ] ],
        "time" : 60,
        "tools": [
        [
          [ "oxy_torch", 4 ],
          [ "welder", 20 ],
          [ "welder_crude", 30 ],
          [ "toolset", 30 ]
        ]
        ],
        "qualities": [ [
            { "id": "SAW_M", "level": 1 },
            { "id" : "GLARE", "level" : 2 }
        ] ],
        "components" : [
            [ [ "pipe", 6 ] ],
            [ [ "sheet_metal", 2 ] ]
        ],
        "pre_terrain" : "t_floor",
        "post_terrain" : "t_bars"
    },{
        "type" : "construction",
        "description" : "Build Wood Wall", "//": "Step 1: half of a wall where a window used to be",
        "category" : "CONSTRUCT",
        "required_skills" : [ [ "fabrication", 2 ] ],
        "time" : 50,
        "qualities": [ [
            { "id": "HAMMER", "level": 2 }
        ] ],
        "components" : [
            [ [ "2x4", 10 ] ],
            [ [ "nail", 20 ] ]
        ],
        "pre_terrain" : "t_window_empty",
        "post_terrain" : "t_wall_half"
    },{
        "type" : "construction",
        "description" : "Build Wood Wall", "//": "Step 1: half of a wall in an empty space",
        "category" : "CONSTRUCT",
        "required_skills" : [ [ "fabrication", 2 ] ],
        "time" : 50,
        "qualities": [ [
            { "id": "HAMMER", "level": 2 }
        ] ],
        "components" : [
            [ [ "2x4", 10 ] ],
            [ [ "nail", 20 ] ]
        ],
        "pre_special" : "check_empty",
        "post_terrain" : "t_wall_half"
    },{
        "type" : "construction",
        "description" : "Build Wood Wall", "//": "Step 2: complete the half made wall",
        "category" : "CONSTRUCT",
        "required_skills" : [ [ "fabrication", 2 ] ],
        "time" : 50,
        "qualities": [ [
            { "id": "HAMMER", "level": 2 }
        ] ],
        "components" : [
            [ [ "2x4", 10 ] ],
            [ [ "nail", 20 ] ]
        ],
        "pre_terrain" : "t_wall_half",
        "post_terrain" : "t_wall_wood"
    },{
        "type" : "construction",
        "description" : "Repair Wood Wall", "//": "fix a chip",
        "category" : "REPAIR",
        "required_skills" : [ [ "fabrication", 1 ] ],
        "time" : 30,
        "qualities": [ [
            { "id": "HAMMER", "level": 2 }
        ] ],
        "components" : [
            [ [ "2x4", 4 ] ],
            [ [ "nail", 16 ] ]
        ],
        "pre_terrain" : "t_wall_wood_chipped",
        "post_terrain" : "t_wall_wood"
    },{
        "type" : "construction",
        "description" : "Repair Wood Wall", "//": "fix the broken to chipped",
        "category" : "REPAIR",
        "required_skills" : [ [ "fabrication", 1 ] ],
        "time" : 60,
        "qualities": [ [
            { "id": "HAMMER", "level": 2 }
        ] ],
        "components" : [
            [ [ "2x4", 8 ] ],
            [ [ "nail", 32 ] ]
        ],
        "pre_terrain" : "t_wall_wood_broken",
        "post_terrain" : "t_wall_wood_chipped"
    },{
        "type" : "construction",
        "description" : "Build Log Wall", "//": "Step 1: half of a log wall",
        "category" : "CONSTRUCT",
        "required_skills" : [ [ "fabrication", 3 ] ],
        "time" : 60,
        "qualities": [ [ { "id": "DIG", "level": 2 } ] ],
        "components" : [
            [ [ "log", 2 ] ],
            [ [ "stick", 3 ], [ "2x4", 6 ] ]
        ],
        "pre_terrain" : "t_pit_shallow",
        "post_terrain" : "t_wall_log_half"
    },{
        "type" : "construction",
        "description" : "Build Log Wall", "//": "Step 2: Finish the log wall",
        "category" : "CONSTRUCT",
        "required_skills" : [ [ "fabrication", 3 ] ],
        "time" : 60,
        "qualities": [ [ { "id": "DIG", "level": 2 } ] ],
        "components" : [
            [ [ "log", 2 ] ],
            [ [ "stick", 3 ], [ "2x4", 6 ] ]
        ],
        "pre_terrain" : "t_wall_log_half",
        "post_terrain" : "t_wall_log"
    },{
        "type" : "construction",
        "description" : "Repair Log Wall", "//": "Fix the chipped back to normal",
        "category" : "REPAIR",
        "required_skills" : [ [ "fabrication", 2 ] ],
        "time" : 30,
        "qualities": [ [
            { "id": "HAMMER", "level": 2 }
        ] ],
        "components" : [
            [ [ "2x4", 4 ] ],
            [ [ "nail", 16 ] ]
        ],
        "pre_terrain" : "t_wall_log_chipped",
        "post_terrain" : "t_wall_log"
    },{
        "type" : "construction",
        "description" : "Repair Log Wall", "//": "fix broken back to chipped",
        "category" : "REPAIR",
        "required_skills" : [ [ "fabrication", 2 ] ],
        "time" : 50,
        "qualities": [ [
            { "id": "HAMMER", "level": 2 }
        ] ],
        "components" : [
            [ [ "log", 1 ] ],
            [ [ "2x4", 2 ] ],
            [ [ "nail", 24 ] ]
        ],
        "pre_terrain" : "t_wall_log_broken",
        "post_terrain" : "t_wall_log_chipped"
    },{
        "type" : "construction",
        "description" : "Build Sandbag Wall", "//": "Step 1: Build sandbag barricade",
        "category" : "CONSTRUCT",
        "required_skills" : [ [ "fabrication", 0 ] ],
        "time" : 60,
        "components" : [
            [ [ "bag_canvas", 2 ] ],
            [ [ "material_sand", 20 ] ]
        ],
        "pre_note" : "Can be deconstructed without tools.",
        "pre_special" : "check_empty",
        "post_terrain" : "f_sandbag_half"
    },{
        "type" : "construction",
        "description" : "Build Sandbag Wall", "//": "Step 2: Finish the sandbag wall",
        "category" : "CONSTRUCT",
        "required_skills" : [ [ "fabrication", 0 ] ],
        "time" : 90,
        "components" : [
            [ [ "bag_canvas", 4 ] ],
            [ [ "material_sand", 40 ] ]
        ],
        "pre_note" : "Can be deconstructed without tools.",
        "pre_terrain" : "f_sandbag_half",
        "post_terrain" : "f_sandbag_wall"
    },{
        "type" : "construction",
        "description" : "Build Metal Wall", "//": "Step 1: foundation",
        "category" : "CONSTRUCT",
        "required_skills" : [ [ "fabrication", 4 ] ],
        "time" : 90,
        "qualities" : [ { "id" : "GLARE", "level" : 2 } ],
        "tools": [
        [
          [ "oxy_torch", 10 ],
          [ "welder", 50 ],
          [ "welder_crude", 75 ],
          [ "toolset", 75 ]
        ]
        ],
        "components" : [
                [ [ "steel_plate", 2] ]
        ],
        "pre_terrain" : "t_pit_shallow",
        "post_terrain" : "t_scrap_wall_halfway"
    },{
        "type" : "construction",
        "description" : "Build Metal Wall", "//": "Step 2: finish wall",
        "category" : "CONSTRUCT",
        "required_skills" : [ [ "fabrication", 4 ] ],
        "time" : 90,
        "qualities" : [ { "id" : "GLARE", "level" : 2 } ],
        "tools": [
        [
          [ "oxy_torch", 10 ],
          [ "welder", 50 ],
          [ "welder_crude", 75 ],
          [ "toolset", 75 ]
        ]
        ],
        "components" : [
                [ [ "steel_plate", 2] ]
        ],
        "pre_terrain" : "t_scrap_wall_halfway",
        "post_terrain" : "t_scrap_wall"
    },{
        "type" : "construction",
        "description" : "Build Brick Wall", "//": "Step 1: start wall",
        "category" : "CONSTRUCT",
        "required_skills" : [ [ "fabrication", 3 ] ],
        "time" : 120,
        "qualities": [ [
                { "id": "SMOOTH", "level": 2 }
        ] ],
        "components" : [
                [ [ "brick", 15] ],
                [ [ "mortar_build", 1] ],
    [ [ "water", 1], ["water_clean", 1]]
        ],
        "pre_terrain" : "t_dirt",
        "post_terrain" : "t_brick_wall_halfway"
    },{
        "type" : "construction",
        "description" : "Build Brick Wall", "//": "Step 2: finish wall",
        "category" : "CONSTRUCT",
        "required_skills" : [ [ "fabrication", 3 ] ],
        "time" : 120,
        "qualities": [ [
                { "id": "SMOOTH", "level": 2 }
        ] ],
        "components" : [
                [ [ "brick", 15] ],
                [ [ "mortar_build", 1] ],
    [ [ "water", 1], ["water_clean", 1]]
        ],
        "pre_terrain" : "t_brick_wall_halfway",
        "post_terrain" : "t_brick_wall"
    },{
        "type" : "construction",
        "description" : "Build Simple Concrete Wall", "//": "Step 1: foundation",
        "category" : "CONSTRUCT",
        "required_skills" : [ [ "fabrication", 4 ] ],
        "time" : 180,
        "tools": [ [ [ "con_mix", 50 ] ] ],
        "qualities": [ [
                { "id": "SMOOTH", "level": 1 }
        ] ],
        "components" : [
                [ [ "concrete", 4] ],
                [ [ "2x4", 12] ],
                [ [ "water", 4], [ "water_clean", 4] ]
        ],
        "pre_terrain" : "t_pit_shallow",
        "post_terrain" : "t_sconc_wall_halfway"
    },{
        "type" : "construction",
        "description" : "Build Simple Concrete Wall", "//": "Step 2: finish wall",
        "category" : "CONSTRUCT",
        "required_skills" : [ [ "fabrication", 4 ] ],
        "time" : 180,
        "tools": [ [ [ "con_mix", 50 ] ] ],
        "qualities": [ [
                { "id": "SMOOTH", "level": 1 }
        ] ],
        "components" : [
                [ [ "concrete", 4] ],
                [ [ "2x4", 12] ],
                [ [ "water", 4], [ "water_clean", 4] ]
        ],
        "pre_terrain" : "t_sconc_wall_halfway",
        "post_terrain" : "t_sconc_wall"
    },{
        "type" : "construction",
        "description" : "Build Reinforced Concrete Wall", "//": "Step 1: rebar cage",
        "category" : "CONSTRUCT",
        "required_skills" : [ [ "fabrication", 6 ] ],
        "time" : 120,
        "qualities": [ [
                { "id": "WELD", "level": 2 }
        ], [
                { "id": "GLARE", "level": 2}
        ] ],
        "components" : [
                [ [ "rebar", 16] ]
        ],
        "pre_terrain" : "t_pit",
        "post_terrain" : "t_reb_cage"
    },{
        "type" : "construction",
        "description" : "Build Reinforced Concrete Wall", "//": "Step 2: foundation",
        "category" : "CONSTRUCT",
        "required_skills" : [ [ "fabrication", 6 ] ],
        "time" : 120,
        "tools": [ [ [ "con_mix", 50 ] ] ],
        "qualities": [ [
                { "id": "SMOOTH", "level": 2 }
        ] ],
        "components" : [
                [ [ "concrete", 6] ],
                [ [ "2x4", 12] ],
                [ [ "water", 4 ], [ "water_clean", 4 ] ]
        ],
        "pre_terrain" : "t_reb_cage",
        "post_terrain" : "t_strconc_wall_halfway"
    },{
        "type" : "construction",
        "description" : "Build Reinforced Concrete Wall", "//": "Step 3: finish wall",
        "category" : "CONSTRUCT",
        "required_skills" : [ [ "fabrication", 6 ] ],
        "time" : 120,
        "tools": [ [ [ "con_mix", 50 ] ] ],
        "qualities": [ [
                { "id": "SMOOTH", "level": 2 }
        ] ],
        "components" : [
                [ [ "concrete", 6] ],
                [ [ "2x4", 12] ],
                [ [ "water", 4 ], [ "water_clean", 4 ] ]
        ],
        "pre_terrain" : "t_strconc_wall_halfway",
        "post_terrain" : "t_strconc_wall"
    },{
        "type" : "construction",
        "description" : "Build Metal Roof",
        "category" : "CONSTRUCT",
        "required_skills" : [ [ "fabrication", 5 ] ],
        "time" : 90,
        "qualities" : [ { "id" : "GLARE", "level" : 2 } ],
        "tools": [
        [
          [ "oxy_torch", 10 ],
          [ "welder", 50 ],
          [ "welder_crude", 75 ],
          [ "toolset", 75 ]
        ]
        ],
        "components" : [
            [ [ "steel_plate", 2] ]
        ],
        "pre_note" : "Must be supported on at least two sides.",
        "pre_special" : "check_support",
        "post_terrain" : "t_scrap_floor"
    },{
            "type" : "construction",
        "description" : "Build Concrete Roof", "//": "Step 1: rebar cage & supports",
        "category" : "CONSTRUCT",
        "required_skills" : [ [ "fabrication", 5 ] ],
        "time" : 120,
        "qualities": [ [
                { "id": "WELD", "level": 2 }
        ], [
                { "id": "GLARE", "level": 2}
        ] ],
        "components" : [
                [ [ "rebar", 8] ],
                [ [ "2x4", 12] ],
                [ [ "pipe", 4] ]
        ],
        "pre_terrain" : "t_pit_shallow",
        "post_terrain" : "t_ov_smreb_cage"
    },{
        "type" : "construction",
        "description" : "Build Concrete Roof", "//": "Step 2: roof & floor",
        "category" : "CONSTRUCT",
        "required_skills" : [ [ "fabrication", 5 ] ],
        "time" : 120,
        "tools": [ [ [ "con_mix", 50 ] ] ],
        "qualities": [ [
                { "id": "SMOOTH", "level": 1 }
        ] ],
        "components" : [
                [ [ "concrete", 4] ],
                [ [ "water", 4] ]
        ],
        "pre_terrain" : "t_ov_smreb_cage",
        "post_terrain" : "t_thconc_floor"
    },{
        "type" : "construction",
        "description" : "Build Reinforced Concrete Roof", "//": "Step 1: rebar cage & supports",
        "category" : "CONSTRUCT",
        "required_skills" : [ [ "fabrication", 6 ] ],
        "time" : 180,
        "qualities": [ [
                { "id": "WELD", "level": 2 }
        ], [
                { "id": "GLARE", "level": 2}
        ] ],
        "components" : [
                [ [ "rebar", 12] ],
                [ [ "2x4", 12] ],
                [ [ "pipe", 4] ]
        ],
        "pre_terrain" : "t_pit",
        "post_terrain" : "t_ov_reb_cage"
    },{
        "type" : "construction",
        "description" : "Build Reinforced Concrete Roof", "//": "Step 2: start roof & floor",
        "category" : "CONSTRUCT",
        "required_skills" : [ [ "fabrication", 6 ] ],
        "time" : 180,
        "tools": [ [ [ "con_mix", 50 ] ] ],
        "qualities": [ [
                { "id": "SMOOTH", "level": 2 }
        ] ],
        "components" : [
                [ [ "concrete", 6] ],
                [ [ "water", 3] ]
        ],
        "pre_terrain" : "t_ov_reb_cage",
        "post_terrain" : "t_strconc_floor_halfway"
    },{
        "type" : "construction",
        "description" : "Build Reinforced Concrete Roof", "//": "Step 3: finish roof & floor",
        "category" : "CONSTRUCT",
        "required_skills" : [ [ "fabrication", 6 ] ],
        "time" : 180,
        "tools": [ [ [ "con_mix", 50 ] ] ],
        "qualities": [ [
                { "id": "SMOOTH", "level": 2 }
        ] ],
        "components" : [
                [ [ "concrete", 6] ],
                [ [ "water", 3] ]
        ],
        "pre_terrain" : "t_strconc_floor_halfway",
        "post_terrain" : "t_strconc_floor"
    },{
        "type" : "construction",
        "description" : "Build Palisade Wall",
        "category" : "CONSTRUCT",
        "required_skills" : [ [ "fabrication", 4 ], [ "survival", 2 ] ],
        "time" : 120,
        "qualities": [ [ { "id": "DIG", "level": 2 } ] ],
        "components" : [
            [ [ "log", 3 ] ],
            [ [ "wire", 6 ], [ "wire_barbed", 4 ], [ "rope_6", 2 ], [ "rope_makeshift_6", 2 ], [ "chain", 1 ], [ "vine_30", 1 ] ]
        ],
        "pre_terrain" : "t_pit",
        "post_terrain" : "t_palisade"
    },{
        "type" : "construction",
        "description" : "Build Stone Wall", "//": "Step 1: half the wall",
        "category" : "CONSTRUCT",
        "required_skills" : [ [ "fabrication", 6 ], [ "survival", 2 ] ],
        "time" : 180,
        "qualities": [ [
            { "id": "HAMMER", "level": 2 },
            { "id": "DIG", "level": 2 }
        ] ],
        "components" : [
            [ [ "rock", 12 ] ]
        ],
        "pre_special" : "check_empty",
        "post_terrain" : "t_rock_wall_half"
    },{
        "type" : "construction",
        "description" : "Build Stone Wall", "//": "Step 2: the full wall",
        "category" : "CONSTRUCT",
        "required_skills" : [ [ "fabrication", 6 ], [ "survival", 2 ] ],
        "time" : 180,
        "qualities": [ [
            { "id": "HAMMER", "level": 2 },
            { "id": "DIG", "level": 2 }
        ] ],
        "components" : [
            [ [ "rock", 12 ] ]
        ],
        "pre_terrain" : "t_rock_wall_half",
        "post_terrain" : "t_rock_wall"
    },{
        "type" : "construction",
        "description" : "Build Roof",
        "category" : "CONSTRUCT",
        "required_skills" : [ [ "fabrication", 3 ] ],
        "time" : 120,
        "qualities": [ [
            { "id": "HAMMER", "level": 2 }
        ] ],
        "components" : [
            [ [ "2x4", 8 ] ],
            [ [ "nail", 40 ] ]
        ],
        "pre_note" : "Must be supported on at least two sides.",
        "pre_special" : "check_support",
        "post_terrain" : "t_floor"
    },{
        "type" : "construction",
        "description" : "Build Log & Sod Roof",
        "category" : "CONSTRUCT",
        "required_skills" : [ [ "fabrication", 4 ] ],
        "time" : 120,
        "qualities": [ [ { "id": "DIG", "level": 2 } ], [ { "id": "HAMMER", "level": 2 } ] ],
        "components" : [
            [ [ "log", 2 ] ],
            [ [ "stick", 4 ], [ "2x4", 8 ] ]
        ],
        "pre_note" : "Must be supported on at least two sides.",
        "pre_special" : "check_support",
        "post_terrain" : "t_floor_primitive"
    },{
        "type" : "construction",
        "description" : "Build Rope & Pulley System",
        "category" : "CONSTRUCT",
        "required_skills" : [
            [ "fabrication", 5 ],
            [ "mechanics", 2 ]
        ],
        "time" : 60,
        "components" : [
            [ [ "rope_makeshift_30", 1 ], [ "rope_30", 1 ], [ "vine_30", 1 ] ],
            [ [ "stick", 8 ], [ "2x4", 8 ] ]
        ],
        "pre_note" : "Can be deconstructed without tools.  Must be adjacent to a palisade wall that is itself adjacent to a palisade gate in order to open said gate.",
        "pre_special" : "check_empty",
        "post_terrain" : "t_palisade_pulley"
    },{
        "type" : "construction",
        "description" : "Build Palisade Gate",
        "category" : "CONSTRUCT",
        "required_skills" : [
            [ "fabrication", 4 ],
            [ "survival", 2 ]
        ],
        "time" : 120,
        "qualities": [ [ { "id": "DIG", "level": 2 } ] ],
        "components" : [
            [ [ "log", 2 ] ],
            [ [ "2x4", 3 ] ],
            [ [ "rope_makeshift_6", 2 ], [ "rope_6", 2 ], [ "vine_30", 1 ] ]
        ],
        "pre_note" : "Must be between palisade walls to function, and at least one wall must have an adjacent rope & pulley system.",
        "pre_terrain" : "t_pit",
        "post_terrain" : "t_palisade_gate"
    },{
        "type" : "construction",
        "description" : "Build Fence Posts",
        "category" : "CONSTRUCT",
        "required_skills" : [ [ "fabrication", 0 ], [ "survival", 0 ] ],
        "time" : 15,
        "qualities": [
            [
            { "id": "HAMMER", "level": 2 }
            ],
            [
            { "id": "DIG", "level": 2 }
            ]
            ],
        "components" : [
            [ [ "pointy_stick", 2 ], [ "spear_wood", 2 ] ]
        ],
        "pre_flags" : "DIGGABLE",
        "post_terrain" : "t_fence_post"
    },{
        "type" : "construction",
        "description" : "Build Fence",
        "category" : "CONSTRUCT",
        "required_skills" : [ [ "fabrication", 1 ] ],
        "time" : 15,
        "qualities": [ [
            { "id": "HAMMER", "level": 2 }
        ] ],
        "components" : [
            [ [ "2x4", 5 ] ],
            [ [ "nail", 8 ] ]
        ],
        "pre_terrain" : "t_fence_post",
        "post_terrain" : "t_fence"
    },{
        "type" : "construction",
        "description" : "Build Fence Gate",
        "category" : "CONSTRUCT",
        "required_skills" : [ [ "fabrication", 2 ], [ "survival", 1 ] ],
        "time" : 30,
        "qualities": [
            [
            { "id": "HAMMER", "level": 2 }
            ],
            [
            { "id": "DIG", "level": 2 }
            ]
            ],
        "components" : [
            [ [ "pointy_stick", 2 ], [ "spear_wood", 2 ] ],
            [ [ "2x4", 5 ] ],
            [ [ "nail", 12 ] ]
        ],
        "pre_flags" : "DIGGABLE",
        "post_terrain" : "t_fencegate_c"
    },
    {
        "type" : "construction",
        "description" : "Build Rope Fence",
        "category" : "CONSTRUCT",
        "required_skills" : [ [ "fabrication", 1 ] ],
        "time" : 15,
        "components" : [
            [ [ "rope_6", 2 ] ]
        ],
        "pre_terrain" : "t_fence_post",
        "post_terrain" : "t_fence_rope"
    },
    {
        "type" : "construction",
        "description" : "Build Wire Fence",
        "category" : "CONSTRUCT",
        "required_skills" : [ [ "fabrication", 1 ] ],
        "time" : 15,
        "components" : [
            [ [ "wire", 2 ] ]
        ],
        "pre_terrain" : "t_fence_post",
        "post_terrain" : "t_fence_wire"
    },
    {
        "type" : "construction",
        "description" : "Build Barbed Wire Fence",
        "category" : "CONSTRUCT",
        "required_skills" : [ [ "fabrication", 1 ] ],
        "time" : 15,
        "components" : [
            [ [ "wire_barbed", 2 ] ]
        ],
        "pre_terrain" : "t_fence_post",
        "post_terrain" : "t_fence_barbed"
    },{
        "type" : "construction",
        "description" : "Build Chainlink Fence", "//": "Step 1: fence posts",
        "category" : "CONSTRUCT",
        "required_skills" : [ [ "fabrication", 3 ] ],
        "time" : 30,
        "qualities": [ [
            { "id": "HAMMER", "level": 2 }
        ] ],
        "components" : [
            [ [ "pipe", 6 ] ],
            [ [ "scrap", 8 ] ]
        ],
        "pre_flags" : "DIGGABLE",
        "post_terrain" : "t_chainfence_posts"
    },{
        "type" : "construction",
        "description" : "Build Chainlink Fence", "//": "Step 2: chainlink",
        "category" : "CONSTRUCT",
        "required_skills" : [ [ "fabrication", 3 ] ],
        "time" : 120,
        "components" : [
            [ [ "wire", 20 ] ]
        ],
        "pre_terrain" : "t_chainfence_posts",
        "post_terrain" : "t_chainfence"
    },{
        "type" : "construction",
        "description" : "Build Chainlink Gate",
        "category" : "CONSTRUCT",
        "required_skills" : [ [ "fabrication", 3 ] ],
        "time" : 150,
        "components" : [
            [ [ "wire", 20 ] ],
            [ [ "steel_chunk", 3 ], [ "scrap", 12 ] ],
            [ [ "pipe", 20 ] ]
        ],
        "pre_note" : "Needs to be supported on both sides by fencing, walls, etc.",
        "pre_special" : "check_support",
        "post_terrain" : "t_chaingate_c"
    },{
        "type" : "construction",
        "description" : "Seal Crate",
        "category" : "FURN",
        "required_skills" : [ [ "mechanics", 0 ] ],
        "time" : 10,
        "//": "You can re-use the lid and most of the nails",
        "components" : [
        [ ["nail", 6] ]
        ],
        "qualities": [ [ { "id": "HAMMER", "level": 1 } ] ],
        "pre_terrain" : "f_crate_o",
        "post_terrain" : "f_crate_c"
    },{
        "type" : "construction",
        "description" : "Build Crate",
        "category" : "FURN",
        "required_skills" : [ [ "fabrication", 1 ] ],
        "time" : 45,
        "qualities": [
            [
            { "id": "HAMMER", "level": 2 }
            ]
            ],
        "components" : [
            [ [ "2x4", 8 ] ],
            [ [ "nail", 24 ] ]
        ],
        "pre_special" : "check_empty",
        "post_terrain" : "f_crate_o"
    },{
        "type" : "construction",
        "description" : "Seal Coffin",
        "category" : "FURN",
        "required_skills" : [ [ "mechanics", 0 ] ],
        "time" : 10,
        "components" : [
        [ ["nail", 6] ]
        ],
        "qualities": [ [ { "id": "HAMMER", "level": 1 } ] ],
        "pre_terrain" : "f_coffin_o",
        "post_terrain" : "f_coffin_c"
    },{
        "type" : "construction",
        "description" : "Build Coffin",
        "category" : "FURN",
        "required_skills" : [ [ "fabrication", 1 ] ],
        "time" : 60,
        "qualities": [
            [
            { "id": "HAMMER", "level": 2 }
            ]
            ],
        "components" : [
            [ [ "2x4", 12 ] ],
            [ [ "sheet", 2 ], [ "blanket", 1 ], [ "down_blanket", 1 ], [ "fur_blanket", 1] ],
            [ [ "nail", 24 ] ]
        ],
        "pre_special" : "check_empty",
        "post_terrain" : "f_coffin_o"
    },{
        "type" : "construction",
        "description" : "Build Bulletin Board",
        "category" : "FURN",
        "required_skills" : [ [ "fabrication", 0 ] ],
        "time" : 20,
        "qualities": [
            [
            { "id": "HAMMER", "level": 2 }
            ],
            [
            { "id": "SAW_W", "level": 1 }
            ]
            ],
        "components" : [
            [ [ "2x4", 4 ] ],
            [ [ "nail", 8 ] ]
        ],
        "pre_special" : "check_empty",
        "post_terrain" : "f_bulletin"
    },{
        "type" : "construction",
        "description" : "Build Dresser",
        "category" : "FURN",
        "required_skills" : [ [ "fabrication", 3 ] ],
        "time" : 30,
        "qualities": [
            [
            { "id": "HAMMER", "level": 2 }
            ],
            [
            { "id": "SAW_W", "level": 1 }
            ]
            ],
        "components" : [
            [ [ "2x4", 6 ] ],
            [ [ "nail", 8 ] ]
        ],
        "pre_special" : "check_empty",
        "post_terrain" : "f_dresser"
    },{
        "type" : "construction",
        "description" : "Build Bookcase",
        "category" : "FURN",
        "required_skills" : [ [ "fabrication", 1 ] ],
        "time" : 60,
        "qualities": [
            [
            { "id": "HAMMER", "level": 2 }
            ],
            [
            { "id": "SAW_W", "level": 1 }
            ]
            ],
        "components" : [
            [ [ "2x4", 12 ] ],
            [ [ "nail", 16 ] ]
        ],
        "pre_special" : "check_empty",
        "post_terrain" : "f_bookcase"
    },{
        "type" : "construction",
        "description" : "Build Locker",
        "category" : "FURN",
        "required_skills" : [ [ "fabrication", 4 ] ],
        "time" : 60,
        "qualities": [
            [
            { "id": "HAMMER", "level": 2 }
            ],
            [
            { "id": "WRENCH", "level": 1 }
            ]
            ],
        "components" : [
            [ [ "sheet_metal", 2 ] ],
            [ [ "pipe", 8 ] ]
        ],
        "pre_special" : "check_empty",
        "post_terrain" : "f_locker"
    },{
        "type" : "construction",
        "description" : "Build Metal Rack",
        "category" : "FURN",
        "required_skills" : [ [ "fabrication", 2 ] ],
        "time" : 60,
        "qualities": [
            [
            { "id": "HAMMER", "level": 2 }
            ],
            [
            { "id": "WRENCH", "level": 1 }
            ]
            ],
        "components" : [
            [ [ "pipe", 12 ] ],
            [ [ "sheet_metal", 2 ] ]
        ],
        "pre_special" : "check_empty",
        "post_terrain" : "f_rack"
    },{
        "type": "construction",
        "description": "Build Coat Rack",
        "category": "FURN",
        "required_skills": [ [ "fabrication", 2 ] ],
        "time": 25,
        "qualities": [ [ { "id": "HAMMER", "level": 2 } ] ],
        "components": [ [ [ "2x4", 3 ] ], [ [ "nail", 8 ] ] ],
        "pre_special": "check_empty",
        "post_terrain": "f_rack_coat"
    },{
        "type" : "construction",
        "description" : "Build Cupboard",
        "category" : "FURN",
        "required_skills" : [ [ "fabrication", 3 ] ],
        "time" : 20,
        "qualities": [ [
            { "id": "HAMMER", "level": 2 }
        ] ],
        "components" : [
            [ [ "2x4", 3 ] ],
            [ [ "nail", 8 ] ]
        ],
        "pre_special" : "check_empty",
        "post_terrain" : "f_cupboard"
    },{
        "type" : "construction",
        "description" : "Build Counter",
        "category" : "FURN",
        "required_skills" : [ [ "fabrication", 1 ] ],
        "time" : 30,
        "qualities": [ [
            { "id": "HAMMER", "level": 2 }
        ] ],
        "components" : [
            [ [ "2x4", 6 ] ],
            [ [ "nail", 8 ] ]
        ],
        "pre_special" : "check_empty",
        "post_terrain" : "f_counter"
    },{
        "type" : "construction",
        "description" : "Build Table",
        "category" : "FURN",
        "required_skills" : [ [ "fabrication", 1 ] ],
        "time" : 30,
        "qualities": [ [
            { "id": "HAMMER", "level": 2 }
        ] ],
        "components" : [
            [ [ "2x4", 6 ] ],
            [ [ "nail", 8 ] ]
        ],
        "pre_special" : "check_empty",
        "post_terrain" : "f_table"
    },{
        "type" : "construction",
        "description" : "Build Chair",
        "category" : "FURN",
        "required_skills" : [ [ "fabrication", 2 ] ],
        "time" : 30,
        "qualities": [ [
            { "id": "HAMMER", "level": 2 }
        ] ],
        "components" : [
            [ [ "2x4", 4 ] ],
            [ [ "nail", 8 ] ]
        ],
        "pre_special" : "check_empty",
        "post_terrain" : "f_chair"
    },{
        "type": "construction",
        "description": "Build Stool",
        "category": "FURN",
        "required_skills": [ [ "fabrication", 2 ] ],
        "time": 25,
        "qualities": [ [ { "id": "HAMMER", "level": 2 } ] ],
        "components": [ [ [ "2x4", 4 ] ], [ [ "nail", 8 ] ] ],
        "pre_special": "check_empty",
        "post_terrain": "f_stool"
    },{
        "type" : "construction",
        "description" : "Build Bench",
        "category" : "FURN",
        "required_skills" : [ [ "fabrication", 2 ] ],
        "time" : 30,
        "qualities": [ [
            { "id": "HAMMER", "level": 2 }
        ] ],
        "components" : [
            [ [ "2x4", 4 ] ],
            [ [ "nail", 10 ] ]
        ],
        "pre_special" : "check_empty",
        "post_terrain" : "f_bench"
    },{
        "type" : "construction",
        "description" : "Build Makeshift Bed",
        "category" : "FURN",
        "required_skills" : [ [ "fabrication", 2 ] ],
        "time" : 45,
        "qualities": [ [
            { "id": "HAMMER", "level": 2 }
        ] ],
        "components" : [
            [ [ "2x4", 4 ] ],
            [ [ "nail", 6 ] ],
            [  [ "sheet", 2 ], [ "blanket", 1 ], [ "down_blanket", 1 ], [ "fur_blanket", 1] ]
        ],
        "pre_special" : "check_empty",
        "post_terrain" : "f_makeshift_bed"
    },{
        "type" : "construction",
        "description" : "Build Straw Bed",
        "category" : "FURN",
        "required_skills" : [ [ "fabrication", 1 ] ],
        "time" : 30,
        "components" : [
            [ [ "2x4", 4 ] ],
            [ [ "straw_pile", 8 ] ]
        ],
        "pre_note" : "Can be deconstructed without tools.",
        "pre_special" : "check_empty",
        "post_terrain" : "f_straw_bed"
    },{
        "type" : "construction",
        "description" : "Build Bed",
        "category" : "FURN",
        "required_skills" : [ [ "fabrication", 4 ], [ "tailor", 4 ] ],
        "time" : 60,
        "qualities": [
            [
            { "id": "HAMMER", "level": 2 }
            ],
            [
            { "id": "SAW_W", "level": 1 }
            ]
            ],
        "components" : [
            [ [ "2x4", 12 ] ],
            [ [ "nail", 10 ] ],
            [ [ "sheet", 4 ], [ "blanket", 2 ], [ "down_blanket", 2 ], [ "fur_blanket", 2 ] ]
        ],
        "pre_special" : "check_empty",
        "post_terrain" : "f_bed"
    },{
        "type" : "construction",
        "description" : "Build Armchair",
        "category" : "FURN",
        "required_skills" : [ [ "fabrication", 3 ], [ "tailor", 3 ] ],
        "time" : 45,
        "qualities": [
            [
            { "id": "HAMMER", "level": 2 }
            ],
            [
            { "id": "SAW_W", "level": 1 }
            ]
            ],
        "components" : [
            [ [ "2x4", 10 ] ],
            [ [ "nail", 8 ] ],
            [ [ "blanket", 1 ], [ "down_blanket", 1 ], [ "fur_blanket", 1 ] ]
        ],
        "pre_special" : "check_empty",
        "post_terrain" : "f_armchair"
    },{
        "type" : "construction",
        "description" : "Build Sofa",
        "category" : "FURN",
        "required_skills" : [ [ "fabrication", 4 ], [ "tailor", 3 ] ],
        "time" : 60,
        "qualities": [
            [
            { "id": "HAMMER", "level": 2 }
            ],
            [
            { "id": "SAW_W", "level": 1 }
            ]
            ],
        "components" : [
            [ [ "2x4", 12 ] ],
            [ [ "nail", 10 ] ],
            [ [ "blanket", 1 ], [ "down_blanket", 1 ], [ "fur_blanket", 1 ] ]
        ],
        "pre_special" : "check_empty",
        "post_terrain" : "f_sofa"
    },{
        "type" : "construction",
        "description" : "Build Sign",
        "category" : "CONSTRUCT",
        "required_skills" : [ [ "fabrication", 0 ] ],
        "time" : 20,
        "qualities": [ [
            { "id": "HAMMER", "level": 2 }
        ] ],
        "components" : [
            [ [ "2x4", 3 ] ],
            [ [ "nail", 6 ] ]
        ],
        "pre_special" : "check_empty",
        "post_terrain" : "f_sign"
    },{
        "type" : "construction",
        "description" : "Build Stone Fireplace",
        "category" : "FURN",
        "required_skills" : [ [ "fabrication", 2 ], [ "survival", 1 ] ],
        "time" : 120,
        "qualities": [
            [
            { "id": "HAMMER", "level": 2 }
            ],
            [
            { "id": "DIG", "level": 2 }
            ]
            ],
        "components" : [
            [ [ "rock", 40 ] ]
        ],
        "pre_special" : "check_empty",
        "post_terrain" : "f_fireplace"
    },{
        "type" : "construction",
        "description" : "Build Wood Stove",
        "category" : "FURN",
        "required_skills" : [ [ "fabrication", 5 ], [ "mechanics", 3 ] ],
        "time" : 60,
        "qualities": [ [
            { "id": "SAW_M", "level": 1 }
        ] ],
        "components" : [
            [ [ "metal_tank", 1 ] ],
            [ [ "pipe", 1 ] ]
        ],
        "pre_special" : "check_empty",
        "post_terrain" : "f_woodstove"
    },{
        "type" : "construction",
        "description" : "Build Fermenting Vat",
        "category" : "FURN",
        "required_skills" : [ [ "fabrication", 2 ], [ "cooking", 3 ] ],
        "time" : 90,
        "qualities": [
            [
            { "id": "HAMMER", "level": 2 }
            ],
            [
            { "id": "SAW_W", "level": 1 }
            ]
            ],
        "components" : [
            [ [ "2x4", 14 ] ],
            [ [ "nail", 12 ] ],
            [ [ "scrap", 6 ], [ "sheet_metal", 2 ] ],
            [ [ "water_faucet", 1 ] ]
        ],
        "pre_special" : "check_empty",
        "post_terrain" : "f_fvat_empty"
    },{
        "type" : "construction",
        "description" : "Build Wooden Keg",
        "category" : "FURN",
        "required_skills" : [ [ "fabrication", 2 ], [ "cooking", 2 ] ],
        "time" : 120,
        "qualities": [
            [
            { "id": "HAMMER", "level": 2 }
            ],
            [
            { "id": "SAW_W", "level": 1 }
            ]
            ],
        "components" : [
            [ [ "2x4", 18 ] ],
            [ [ "nail", 14 ] ],
            [ [ "scrap", 8 ], [ "sheet_metal", 3 ] ],
            [ [ "water_faucet", 1 ] ]
        ],
        "pre_special" : "check_empty",
        "post_terrain" : "f_wood_keg"
    },
    {
        "type" : "construction",
        "description" : "Build Standing Tank", "//": "a freestanding metal tank, useful for holding liquids",
        "category" : "FURN",
        "required_skills" : [ [ "fabrication", 2 ], [ "cooking", 1 ] ],
        "time" : 180,
        "qualities": [
            [ { "id": "HAMMER", "level": 2 } ],
            [ { "id": "SAW_M", "level": 1 } ],
            [ { "id": "WELD", "level": 2 } ],
            [ { "id": "GLARE", "level": 2} ]
        ],
        "components" : [
            [ [ "metal_tank", 4 ] ],
            [ [ "water_faucet", 1] ]
        ],
        "pre_special" : "check_empty",
        "post_terrain" : "f_standing_tank"
    },
    {
        "type" : "construction",
        "description" : "Place Forge",
        "category" : "FURN",
        "required_skills" : [ [ "fabrication", 0 ] ],
        "time" : 1,
        "components" : [
            [ [ "char_forge", 1 ] ]
        ],
        "pre_note" : "Can be deconstructed without tools.",
        "pre_special" : "check_empty",
        "post_terrain" : "f_forge"
    },{
        "type" : "construction",
        "description" : "Place Still",
        "category" : "FURN",
        "required_skills" : [ [ "fabrication", 0 ] ],
        "time" : 1,
        "components" : [
            [ [ "still", 1 ] ]
        ],
        "pre_note" : "Can be deconstructed without tools.",
        "pre_special" : "check_empty",
        "post_terrain" : "f_still"
    },{
        "type" : "construction",
        "description" : "Build Water Well",
        "category" : "CONSTRUCT",
        "required_skills" : [ [ "fabrication", 4 ], [ "survival", 4 ] ],
        "time" : 480,
        "qualities": [
            [
            { "id": "HAMMER", "level": 2 }
            ],
            [
            { "id": "DIG", "level": 2 }
            ]
            ],
        "components" : [
            [ [ "rock", 40 ] ],
            [ [ "2x4", 4 ] ],
            [ [ "nail", 8 ] ]
        ],
        "pre_terrain" : "t_pit",
        "post_terrain" : "t_covered_well"
    },{
        "type" : "construction",
        "description" : "Build Water Well",
        "category" : "CONSTRUCT",
        "required_skills" : [ [ "fabrication", 4 ], [ "mechanics", 2 ] ],
        "time" : 180,
        "qualities": [
            [
            { "id": "HAMMER", "level": 2 }
            ],
            [
            { "id": "WRENCH", "level": 1 }
            ]
            ],
        "components" : [
            [ [ "well_pump", 1 ] ],
            [ [ "pipe", 6 ] ]
        ],
        "pre_terrain" : "t_covered_well",
        "post_terrain" : "t_water_pump"
    },{
        "type" : "construction",
        "description" : "Paint Wall Red",
        "category" : "DECORATE",
        "required_skills" : [ [ "fabrication", 0 ] ],
        "time" : 40,
        "tools" : [
            [ "paint_brush"]
          ],
        "components" : [
            [ [ "r_paint", 25 ] ]
          ],
        "pre_terrain" : "t_wall",
        "post_terrain" : "t_wall_r"
    },{
        "type" : "construction",
        "description" : "Paint Wall Blue",
        "category" : "DECORATE",
        "required_skills" : [ [ "fabrication", 0 ] ],
        "time" : 40,
        "tools" : [
            [ "paint_brush"]
          ],
        "components" : [
            [ [ "b_paint", 25 ] ]
          ],
        "pre_terrain" : "t_wall",
        "post_terrain" : "t_wall_b"
    },{
        "type" : "construction",
        "description" : "Paint Wall white",
        "category" : "DECORATE",
        "required_skills" : [ [ "fabrication", 0 ] ],
        "time" : 40,
        "tools" : [
            [ "paint_brush"]
          ],
        "components" : [
            [ [ "w_paint", 25 ] ]
          ],
        "pre_terrain" : "t_wall",
        "post_terrain" : "t_wall_w"
    },{
        "type" : "construction",
        "description" : "Paint Wall Green",
        "category" : "DECORATE",
        "required_skills" : [ [ "fabrication", 0 ] ],
        "time" : 40,
        "tools" : [
            [ "paint_brush"]
          ],
        "components" : [
            [ [ "g_paint", 25 ] ]
          ],
        "pre_terrain" : "t_wall",
        "post_terrain" : "t_wall_g"
    },{
        "type" : "construction",
        "description" : "Paint Wall Purple",
        "category" : "DECORATE",
        "required_skills" : [ [ "fabrication", 0 ] ],
        "time" : 40,
        "tools" : [
            [ "paint_brush"]
          ],
        "components" : [
            [ [ "p_paint", 25 ] ]
          ],
        "pre_terrain" : "t_wall",
        "post_terrain" : "t_wall_p"
    },{
        "type" : "construction",
        "description" : "Paint Wall Yellow",
        "category" : "DECORATE",
        "required_skills" : [ [ "fabrication", 0 ] ],
        "time" : 40,
        "tools" : [
            [ "paint_brush"]
          ],
        "components" : [
            [ [ "y_paint", 25 ] ]
          ],
        "pre_terrain" : "t_wall",
        "post_terrain" : "t_wall_y"
    },{
        "type" : "construction",
        "description" : "Take Paint Off Wall", "//": "For vertical walls",
        "category" : "DECORATE",
        "required_skills" : [ [ "fabrication", 0 ] ],
        "time" : 80,
        "tools" : [
            [ "chipper"]
          ],
        "pre_flags" : "CHIP",
        "post_terrain" : "t_wall"
    },{
        "type" : "construction",
        "description" : "Remove Carpet",
        "category" : "DECORATE",
        "required_skills" : [ [ "fabrication", 0 ] ],
        "time" : 30,
        "qualities": [ [
            { "id": "HAMMER", "level": 2 }
        ] ],
        "pre_flags" : "RUG",
        "post_terrain" : "t_floor"
    },{
        "type" : "construction",
        "description" : "Carpet Floor Red",
        "category" : "DECORATE",
        "required_skills" : [ [ "fabrication", 1 ] ],
        "time" : 30,
        "qualities": [ [
            { "id": "HAMMER", "level": 2 }
        ] ],
        "components" : [
            [ [ "nail", 5 ] ],
            [ [ "r_carpet", 1 ] ]
          ],
        "pre_terrain" : "t_floor",
        "post_terrain" : "t_carpet_red"
    },{
        "type" : "construction",
        "description" : "Carpet Floor Purple",
        "category" : "DECORATE",
        "required_skills" : [ [ "fabrication", 1 ] ],
        "time" : 30,
        "qualities": [ [
            { "id": "HAMMER", "level": 2 }
        ] ],
        "components" : [
            [ [ "nail", 5 ] ],
            [ [ "p_carpet", 1 ] ]
          ],
        "pre_terrain" : "t_floor",
        "post_terrain" : "t_carpet_purple"
    },{
        "type" : "construction",
        "description" : "Carpet Floor Yellow",
        "category" : "DECORATE",
        "required_skills" : [ [ "fabrication", 1 ] ],
        "time" : 30,
        "qualities": [ [
            { "id": "HAMMER", "level": 2 }
        ] ],
        "components" : [
            [ [ "nail", 5 ] ],
            [ [ "y_carpet", 1 ] ]
          ],
        "pre_terrain" : "t_floor",
        "post_terrain" : "t_carpet_yellow"
    },{
        "type" : "construction",
        "description" : "Carpet Floor Green",
        "category" : "DECORATE",
        "required_skills" : [ [ "fabrication", 1 ] ],
        "time" : 30,
        "qualities": [ [
            { "id": "HAMMER", "level": 2 }
        ] ],
        "components" : [
            [ [ "nail", 5 ] ],
            [ [ "g_carpet", 1 ] ]
          ],
        "pre_terrain" : "t_floor",
        "post_terrain" : "t_carpet_green"
    },{
        "type" : "construction",
        "description" : "Dig Downstair",
        "category" : "DIG",
        "required_skills" : [ [ "fabrication", 5 ], [ "survival", 3 ] ],
        "time" : 420,
        "qualities": [ [ { "id": "AXE", "level": 2 } ],
                       [ { "id": "HAMMER", "level": 2 } ],
                       [ { "id": "DIG", "level": 2 } ]
                       ],
        "tools" : [
            [ [ "pickaxe", -1 ], [ "jackhammer", 30 ], [ "elec_jackhammer", 30 ] ]
        ],
        "components" : [
            [ [ "2x4", 8 ] , [ "log", 8 ] ],
            [ [ "rope_makeshift_30", 1 ], [ "rope_30", 1 ], [ "vine_30", 1 ] ]
        ],
        "pre_flags" : "DIGGABLE",
        "post_special" : "done_dig_stair"
    },{
        "type" : "construction",
        "description" : "Mine Downstair",
        "category" : "DIG",
        "required_skills" : [ [ "fabrication", 6 ], [ "survival", 4 ] ],
        "time" : 480,
        "qualities": [ [ { "id": "AXE", "level": 2 } ],
                       [ { "id": "HAMMER", "level": 2 } ],
                       [ { "id": "DIG", "level": 2 } ]
                       ],
        "tools" : [
            [ [ "pickaxe", -1 ], [ "jackhammer", 30 ], [ "elec_jackhammer", 30 ] ]
        ],
        "components" : [
            [ [ "2x4", 12 ] , [ "log", 12 ] ],
            [ [ "rope_makeshift_30", 1 ], [ "rope_30", 1 ], [ "vine_30", 1 ] ]
        ],
        "pre_special" : "check_down_OK",
        "pre_terrain" : "t_rock_floor",
        "post_special" : "done_mine_downstair"
    },{
        "type" : "construction",
        "description" : "Mine Upstair",
        "category" : "DIG",
        "required_skills" : [ [ "fabrication", 6 ], [ "survival", 4 ] ],
        "time" : 480,
        "qualities": [ [ { "id": "AXE", "level": 2 } ],
                       [ { "id": "HAMMER", "level": 2 } ],
                       [ { "id": "DIG", "level": 2 } ]
                       ],
        "tools" : [
            [ [ "pickaxe", -1 ], [ "jackhammer", 30 ], [ "elec_jackhammer", 30 ] ],
            [ "miner_hat", "hat_hard", "firehelmet", "helmet_ball",
            "helmet_army", "helmet_lobster", "helmet_riot", "tac_helmet",
            "helmet_hsurvivor", "helmet_survivor", "helmet_xlsurvivor", "miner_hat_on"]
        ],
        "//" : "Helmets are essential because you're digging up and things may fall on you.",
        "components" : [
            [ [ "2x4", 12 ] , [ "log", 12 ] ],
            [ [ "rope_makeshift_30", 1 ], [ "rope_30", 1 ], [ "vine_30", 1 ] ]
        ],
        "pre_special" : "check_up_OK",
        "pre_terrain" : "t_rock",
        "post_special" : "done_mine_upstair"
    },{
        "type" : "construction",
        "description" : "Start Vehicle Construction", "//": "Rest of vehicle construction done in the vehicle construction menu",
        "category" : "OTHER",
        "required_skills" : [ [ "mechanics", 0 ] ],
        "time" : 10,
        "//": "no components required, they are filled in at runtime based on the vehicle parts that can be used to start a vehicle",
        "pre_special" : "check_empty",
        "post_special" : "done_vehicle",
        "vehicle_start" : true
    },{
        "type" : "construction",
        "description" : "Build Road Barricade",
        "category" : "OTHER",
        "required_skills" : [ [ "fabrication", 1 ] ],
        "time" : 30,
        "qualities": [ [
            { "id": "HAMMER", "level": 1 }
        ] ],
        "components" : [
            [ [ "2x4",   6 ] ],
            [ [ "nail", 12 ] ]
        ],
        "pre_special" : "check_empty",
        "post_terrain" : "f_barricade_road"
    },{
        "type" : "construction",
        "description" : "Build Pontoon Bridge", "//": "Set up pontoon bridge",
        "category" : "CONSTRUCT",
        "required_skills" : [ [ "fabrication", 5 ] ],
        "time" : 80,
        "qualities": [ [
            { "id": "HAMMER", "level": 2 }, { "id": "SAW_W", "level": 2 }
        ] ],
        "components" : [
            [ [ "2x4",   8 ] ],
            [ [ "rope_makeshift_30", 1 ], [ "rope_30", 1 ], [ "vine_30", 1 ] ],
            [ [ "55gal_drum", 2 ], [ "30gal_drum", 2 ], [ "wooden_barrel", 2 ] ]
        ],
        "pre_terrain" : "t_water_dp",
        "post_terrain" : "t_pontoon_dp"
    },{
        "type" : "construction",
        "description" : "Build Dock/Shallow Bridge", "//": "Set up dock",
        "category" : "CONSTRUCT",
        "required_skills" : [ [ "fabrication", 4 ] ],
        "time" : 80,
        "qualities": [ [
            { "id": "HAMMER", "level": 2 }, { "id": "SAW_W", "level": 2 }
        ] ],
        "components" : [
            [ [ "2x4",   6 ] ],
            [ [ "log", 1 ] ],
            [ [ "nail", 12  ] ]
        ],
        "pre_terrain" : "t_water_sh",
        "post_terrain" : "t_dock"
    },{
        "type" : "construction",
        "description" : "Cut Grass",
        "category" : "OTHER",
        "required_skills" : [ [ "survival", 0 ] ],
        "time" : 6,
        "pre_terrain" : "t_grass_long",
        "post_terrain" : "t_grass",
        "tools": [
        [ [ "scythe", -1 ], [ "sickle", -1 ] ]
        ]
    },{
        "type" : "construction",
        "description" : "Remove Grass",
        "category" : "OTHER",
        "required_skills" : [ [ "survival", 0 ] ],
        "time" : 6,
        "qualities": [ [ { "id": "DIG", "level": 1 } ] ],
        "pre_terrain" : "t_grass",
        "post_terrain" : "t_dirt"
    },{
        "type" : "construction",
        "description" : "Remove Grass",
        "category" : "OTHER",
        "required_skills" : [ [ "survival", 0 ] ],
        "time" : 6,
        "qualities": [ [ { "id": "DIG", "level": 1 } ] ],
        "pre_terrain" : "t_grass_long",
        "post_terrain" : "t_dirt"
    },{
        "type" : "construction",
        "description" : "Remove Grass",
        "category" : "OTHER",
        "required_skills" : [ [ "survival", 0 ] ],
        "time" : 6,
        "qualities": [ [ { "id": "DIG", "level": 1 } ] ],
        "pre_terrain" : "t_grass_dead",
        "post_terrain" : "t_dirt"
    },{
        "type" : "construction",
        "description" : "Remove Grass",
        "category" : "OTHER",
        "required_skills" : [ [ "survival", 0 ] ],
        "time" : 6,
        "qualities": [ [ { "id": "DIG", "level": 1 } ] ],
        "pre_terrain" : "t_grass_golf",
        "post_terrain" : "t_dirt"
    },{
        "type" : "construction",
        "description" : "Remove Grass",
        "category" : "OTHER",
        "required_skills" : [ [ "survival", 0 ] ],
        "time" : 6,
        "qualities": [ [ { "id": "DIG", "level": 1 } ] ],
        "pre_terrain" : "t_grass_white",
        "post_terrain" : "t_dirt"
    },{
        "type" : "construction",
        "description" : "Extract Sand",
        "category" : "OTHER",
        "required_skills" : [ [ "survival", 0 ] ],
        "time" : 30,
        "qualities": [ [ { "id": "DIG", "level": 1 } ] ],
        "pre_terrain" : "t_sand",
        "post_special" : "done_extract_sand"
    },{
        "type" : "construction",
        "description" : "Extract Clay",
        "category" : "OTHER",
        "required_skills" : [ [ "survival", 0 ] ],
        "time" : 30,
        "qualities": [ [ { "id": "DIG", "level": 1 } ] ],
        "pre_terrain" : "t_clay",
        "post_special" : "done_extract_clay"
    },{
        "type" : "construction",
        "description" : "Build Charcoal Kiln",
        "category" : "FURN",
        "required_skills" : [ [ "fabrication", 3 ] ],
        "time" : 120,
        "qualities": [
            [
            { "id": "HAMMER", "level": 2 }
            ],
            [
            { "id": "DIG", "level": 2 }
            ]
            ],
        "components" : [
            [ [ "rock", 40 ] ]
        ],
        "pre_note" : "Can be deconstructed without tools.",
        "pre_special" : "check_empty",
        "post_terrain" : "f_kiln_empty"
    },{
        "type" : "construction",
        "description" : "Build Metal Charcoal Kiln",
        "category" : "FURN",
        "required_skills" : [ [ "fabrication", 3 ] ],
        "time" : 60,
        "qualities": [
            [
            { "id": "HAMMER", "level": 2 }
            ],
            [
            { "id": "SAW_M", "level": 1 }
            ]
            ],
        "components" : [
            [ [ "metal_tank", 4 ] ],
            [ [ "pipe", 4 ] ]
        ],
        "pre_special" : "check_empty",
        "post_terrain" : "f_kiln_metal_empty"
    },{
        "type" : "construction",
        "description" : "Build Smoking Rack",
        "category" : "FURN",
        "required_skills" : [ [ "fabrication", 3 ], [ "cooking", 2 ] ],
        "time" : 90,
        "qualities": [
            [ { "id": "DIG", "level": 1 } ],
            [ { "id": "HAMMER", "level": 2 } ],
            [ { "id": "CUT", "level": 1 } ],
            [ { "id": "SAW_W", "level": 1 } ]
        ],
        "components" : [
            [ [ "stick", 16 ], [ "2x4", 16 ] ],
            [ [ "rock", 8 ] ]
        ],
        "pre_note" : "Can be deconstructed without tools.",
        "pre_special" : "check_empty",
        "post_terrain" : "f_smoking_rack"
    },{
        "type" : "construction",
        "description" : "Build Rock Forge",
        "category" : "FURN",
        "required_skills" : [ [ "fabrication", 5 ] ],
        "time" : 120,
        "qualities": [
            [ { "id": "DIG", "level": 2 } ],
            [ { "id": "HAMMER", "level": 2 } ]
        ],
        "components" : [
            [ [ "rock", 40 ] ]
        ],
        "pre_note" : "Can be deconstructed without tools.",
        "pre_special" : "check_empty",
        "post_terrain" : "f_forge_rock"
    },{
        "type" : "construction",
        "description" : "Build Clay Kiln",
        "category" : "FURN",
        "required_skills" : [ [ "fabrication", 4 ] ],
        "time" : 150,
        "qualities": [
            [ {"id": "HAMMER", "level": 2 } ]
        ],
        "components" : [
            [ [ "rock", 40 ] ],
            [ [ "material_cement", 50 ], [ "mortar_build", 1 ], [ "clay_lump", 12 ] ],
            [ [ "water", 2 ], [ "water_clean", 2 ] ]
        ],
        "pre_note" : "Can be deconstructed without tools.",
        "pre_special" : "check_empty",
        "post_terrain" : "f_clay_kiln"
    },{
        "type" : "construction",
        "description" : "Build Reinforced Glass Window", "//": "Step 1 : metal frame",
        "category" : "CONSTRUCT",
        "required_skills" : [ [ "fabrication", 7 ] ],
        "time" : 90,
        "qualities": [
            [
            { "id": "HAMMER", "level": 2 }
            ],
            [
            { "id": "SAW_M", "level": 1 }
            ]
            ],
        "components" : [
            [ [ "spike", 8 ] ],
            [ [ "steel_chunk", 4 ], [ "scrap", 12 ] ]
        ],
        "pre_special" : "check_empty",
        "post_terrain" : "t_m_frame"
    },{
        "type" : "construction",
        "description" : "Build Reinforced Glass Window", "//": "Step 2 : Reinforced Glass",
        "category" : "CONSTRUCT",
        "required_skills" : [ [ "fabrication", 8 ] ],
        "time" : 150,
        "qualities": [
            [
            { "id": "HAMMER", "level": 2 }
            ],
            [
            { "id": "SAW_M", "level": 1 }
            ]
            ],
        "components" : [
            [["reinforced_glass_sheet", 1]]
        ],
        "pre_terrain" : "t_m_frame",
        "post_terrain" : "t_reinforced_glass"
    },{
        "type" : "construction",
        "description" : "Build Reinforced Glass Window", "//": "Step 3 : Metal shutters",
        "category" : "CONSTRUCT",
        "required_skills" : [ [ "fabrication", 8 ] ],
        "time" : 150,
        "qualities": [
            [
            { "id": "HAMMER", "level": 2 }
            ],
            [
            { "id": "SAW_M", "level": 1 }
            ]
            ],
        "components" : [
            [ [ "steel_plate", 2 ]]
        ],
        "pre_terrain" : "t_reinforced_glass",
        "post_terrain" : "t_reinforced_glass_shutter"
    },{
        "type" : "construction",
        "description" : "Build Root Cellar",
        "category" : "CONSTRUCT",
        "required_skills" : [ [ "survival", 4 ], [ "fabrication", 4 ] ],
        "time" : 130,
        "qualities": [
            [ { "id": "DIG", "level": 2 } ],
            [ { "id": "HAMMER", "level": 2 } ]
        ],
        "components" : [
            [ [ "rock", 40 ], [ "brick", 40] ],
            [ [ "2x4", 6 ], [ "stick", 6 ] ],
            [ [ "withered", 12 ], [ "straw_pile", 12 ] ]
        ],
        "pre_note":  "You need a deep pit to construct a root cellar.",
        "pre_terrain": "t_pit",
        "post_terrain": "t_rootcellar"
    },{
        "type" : "construction",
        "description" : "Mark firewood source",
        "category" : "OTHER",
        "required_skills" : [],
        "time" : 0,
        "pre_special" : "check_no_trap",
        "post_special" : "done_mark_firewood"
    },{
        "type" : "construction",
        "description" : "Build Butchering Rack",
        "category" : "FURN",
        "required_skills" : [ [ "fabrication", 1 ], [ "survival", 3 ] ],
        "time" : 45,
        "qualities": [
            [ { "id": "CUT", "level": 1 } ],
            [ { "id": "SAW_W", "level": 1 } ]
        ],
        "components" : [
            [ [ "stick_long", 6 ], [ "2x4", 6 ] ],
            [ [ "rope_natural_short", 1, "LIST" ], [ "cordage", 2, "LIST" ], [ "wire", 8 ] ],
            [ [ "pointy_stick", 2 ], [ "spike", 2 ] ]
        ],
        "pre_note" : "Can be deconstructed without tools.",
        "pre_special" : "check_empty",
        "post_terrain" : "f_butcher_rack"
    }
]
