[
  {
    "id": "remains_pilot",
    "type": "item_group",
    "subtype": "collection",
    "magazine": 100,
    "ammo": 60,
    "//": "Adjusted mon_zombie_military_pilot_death_drops with bloody remains instead of a corpse.",
    "entries": [
      { "group": "clothing_military_pilot", "prob": 65, "damage-min": 1, "damage-max": 4 },
      { "group": "gear_soldier_sidearm", "prob": 30, "damage-min": 1, "damage-max": 4 },
      { "collection": [ { "group": "guns_pistol_milspec" }, { "item": "holster" } ] },
      { "item": "two_way_radio", "prob": 50, "damage-min": 1, "damage-max": 4 },
      { "item": "adderall", "prob": 40 },
      { "item": "id_military", "prob": 5 },
      { "item": "militarymap", "prob": 10 },
      { "item": "cash_card", "charges-min": 0, "charges-max": 50000 },
      { "group": "mil_food", "prob": 15 },
      { "item": "bone_human", "count": [ 5, 8 ], "prob": 100 },
      { "item": "human_flesh", "count": [ 5, 8 ], "prob": 100 },
      { "item": "hstomach", "prob": 100 },
      { "group": "misc_smoking", "prob": 30 }
    ]
  },
  {
    "id": "remains_soldier",
    "type": "item_group",
    "subtype": "collection",
    "magazine": 100,
    "ammo": 60,
    "//": "Adjusted mon_zombie_soldier_death_drops with bloody remains instead of a corpse and less heavy gear.",
    "entries": [
      {
        "distribution": [
          { "group": "clothing_soldier_set", "prob": 65, "damage-min": 1, "damage-max": 4 },
          { "group": "clothing_soldier_winter_set", "prob": 35, "damage-min": 1, "damage-max": 4 }
        ]
      },
      { "group": "gear_soldier_sidearm", "prob": 30, "damage-min": 1, "damage-max": 4 },
      {
        "collection": [
          {
            "distribution": [
              { "group": "guns_rifle_milspec", "prob": 75, "damage-min": 1, "damage-max": 4 },
              { "group": "guns_shotgun_milspec", "prob": 25, "damage-min": 1, "damage-max": 4 }
            ]
          },
          {
            "distribution": [
              { "item": "red_dot_sight", "prob": 100 },
              { "item": "suppressor", "prob": 100 },
              { "item": "laser_sight", "prob": 50 },
              { "collection": [ { "item": "m320" }, { "group": "ammo_launcher_grenade" } ], "prob": 100 }
            ],
            "prob": 30
          }
        ],
        "prob": 20
      },
      {
        "distribution": [
          { "item": "mask_gas", "prob": 0, "damage-min": 1, "damage-max": 4 },
          { "item": "two_way_radio", "prob": 50 },
          { "item": "grenade", "prob": 5 },
          { "item": "id_military", "prob": 5 },
          { "item": "cash_card", "charges-min": 0, "charges-max": 50000 },
          { "group": "misc_smoking", "prob": 30 }
        ]
      },
      { "item": "bone_human", "count": [ 5, 8 ], "prob": 100 },
      { "item": "human_flesh", "count": [ 5, 8 ], "prob": 100 },
      { "item": "hstomach", "prob": 100 }
    ]
  }
]
