[
  {
    "type" : "item_group",
    "id" : "gunmod_common",
    "//" : "Common gunmods typically owned by citizens and found in many locations.",
    "items": [
      [ "brass_catcher", 100 ],
      [ "improve_sights", 60 ],
      [ "muzzle_brake", 20 ],
      [ "pistol_grip", 30 ],
      [ "rifle_scope", 30 ],
      [ "shoulder_strap", 100 ],
      [ "suppressor", 60 ],
      [ "suppressor_compact", 40 ],
      [ "cheek_pad", 25 ]
    ]
  },
  {
    "type" : "item_group",
    "id" : "gunmod_rare",
    "//" : "Less common gunmods including those only used by police/paramilitary forces.",
    "items": [
      [ "adjustable_stock", 80],
      [ "barrel_ported", 20 ],
      [ "bipod", 20 ],
      [ "folding_stock", 60 ],
      [ "grip", 80 ],
      [ "gun_crossbow", 20 ],
      [ "stabilizer", 10 ],
      [ "laser_sight", 40 ],
      [ "light_grip", 50 ],
      [ "match_trigger", 20 ],
      [ "offset_sights", 40 ],
      [ "pistol_bayonet", 10 ],
      [ "pistol_scope", 10 ],
      [ "pistol_stock", 10 ],
      [ "rail_laser_sight", 40 ],
      [ "red_dot_sight", 70 ],
      [ "recoil_stock", 60 ],
      [ "shot_suppressor", 10 ],
      [ "tuned_mechanism", 20 ],
      [ "u_shotgun", 60 ],
      [ "waterproof_gunmod", 40 ]
    ]
  },
  {
    "type" : "item_group",
    "id" : "gunmod_milspec",
    "//" : "Military specification gunmods found only at military sites.",
    "items": [
      [ "acog_scope", 100 ],
      [ "aux_flamer", 20 ],
      [ "holo_sight", 100 ],
      [ "m203", 30 ],
      [ "m320_mod", 10 ],
      [ "masterkey", 30 ],
      [ "rm121aux", 10 ],
      [ "sword_bayonet", 10 ]
    ]
  },
  {
    "type" : "item_group",
    "id" : "gunmod_archery",
    "//" : "Gunmods for bows and crossbows.",
    "items": [
      [ "arrowrest", 100 ],
      [ "bow_sight", 100 ],
      [ "bow_stabilizer", 100 ]
    ]
  }
]
