[
  {
    "type" : "item_group",
    "id" : "default_vending_machine",
    "entries":[
        { "group": "vending_drink", "prob": 50},
        { "group": "vending_drink", "prob": 50}
    ]
  },{
     "type" : "item_group",
    "subtype" : "collection",
    "id" : "vending_food",
    "entries":[
        { "group": "vending_food_items", "count-min": 5, "count-max": 20 },
        { "group": "vending_food_items", "prob": 66, "count-min": 5, "count-max": 25 },
        { "group": "vending_food_items", "prob": 20, "count-min": 5, "count-max": 25 }
    ]
  },{
    "type" : "item_group",
    "subtype" : "collection",
    "id" : "vending_drink",
    "entries":[
        { "group": "vending_drink_items", "count-min": 5, "count-max": 20 },
        { "group": "vending_drink_items", "prob": 66, "count-min": 5, "count-max": 25 },
        { "group": "vending_drink_items", "prob": 20, "count-min": 5, "count-max": 25 }
    ]
  },{
    "type" : "item_group",
    "subtype" : "collection",
    "id" : "vending_ammo",
    "entries":[
        { "group": "ammo_pistol_common", "count-min": 3, "count-max": 8 },
        { "group": "ammo_rifle_common", "prob": 50, "count-min": 2, "count-max": 6 },
        { "group": "ammo_shotgun_common", "prob": 50, "count-min": 2, "count-max": 6 },
        { "group": "ammo_pistol_rare", "prob": 20, "count-min": 1, "count-max": 2 },
        { "group": "ammo_rifle_rare", "prob": 20, "count-min": 1, "count-max": 2 },
        { "group": "ammo_shotgun_rare", "prob": 20, "count-min": 1, "count-max": 2 }
    ]
  }
]