[
  {
    "id": "SICP",
    "type": "BOOK",
    "name": "SICP",
    "description": "A classic text, \"The Structure and Interpretation of Computer Programs.\" Written with examples in LISP, but applicable to any language.",
    "weight": 1587,
    "volume": 6,
    "price": 7800,
    "bashing": 6,
    "material": [ "paper" ],
    "symbol": "?",
    "color": "blue",
    "skill": "computer",
    "required_level": 5,
    "max_level": 8,
    "intelligence": 13,
    "time": 50,
    "fun": -1
  },
  {
    "id": "computer_science",
    "type": "BOOK",
    "name": "Computer Science 301",
    "name_plural": "Computer Science 301",
    "description": "A college textbook on computer science.",
    "weight": 1587,
    "volume": 7,
    "price": 7900,
    "bashing": 5,
    "material": [ "paper" ],
    "symbol": "?",
    "color": "blue",
    "skill": "computer",
    "required_level": 3,
    "max_level": 5,
    "intelligence": 11,
    "time": 35,
    "fun": -2
  },
  {
    "id": "howto_computer",
    "type": "BOOK",
    "name": "How to Browse the Web",
    "name_plural": "How to Browse the Web",
    "description": "Very beginner-level information about computers.",
    "weight": 454,
    "volume": 3,
    "price": 1700,
    "material": [ "paper" ],
    "symbol": "?",
    "color": "green",
    "skill": "computer",
    "max_level": 2,
    "intelligence": 5,
    "time": 15
  },
  {
    "id": "mag_computer",
    "type": "BOOK",
    "name": "Computer World",
    "name_plural": "Computer World",
    "description": "An informative magazine all about computers, both hardware and software.",
    "weight": 80,
    "volume": 1,
    "price": 450,
    "material": [ "paper" ],
    "symbol": "?",
    "color": "pink",
    "skill": "computer",
    "max_level": 1,
    "intelligence": 5,
    "time": 8
  },
  {
    "id": "manual_computers",
    "type": "BOOK",
    "name": "Computer Science 101",
    "name_plural": "Computer Science 101",
    "//": "College-level textbooks are Cheap at $60.",
    "description": "An entry-level textbook about computers.",
    "weight": 462,
    "volume": 3,
    "price": 5500,
    "material": [ "paper" ],
    "symbol": "?",
    "color": "green",
    "skill": "computer",
    "max_level": 3,
    "intelligence": 5,
    "time": 15
  },
  {
    "id": "textbook_computer",
    "type": "BOOK",
    "name": "Principles of Advanced Programming",
    "name_plural": "Principles of Advanced Programming",
    "description": "A heavy textbook dedicated to advanced-level software design, written for several different programming languages.",
    "weight": 2206,
    "volume": 7,
    "price": 8500,
    "bashing": 5,
    "material": [ "paper" ],
    "symbol": "?",
    "color": "blue",
    "skill": "computer",
    "required_level": 3,
    "max_level": 6,
    "intelligence": 11,
    "time": 35,
    "fun": -2
  }
]
