[
  {
    "id": "mag_guns",
    "type": "BOOK",
    "name": "Guns n Ammo",
    "name_plural": "Guns n Ammo",
    "description": "Reviews of firearms, and various useful tips about their use.",
    "weight": 60,
    "volume": 1,
    "price": 480,
    "material": [ "paper" ],
    "symbol": "?",
    "color": "pink",
    "skill": "gun",
    "max_level": 1,
    "intelligence": 2,
    "time": 7,
    "fun": 1
  },
  {
    "id": "manual_gun",
    "type": "BOOK",
    "name": "The Gun Owner's Handbook",
    "description": "A thick soft-cover book that claims to be a complete guide to safely operating, maintaining, and repairing firearms.",
    "weight": 462,
    "volume": 2,
    "price": 3800,
    "material": [ "paper" ],
    "symbol": "?",
    "color": "green",
    "skill": "gun",
    "max_level": 3,
    "intelligence": 3,
    "time": 15
  },
  {
    "id": "pocket_firearms",
    "type": "BOOK",
    "name": "Pocket Guide to Firearm Safety",
    "name_plural": "Pocket Guides to Firearm Safety",
    "description": "This pocket-sized leather-bound guide to firearm safety combines a wealth of concise information with simple to follow instructions and easy to read illustrations.",
    "weight": 226,
    "volume": 1,
    "price": 4000,
    "material": [ "paper", "leather" ],
    "symbol": "?",
    "color": "green",
    "skill": "gun",
    "max_level": 2,
    "intelligence": 6,
    "time": 20
  }
]
