[
  {
    "abstract": "grenade_canister",
    "type": "GENERIC",
    "category": "weapons",
    "name": "canister grenade",
    "weight": 1058,
    "volume": 1,
    "material": [ "steel" ],
    "symbol": "*",
    "color": "dark_gray",
    "use_action": {
        "type": "countdown",
        "name": "Arm grenade",
        "message": "You pull the pin on the %s."
    },
    "countdown_interval": 5,
    "flags": [ "RADIO_MODABLE", "RADIO_INVOKE_PROC", "BOMB", "GRENADE" ]
  },
  {
    "id": "gasbomb",
    "copy-from": "grenade_canister",
    "type": "GENERIC",
    "name": "tear gas grenade",
    "price": 3600,
    "description": "This is a canister grenade filled with noxious irritant.  Use this item to pull the pin and light the fuse, turning it into an active tear gas grenade.  In five turns it will begin to expel a highly toxic gas for some time.  This gas damages and slows those who enter it, as well as obscuring vision and scent.",
    "countdown_action": {
        "menu_text": "Pull pin",
        "type": "transform",
        "target": "gasbomb_act"
    }
  },
  {
    "id": "gasbomb_act",
    "copy-from": "gasbomb",
    "type": "GENERIC",
    "name": "armed tear gas canister",
    "description": "This smoke bomb has had its pin removed and is expelling highly toxic gas.",
    "emits": [ "emit_tear_gas_stream" ],
    "countdown_interval": 50,
    "countdown_action": {
        "type": "transform",
        "target": "canister_empty"
    },
    "flags": [ "TRADER_AVOID" ]
  },
  {
    "id": "nail_bomb",
    "type": "TOOL",
    "name": "nail bomb",
    "description": "A crude and bulky improvised fragmentation grenade.  Use this item to light the fuse.  You will then have five turns before it explodes; throwing it would be a good idea.",
    "category": "weapons",
    "weight": 470,
    "volume": 2,
    "bashing": 4,
    "to_hit": 1,
    "price": 900,
    "material": ["glass", "iron"],
    "symbol": "*",
    "color": "green",
    "explode_in_fire" : true,
    "explosion" : {
        "power": 12,
        "shrapnel": {
            "count": 40,
            "mass": 4,
            "recovery": 10,
            "drop": "nail"
        }
    },
    "use_action": {
        "type": "countdown",
        "name": "Arm grenade",
        "message": "You light the fuse on the %s."
    },
    "countdown_interval": 5,
    "countdown_destroy": true,
    "countdown_action": {
        "type": "explosion",
        "explosion_power": 5,
        "explosion": {
            "power": 12,
            "shrapnel": {
                "count": 40,
                "mass": 4,
                "recovery": 10,
                "drop": "nail"
            }
        }
    },
    "flags": [ "RADIO_MODABLE", "RADIO_INVOKE_PROC", "BOMB", "NONCONDUCTIVE" ]
  },
  {
    "id": "smokebomb",
    "copy-from": "grenade_canister",
    "type": "GENERIC",
    "name": "smoke bomb",
    "description": "This is a canister grenade filled with a variety of pyrotechnic chemicals.  Use this item to pull the pin and light the fuse, turning it into an active smoke bomb.  Five turns after you do that, it will begin to expel a thick black smoke.  This smoke will slow those who enter it, as well as obscuring vision and scent.",
    "price": 1800,
    "countdown_action": {
        "type": "transform",
        "target": "smokebomb_act"
    }
  },
  {
    "id": "smokebomb_act",
    "copy-from": "smokebomb",
    "type": "GENERIC",
    "name": "armed smoke bomb",
    "description": "This smoke bomb has had its pin removed and is expelling thick smoke.",
    "emits": [ "emit_smoke_stream" ],
    "countdown_interval": 100,
    "countdown_action": {
        "type": "transform",
        "target": "canister_empty"
    },
    "flags": [ "TRADER_AVOID" ]
  }
]
