[
  {
    "type": "mapgen",
    "method": "json",
    "om_terrain": [ "basement" ],
    "weight": 250,
    "object": {
      "rotation": [ 0, 3 ],
      "rows": [
        "|----|                  ",
        "|...i|                  ",
        "|&...|                  ",
        "|....|                  ",
        "|--+--------------------",
        "|............fffrrrrrrc|",
        "|......................|",
        "|...........ccccccccccc|",
        "|......................|",
        "|..asssssc............a|",
        "|........s.......pp....|",
        "|c...tt..s.......pp....|",
        "|c...tt..s.......pp...a|",
        "|........a.............|",
        "|......................|",
        "|b.....................|",
        "|b........|++|.........|",
        "|b........|..|.........|",
        "|bbbbbbbbb|<<|.........|",
        "------------------------",
        "                        ",
        "                        ",
        "                        ",
        "                        "
      ],
      "palettes": [
        "basement_game"
      ],
      "place_loot": [
        { "group": "alcohol", "x": [ 16, 20 ], "y": 5, "chance": 96 },
        { "group": "fridgesnacks", "x": [ 13, 20 ], "y": 5, "chance": 80 },
        { "group": "pool_table", "x": [ 17, 18 ], "y": [ 10, 12 ], "chance": 90 },
        { "group": "homebooks", "x": [ 1, 9 ], "y": 18, "chance": 70 },
        { "group": "homebooks", "x": 1, "y": [ 15, 18 ], "chance": 70 },
        { "group": "magazines", "x": [ 6, 7 ], "y": 15, "chance": 30 }
      ],
      "place_monsters": [
        { "monster": "GROUP_ZOMBIE", "x": [ 2, 23 ], "y": [ 5, 19 ], "chance": 2 }
      ]
    }
  },
  {
    "type": "mapgen",
    "method": "json",
    "om_terrain": [ "basement" ],
    "weight": 250,
    "object": {
      "rotation": [ 0, 3 ],
      "rows": [
        "|----|                  ",
        "|...i|                  ",
        "|&...|                  ",
        "|....|                  ",
        "|--+--------------------",
        "|............fffrrrrrrc|",
        "|......................|",
        "|...........ccccccccccc|",
        "|......................|",
        "|..asssssc............a|",
        "|........s.......pp....|",
        "|c...tt..s.......pp....|",
        "|c...tt..s.......pp...a|",
        "|........a.............|",
        "|......................|",
        "|b.............aaaaaa..|",
        "|b........|++|--------+|",
        "|b........|..|.........|",
        "|bbbbbbbbb|<<|ccccwcccd|",
        "------------------------",
        "                        ",
        "                        ",
        "                        ",
        "                        "
      ],
      "palettes": [
        "basement_game"
      ],
      "place_loot": [
        { "group": "alcohol", "x": [ 16, 20 ], "y": 5, "chance": 96 },
        { "group": "fridgesnacks", "x": [ 13, 20 ], "y": 5, "chance": 80 },
        { "group": "pool_table", "x": [ 17, 18 ], "y": [ 10, 12 ], "chance": 90 },
        { "group": "homebooks", "x": [ 1, 9 ], "y": 18, "chance": 70 },
        { "group": "homebooks", "x": 1, "y": [ 15, 18 ], "chance": 70 },
        { "group": "magazines", "x": [ 6, 7 ], "y": 15, "chance": 30 },
        { "group": "dresser", "x": 18, "y": 18, "chance": 80 },
        { "group": "dresser", "x": 22, "y": 18, "chance": 80 },
        { "group": "cleaning", "x": [ 14, 18 ], "y": 18, "chance": 80 }
      ],
      "place_monsters": [
        { "monster": "GROUP_ZOMBIE", "x": [ 2, 23 ], "y": [ 5, 19 ], "chance": 2 }
      ]
    }
  },
  {
    "type": "mapgen",
    "method": "json",
    "om_terrain": [ "basement" ],
    "weight": 250,
    "object": {
      "rotation": [ 0, 3 ],
      "rows": [
        "|----|                  ",
        "|...i|                  ",
        "|&...|                  ",
        "|....|                  ",
        "|--+--------------------",
        "|............fffrrrrrrc|",
        "|......................|",
        "|...........ccccccccccc|",
        "|......................|",
        "|..ssssssc............a|",
        "|........s.......pp....|",
        "|c...tt..s.......pp....|",
        "|c...tt..s.......pp...a|",
        "|........s.............|",
        "|......................|",
        "|......................|",
        "|..ttttt..|++|.........|",
        "|.........|..|.........|",
        "|.caaaaac.|<<|.........|",
        "------------------------",
        "                        ",
        "                        ",
        "                        ",
        "                        "
      ],
      "palettes": [
        "basement_game"
      ],
      "place_loot": [
        { "group": "alcohol", "x": [ 16, 20 ], "y": 5, "chance": 96 },
        { "group": "fridgesnacks", "x": [ 13, 20 ], "y": 5, "chance": 80 },
        { "group": "pool_table", "x": [ 17, 18 ], "y": [ 10, 12 ], "chance": 90 },
        { "group": "livingroom", "x": [ 9, 23 ], "y": [ 5, 15 ], "chance": 60 }
      ],
      "place_monsters": [
        { "monster": "GROUP_ZOMBIE", "x": [ 2, 23 ], "y": [ 5, 19 ], "chance": 2 }
      ]
    }
  },
  {
    "type": "mapgen",
    "method": "json",
    "om_terrain": [ "basement" ],
    "weight": 250,
    "object": {
      "rotation": [ 0, 3 ],
      "rows": [
        "|----|                  ",
        "|...i|                  ",
        "|&...|                  ",
        "|....|                  ",
        "|--+--------------------",
        "|............fffrrrrrrc|",
        "|......................|",
        "|...........ccccccccccc|",
        "|......................|",
        "|..ssssssc............a|",
        "|........s.......pp....|",
        "|c...tt..s.......pp....|",
        "|c...tt..s.......pp...a|",
        "|........s.............|",
        "|......................|",
        "|..............aaaaaa..|",
        "|..ttttt..|++|--------+|",
        "|.........|..|.........|",
        "|.caaaaac.|<<|ccccwcccd|",
        "------------------------",
        "                        ",
        "                        ",
        "                        ",
        "                        "
      ],
      "palettes": [
        "basement_game"
      ],
      "place_loot": [
        { "group": "alcohol", "x": [ 16, 20 ], "y": 5, "chance": 96 },
        { "group": "fridgesnacks", "x": [ 13, 20 ], "y": 5, "chance": 80 },
        { "group": "pool_table", "x": [ 17, 18 ], "y": [ 10, 12 ], "chance": 90 },
        { "group": "livingroom", "x": [ 9, 23 ], "y": [ 5, 15 ], "chance": 60 },
        { "group": "dresser", "x": 18, "y": 18, "chance": 80 },
        { "group": "dresser", "x": 22, "y": 18, "chance": 80 },
        { "group": "cleaning", "x": [ 14, 18 ], "y": 18, "chance": 80 }
      ],
      "place_monsters": [
        { "monster": "GROUP_ZOMBIE", "x": [ 2, 23 ], "y": [ 5, 19 ], "chance": 2 }
      ]
    }
  }
]
