[
  {
    "id": "mon_zombie_test",
    "type": "MONSTER",
    "name": "テスト用ゾンビ",
    "description": "特殊攻撃のテスト用ゾンビです。",
    "default_faction": "zombie",
    "categories": [ "CLASSIC" ],
    "species": [ "ZOMBIE", "HUMAN" ],
    "diff": 3,
    "size": "MEDIUM",
    "hp": 80,
    "speed": 70,
    "material": [ "flesh" ],
    "symbol": "Z",
    "color": "light_green",
    "aggression": 100,
    "morale": 100,
    "melee_skill": 4,
    "melee_dice": 2,
    "melee_dice_sides": 3,
    "melee_cut": 0,
    "vision_night": 3,
    "special_attacks": [ [ "SAY_HELLO", 1 ] ],
    "death_drops": "default_zombie_death_drops",
    "death_function": [ "NORMAL" ],
    "burn_into": "mon_zombie_scorched",
    "upgrades": { "half_life": 28, "into_group": "GROUP_ZOMBIE_UPGRADE" },
    "flags": [
      "SEES",
      "HEARS",
      "SMELLS",
      "STUMBLES",
      "WARM",
      "BASHES",
      "GROUP_BASH",
      "POISON",
      "BLEED",
      "NO_BREATHE",
      "REVIVES",
      "BONES",
      "PUSH_MON"
    ]
  }
]
