[
  {
    "type": "furniture",
    "id": "f_hay",
    "name": "hay",
    "description": "A bale of hay.  You could sleep on it, if desperate.",
    "symbol": "#",
    "bgcolor": "brown",
    "move_cost_mod": 3,
    "required_str": 6,
    "flags": [ "TRANSPARENT", "CONTAINER", "FLAMMABLE_ASH", "ORGANIC", "MOUNTABLE", "SHORT" ],
    "bash": {
      "str_min": 1,
      "str_max": 12,
      "sound": "whish!",
      "sound_fail": "whish.",
      "items": [ { "item": "straw_pile", "count": [ 6, 10 ] }, { "item": "rope_6", "count": [ 1, 3 ] } ]
    }
  },
  {
    "type": "furniture",
    "id": "f_woodchips",
    "name": "pile of woodchips",
    "symbol": "X",
    "description": "Pile of chipped wood pieces.  You can move it with a shovel.",
    "color": "brown",
    "move_cost_mod": 6,
    "max_volume": 3000,
    "required_str": -1,
    "flags": [ "TRANSPARENT", "UNSTABLE", "ROUGH", "PLACE_ITEM", "MOUNTABLE", "CONTAINER", "SEALED", "ALLOW_FIELD_EFFECT", "TINY" ],
    "examine_action": "rubble"
  },
  {
    "type": "furniture",
    "id": "f_rubble",
    "name": "pile of rubble",
    "symbol": "^",
    "description": "Pile of various metals, bricks, and other building materials.  You could clear it with a shovel.",
    "color": "light_gray",
    "move_cost_mod": 6,
    "max_volume": 3000,
    "required_str": -1,
    "flags": [ "TRANSPARENT", "UNSTABLE", "ROUGH", "PLACE_ITEM", "MOUNTABLE", "CONTAINER", "SEALED", "ALLOW_FIELD_EFFECT", "TINY" ],
    "examine_action": "rubble"
  },
  {
    "type": "furniture",
    "id": "f_rubble_rock",
    "name": "pile of rocky rubble",
    "description": "Pile of rocks.  Useless.",
    "symbol": "^",
    "color": "dark_gray",
    "move_cost_mod": 6,
    "max_volume": 3000,
    "required_str": -1,
    "flags": [ "TRANSPARENT", "UNSTABLE", "ROUGH", "PLACE_ITEM", "MOUNTABLE", "CONTAINER", "SEALED", "ALLOW_FIELD_EFFECT", "SHORT" ],
    "examine_action": "rubble"
  },
  {
    "type": "furniture",
    "id": "f_rubble_landfill",
    "name": "pile of trashy rubble",
    "description": "Trash topped with dirt and grass, it smells gross and but another mans trash...",
    "symbol": "#",
    "color": "green",
    "move_cost_mod": 8,
    "max_volume": 3000,
    "required_str": -1,
    "flags": [ "TRANSPARENT", "UNSTABLE", "PLACE_ITEM", "MOUNTABLE", "CONTAINER", "SEALED", "ALLOW_FIELD_EFFECT", "SHORT" ],
    "examine_action": "rubble"
  },
  {
    "type": "furniture",
    "id": "f_wreckage",
    "name": "metal wreckage",
    "description": "Pile of various bent and twisted metals.",
    "symbol": "#",
    "color": "cyan",
    "move_cost_mod": 6,
    "max_volume": 3000,
    "required_str": -1,
    "flags": [ "TRANSPARENT", "UNSTABLE", "ROUGH", "SHARP", "PLACE_ITEM", "MOUNTABLE",
      "CONTAINER", "SEALED", "ALLOW_FIELD_EFFECT", "SHORT" ],
    "examine_action": "rubble"
  },
  {
    "type": "furniture",
    "id": "f_ash",
    "name": "pile of ash",
    "symbol": "#",
    "description": "Some ash, from wood or possibly bodies.",
    "color": "light_gray",
    "move_cost_mod": 0,
    "required_str": -1,
    "flags": [ "TRANSPARENT", "NOCOLLIDE", "CONTAINER", "SEALED", "PLACE_ITEM" ],
    "examine_action": "rubble"
  },
  {
    "type": "furniture",
    "id": "f_barricade_road",
    "name": "road barricade",
    "symbol": "#",
    "bgcolor": "yellow",
    "description": "A road barricade.  For barricading roads.",
    "move_cost_mod": -1,
    "required_str": 5,
    "flags": [ "CLIMB_SIMPLE", "TRANSPARENT", "FLAMMABLE_ASH", "ORGANIC", "MOUNTABLE", "THIN_OBSTACLE", "CLIMBABLE", "PERMEABLE" ],
    "examine_action": "chainfence",
    "deconstruct": { "items": [ { "item": "2x4", "count": 6 }, { "item": "nail", "charges": [ 6, 8 ] } ] },
    "bash": {
      "str_min": 3,
      "str_max": 40,
      "sound": "smash!",
      "sound_fail": "whump.",
      "items": [ { "item": "2x4", "count": [ 2, 6 ] }, { "item": "nail", "charges": [ 4, 8 ] }, { "item": "splinter", "count": 1 } ]
    }
  },
  {
    "type": "furniture",
    "id": "f_sandbag_half",
    "name": "sandbag barricade",
    "symbol": "#",
    "bgcolor": "brown",
    "description": "A sandbag, typically used for blocking bullets.",
    "move_cost_mod": -1,
    "required_str": -1,
    "flags": [ "CLIMB_SIMPLE", "TRANSPARENT", "MOUNTABLE", "BLOCKSDOOR", "SHORT",
      "EASY_DECONSTRUCT", "THIN_OBSTACLE", "CLIMBABLE", "PERMEABLE" ],
    "examine_action": "chainfence",
    "deconstruct": { "items": [ { "item": "bag_canvas", "count": 2 }, { "item": "material_sand", "charges": 20 } ] },
    "bash": {
      "str_min": 12,
      "str_max": 60,
      "sound": "rrrip!",
      "sound_fail": "whump.",
      "items": [ { "item": "bag_canvas", "count": [ 1, 2 ] }, { "item": "material_sand", "charges": [ 5, 20 ] } ]
    }
  },
  {
    "type": "furniture",
    "id": "f_sandbag_wall",
    "name": "sandbag wall",
    "symbol": "#",
    "bgcolor": "brown",
    "move_cost_mod": -1,
    "description": "A few stacked sandbags.",
    "required_str": -1,
    "flags": [ "NOITEM", "BLOCKSDOOR", "EASY_DECONSTRUCT" ],
    "deconstruct": {
      "items": [ { "item": "bag_canvas", "count": 4 }, { "item": "material_sand", "charges": 40 } ],
      "furn_set": "f_sandbag_half"
    },
    "bash": {
      "str_min": 24,
      "str_max": 80,
      "sound": "rrrip!",
      "sound_fail": "whump.",
      "furn_set": "f_sandbag_half",
      "items": [ { "item": "bag_canvas", "count": [ 1, 4 ] }, { "item": "material_sand", "charges": [ 10, 40 ] } ]
    }
  },
  {
    "type": "furniture",
    "id": "f_bulletin",
    "name": "bulletin board",
    "description": "Pin some notes for other survivors to read.",
    "symbol": "6",
    "color": "blue",
    "move_cost_mod": -1,
    "required_str": -1,
    "flags": [ "FLAMMABLE", "NOITEM", "ORGANIC" ],
    "examine_action": "bulletin_board",
    "deconstruct": { "items": [ { "item": "2x4", "count": 4 }, { "item": "nail", "charges": [ 4, 8 ] } ] },
    "bash": {
      "str_min": 3,
      "str_max": 40,
      "sound": "crunch!",
      "sound_fail": "whump.",
      "items": [
        { "item": "2x4", "count": [ 0, 3 ] },
        { "item": "nail", "charges": [ 4, 6 ] },
        { "item": "splinter", "count": [ 1, 4 ] }
      ]
    }
  },
  {
    "type": "furniture",
    "id": "f_indoor_plant",
    "name": "indoor plant",
    "symbol": "^",
    "color": "green",
    "move_cost_mod": 2,
    "description": "A variety of plant, used for decoration.",
    "required_str": 5,
    "max_volume": 2000,
    "flags": [ "CONTAINER", "FLAMMABLE_ASH", "PLACE_ITEM", "ORGANIC", "TINY", "TRANSPARENT" ],
    "bash": {
      "str_min": 2,
      "str_max": 18,
      "sound": "smash!",
      "sound_fail": "whump.",
      "items": [
        { "item": "withered", "prob": 50 },
        { "item": "wrapper", "prob": 50 },
        { "item": "can_drink_unsealed", "prob": 50 },
        { "item": "bag_plastic", "prob": 50 },
        { "item": "ceramic_shard", "count": [ 1, 3 ] },
        { "item": "cig_butt", "prob": 50 }
      ]
    }
  },
  {
    "type": "furniture",
    "id": "f_indoor_plant_y",
    "name": "yellow indoor plant",
    "description": "A variety of plant for decoration.  It's yellow.",
    "symbol": "^",
    "color": "yellow",
    "move_cost_mod": 2,
    "required_str": 5,
    "max_volume": 2000,
    "flags": [ "CONTAINER", "FLAMMABLE_ASH", "PLACE_ITEM", "ORGANIC", "TINY", "TRANSPARENT" ],
    "bash": {
      "str_min": 2,
      "str_max": 18,
      "sound": "smash!",
      "sound_fail": "whump.",
      "items": [
        { "item": "withered", "prob": 50 },
        { "item": "wrapper", "prob": 50 },
        { "item": "can_drink_unsealed", "prob": 50 },
        { "item": "bag_plastic", "prob": 50 },
        { "item": "ceramic_shard", "count": [ 1, 3 ] },
        { "item": "cig_butt", "prob": 50 }
      ]
    }
  },
  {
    "type": "furniture",
    "id": "f_bed",
    "name": "bed",
    "symbol": "#",
    "description": "Quite comfortable to sleep in.",
    "color": "magenta",
    "move_cost_mod": 3,
    "required_str": -1,
    "deconstruct": {
      "items": [ { "item": "2x4", "count": 12 }, { "item": "blanket", "count": 2 }, { "item": "nail", "charges": [ 8, 10 ] } ]
    },
    "max_volume": 4000,
    "flags": [ "TRANSPARENT", "FLAMMABLE_ASH", "PLACE_ITEM", "ORGANIC", "MOUNTABLE" ],
    "bash": {
      "str_min": 12,
      "str_max": 40,
      "sound": "crunch!",
      "sound_fail": "whump.",
      "items": [
        { "item": "2x4", "count": [ 5, 8 ] },
        { "item": "nail", "charges": [ 6, 8 ] },
        { "item": "splinter", "count": [ 3, 6 ] },
        { "item": "rag", "count": [ 40, 55 ] }
      ]
    }
  },
  {
    "type": "furniture",
    "id": "f_toilet",
    "name": "toilet",
    "symbol": "&",
    "color": "white",
    "description": "Emergency water source, from the tank, and provider of relief.",
    "move_cost_mod": 2,
    "required_str": -1,
    "flags": [ "TRANSPARENT", "FLAMMABLE_HARD", "MOUNTABLE", "LIQUIDCONT" ],
    "examine_action": "toilet",
    "bash": {
      "str_min": 8,
      "str_max": 30,
      "sound": "porcelain breaking!",
      "sound_fail": "whunk!",
      "items": [ { "item": "cu_pipe", "prob": 50 }, { "item": "ceramic_shard", "count": [ 2, 8 ] } ]
    }
  },
  {
    "type": "furniture",
    "id": "f_makeshift_bed",
    "name": "makeshift bed",
    "symbol": "#",
    "description": "Not as comfortable as a real bed, but it will suffice.",
    "color": "magenta",
    "move_cost_mod": 3,
    "required_str": 10,
    "deconstruct": {
      "items": [ { "item": "2x4", "count": 4 }, { "item": "rag", "count": [ 30, 35 ] }, { "item": "nail", "charges": [ 4, 6 ] } ]
    },
    "max_volume": 4000,
    "flags": [ "TRANSPARENT", "FLAMMABLE_ASH", "ORGANIC", "MOUNTABLE", "SHORT" ],
    "bash": {
      "str_min": 8,
      "str_max": 30,
      "sound": "crunch!",
      "sound_fail": "whump.",
      "items": [
        { "item": "2x4", "count": [ 1, 3 ] },
        { "item": "nail", "charges": [ 2, 6 ] },
        { "item": "splinter", "count": [ 1, 4 ] },
        { "item": "rag", "count": [ 20, 30 ] }
      ]
    }
  },
  {
    "type": "furniture",
    "id": "f_straw_bed",
    "name": "straw bed",
    "symbol": "#",
    "description": "Kinda itches when you lay on it.",
    "color": "magenta",
    "move_cost_mod": 3,
    "required_str": -1,
    "deconstruct": { "items": [ { "item": "2x4", "count": 4 }, { "item": "straw_pile", "count": [ 7, 8 ] } ] },
    "max_volume": 4000,
    "flags": [ "TRANSPARENT", "FLAMMABLE_ASH", "ORGANIC", "MOUNTABLE", "SHORT", "EASY_DECONSTRUCT" ],
    "bash": {
      "str_min": 6,
      "str_max": 20,
      "sound": "crunch!",
      "sound_fail": "whump.",
      "items": [
        { "item": "2x4", "count": [ 2, 3 ] },
        { "item": "straw_pile", "count": [ 7, 8 ] },
        { "item": "splinter", "count": [ 1, 2 ] }
      ]
    }
  },
  {
    "type": "furniture",
    "id": "f_sink",
    "name": "sink",
    "symbol": "&",
    "description": "Emergency relief provider.  Water isn't running, so no water.",
    "color": "white",
    "move_cost_mod": 2,
    "required_str": -1,
    "flags": [ "TRANSPARENT", "FLAMMABLE_HARD", "CONTAINER", "PLACE_ITEM", "MOUNTABLE" ],
    "bash": {
      "str_min": 8,
      "str_max": 30,
      "sound": "porcelain breaking!",
      "sound_fail": "whunk!",
      "items": [
        { "item": "cu_pipe", "prob": 50 },
        { "item": "water_faucet", "prob": 50 },
        { "item": "ceramic_shard", "count": [ 2, 8 ] }
      ]
    }
  },
  {
    "type": "furniture",
    "id": "f_oven",
    "name": "oven",
    "symbol": "#",
    "description": "Used for heating and cooking food with electricity.  Doesn't look like it's working, although it still has parts.",
    "color": "dark_gray",
    "move_cost_mod": 2,
    "required_str": 10,
    "flags": [ "PLACE_ITEM", "TRANSPARENT", "FIRE_CONTAINER", "CONTAINER", "BLOCKSDOOR", "MOUNTABLE" ],
    "deconstruct": {
      "items": [
        { "item": "sheet_metal", "count": [ 2, 6 ] },
        { "item": "scrap", "count": [ 2, 6 ] },
        { "item": "steel_chunk", "count": [ 2, 3 ] },
        { "item": "element", "count": [ 1, 4 ] },
        { "item": "cable", "charges": [ 1, 3 ] },
        { "item": "pilot_light", "count": 1 }
      ]
    },
    "max_volume": 4000,
    "bash": {
      "str_min": 8,
      "str_max": 30,
      "sound": "metal screeching!",
      "sound_fail": "clang!",
      "items": [
        { "item": "scrap", "count": [ 0, 6 ] },
        { "item": "steel_chunk", "count": [ 0, 3 ] },
        { "item": "element", "count": [ 1, 3 ] },
        { "item": "sheet_metal", "count": [ 2, 6 ] },
        { "item": "cable", "charges": [ 1, 3 ] },
        { "item": "pilot_light", "count": 1 }
      ]
    }
  },
  {
    "type": "furniture",
    "id": "f_woodstove",
    "name": "wood stove",
    "symbol": "#",
    "bgcolor": "red",
    "description": "Wood stove for heating and cooking.  Much more effective than an open flame.",
    "move_cost_mod": 2,
    "required_str": 10,
    "max_volume": 4000,
    "flags": [ "TRANSPARENT", "CONTAINER", "FIRE_CONTAINER", "SUPPRESS_SMOKE", "PLACE_ITEM", "MOUNTABLE" ],
    "bash": {
      "str_min": 8,
      "str_max": 30,
      "sound": "metal screeching!",
      "sound_fail": "clang!",
      "items": [ { "item": "scrap", "count": [ 3, 6 ] }, { "item": "pipe", "prob": 50 } ]
    },
    "deconstruct": { "items": [ { "item": "metal_tank", "count": 1 }, { "item": "pipe", "count": 1 } ] }
  },
  {
    "type": "furniture",
    "id": "f_fireplace",
    "name": "fireplace",
    "symbol": "#",
    "description": "Ah.  The relaxation of sitting in front of a fire as the world around you crumbles.",
    "bgcolor": "white",
    "move_cost_mod": 2,
    "required_str": -1,
    "flags": [ "TRANSPARENT", "CONTAINER", "FIRE_CONTAINER", "SUPPRESS_SMOKE", "PLACE_ITEM" ],
    "bash": {
      "str_min": 30,
      "str_max": 210,
      "sound": "crash!",
      "sound_fail": "whump!",
      "items": [ { "item": "rock", "count": [ 15, 30 ] } ]
    }
  },
  {
    "type": "furniture",
    "id": "f_shower",
    "name": "shower",
    "symbol": "~",
    "description": "You would be able to clean yourself if water was running.",
    "color": "white",
    "move_cost_mod": 0,
    "required_str": -1,
    "flags": [ "TRANSPARENT", "FLAMMABLE_HARD", "CONTAINER", "PLACE_ITEM", "BLOCKSDOOR" ],
    "bash": {
      "str_min": 6,
      "str_max": 30,
      "sound": "porcelain breaking!",
      "sound_fail": "whunk!",
      "sound_vol": 16,
      "sound_fail_vol": 12,
      "items": [
        { "item": "cu_pipe", "count": [ 0, 2 ] },
        { "item": "scrap_copper", "count": [ 0, 2 ] },
        { "item": "ceramic_shard", "count": [ 2, 6 ] },
        { "item": "glass_shard", "count": [ 1, 2 ] }
      ]
    }
  },
  {
    "type": "furniture",
    "id": "f_bathtub",
    "name": "bathtub",
    "symbol": "~",
    "description": "You could lay in and take a soothing bath.  Only if water was running.",
    "color": "white",
    "move_cost_mod": 2,
    "required_str": -1,
    "flags": [ "TRANSPARENT", "FLAMMABLE_HARD", "CONTAINER", "PLACE_ITEM", "BLOCKSDOOR", "MOUNTABLE" ],
    "bash": {
      "str_min": 12,
      "str_max": 50,
      "sound": "porcelain breaking!",
      "sound_fail": "whunk!",
      "items": [
        { "item": "cu_pipe", "prob": 50 },
        { "item": "water_faucet", "prob": 50 },
        { "item": "ceramic_shard", "count": [ 6, 18 ] }
      ]
    }
  },
  {
    "type": "furniture",
    "id": "f_stool",
    "name": "stool",
    "symbol": "#",
    "looks_like": "f_chair",
    "description": "Sit down, have a drink.",
    "color": "brown",
    "move_cost_mod": 1,
    "required_str": 3,
    "flags": [ "TRANSPARENT", "FLAMMABLE_ASH", "ORGANIC", "MOUNTABLE" ],
    "deconstruct": { "items": [ { "item": "2x4", "count": 3 }, { "item": "nail", "charges": [ 2, 6 ] } ] },
    "max_volume": 3500,
    "bash": {
      "str_min": 6,
      "str_max": 20,
      "sound": "smash!",
      "sound_fail": "whump.",
      "items": [ { "item": "2x4", "count": 1 }, { "item": "nail", "charges": [ 1, 5 ] }, { "item": "splinter", "count": 3 } ]
    }
  },
  {
    "type": "furniture",
    "id": "f_chair",
    "name": "chair",
    "symbol": "#",
    "description": "Sit down, have a drink.",
    "color": "brown",
    "move_cost_mod": 1,
    "required_str": 4,
    "flags": [ "TRANSPARENT", "FLAMMABLE_ASH", "ORGANIC", "MOUNTABLE" ],
    "deconstruct": { "items": [ { "item": "2x4", "count": 4 }, { "item": "nail", "charges": [ 6, 8 ] } ] },
    "max_volume": 4000,
    "bash": {
      "str_min": 6,
      "str_max": 20,
      "sound": "smash!",
      "sound_fail": "whump.",
      "items": [ { "item": "2x4", "count": [ 1, 3 ] }, { "item": "nail", "charges": [ 2, 6 ] }, { "item": "splinter", "count": 1 } ]
    }
  },
  {
    "type": "furniture",
    "id": "f_armchair",
    "name": "arm chair",
    "symbol": "H",
    "description": "A more comfortable way of sitting down.",
    "color": "green",
    "move_cost_mod": 1,
    "required_str": 7,
    "deconstruct": {
      "items": [ { "item": "2x4", "count": 10 }, { "item": "rag", "count": [ 30, 33 ] }, { "item": "nail", "charges": [ 6, 8 ] } ]
    },
    "max_volume": 4000,
    "flags": [ "TRANSPARENT", "FLAMMABLE_ASH", "ORGANIC", "MOUNTABLE" ],
    "bash": {
      "str_min": 12,
      "str_max": 40,
      "sound": "smash!",
      "sound_fail": "whump.",
      "items": [
        { "item": "2x4", "count": [ 1, 3 ] },
        { "item": "nail", "charges": [ 2, 6 ] },
        { "item": "splinter", "count": 1 },
        { "item": "rag", "count": [ 20, 30 ] }
      ]
    }
  },
  {
    "type": "furniture",
    "id": "f_sofa",
    "name": "sofa",
    "symbol": "H",
    "description": "Lay down OR sit down!  Perfect!",
    "bgcolor": "red",
    "move_cost_mod": 1,
    "required_str": 10,
    "deconstruct": {
      "items": [ { "item": "2x4", "count": 12 }, { "item": "rag", "count": [ 30, 33 ] }, { "item": "nail", "charges": [ 8, 10 ] } ]
    },
    "max_volume": 4000,
    "flags": [ "TRANSPARENT", "FLAMMABLE_ASH", "ORGANIC", "BLOCKSDOOR", "MOUNTABLE" ],
    "bash": {
      "str_min": 12,
      "str_max": 40,
      "sound": "smash!",
      "sound_fail": "whump.",
      "items": [
        { "item": "2x4", "count": [ 2, 5 ] },
        { "item": "nail", "charges": [ 3, 8 ] },
        { "item": "splinter", "count": [ 1, 2 ] },
        { "item": "rag", "count": [ 20, 30 ] }
      ]
    }
  },
  {
    "type": "furniture",
    "id": "f_cupboard",
    "name": "cupboard",
    "symbol": "#",
    "description": "Store your cups.",
    "color": "blue",
    "move_cost_mod": 1,
    "required_str": -1,
    "flags": [ "TRANSPARENT", "FLAMMABLE_ASH", "CONTAINER", "PLACE_ITEM", "ORGANIC", "MOUNTABLE" ],
    "deconstruct": { "items": [ { "item": "2x4", "count": 3 }, { "item": "nail", "charges": [ 6, 8 ] } ] },
    "max_volume": 4000,
    "bash": {
      "str_min": 8,
      "str_max": 30,
      "sound": "smash!",
      "sound_fail": "whump.",
      "items": [ { "item": "2x4", "count": [ 1, 3 ] }, { "item": "nail", "charges": [ 2, 6 ] }, { "item": "splinter", "count": 1 } ]
    }
  },
  {
    "type": "furniture",
    "id": "f_trashcan",
    "name": "trash can",
    "symbol": "&",
    "description": "One man's trash is another mans dinner.",
    "color": "light_cyan",
    "move_cost_mod": 1,
    "required_str": 5,
    "max_volume": 4000,
    "flags": [ "TRANSPARENT", "FLAMMABLE_ASH", "CONTAINER", "PLACE_ITEM", "MOUNTABLE", "SHORT" ],
    "bash": {
      "str_min": 8,
      "str_max": 30,
      "sound": "smash!",
      "sound_fail": "whump.",
      "items": [ { "item": "plastic_chunk", "count": [ 1, 2 ] } ]
    }
  },
  {
    "type": "furniture",
    "id": "f_recycle_bin",
    "name": "recycle bin",
    "description": "Stores items for recycling.",
    "symbol": "{",
    "color": "light_green",
    "move_cost_mod": -1,
    "required_str": 5,
    "max_volume": 4000,
    "flags": [ "TRANSPARENT", "FLAMMABLE_ASH", "CONTAINER", "PLACE_ITEM", "MOUNTABLE", "SHORT" ],
    "bash": {
      "str_min": 8,
      "str_max": 30,
      "sound": "smash!",
      "sound_fail": "whump.",
      "items": [ { "item": "plastic_chunk", "count": [ 2, 7 ] }, { "item": "pipe", "count": [ 1, 2 ] } ]
    }
  },
  {
    "type": "furniture",
    "id": "f_desk",
    "name": "desk",
    "symbol": "#",
    "description": "Sit down at it, and, if up to, work on it.",
    "color": "light_red",
    "move_cost_mod": 1,
    "required_str": 8,
    "flags": [ "TRANSPARENT", "FLAMMABLE_ASH", "CONTAINER", "PLACE_ITEM", "ORGANIC", "MOUNTABLE", "FLAT_SURF" ],
    "deconstruct": { "items": [ { "item": "2x4", "count": 4 }, { "item": "nail", "charges": [ 6, 10 ] } ] },
    "max_volume": 4000,
    "bash": {
      "str_min": 12,
      "str_max": 40,
      "sound": "smash!",
      "sound_fail": "whump.",
      "items": [ { "item": "2x4", "count": [ 1, 3 ] }, { "item": "nail", "charges": [ 2, 6 ] }, { "item": "splinter", "count": 1 } ]
    }
  },
  {
    "type": "furniture",
    "id": "f_exercise",
    "name": "exercise machine",
    "symbol": "T",
    "description": "Typically used for, well, exercising.  You're not up for it.",
    "color": "dark_gray",
    "move_cost_mod": 1,
    "required_str": 8,
    "flags": [ "TRANSPARENT" ],
    "deconstruct": {
      "items": [
        { "item": "pipe", "count": 1 },
        { "item": "steel_chunk", "count": 1 },
        { "item": "scrap", "count": [ 2, 6 ] },
        { "item": "lead", "charges": [ 1000, 2000 ] }
      ]
    },
    "bash": {
      "str_min": 18,
      "str_max": 60,
      "sound": "metal screeching!",
      "sound_fail": "clang!",
      "items": [
        { "item": "scrap", "count": [ 2, 6 ] },
        { "item": "steel_chunk", "prob": 50 },
        { "item": "pipe", "count": 1 },
        { "item": "lead", "charges": [ 1000, 2000 ] }
      ]
    }
  },
  {
    "type": "furniture",
    "id": "f_ball_mach",
    "name": "ball machine",
    "description": "Remember when baseball was a thing?",
    "symbol": "T",
    "color": "dark_gray",
    "move_cost_mod": 1,
    "required_str": -1,
    "flags": [ "TRANSPARENT" ],
    "bash": {
      "str_min": 18,
      "str_max": 60,
      "sound": "metal screeching!",
      "sound_fail": "clang!",
      "items": [ { "item": "scrap", "count": [ 2, 6 ] }, { "item": "steel_chunk", "prob": 50 }, { "item": "pipe", "count": 1 } ]
    }
  },
  {
    "type": "furniture",
    "id": "f_bench",
    "name": "bench",
    "symbol": "#",
    "description": "Hobo bed.  Use at your own risk.",
    "color": "brown",
    "move_cost_mod": 1,
    "required_str": 8,
    "flags": [ "TRANSPARENT", "FLAMMABLE_ASH", "ORGANIC", "MOUNTABLE", "SHORT" ],
    "max_volume": 4000,
    "deconstruct": { "items": [ { "item": "2x4", "count": 4 }, { "item": "nail", "charges": [ 6, 10 ] } ] },
    "bash": {
      "str_min": 12,
      "str_max": 40,
      "sound": "smash!",
      "sound_fail": "whump.",
      "items": [ { "item": "2x4", "count": [ 1, 3 ] }, { "item": "nail", "charges": [ 2, 6 ] }, { "item": "splinter", "count": 1 } ]
    }
  },
  {
    "type": "furniture",
    "id": "f_lane",
    "name": "lane guard",
    "description": "Used to be used for keeping traffic.",
    "symbol": "#",
    "color": "brown",
    "move_cost_mod": 1,
    "required_str": -1,
    "flags": [ "TRANSPARENT", "FLAMMABLE_ASH", "ORGANIC", "MOUNTABLE", "SHORT" ],
    "bash": {
      "str_min": 6,
      "str_max": 30,
      "sound": "smash!",
      "sound_fail": "whump.",
      "items": [ { "item": "2x4", "count": [ 1, 3 ] }, { "item": "nail", "charges": [ 2, 6 ] }, { "item": "splinter", "count": 1 } ]
    }
  },
  {
    "type": "furniture",
    "id": "f_table",
    "name": "table",
    "description": "Sit down when you eat!",
    "symbol": "#",
    "color": "red",
    "move_cost_mod": 2,
    "required_str": 8,
    "max_volume": 4000,
    "flags": [ "TRANSPARENT", "FLAMMABLE", "ORGANIC", "MOUNTABLE", "SHORT", "FLAT_SURF" ],
    "deconstruct": { "items": [ { "item": "2x4", "count": 6 }, { "item": "nail", "charges": [ 6, 8 ] } ] },
    "bash": {
      "str_min": 12,
      "str_max": 50,
      "sound": "smash!",
      "sound_fail": "whump.",
      "items": [ { "item": "2x4", "count": [ 2, 6 ] }, { "item": "nail", "charges": [ 4, 8 ] }, { "item": "splinter", "count": 1 } ]
    }
  },
  {
    "type": "furniture",
    "id": "f_rack_coat",
    "name": "coat rack",
    "description": "A hooked rack for hanging jackets.",
    "symbol": "Y",
    "color": "brown",
    "move_cost_mod": -1,
    "required_str": 6,
    "flags": [ "TRANSPARENT", "FLAMMABLE", "PLACE_ITEM", "BLOCKSDOOR", "MOUNTABLE" ],
    "deconstruct": { "items": [ { "item": "nail", "charges": [ 2, 6 ] }, { "item": "2x4", "count": 2 } ] },
    "max_volume": 1000,
    "bash": {
      "str_min": 6,
      "str_max": 30,
      "sound": "smash!",
      "sound_fail": "whump.",
      "items": [ { "item": "splinter", "count": [ 3, 8 ] }, { "item": "nail", "charges": [ 1, 3 ] }, { "item": "2x4", "count": 1 } ]
    }
  },
  {
    "type": "furniture",
    "id": "f_sign",
    "name": "sign",
    "symbol": "P",
    "description": "Read it.  Warnings ahead.",
    "color": "brown",
    "examine_action": "sign",
    "move_cost_mod": 1,
    "required_str": -1,
    "flags": [ "TRANSPARENT", "FLAMMABLE_ASH", "ORGANIC", "MOUNTABLE" ],
    "deconstruct": { "items": [ { "item": "2x4", "count": 3 }, { "item": "nail", "charges": [ 2, 5 ] } ] },
    "bash": {
      "str_min": 6,
      "str_max": 40,
      "sound": "smash!",
      "sound_fail": "whump.",
      "items": [ { "item": "2x4", "count": [ 1, 2 ] }, { "item": "nail", "charges": [ 2, 4 ] }, { "item": "splinter", "count": 2 } ]
    }
  },
  {
    "type": "furniture",
    "id": "f_mailbox",
    "name": "mailbox",
    "symbol": "P",
    "description": "A box, for mail.",
    "color": "light_gray",
    "move_cost_mod": 1,
    "required_str": -1,
    "flags": [ "TRANSPARENT", "FLAMMABLE_HARD", "CONTAINER", "PLACE_ITEM", "MOUNTABLE" ],
    "deconstruct": { "items": [ { "item": "2x4", "count": 2 }, { "item": "nail", "charges": [ 2, 5 ] } ] },
    "max_volume": 300,
    "bash": {
      "str_min": 6,
      "str_max": 40,
      "sound": "smash!",
      "sound_fail": "whump.",
      "items": [ { "item": "2x4", "count": 1 }, { "item": "nail", "charges": [ 1, 5 ] }, { "item": "splinter", "count": 2 } ]
    }
  },
  {
    "type": "furniture",
    "id": "f_pool_table",
    "name": "pool table",
    "symbol": "#",
    "description": "A good-looking pool table.  You wish you learned how to play.",
    "color": "green",
    "move_cost_mod": 2,
    "required_str": -1,
    "max_volume": 4000,
    "flags": [ "TRANSPARENT", "FLAMMABLE", "ORGANIC", "MOUNTABLE", "SHORT", "FLAT_SURF" ],
    "deconstruct": { "items": [ { "item": "2x4", "count": 4 }, { "item": "rag", "count": 4 }, { "item": "nail", "charges": [ 6, 10 ] } ] },
    "bash": {
      "str_min": 12,
      "str_max": 50,
      "sound": "smash!",
      "sound_fail": "whump.",
      "items": [
        { "item": "2x4", "count": [ 2, 6 ] },
        { "item": "nail", "charges": [ 4, 12 ] },
        { "item": "splinter", "count": 1 },
        { "item": "rag", "count": [ 0, 2 ] }
      ]
    }
  },
  {
    "type": "furniture",
    "id": "f_counter",
    "name": "counter",
    "description": "Affixed to the wall or found in kitchens or stores.",
    "symbol": "#",
    "color": "blue",
    "move_cost_mod": 2,
    "required_str": 10,
    "flags": [ "TRANSPARENT", "FLAMMABLE", "ORGANIC", "MOUNTABLE", "SHORT", "FLAT_SURF" ],
    "deconstruct": { "items": [ { "item": "2x4", "count": 6 }, { "item": "nail", "charges": [ 6, 8 ] } ] },
    "max_volume": 4000,
    "bash": {
      "str_min": 12,
      "str_max": 40,
      "sound": "smash!",
      "sound_fail": "whump.",
      "items": [ { "item": "2x4", "count": [ 2, 6 ] }, { "item": "nail", "charges": [ 4, 8 ] }, { "item": "splinter", "count": 1 } ]
    }
  },
  {
    "type": "furniture",
    "id": "f_fridge",
    "name": "refrigerator",
    "symbol": "{",
    "description": "Freeze your food with the amazing science of electricity!  Oh wait, none is flowing.",
    "color": "light_cyan",
    "move_cost_mod": -1,
    "required_str": 10,
    "flags": [ "CONTAINER", "PLACE_ITEM", "BLOCKSDOOR" ],
    "deconstruct": {
      "items": [
        { "item": "scrap", "count": [ 2, 8 ] },
        { "item": "steel_chunk", "count": [ 2, 3 ] },
        { "item": "hose", "count": 1 },
        { "item": "cu_pipe", "count": [ 2, 5 ] }
      ]
    },
    "max_volume": 7000,
    "bash": {
      "str_min": 18,
      "str_max": 50,
      "sound": "metal screeching!",
      "sound_fail": "clang!",
      "items": [
        { "item": "scrap", "count": [ 2, 8 ] },
        { "item": "steel_chunk", "count": [ 0, 3 ] },
        { "item": "hose", "count": 1 },
        { "item": "cu_pipe", "count": [ 2, 5 ] },
        { "item": "scrap_copper", "count": [ 1, 2 ] }
      ]
    }
  },
  {
    "type": "furniture",
    "id": "f_glass_fridge",
    "name": "glass door fridge",
    "symbol": "{",
    "color": "light_cyan",
    "description": "Wow!  See INTO your fridge before you open it!",
    "move_cost_mod": -1,
    "required_str": 10,
    "flags": [ "PLACE_ITEM", "BLOCKSDOOR" ],
    "deconstruct": {
      "items": [
        { "item": "scrap", "count": [ 2, 6 ] },
        { "item": "steel_chunk", "count": [ 2, 3 ] },
        { "item": "hose", "count": 1 },
        { "item": "glass_sheet", "count": 1 },
        { "item": "cu_pipe", "count": [ 3, 6 ] }
      ]
    },
    "max_volume": 7000,
    "bash": {
      "str_min": 12,
      "str_max": 50,
      "sound": "metal screeching!",
      "sound_fail": "clang!",
      "items": [
        { "item": "scrap", "count": [ 2, 8 ] },
        { "item": "steel_chunk", "count": [ 0, 3 ] },
        { "item": "hose", "count": 1 },
        { "item": "cu_pipe", "count": [ 1, 4 ] },
        { "item": "scrap_copper", "count": [ 0, 2 ] },
        { "item": "glass_shard", "count": [ 3, 6 ] }
      ]
    }
  },
  {
    "type": "furniture",
    "id": "f_dresser",
    "name": "dresser",
    "symbol": "{",
    "description": "Dress yourself for the prom, or other occasions.",
    "color": "brown",
    "move_cost_mod": -1,
    "required_str": 8,
    "flags": [ "TRANSPARENT", "CONTAINER", "FLAMMABLE", "PLACE_ITEM", "ORGANIC", "BLOCKSDOOR", "MOUNTABLE" ],
    "deconstruct": { "items": [ { "item": "2x4", "count": 6 }, { "item": "nail", "charges": [ 6, 8 ] } ] },
    "max_volume": 8000,
    "bash": {
      "str_min": 12,
      "str_max": 40,
      "sound": "smash!",
      "sound_fail": "whump.",
      "items": [ { "item": "2x4", "count": [ 2, 6 ] }, { "item": "nail", "charges": [ 4, 8 ] }, { "item": "splinter", "count": 1 } ]
    }
  },
  {
    "type": "furniture",
    "id": "f_locker",
    "name": "locker",
    "symbol": "{",
    "description": "Usually used for storing equipment or items.",
    "color": "light_gray",
    "move_cost_mod": -1,
    "required_str": 9,
    "flags": [ "CONTAINER", "PLACE_ITEM", "BLOCKSDOOR" ],
    "deconstruct": { "items": [ { "item": "sheet_metal", "count": [ 1, 2 ] }, { "item": "pipe", "count": [ 4, 8 ] } ] },
    "max_volume": 8000,
    "bash": {
      "str_min": 12,
      "str_max": 40,
      "sound": "metal screeching!",
      "sound_fail": "clang!",
      "items": [ { "item": "scrap", "count": [ 2, 8 ] }, { "item": "steel_chunk", "count": [ 0, 3 ] }, { "item": "pipe", "count": 1 } ]
    }
  },
  {
    "type": "furniture",
    "id": "f_rack",
    "name": "display rack",
    "description": "Display your items.",
    "symbol": "{",
    "color": "light_gray",
    "move_cost_mod": -1,
    "required_str": 8,
    "flags": [ "TRANSPARENT", "FLAMMABLE_HARD", "PLACE_ITEM", "BLOCKSDOOR", "MOUNTABLE" ],
    "deconstruct": { "items": [ { "item": "pipe", "count": [ 6, 12 ] }, { "item": "sheet_metal", "count": [ 1, 2 ] } ] },
    "max_volume": 7000,
    "bash": {
      "str_min": 6,
      "str_max": 30,
      "sound": "metal screeching!",
      "sound_fail": "clang!",
      "items": [ { "item": "scrap", "count": [ 2, 8 ] }, { "item": "steel_chunk", "count": [ 0, 3 ] }, { "item": "pipe", "count": 1 } ]
    }
  },
  {
    "type": "furniture",
    "id": "f_bookcase",
    "name": "book case",
    "symbol": "{",
    "description": "Stores books.  Y'know, Those things.  Who reads books anymore?",
    "color": "brown",
    "move_cost_mod": -1,
    "required_str": 9,
    "flags": [ "FLAMMABLE", "PLACE_ITEM", "ORGANIC", "BLOCKSDOOR" ],
    "deconstruct": { "items": [ { "item": "2x4", "count": 12 }, { "item": "nail", "charges": [ 12, 16 ] } ] },
    "max_volume": 8000,
    "bash": {
      "str_min": 6,
      "str_max": 40,
      "sound": "smash!",
      "sound_fail": "whump.",
      "items": [ { "item": "2x4", "count": [ 2, 6 ] }, { "item": "nail", "charges": [ 4, 12 ] }, { "item": "splinter", "count": 1 } ]
    }
  },
  {
    "type": "furniture",
    "id": "f_washer",
    "name": "washing machine",
    "description": "You could wash your dirty clothes if electricity was running.",
    "symbol": "{",
    "bgcolor": "white",
    "move_cost_mod": -1,
    "required_str": 12,
    "max_volume": 4000,
    "flags": [ "CONTAINER", "PLACE_ITEM", "BLOCKSDOOR", "FLAT_SURF" ],
    "deconstruct": {
      "items": [
        { "item": "pipe", "count": 1 },
        { "item": "scrap", "count": [ 2, 6 ] },
        { "item": "steel_chunk", "count": [ 1, 3 ] },
        { "item": "sheet_metal", "count": [ 2, 6 ] },
        { "item": "cable", "charges": [ 1, 15 ] },
        { "item": "hose", "count": [ 1, 2 ] },
        { "item": "cu_pipe", "count": [ 2, 5 ] }
      ]
    },
    "bash": {
      "str_min": 18,
      "str_max": 50,
      "sound": "metal screeching!",
      "sound_fail": "clang!",
      "items": [
        { "item": "scrap", "count": [ 2, 7 ] },
        { "item": "steel_chunk", "count": [ 0, 3 ] },
        { "item": "sheet_metal", "count": [ 2, 6 ] },
        { "item": "cable", "charges": [ 1, 15 ] },
        { "item": "hose", "count": [ 0, 2 ] },
        { "item": "cu_pipe", "count": [ 1, 4 ] },
        { "item": "scrap_copper", "count": [ 0, 2 ] }
      ]
    }
  },
  {
    "type": "furniture",
    "id": "f_dryer",
    "name": "dryer",
    "description": "Dry your clothes!",
    "symbol": "{",
    "bgcolor": "white",
    "move_cost_mod": -1,
    "required_str": 12,
    "max_volume": 4000,
    "flags": [ "CONTAINER", "PLACE_ITEM", "BLOCKSDOOR", "FLAT_SURF" ],
    "deconstruct": {
      "items": [
        { "item": "scrap", "count": [ 2, 6 ] },
        { "item": "steel_chunk", "count": [ 1, 3 ] },
        { "item": "element", "count": [ 2, 3 ] },
        { "item": "sheet_metal", "count": [ 2, 6 ] },
        { "item": "cable", "charges": [ 1, 15 ] },
        { "item": "cu_pipe", "count": [ 1, 3 ] }
      ]
    },
    "bash": {
      "str_min": 18,
      "str_max": 50,
      "sound": "metal screeching!",
      "sound_fail": "clang!",
      "items": [
        { "item": "scrap", "count": [ 0, 6 ] },
        { "item": "steel_chunk", "count": [ 0, 3 ] },
        { "item": "element", "count": [ 1, 3 ] },
        { "item": "sheet_metal", "count": [ 2, 6 ] },
        { "item": "cable", "charges": [ 1, 15 ] }
      ]
    }
  },
  {
    "type": "furniture",
    "id": "f_bigmirror",
    "name": "standing mirror",
    "symbol": "{",
    "description": "Lookin' good- is that blood?",
    "color": "white",
    "move_cost_mod": 2,
    "required_str": 5,
    "flags": [ "NOITEM", "BLOCKSDOOR" ],
    "bash": {
      "str_min": 5,
      "str_max": 16,
      "sound": "glass breaking",
      "sound_fail": "whack!",
      "sound_vol": 16,
      "furn_set": "f_bigmirror_b",
      "items": [ { "item": "glass_shard", "count": [ 3, 6 ] } ]
    }
  },
  {
    "type": "furniture",
    "id": "f_bigmirror_b",
    "name": "broken standing mirror",
    "description": "You could look at yourself, if the mirror wasn't covered in cracks and fractures.",
    "symbol": "{",
    "color": "light_gray",
    "move_cost_mod": 2,
    "required_str": 5,
    "flags": [ "NOITEM", "BLOCKSDOOR" ],
    "bash": {
      "str_min": 8,
      "str_max": 30,
      "sound": "metal screeching!",
      "sound_fail": "clang!",
      "items": [ { "item": "scrap", "count": [ 2, 4 ] } ]
    }
  },
  {
    "type": "furniture",
    "id": "f_vending_c",
    "name": "vending machine",
    "symbol": "{",
    "description": "Buy stuff with a cash card.",
    "color": "light_cyan",
    "move_cost_mod": -1,
    "required_str": 12,
    "flags": [ "SEALED", "PLACE_ITEM", "ALARMED", "CONTAINER", "BLOCKSDOOR" ],
    "examine_action": "vending",
    "bash": {
      "str_min": 20,
      "str_max": 40,
      "sound": "glass breaking!",
      "sound_fail": "whack!",
      "sound_vol": 16,
      "sound_fail_vol": 12,
      "furn_set": "f_vending_o",
      "items": [ { "item": "glass_shard", "count": [ 3, 6 ] } ]
    }
  },
  {
    "type": "furniture",
    "id": "f_vending_o",
    "name": "broken vending machine",
    "description": "Ponder if you could buy stuff, as it's broken.",
    "symbol": "{",
    "color": "dark_gray",
    "move_cost_mod": -1,
    "required_str": 12,
    "flags": [ "PLACE_ITEM", "CONTAINER", "BLOCKSDOOR" ],
    "bash": {
      "str_min": 30,
      "str_max": 50,
      "sound": "metal screeching!",
      "sound_fail": "clang!",
      "items": [
        { "item": "scrap", "count": [ 2, 8 ] },
        { "item": "steel_chunk", "count": [ 0, 3 ] },
        { "item": "hose", "count": 1 },
        { "item": "cu_pipe", "count": [ 1, 4 ] },
        { "item": "scrap_copper", "count": [ 0, 2 ] }
      ]
    }
  },
  {
    "type": "furniture",
    "id": "f_dumpster",
    "name": "dumpster",
    "description": "Stores your trash.",
    "symbol": "{",
    "color": "green",
    "move_cost_mod": -1,
    "required_str": 16,
    "flags": [ "CONTAINER", "PLACE_ITEM", "BLOCKSDOOR" ],
    "bash": {
      "str_min": 8,
      "str_max": 45,
      "sound": "metal screeching!",
      "sound_fail": "clang!",
      "items": [
        { "item": "scrap", "count": [ 2, 8 ] },
        { "item": "steel_chunk", "count": [ 1, 3 ] },
        { "item": "pipe", "count": [ 1, 2 ] }
      ]
    }
  },
  {
    "type": "furniture",
    "id": "f_dive_block",
    "name": "diving block",
    "description": "Jump!  Jump!  Dive!",
    "symbol": "O",
    "color": "light_gray",
    "move_cost_mod": -1,
    "required_str": 16,
    "flags": [ "TRANSPARENT", "MOUNTABLE" ],
    "bash": {
      "str_min": 8,
      "str_max": 40,
      "sound": "metal screeching!",
      "sound_fail": "clang!",
      "items": [ { "item": "plastic_chunk", "count": [ 2, 4 ] }, { "item": "pipe", "count": [ 0, 2 ] } ]
    }
  },
  {
    "type": "furniture",
    "id": "f_coffin_c",
    "name": "coffin",
    "description": "Holds the bodies of the countless you kill.",
    "symbol": "0",
    "bgcolor": "brown",
    "move_cost_mod": -1,
    "required_str": 14,
    "flags": [
      "TRANSPARENT",
      "CONTAINER",
      "SEALED",
      "ALLOW_FIELD_EFFECT",
      "FLAMMABLE",
      "PLACE_ITEM",
      "ORGANIC",
      "MOUNTABLE",
      "SHORT",
      "FLAT_SURF"
    ],
    "deconstruct": {
      "items": [ { "item": "2x4", "count": 12 }, { "item": "nail", "charges": [ 12, 24 ] }, { "item": "rag", "count": [ 15, 20 ] } ]
    },
    "max_volume": 4000,
    "bash": {
      "str_min": 12,
      "str_max": 40,
      "sound": "smash!",
      "sound_fail": "wham!",
      "items": [
        { "item": "2x4", "count": [ 1, 5 ] },
        { "item": "splinter", "count": [ 2, 6 ] },
        { "item": "nail", "charges": [ 2, 10 ] },
        { "item": "rag", "count": [ 8, 12 ] }
      ]
    }
  },
  {
    "type": "furniture",
    "id": "f_coffin_o",
    "name": "open coffin",
    "description": "Look at the bodies of the countless you've killed.",
    "symbol": "O",
    "bgcolor": "brown",
    "move_cost_mod": -1,
    "required_str": 12,
    "flags": [ "TRANSPARENT", "CONTAINER", "FLAMMABLE", "PLACE_ITEM", "ORGANIC", "MOUNTABLE", "SHORT" ],
    "deconstruct": {
      "items": [ { "item": "2x4", "count": 12 }, { "item": "nail", "charges": [ 12, 24 ] }, { "item": "rag", "count": [ 15, 20 ] } ]
    },
    "max_volume": 4000,
    "bash": {
      "str_min": 12,
      "str_max": 40,
      "sound": "smash!",
      "sound_fail": "wham!",
      "items": [
        { "item": "2x4", "count": [ 1, 5 ] },
        { "item": "splinter", "count": [ 2, 6 ] },
        { "item": "nail", "charges": [ 2, 10 ] },
        { "item": "rag", "count": [ 8, 12 ] }
      ]
    }
  },
  {
    "type": "furniture",
    "id": "f_crate_c",
    "name": "crate",
    "description": "What's inside?  Find out!",
    "symbol": "X",
    "bgcolor": "brown",
    "move_cost_mod": -1,
    "required_str": 12,
    "flags": [
      "TRANSPARENT",
      "CONTAINER",
      "SEALED",
      "ALLOW_FIELD_EFFECT",
      "FLAMMABLE",
      "PLACE_ITEM",
      "ORGANIC",
      "MOUNTABLE",
      "SHORT"
    ],
    "examine_action": "crate",
    "deconstruct": { "items": [ { "item": "2x4", "count": 4 }, { "item": "nail", "charges": [ 6, 10 ] } ] },
    "max_volume": 4000,
    "bash": {
      "str_min": 12,
      "str_max": 40,
      "sound": "smash!",
      "sound_fail": "wham!",
      "items": [ { "item": "2x4", "count": [ 1, 5 ] }, { "item": "nail", "charges": [ 2, 10 ] } ]
    }
  },
  {
    "type": "furniture",
    "id": "f_crate_o",
    "name": "open crate",
    "description": "What's inside?  Look in it!",
    "symbol": "O",
    "bgcolor": "brown",
    "move_cost_mod": -1,
    "required_str": 10,
    "flags": [ "TRANSPARENT", "CONTAINER", "FLAMMABLE", "PLACE_ITEM", "ORGANIC", "MOUNTABLE", "SHORT" ],
    "deconstruct": { "items": [ { "item": "2x4", "count": 4 }, { "item": "nail", "charges": [ 6, 10 ] } ] },
    "max_volume": 4000,
    "bash": {
      "str_min": 12,
      "str_max": 40,
      "sound": "smash!",
      "sound_fail": "wham!",
      "items": [ { "item": "2x4", "count": [ 1, 5 ] }, { "item": "nail", "charges": [ 2, 10 ] } ]
    }
  },
  {
    "type": "furniture",
    "id": "f_canvas_wall",
    "name": "canvas wall",
    "symbol": "#",
    "color": "blue",
    "move_cost_mod": -1,
    "required_str": -1,
    "flags": [ "FLAMMABLE_HARD", "NOITEM" ],
    "bash": {
      "str_min": 1,
      "str_max": 8,
      "sound": "rrrrip!",
      "sound_fail": "slap!",
      "sound_vol": 8,
      "tent_centers": [ "f_groundsheet", "f_fema_groundsheet", "f_skin_groundsheet" ]
    }
  },
  {
    "type": "furniture",
    "id": "f_large_canvas_wall",
    "name": "canvas wall",
    "symbol": "#",
    "color": "blue",
    "move_cost_mod": -1,
    "required_str": -1,
    "flags": [ "FLAMMABLE_HARD", "NOITEM" ],
    "bash": {
      "str_min": 1,
      "str_max": 8,
      "sound": "rrrrip!",
      "sound_fail": "slap!",
      "sound_vol": 8,
      "collapse_radius": 2,
      "tent_centers": [ "f_center_groundsheet" ]
    }
  },
  {
    "type": "furniture",
    "id": "f_canvas_door",
    "name": "canvas flap",
    "symbol": "+",
    "color": "blue",
    "move_cost_mod": -1,
    "required_str": -1,
    "flags": [ "FLAMMABLE_HARD", "NOITEM", "DOOR" ],
    "open": "f_canvas_door_o",
    "bash": {
      "str_min": 1,
      "str_max": 8,
      "sound": "rrrrip!",
      "sound_fail": "slap!",
      "sound_vol": 8,
      "tent_centers": [ "f_groundsheet", "f_fema_groundsheet", "f_skin_groundsheet" ]
    }
  },
  {
    "type": "furniture",
    "id": "f_canvas_door_o",
    "name": "open canvas flap",
    "symbol": ".",
    "color": "blue",
    "move_cost_mod": 0,
    "required_str": -1,
    "flags": [ "TRANSPARENT" ],
    "close": "f_canvas_door",
    "bash": {
      "str_min": 1,
      "str_max": 8,
      "sound": "rrrrip!",
      "sound_fail": "slap!",
      "sound_vol": 8,
      "tent_centers": [ "f_groundsheet", "f_fema_groundsheet", "f_skin_groundsheet", "f_center_groundsheet" ]
    }
  },
  {
    "type": "furniture",
    "id": "f_large_canvas_door",
    "name": "canvas flap",
    "symbol": "+",
    "color": "blue",
    "move_cost_mod": -1,
    "required_str": -1,
    "flags": [ "FLAMMABLE_HARD", "NOITEM", "DOOR" ],
    "open": "f_large_canvas_door_o",
    "bash": {
      "str_min": 1,
      "str_max": 8,
      "sound": "rrrrip!",
      "sound_fail": "slap!",
      "sound_vol": 8,
      "collapse_radius": 2,
      "tent_centers": [ "f_center_groundsheet" ]
    }
  },
  {
    "type": "furniture",
    "id": "f_large_canvas_door_o",
    "name": "open canvas flap",
    "symbol": ".",
    "color": "blue",
    "move_cost_mod": 0,
    "required_str": -1,
    "flags": [ "TRANSPARENT" ],
    "close": "f_canvas_door",
    "bash": {
      "str_min": 1,
      "str_max": 8,
      "sound": "rrrrip!",
      "sound_fail": "slap!",
      "sound_vol": 8,
      "collapse_radius": 2,
      "tent_centers": [ "f_center_groundsheet" ]
    }
  },
  {
    "type": "furniture",
    "id": "f_groundsheet",
    "name": "groundsheet",
    "symbol": ";",
    "color": "green",
    "move_cost_mod": 0,
    "required_str": -1,
    "flags": [ "TRANSPARENT", "INDOORS", "NOCOLLIDE" ],
    "examine_action": "portable_structure",
    "bash": {
      "str_min": 1,
      "str_max": 8,
      "sound": "rrrrip!",
      "sound_fail": "slap!",
      "sound_vol": 8,
      "items": [ { "item": "broketent" } ],
      "tent_centers": [ "f_groundsheet", "f_fema_groundsheet", "f_skin_groundsheet" ]
    }
  },
  {
    "type": "furniture",
    "id": "f_large_groundsheet",
    "name": "groundsheet",
    "symbol": ";",
    "color": "green",
    "move_cost_mod": 0,
    "required_str": -1,
    "flags": [ "TRANSPARENT", "INDOORS", "NOCOLLIDE" ],
    "bash": {
      "str_min": 1,
      "str_max": 8,
      "sound": "rrrrip!",
      "sound_fail": "slap!",
      "sound_vol": 8,
      "collapse_radius": 2,
      "tent_centers": [ "f_center_groundsheet" ]
    }
  },
  {
    "type": "furniture",
    "id": "f_center_groundsheet",
    "name": "groundsheet",
    "symbol": ";",
    "color": "green",
    "move_cost_mod": 0,
    "required_str": -1,
    "flags": [ "TRANSPARENT", "INDOORS", "NOCOLLIDE" ],
    "examine_action": "portable_structure",
    "bash": {
      "str_min": 1,
      "str_max": 8,
      "sound": "rrrrip!",
      "sound_fail": "slap!",
      "sound_vol": 8,
      "collapse_radius": 2,
      "items": [ { "item": "largebroketent" } ],
      "tent_centers": [ "f_center_groundsheet" ]
    }
  },
  {
    "type": "furniture",
    "id": "f_fema_groundsheet",
    "name": "groundsheet",
    "symbol": ";",
    "color": "green",
    "move_cost_mod": 0,
    "required_str": -1,
    "flags": [ "TRANSPARENT", "INDOORS", "ORGANIC", "NOCOLLIDE" ],
    "bash": {
      "str_min": 1,
      "str_max": 8,
      "sound": "rrrrip!",
      "sound_fail": "slap!",
      "sound_vol": 8,
      "tent_centers": [ "f_groundsheet", "f_fema_groundsheet", "f_skin_groundsheet" ]
    }
  },
  {
    "type": "furniture",
    "id": "f_skin_wall",
    "name": "animalskin wall",
    "symbol": "#",
    "description": "Wall made out of animal skin.  Either an amazing or horrifying sight.",
    "color": "brown",
    "move_cost_mod": -1,
    "required_str": -1,
    "flags": [ "FLAMMABLE_HARD", "NOITEM" ],
    "bash": {
      "str_min": 1,
      "str_max": 8,
      "sound": "rrrrip!",
      "sound_fail": "slap!",
      "sound_vol": 8,
      "tent_centers": [ "f_groundsheet", "f_fema_groundsheet", "f_skin_groundsheet" ]
    }
  },
  {
    "type": "furniture",
    "id": "f_skin_door",
    "name": "animalskin flap",
    "symbol": "+",
    "color": "white",
    "move_cost_mod": -1,
    "required_str": -1,
    "flags": [ "FLAMMABLE_HARD", "NOITEM" ],
    "open": "f_skin_door_o",
    "bash": {
      "str_min": 1,
      "str_max": 8,
      "sound": "rrrrip!",
      "sound_fail": "slap!",
      "sound_vol": 8,
      "tent_centers": [ "f_groundsheet", "f_fema_groundsheet", "f_skin_groundsheet" ]
    }
  },
  {
    "type": "furniture",
    "id": "f_skin_door_o",
    "name": "open animalskin flap",
    "symbol": ".",
    "color": "white",
    "move_cost_mod": 0,
    "required_str": -1,
    "flags": [ "TRANSPARENT" ],
    "close": "f_skin_door",
    "bash": {
      "str_min": 1,
      "str_max": 8,
      "sound": "rrrrip!",
      "sound_fail": "slap!",
      "sound_vol": 8,
      "tent_centers": [ "f_groundsheet", "f_fema_groundsheet", "f_skin_groundsheet" ]
    }
  },
  {
    "type": "furniture",
    "id": "f_skin_groundsheet",
    "name": "animalskin floor",
    "symbol": ";",
    "color": "brown",
    "move_cost_mod": 0,
    "required_str": -1,
    "flags": [ "TRANSPARENT", "INDOORS", "NOCOLLIDE" ],
    "examine_action": "portable_structure",
    "bash": {
      "str_min": 1,
      "str_max": 8,
      "sound": "rrrrip!",
      "sound_fail": "slap!",
      "sound_vol": 8,
      "items": [ { "item": "damaged_shelter_kit" } ],
      "tent_centers": [ "f_groundsheet", "f_fema_groundsheet", "f_skin_groundsheet" ]
    }
  },
  {
    "type": "furniture",
    "id": "f_mutpoppy",
    "name": "mutated poppy flower",
    "symbol": "f",
    "color": "red",
    "move_cost_mod": 0,
    "required_str": -1,
    "flags": [ "TRANSPARENT", "TINY", "FLAMMABLE_ASH" ],
    "examine_action": "flower_poppy",
    "bash": { "str_min": 2, "str_max": 6, "sound": "crunch.", "sound_fail": "whish." }
  },
  {
    "type": "furniture",
    "id": "f_flower_fungal",
    "name": "fungal flower",
    "symbol": "f",
    "color": "dark_gray",
    "move_cost_mod": 1,
    "required_str": -1,
    "flags": [ "TRANSPARENT", "FLOWER", "FUNGUS", "TINY", "FLAMMABLE_ASH" ],
    "examine_action": "fungus",
    "bash": { "str_min": 2, "str_max": 6, "sound": "poof.", "sound_fail": "poof." }
  },
  {
    "type": "furniture",
    "id": "f_fungal_mass",
    "name": "fungal mass",
    "symbol": "O",
    "bgcolor": "dark_gray",
    "move_cost_mod": -10,
    "required_str": -1,
    "flags": [ "CONTAINER", "SEALED", "ALLOW_FIELD_EFFECT", "FLAMMABLE_ASH", "FUNGUS", "MOUNTABLE", "SHORT" ],
    "bash": { "str_min": 6, "str_max": 30, "sound": "poof.", "sound_fail": "poof." }
  },
  {
    "type": "furniture",
    "id": "f_fungal_clump",
    "name": "fungal clump",
    "symbol": "#",
    "bgcolor": "light_gray",
    "move_cost_mod": 3,
    "required_str": -1,
    "flags": [ "TRANSPARENT", "CONTAINER", "SEALED", "ALLOW_FIELD_EFFECT", "FLAMMABLE_ASH", "FUNGUS", "MOUNTABLE", "SHORT" ],
    "bash": { "str_min": 6, "str_max": 20, "sound": "poof.", "sound_fail": "poof." }
  },
  {
    "type": "furniture",
    "id": "f_safe_c",
    "name": "safe",
    "description": "Holds items.  Securely.",
    "symbol": "X",
    "color": "light_gray",
    "move_cost_mod": -1,
    "required_str": 14,
    "max_volume": 1000,
    "flags": [ "TRANSPARENT", "CONTAINER", "SEALED", "PLACE_ITEM", "MOUNTABLE" ],
    "open": "f_safe_o",
    "bash": {
      "str_min": 40,
      "str_max": 200,
      "sound": "screeching metal!",
      "sound_fail": "whump!",
      "items": [ { "item": "steel_chunk", "count": [ 1, 5 ] }, { "item": "scrap", "count": [ 1, 5 ] } ]
    }
  },
  {
    "type": "furniture",
    "id": "f_safe_l",
    "name": "safe",
    "symbol": "X",
    "description": "What needs protection like this?",
    "color": "light_gray",
    "move_cost_mod": -1,
    "required_str": 14,
    "max_volume": 1000,
    "flags": [ "TRANSPARENT", "CONTAINER", "SEALED", "PLACE_ITEM", "MOUNTABLE" ],
    "examine_action": "safe",
    "bash": {
      "str_min": 40,
      "str_max": 200,
      "sound": "screeching metal!",
      "sound_fail": "whump!",
      "items": [ { "item": "steel_chunk", "count": [ 1, 5 ] }, { "item": "scrap", "count": [ 1, 5 ] } ]
    }
  },
  {
    "type": "furniture",
    "id": "f_gunsafe_ml",
    "name": "gun safe",
    "description": "Oooooohhhh.  Shiny.",
    "symbol": "X",
    "color": "light_gray",
    "move_cost_mod": -1,
    "required_str": 14,
    "max_volume": 1000,
    "flags": [ "TRANSPARENT", "CONTAINER", "SEALED", "PLACE_ITEM", "MOUNTABLE" ],
    "examine_action": "gunsafe_ml",
    "bash": {
      "str_min": 40,
      "str_max": 200,
      "sound": "screeching metal!",
      "sound_fail": "whump!",
      "items": [ { "item": "steel_chunk", "count": [ 1, 5 ] }, { "item": "scrap", "count": [ 1, 5 ] } ]
    }
  },
  {
    "type": "furniture",
    "id": "f_gunsafe_mj",
    "name": "jammed gun safe",
    "description": "Does it have guns in it?  You won't find out.  It's jammed.",
    "symbol": "X",
    "color": "light_gray",
    "move_cost_mod": -1,
    "required_str": 14,
    "max_volume": 1000,
    "flags": [ "TRANSPARENT", "CONTAINER", "SEALED", "PLACE_ITEM", "MOUNTABLE" ],
    "bash": {
      "str_min": 40,
      "str_max": 200,
      "sound": "screeching metal!",
      "sound_fail": "whump!",
      "items": [ { "item": "steel_chunk", "count": [ 1, 5 ] }, { "item": "scrap", "count": [ 1, 5 ] } ]
    }
  },
  {
    "type": "furniture",
    "id": "f_gun_safe_el",
    "name": "electronic gun safe",
    "description": "Can you hack it open to get the firearms?",
    "symbol": "X",
    "color": "light_gray",
    "move_cost_mod": -1,
    "required_str": 14,
    "max_volume": 1000,
    "flags": [ "TRANSPARENT", "CONTAINER", "SEALED", "PLACE_ITEM", "MOUNTABLE" ],
    "examine_action": "gunsafe_el",
    "bash": {
      "str_min": 40,
      "str_max": 200,
      "sound": "screeching metal!",
      "sound_fail": "whump!",
      "items": [ { "item": "steel_chunk", "count": [ 1, 5 ] }, { "item": "scrap", "count": [ 1, 5 ] } ]
    }
  },
  {
    "type": "furniture",
    "id": "f_safe_o",
    "name": "open safe",
    "description": "Grab the firearms!",
    "symbol": "O",
    "color": "light_gray",
    "move_cost_mod": -1,
    "required_str": 14,
    "max_volume": 1000,
    "flags": [ "TRANSPARENT", "CONTAINER", "PLACE_ITEM", "MOUNTABLE" ],
    "close": "f_safe_c",
    "bash": {
      "str_min": 40,
      "str_max": 200,
      "sound": "screeching metal!",
      "sound_fail": "whump!",
      "items": [ { "item": "steel_chunk", "count": [ 1, 5 ] }, { "item": "scrap", "count": [ 1, 5 ] } ]
    }
  },
  {
    "type": "furniture",
    "id": "f_plant_seed",
    "name": "seed",
    "symbol": "^",
    "color": "brown",
    "move_cost_mod": 0,
    "required_str": -1,
    "flags": [ "PLANT", "SEALED", "TRANSPARENT", "CONTAINER", "NOITEM", "TINY", "DONT_REMOVE_ROTTEN" ],
    "examine_action": "aggie_plant"
  },
  {
    "type": "furniture",
    "id": "f_plant_seedling",
    "name": "seedling",
    "symbol": "^",
    "color": "green",
    "move_cost_mod": 0,
    "required_str": -1,
    "flags": [ "PLANT", "SEALED", "TRANSPARENT", "CONTAINER", "NOITEM", "TINY", "DONT_REMOVE_ROTTEN" ],
    "examine_action": "aggie_plant",
    "bash": { "str_min": 2, "str_max": 6, "sound": "crunch.", "sound_fail": "whish." }
  },
  {
    "type": "furniture",
    "id": "f_plant_mature",
    "name": "mature plant",
    "symbol": "#",
    "color": "green",
    "move_cost_mod": 0,
    "required_str": -1,
    "flags": [ "PLANT", "SEALED", "TRANSPARENT", "CONTAINER", "NOITEM", "TINY", "DONT_REMOVE_ROTTEN" ],
    "examine_action": "aggie_plant",
    "bash": { "str_min": 3, "str_max": 8, "sound": "crunch.", "sound_fail": "whish." }
  },
  {
    "type": "furniture",
    "id": "f_plant_harvest",
    "name": "harvestable plant",
    "symbol": "#",
    "color": "light_green",
    "move_cost_mod": 0,
    "required_str": -1,
    "flags": [ "PLANT", "SEALED", "TRANSPARENT", "CONTAINER", "NOITEM", "TINY", "DONT_REMOVE_ROTTEN" ],
    "examine_action": "aggie_plant",
    "bash": { "str_min": 4, "str_max": 10, "sound": "crunch.", "sound_fail": "whish." }
  },
  {
    "type": "furniture",
    "id": "f_fvat_empty",
    "name": "empty fermenting vat",
    "description": "A sealable vat for fermenting vinegar and various alcoholic brews.",
    "symbol": "O",
    "color": "brown",
    "move_cost_mod": -1,
    "required_str": -1,
    "flags": [ "NOITEM", "SEALED", "TRANSPARENT", "FLAMMABLE", "CONTAINER", "DONT_REMOVE_ROTTEN" ],
    "examine_action": "fvat_empty",
    "deconstruct": {
      "items": [
        { "item": "2x4", "count": 14 },
        { "item": "nail", "charges": [ 6, 12 ] },
        { "item": "water_faucet", "count": 1 },
        { "item": "sheet_metal", "count": 2 }
      ]
    },
    "bash": {
      "str_min": 3,
      "str_max": 45,
      "sound": "smash!",
      "sound_fail": "whump.",
      "items": [
        { "item": "2x4", "count": [ 4, 8 ] },
        { "item": "nail", "charges": [ 4, 8 ] },
        { "item": "water_faucet", "prob": 50 },
        { "item": "splinter", "count": 1 }
      ]
    }
  },
  {
    "type": "furniture",
    "id": "f_fvat_full",
    "name": "full fermenting vat",
    "description": "A sealable vat for fermenting vinegar and various alcoholic brews.",
    "symbol": "O",
    "color": "brown_cyan",
    "move_cost_mod": -1,
    "required_str": -1,
    "flags": [ "NOITEM", "SEALED", "TRANSPARENT", "FLAMMABLE", "CONTAINER", "DONT_REMOVE_ROTTEN" ],
    "examine_action": "fvat_full",
    "deconstruct": {
      "items": [
        { "item": "2x4", "count": 14 },
        { "item": "nail", "charges": [ 6, 12 ] },
        { "item": "water_faucet", "count": 1 },
        { "item": "sheet_metal", "count": 2 }
      ]
    },
    "bash": {
      "str_min": 12,
      "str_max": 50,
      "sound": "smash!",
      "sound_fail": "whump.",
      "items": [
        { "item": "2x4", "count": [ 4, 8 ] },
        { "item": "nail", "charges": [ 4, 8 ] },
        { "item": "water_faucet", "prob": 50 },
        { "item": "splinter", "count": 1 }
      ]
    }
  },
  {
    "type": "furniture",
    "id": "f_wood_keg",
    "name": "wooden keg",
    "description": "A keg made mostly of wood.  Holds liquids, preferably beer.",
    "symbol": "H",
    "color": "brown",
    "move_cost_mod": -1,
    "required_str": -1,
    "flags": [ "NOITEM", "SEALED", "ALLOW_FIELD_EFFECT", "TRANSPARENT", "FLAMMABLE", "CONTAINER", "LIQUIDCONT" ],
    "examine_action": "keg",
    "deconstruct": {
      "items": [
        { "item": "2x4", "count": 18 },
        { "item": "nail", "charges": [ 7, 14 ] },
        { "item": "water_faucet", "count": 1 },
        { "item": "sheet_metal", "count": 3 }
      ]
    },
    "bash": {
      "str_min": 12,
      "str_max": 50,
      "sound": "smash!",
      "sound_fail": "whump.",
      "items": [
        { "item": "2x4", "count": [ 6, 12 ] },
        { "item": "nail", "charges": [ 4, 8 ] },
        { "item": "water_faucet", "prob": 50 },
        { "item": "splinter", "count": 1 }
      ]
    }
  },
  {
    "type": "furniture",
    "id": "f_statue",
    "name": "statue",
    "description": "A carved statue made of stone..",
    "symbol": "S",
    "color": "dark_gray",
    "move_cost_mod": -1,
    "required_str": 10,
    "flags": [ "PLACE_ITEM", "BLOCKSDOOR" ],
    "bash": {
      "str_min": 16,
      "str_max": 40,
      "sound": "smash!",
      "sound_fail": "thump.",
      "items": [ { "item": "rock", "count": [ 1, 6 ] } ]
    }
  },
  {
    "type": "furniture",
    "id": "f_mannequin",
    "name": "mannequin",
    "description": "Put clothes on it and wish you looked as good.",
    "symbol": "@",
    "color": "brown",
    "move_cost_mod": 2,
    "required_str": 5,
    "flags": [ "PLACE_ITEM", "TRANSPARENT", "FLAMMABLE" ],
    "bash": {
      "str_min": 6,
      "str_max": 40,
      "sound": "smash!",
      "sound_fail": "whump.",
      "items": [ { "item": "splinter", "count": [ 9, 12 ] } ]
    }
  },
  {
    "type": "furniture",
    "id": "f_target",
    "name": "target",
    "description": "A shooting target in a rough shape of a human.",
    "symbol": "@",
    "color": "black",
    "move_cost_mod": 2,
    "required_str": 5,
    "flags": [ "PLACE_ITEM", "TRANSPARENT" ],
    "bash": {
      "str_min": 6,
      "str_max": 40,
      "sound": "smash!",
      "sound_fail": "whump.",
      "items": [ { "item": "sheet_metal", "count": [ 1, 3 ] }, { "item": "pipe", "count": [ 1, 3 ] } ]
    }
  },
  {
    "type": "furniture",
    "id": "f_bluebell",
    "name": "bluebell",
    "symbol": "f",
    "color": "blue",
    "move_cost_mod": 0,
    "required_str": -1,
    "flags": [ "TRANSPARENT", "TINY", "FLAMMABLE_ASH" ],
    "examine_action": "flower_bluebell",
    "bash": { "str_min": 2, "str_max": 6, "sound": "crunch.", "sound_fail": "whish." }
  },
  {
    "type": "furniture",
    "id": "f_dahlia",
    "name": "dahlia",
    "symbol": "f",
    "color": "magenta",
    "move_cost_mod": 0,
    "required_str": -1,
    "flags": [ "TRANSPARENT", "TINY", "FLAMMABLE_ASH" ],
    "examine_action": "flower_dahlia",
    "bash": { "str_min": 2, "str_max": 6, "sound": "crunch.", "sound_fail": "whish." }
  },
  {
    "type": "furniture",
    "id": "f_datura",
    "name": "datura",
    "symbol": "*",
    "color": "light_green",
    "move_cost_mod": 1,
    "required_str": -1,
    "flags": [ "TRANSPARENT", "TINY", "FLAMMABLE_ASH" ],
    "examine_action": "harvest_furn_nectar",
    "harvest_by_season": [ { "seasons": [ "spring", "summer", "autumn" ], "entries": [ { "drop": "datura_seed", "base_num": [ 2, 6 ] } ] } ],
    "bash": { "str_min": 2, "str_max": 6, "sound": "crunch.", "sound_fail": "whish." }
  },
  {
    "type": "furniture",
    "id": "f_flower_marloss",
    "name": "marloss flower",
    "symbol": "f",
    "color": "cyan",
    "move_cost_mod": 1,
    "required_str": -1,
    "flags": [ "TRANSPARENT", "FLAMMABLE_ASH", "FUNGUS", "TINY" ],
    "examine_action": "flower_marloss",
    "bash": { "str_min": 2, "str_max": 6, "sound": "poof.", "sound_fail": "poof." }
  },
  {
    "type": "furniture",
    "id": "f_dandelion",
    "name": "dandelion",
    "symbol": "f",
    "color": "yellow",
    "move_cost_mod": 0,
    "required_str": -1,
    "flags": [ "TRANSPARENT", "TINY", "FLAMMABLE_ASH" ],
    "examine_action": "harvest_furn_nectar",
    "harvest_by_season": [ { "seasons": [ "spring", "summer", "autumn" ], "entries": [ { "drop": "raw_dandelion", "base_num": [ 1, 4 ] } ] } ],
    "bash": { "str_min": 2, "str_max": 6, "sound": "crunch.", "sound_fail": "whish." }
  },
  {
    "type": "furniture",
    "id": "f_chamomile",
    "name": "chamomile",
    "symbol": "f",
    "color": "white",
    "move_cost_mod": 0,
    "required_str": -1,
    "flags": [ "TRANSPARENT", "TINY", "FLAMMABLE_ASH" ],
    "bash": { "str_min": 2, "str_max": 6, "sound": "crunch.", "sound_fail": "whish." }
  },
  {
    "type": "furniture",
    "id": "f_cattails",
    "name": "cattails",
    "symbol": "i",
    "color": "brown",
    "move_cost_mod": 1,
    "required_str": -1,
    "flags": [ "TRANSPARENT", "TINY", "FLAMMABLE_ASH" ],
    "examine_action": "harvest_furn",
    "harvest_by_season": [
      { "seasons": [ "winter" ], "entries": [ { "drop": "cattail_rhizome" } ] },
      {
        "seasons": [ "spring", "summer", "autumn" ],
        "entries": [ { "drop": "cattail_rhizome" }, { "drop": "cattail_stalk", "base_num": [ 1, 4 ] } ]
      }
    ],
    "bash": { "str_min": 2, "str_max": 6, "sound": "crunch.", "sound_fail": "whish." }
  },
  {
    "type": "furniture",
    "id": "f_forge",
    "name": "forge",
    "description": "Metalworking station typically used in combination with an anvil.",
    "symbol": "^",
    "color": "light_red",
    "move_cost_mod": -1,
    "required_str": -1,
    "crafting_pseudo_item": "char_forge",
    "flags": [ "TRANSPARENT", "SEALED", "CONTAINER", "NOITEM", "EASY_DECONSTRUCT" ],
    "deconstruct": { "items": [ { "item": "char_forge", "count": 1 } ] },
    "examine_action": "reload_furniture",
    "bash": {
      "str_min": 4,
      "str_max": 8,
      "sound": "crunch!",
      "sound_fail": "whump.",
      "items": [ { "item": "char_forge", "count": 1 } ]
    }
  },
  {
    "type": "furniture",
    "id": "f_anvil",
    "name": "anvil",
    "description": "Used in metalworking.",
    "symbol": "^",
    "color": "light_red",
    "move_cost_mod": -1,
    "required_str": 16,
    "crafting_pseudo_item": "anvil",
    "deconstruct": { "items": [ { "item": "anvil", "count": 1 } ] },
    "flags": [ "TRANSPARENT", "NOITEM", "EASY_DECONSTRUCT" ],
    "bash": { "str_min": 4, "str_max": 8, "sound": "crunch!", "sound_fail": "whump.", "items": [ { "item": "anvil", "count": 1 } ] }
  },
  {
    "type": "furniture",
    "id": "f_still",
    "name": "still",
    "description": "An essential component for brewing and chemistry that allows for refining liquid mixtures.",
    "symbol": "^",
    "color": "light_red",
    "move_cost_mod": -1,
    "required_str": -1,
    "crafting_pseudo_item": "still",
    "deconstruct": { "items": [ { "item": "still", "count": 1 } ] },
    "flags": [ "TRANSPARENT", "NOITEM", "EASY_DECONSTRUCT" ],
    "bash": { "str_min": 4, "str_max": 8, "sound": "crunch!", "sound_fail": "whump.", "items": [ { "item": "still", "count": 1 } ] }
  },
  {
    "type": "furniture",
    "id": "f_egg_sackbw",
    "name": "spider egg sack",
    "symbol": "O",
    "color": "white",
    "move_cost_mod": 3,
    "required_str": 6,
    "flags": [ "TRANSPARENT", "FLAMMABLE_ASH", "ORGANIC", "MOUNTABLE", "TINY" ],
    "examine_action": "egg_sackbw",
    "bash": { "str_min": 8, "str_max": 16, "sound": "splat!", "sound_fail": "whump.", "furn_set": "f_egg_sacke" }
  },
  {
    "type": "furniture",
    "id": "f_egg_sackcs",
    "name": "spider egg sack",
    "symbol": "O",
    "color": "white",
    "move_cost_mod": 3,
    "required_str": 6,
    "flags": [ "TRANSPARENT", "FLAMMABLE_ASH", "ORGANIC", "MOUNTABLE", "TINY" ],
    "examine_action": "egg_sackcs",
    "bash": { "str_min": 8, "str_max": 16, "sound": "splat!", "sound_fail": "whump.", "furn_set": "f_egg_sacke" }
  },
  {
    "type": "furniture",
    "id": "f_egg_sackws",
    "name": "spider egg sack",
    "symbol": "O",
    "color": "yellow",
    "move_cost_mod": 3,
    "required_str": 6,
    "flags": [ "TRANSPARENT", "FLAMMABLE_ASH", "ORGANIC", "MOUNTABLE", "TINY" ],
    "examine_action": "egg_sackws",
    "bash": { "str_min": 4, "str_max": 8, "sound": "splat!", "sound_fail": "whump.", "furn_set": "f_egg_sacke" }
  },
  {
    "type": "furniture",
    "id": "f_egg_sacke",
    "name": "ruptured egg sack",
    "symbol": "X",
    "color": "white",
    "move_cost_mod": 3,
    "required_str": 6,
    "flags": [ "TRANSPARENT", "CONTAINER", "FLAMMABLE_ASH", "ORGANIC", "MOUNTABLE", "TINY" ],
    "bash": { "str_min": 2, "str_max": 6, "sound": "splat!", "sound_fail": "whump." }
  },
  {
    "type": "furniture",
    "id": "f_vending_reinforced",
    "name": "reinforced vending machine",
    "description": "A bit tougher to crack open than regular vending machines.",
    "symbol": "{",
    "color": "light_red",
    "move_cost_mod": -1,
    "required_str": 30,
    "flags": [ "SEALED", "PLACE_ITEM", "ALARMED", "CONTAINER", "BLOCKSDOOR", "FLAMMABLE_HARD" ],
    "examine_action": "vending",
    "bash": {
      "str_min": 150,
      "str_max": 520,
      "sound": "glass breaking!",
      "sound_fail": "whack!",
      "furn_set": "f_vending_o",
      "items": [
        { "item": "glass_shard", "count": [ 1, 3 ] },
        { "item": "sheet_metal", "count": [ 0, 2 ] },
        { "item": "steel_chunk", "count": [ 1, 5 ] }
      ]
    }
  },
  {
    "type": "furniture",
    "id": "f_arcade_machine",
    "name": "arcade machine",
    "description": "Play stupid games, win stupid prizes.",
    "symbol": "6",
    "color": "red",
    "move_cost_mod": -1,
    "required_str": 12,
    "flags": [ "BLOCKSDOOR", "TRANSPARENT" ],
    "deconstruct": {
      "items": [
        { "item": "television", "count": 1 },
        { "item": "plastic_chunk", "count": [ 3, 6 ] },
        { "item": "circuit", "count": [ 4, 6 ] },
        { "item": "2x4", "count": 8 },
        { "item": "nail", "charges": [ 10, 16 ] },
        { "item": "cable", "charges": [ 14, 20 ] },
        { "item": "power_supply", "count": [ 1, 2 ] },
        { "item": "RAM", "count": [ 2, 4 ] }
      ]
    },
    "bash": {
      "str_min": 6,
      "str_max": 35,
      "sound": "smash!",
      "sound_fail": "whump!",
      "items": [
        { "item": "splinter", "count": [ 0, 6 ] },
        { "item": "television", "prob": 50 },
        { "item": "2x4", "count": [ 2, 6 ] },
        { "item": "nail", "charges": [ 4, 10 ] },
        { "item": "cable", "charges": [ 4, 10 ] },
        { "item": "circuit", "count": [ 0, 4 ] },
        { "item": "power_supply", "prob": 50 },
        { "item": "RAM", "count": [ 0, 2 ] }
      ]
    }
  },
  {
    "type": "furniture",
    "id": "f_pinball_machine",
    "name": "pinball machine",
    "description": "Most underrated game of the 20th century.  Press buttons so it doesn't go in the hole.",
    "symbol": "7",
    "color": "red",
    "move_cost_mod": -1,
    "required_str": 8,
    "flags": [ "BLOCKSDOOR", "TRANSPARENT" ],
    "deconstruct": {
      "items": [
        { "item": "scrap", "count": [ 4, 6 ] },
        { "item": "plastic_chunk", "count": [ 3, 5 ] },
        { "item": "circuit", "count": 1 },
        { "item": "2x4", "count": 4 },
        { "item": "nail", "charges": [ 10, 12 ] },
        { "item": "cable", "charges": [ 10, 15 ] },
        { "item": "power_supply", "prob": 50 },
        { "item": "RAM", "count": 1 },
        { "item": "pipe", "count": 2 },
        { "item": "glass_sheet", "count": 1 },
        { "item": "bearing", "charges": [ 10, 16 ] }
      ]
    },
    "bash": {
      "str_min": 8,
      "str_max": 40,
      "sound": "smash!",
      "sound_fail": "whump!",
      "items": [
        { "item": "splinter", "count": [ 0, 4 ] },
        { "item": "scrap", "count": [ 0, 4 ] },
        { "item": "2x4", "count": [ 1, 2 ] },
        { "item": "nail", "charges": [ 4, 8 ] },
        { "item": "cable", "charges": [ 4, 10 ] },
        { "item": "circuit", "prob": 50 },
        { "item": "power_supply", "prob": 50 },
        { "item": "RAM", "prob": 50 },
        { "item": "pipe", "count": [ 0, 2 ] },
        { "item": "glass_shard", "count": [ 4, 8 ] },
        { "item": "plastic_chunk", "count": [ 1, 3 ] },
        { "item": "bearing", "charges": [ 0, 16 ] }
      ]
    }
  },
  {
    "type": "furniture",
    "id": "f_ergometer",
    "name": "ergometer",
    "symbol": "5",
    "color": "dark_gray",
    "move_cost_mod": 2,
    "required_str": 8,
    "flags": [ "BLOCKSDOOR", "TRANSPARENT", "MOUNTABLE" ],
    "deconstruct": {
      "items": [
        { "item": "foot_crank", "count": [ 1, 1 ] },
        { "item": "plastic_chunk", "count": [ 8, 10 ] },
        { "item": "scrap", "count": [ 2, 4 ] },
        { "item": "chain", "count": 1 },
        { "item": "pipe", "count": [ 4, 5 ] },
        { "item": "saddle", "count": [ 1, 1 ] },
        { "item": "wheel_small", "count": [ 1, 1 ] },
        { "item": "small_lcd_screen", "count": 1 },
        { "item": "processor", "count": 1 },
        { "item": "RAM", "count": 1 },
        { "item": "nail", "charges": [ 6, 8 ] }
      ]
    },
    "bash": {
      "str_min": 6,
      "str_max": 25,
      "sound": "smash!",
      "sound_fail": "thump!",
      "items": [
        { "item": "foot_crank", "prob": 50 },
        { "item": "plastic_chunk", "count": [ 4, 6 ] },
        { "item": "scrap", "count": [ 0, 2 ] },
        { "item": "chain", "prob": 50 },
        { "item": "pipe", "count": [ 0, 4 ] },
        { "item": "saddle", "prob": 50 },
        { "item": "wheel_small", "prob": 50 },
        { "item": "small_lcd_screen", "prob": 50 },
        { "item": "processor", "prob": 50 },
        { "item": "RAM", "prob": 50 },
        { "item": "nail", "charges": [ 2, 6 ] }
      ]
    }
  },
  {
    "type": "furniture",
    "id": "f_treadmill",
    "name": "treadmill",
    "description": "Used for training leg muscles.  It'll be hard without power.",
    "symbol": "L",
    "color": "dark_gray",
    "move_cost_mod": 1,
    "required_str": 12,
    "flags": [ "BLOCKSDOOR", "TRANSPARENT", "MOUNTABLE" ],
    "deconstruct": {
      "items": [
        { "item": "plastic_chunk", "count": [ 10, 14 ] },
        { "item": "scrap", "count": [ 2, 5 ] },
        { "item": "pipe", "count": [ 4, 3 ] },
        { "item": "small_lcd_screen", "count": 1 },
        { "item": "RAM", "count": 1 },
        { "item": "nail", "charges": [ 6, 8 ] }
      ]
    },
    "bash": {
      "str_min": 12,
      "str_max": 40,
      "sound": "smash!",
      "sound_fail": "thump!",
      "items": [
        { "item": "plastic_chunk", "count": [ 4, 10 ] },
        { "item": "scrap", "count": [ 0, 3 ] },
        { "item": "pipe", "count": [ 0, 4 ] },
        { "item": "small_lcd_screen", "prob": 50 },
        { "item": "RAM", "count": [ 0, 1 ] },
        { "item": "nail", "charges": [ 2, 6 ] }
      ]
    }
  },
  {
    "type": "furniture",
    "id": "f_displaycase",
    "name": "display case",
    "description": "Display your stuff.  Securely.",
    "symbol": "#",
    "color": "light_cyan",
    "move_cost_mod": 2,
    "required_str": 9,
    "flags": [ "TRANSPARENT", "SEALED", "PLACE_ITEM" ],
    "bash": {
      "str_min": 6,
      "str_max": 20,
      "sound": "glass breaking",
      "sound_fail": "whack!",
      "sound_vol": 16,
      "sound_fail_vol": 12,
      "furn_set": "f_displaycase_b",
      "items": [ { "item": "glass_shard", "count": [ 3, 6 ] } ]
    }
  },
  {
    "type": "furniture",
    "id": "f_displaycase_b",
    "name": "broken display case",
    "description": "Display your stuff.  It'll get stolen.",
    "symbol": "#",
    "color": "light_gray",
    "move_cost_mod": 2,
    "required_str": 9,
    "flags": [ "TRANSPARENT", "PLACE_ITEM" ],
    "bash": {
      "str_min": 8,
      "str_max": 30,
      "sound": "crunch!",
      "sound_fail": "whump.",
      "items": [ { "item": "2x4", "count": [ 3, 6 ] }, { "item": "splinter", "count": [ 2, 4 ] } ]
    }
  },
  {
    "type": "furniture",
    "id": "f_standing_tank",
    "name": "standing tank",
    "description": "A large freestanding metal tank, useful for holding liquids.",
    "symbol": "O",
    "color": "light_gray",
    "move_cost_mod": -1,
    "required_str": -1,
    "flags": [ "BASHABLE", "CONTAINER", "DECONSTRUCT", "LIQUIDCONT", "NOITEM", "SEALED", "TRANSPARENT" ],
    "deconstruct": { "items": [ { "item": "metal_tank", "count": 4 }, { "item": "water_faucet", "count": 1 } ] },
    "examine_action": "keg",
    "bash": {
      "str_min": 10,
      "str_max": 20,
      "sound": "metal screeching!",
      "sound_fail": "clang!",
      "items": [ { "item": "scrap", "count": [ 8, 32 ] }, { "item": "water_faucet", "prob": 50 } ]
    }
  },
  {
    "type": "furniture",
    "id": "f_floor_canvas",
    "name": "heavy punching bag",
    "description": "Punch Punch!  Exercise those arms!",
    "symbol": "0",
    "color": "dark_gray",
    "move_cost_mod": -1,
    "required_str": 10,
    "flags": [ "BASHABLE", "BLOCKSDOOR", "PLACE_ITEM", "ORGANIC" ],
    "bash": {
      "str_min": 15,
      "str_max": 20,
      "sound": "whack!",
      "sound_fail": "whud.",
      "items": [
        { "item": "chain", "count": [ 1, 3 ] },
        { "item": "leather", "count": [ 4, 12 ] },
        { "item": "rag", "count": [ 4, 18 ] }
      ]
    }
  },
  {
    "type": "furniture",
    "id": "f_canvas_floor",
    "name": "canvas floor",
    "symbol": "#",
    "color": "white",
    "move_cost_mod": 0,
    "required_str": -1,
    "flags": [ "TRANSPARENT", "FLAMMABLE", "PLACE_ITEM" ]
  },
  {
    "type": "furniture",
    "id": "f_kiln_empty",
    "name": "charcoal kiln",
    "description": "A rock kiln designed to burn wood and organic material into charcoal in absence of oxygen.",
    "symbol": "U",
    "color": "brown",
    "move_cost_mod": -1,
    "required_str": -1,
    "examine_action": "kiln_empty",
    "max_volume": 500,
    "crafting_pseudo_item": "char_kiln",
    "flags": [ "CONTAINER", "FIRE_CONTAINER", "PLACE_ITEM", "EASY_DECONSTRUCT" ],
    "deconstruct": { "items": [ { "item": "rock", "count": [ 30, 30 ] } ] },
    "bash": {
      "str_min": 25,
      "str_max": 180,
      "sound": "crash!",
      "sound_fail": "whump!",
      "items": [ { "item": "rock", "count": [ 15, 30 ] } ]
    }
  },
  {
    "type": "furniture",
    "id": "f_kiln_full",
    "name": "filled charcoal kiln",
    "description": "A rock kiln designed to burn wood and organic material into charcoal in absence of oxygen.",
    "symbol": "U",
    "color": "brown_red",
    "move_cost_mod": -1,
    "required_str": -1,
    "examine_action": "kiln_full",
    "flags": [ "NOITEM", "SEALED", "CONTAINER", "FIRE_CONTAINER", "SUPPRESS_SMOKE", "PLACE_ITEM", "EASY_DECONSTRUCT" ],
    "deconstruct": { "items": [ { "item": "rock", "count": [ 30, 30 ] } ] },
    "bash": {
      "str_min": 25,
      "str_max": 180,
      "sound": "crash!",
      "sound_fail": "whump!",
      "items": [ { "item": "rock", "count": [ 15, 30 ] } ]
    }
  },
  {
    "type": "furniture",
    "id": "f_kiln_metal_empty",
    "name": "metal charcoal kiln",
    "description": "A metal kiln designed to burn wood and organic material into charcoal in absence of oxygen.",
    "symbol": "U",
    "color": "blue",
    "move_cost_mod": -1,
    "required_str": -1,
    "examine_action": "kiln_empty",
    "max_volume": 500,
    "crafting_pseudo_item": "char_kiln",
    "flags": [ "CONTAINER", "FIRE_CONTAINER", "PLACE_ITEM" ],
    "deconstruct": { "items": [ { "item": "metal_tank", "count": [ 1, 4 ] }, { "item": "pipe", "count": [ 2, 4 ] } ] },
    "bash": {
      "str_min": 12,
      "str_max": 40,
      "sound": "metal screeching!",
      "sound_fail": "clang!",
      "items": [
        { "item": "scrap", "count": [ 2, 4 ] },
        { "item": "steel_chunk", "count": [ 0, 3 ] },
        { "item": "pipe", "count": [ 0, 4 ] }
      ]
    }
  },
  {
    "type": "furniture",
    "id": "f_kiln_metal_full",
    "name": "filled metal charcoal kiln",
    "description": "A metal kiln designed to burn wood and organic material into charcoal in absence of oxygen.",
    "symbol": "U",
    "color": "blue_red",
    "move_cost_mod": -1,
    "required_str": -1,
    "examine_action": "kiln_full",
    "flags": [ "NOITEM", "SEALED", "CONTAINER", "FIRE_CONTAINER", "SUPPRESS_SMOKE", "PLACE_ITEM" ],
    "deconstruct": { "items": [ { "item": "metal_tank", "count": [ 1, 4 ] }, { "item": "pipe", "count": [ 2, 4 ] } ] },
    "bash": {
      "str_min": 12,
      "str_max": 40,
      "sound": "metal screeching!",
      "sound_fail": "clang!",
      "items": [
        { "item": "scrap", "count": [ 2, 4 ] },
        { "item": "steel_chunk", "count": [ 0, 3 ] },
        { "item": "pipe", "count": [ 0, 4 ] }
      ]
    }
  },
  {
    "type": "furniture",
    "id": "f_robotic_arm",
    "name": "robotic arm",
    "symbol": "&",
    "bgcolor": "yellow",
    "move_cost_mod": 3,
    "required_str": 18,
    "flags": [ "TRANSPARENT", "MOUNTABLE" ],
    "deconstruct": {
      "items": [
        { "item": "processor", "prob": 75 },
        { "item": "RAM", "prob": 80 },
        { "item": "power_supply", "prob": 70 },
        { "item": "amplifier", "prob": 90 },
        { "item": "steel_chunk", "count": [ 1, 4 ] },
        { "item": "spring", "prob": 80 },
        { "item": "steel_lump", "prob": 60 },
        { "item": "sheet_metal", "prob": 50 },
        { "item": "motor", "prob": 60 }
      ]
    },
    "bash": {
      "str_min": 8,
      "str_max": 45,
      "sound": "smash!",
      "sound_fail": "thunk.",
      "items": [
        { "item": "processor", "prob": 15 },
        { "item": "RAM", "prob": 30 },
        { "item": "power_supply", "prob": 50 },
        { "item": "amplifier", "prob": 70 },
        { "item": "steel_chunk", "count": [ 1, 3 ] },
        { "item": "spring", "prob": 80 },
        { "item": "steel_lump", "prob": 50 },
        { "item": "sheet_metal", "prob": 30 },
        { "item": "scrap", "count": [ 2, 5 ] },
        { "item": "motor", "prob": 30 }
      ]
    }
  },
  {
    "type": "furniture",
    "id": "f_aut_gas_console",
    "name": "automated gas console",
    "symbol": "9",
    "color": "blue",
    "move_cost_mod": -1,
    "required_str": 25,
    "flags": [ "SEALED", "ALARMED", "BLOCKSDOOR" ],
    "examine_action": "pay_gas",
    "bash": { "str_min": 7, "str_max": 30, "sound": "glass breaking!", "sound_fail": "whack!", "furn_set": "f_aut_gas_console_o" }
  },
  {
    "type": "furniture",
    "id": "f_aut_gas_console_o",
    "name": "broken automated gas console",
    "symbol": "9",
    "color": "dark_gray",
    "move_cost_mod": -1,
    "required_str": 20,
    "flags": [ "BLOCKSDOOR" ],
    "bash": {
      "str_min": 5,
      "str_max": 45,
      "sound": "metal screeching!",
      "sound_fail": "clang!",
      "items": [
        { "item": "scrap", "count": [ 2, 8 ] },
        { "item": "steel_chunk", "count": [ 0, 3 ] },
        { "item": "hose", "count": 1 },
        { "item": "cu_pipe", "count": [ 1, 4 ] },
        { "item": "scrap_copper", "count": [ 0, 2 ] }
      ]
    }
  },
  {
    "type": "furniture",
    "id": "f_smoking_rack",
    "name": "smoking rack",
    "description": "A special rack designed to smoke food for better preservation and taste.",
    "symbol": "=",
    "bgcolor": "brown",
    "move_cost_mod": 2,
    "required_str": -1,
    "flags": [ "TRANSPARENT", "SEALED", "ALLOW_FIELD_EFFECT", "CONTAINER", "NOITEM", "EASY_DECONSTRUCT" ],
    "crafting_pseudo_item": "char_smoker",
    "examine_action": "smoker_options",
    "deconstruct": { "items": [ { "item": "rock", "count": 8 }, { "item": "stick", "count": [ 16, 16 ] } ] },
    "bash": {
      "str_min": 18,
      "str_max": 50,
      "sound": "crunch!",
      "sound_fail": "whump!",
      "items": [ { "item": "rock", "count": 8 }, { "item": "stick", "count": [ 8, 12 ] } ]
    }
  },
  {
    "type" : "furniture",
    "id" : "f_smoking_rack_active",
    "name": "active smoking rack",
    "description": "A special rack designed to smoke food for better preservation and taste.  It is lit and smoking.",
    "symbol": "=",
    "bgcolor": "brown",
    "move_cost_mod": 2,
    "required_str": -1,
    "flags": ["TRANSPARENT", "SEALED", "ALLOW_FIELD_EFFECT", "CONTAINER", "NOITEM", "EASY_DECONSTRUCT"],
    "crafting_pseudo_item": "char_smoker",
    "examine_action": "smoker_options",
    "bash": {
      "str_min": 18, "str_max": 50,
      "sound": "crunch!",
      "sound_fail": "whump!",
      "items": [
        { "item": "rock", "count": 8 },
        { "item": "stick", "count": [8, 12] }
      ]
    }
  },
  {
    "type": "furniture",
    "id": "f_forge_rock",
    "name": "rock forge",
    "description": "Metalworking station made of rock, typically used in combination with an anvil.",
    "symbol": "^",
    "color": "light_red",
    "move_cost_mod": -1,
    "required_str": -1,
    "crafting_pseudo_item": "char_forge",
    "flags": [ "SEALED", "CONTAINER", "NOITEM", "EASY_DECONSTRUCT" ],
    "deconstruct": { "items": [ { "item": "rock", "count": 40 } ] },
    "examine_action": "reload_furniture",
    "bash": {
      "str_min": 18,
      "str_max": 50,
      "sound": "crash!",
      "sound_fail": "whump.",
      "items": [ { "item": "rock", "count": [ 20, 30 ] } ]
    }
  },
  {
    "type": "furniture",
    "id": "f_clay_kiln",
    "name": "clay kiln",
    "description": "A kiln designed to bake clay pottery and bricks.",
    "symbol": "^",
    "color": "light_red",
    "move_cost_mod": -1,
    "required_str": -1,
    "crafting_pseudo_item": "brick_kiln",
    "flags": [ "SEALED", "CONTAINER", "NOITEM", "EASY_DECONSTRUCT" ],
    "deconstruct": { "items": [ { "item": "rock", "count": 40 } ] },
    "examine_action": "reload_furniture",
    "bash": {
      "str_min": 18,
      "str_max": 50,
      "sound": "crunch!",
      "sound_fail": "whump.",
      "items": [ { "item": "rock", "count": [ 20, 30 ] } ]
    }
  },
  {
    "type": "furniture",
    "id": "f_ladder",
    "name": "stepladder",
    "symbol": "H",
    "color": "brown",
    "move_cost_mod": 3,
    "required_str": 6,
    "flags": [ "LADDER", "TRANSPARENT", "SEEN_FROM_ABOVE" ],
    "examine_action": "portable_structure",
    "bash": {
      "str_min": 6,
      "str_max": 40,
      "sound": "smash!",
      "sound_fail": "whump.",
      "items": [
        { "item": "2x4", "count": [ 4, 10 ] },
        { "item": "nail", "charges": [ 10, 30 ] },
        { "item": "splinter", "count": [ 5, 10 ] }
      ]
    }
  },
  {
    "type": "furniture",
    "id": "f_boulder_small",
    "name": "small boulder",
    "description": "Blocking your path.  Should be easy to move.  It can be used as a primitive anvil.",
    "symbol": "o",
    "color": "dark_gray",
    "move_cost_mod": 3,
    "required_str": 10,
    "crafting_pseudo_item": "boulder_anvil",
    "flags": [ "TRANSPARENT", "MINEABLE", "UNSTABLE", "MOUNTABLE", "TINY" ],
    "bash": {
      "str_min": 16,
      "str_max": 40,
      "sound": "smash!",
      "sound_fail": "thump.",
      "items": [ { "item": "rock", "count": [ 1, 6 ] } ]
    }
  },
  {
    "type": "furniture",
    "id": "f_boulder_medium",
    "name": "medium boulder",
    "description": "Blocking your path.  It'll be a struggle to move.  It can be used as a primitive anvil.",
    "symbol": "0",
    "color": "dark_gray",
    "move_cost_mod": 6,
    "required_str": 16,
    "crafting_pseudo_item": "boulder_anvil",
    "flags": [ "NOITEM", "TRANSPARENT", "MINEABLE", "UNSTABLE", "MOUNTABLE", "SHORT", "BASHABLE" ],
    "bash": {
      "str_min": 32,
      "str_max": 80,
      "sound": "smash!",
      "sound_fail": "thump.",
      "items": [ { "item": "rock", "count": [ 5, 11 ] } ]
    }
  },
  {
    "type": "furniture",
    "id": "f_boulder_large",
    "name": "large boulder",
    "description": "Now how are you going to move this?",
    "symbol": "O",
    "color": "dark_gray",
    "move_cost_mod": -1,
    "required_str": 32,
    "flags": [ "NOITEM", "MINEABLE", "BASHABLE" ],
    "bash": {
      "str_min": 64,
      "str_max": 160,
      "sound": "smash!",
      "sound_fail": "thump.",
      "items": [
        { "item": "rock", "count": [ 10, 22 ] },
        { "item": "material_limestone", "charges": [ 2, 5 ], "prob": 30 },
        { "item": "material_rocksalt", "count": [ 0, 1 ], "prob": 10 }
      ]
    }
  },
  {
    "type": "furniture",
    "id": "f_slab",
    "name": "stone slab",
    "symbol": "n",
    "color": "dark_gray",
    "move_cost_mod": 2,
    "required_str": 12,
    "crafting_pseudo_item": "boulder_anvil",
    "flags": [ "PLACE_ITEM", "BLOCKSDOOR", "TRANSPARENT", "ALLOW_FIELD_EFFECT", "MOUNTABLE", "SHORT" ],
    "bash": {
      "str_min": 20,
      "str_max": 40,
      "sound": "smash!",
      "sound_fail": "thump.",
      "items": [ { "item": "rock", "count": [ 2, 7 ] } ]
    }
  },
  {
    "type": "furniture",
    "id": "f_shackle",
    "name": "manacles",
    "symbol": "8",
    "color": "light_gray",
    "move_cost_mod": 1,
    "required_str": -1,
    "flags": [ "TRANSPARENT", "ALLOW_FIELD_EFFECT", "MOUNTABLE", "SHORT" ],
    "bash": {
      "str_min": 18,
      "str_max": 40,
      "sound": "smash!",
      "sound_fail": "crack.",
      "items": [ { "item": "chain", "count": [ 0, 2 ] } ]
    }
  },
  {
    "type": "furniture",
    "id": "f_grave_head",
    "name": "headstone",
    "description": "Keeps the bodies.",
    "symbol": "_",
    "color": "light_gray",
    "move_cost_mod": 0,
    "required_str": -1,
    "crafting_pseudo_item": "boulder_anvil",
    "flags": [ "MINEABLE", "TRANSPARENT", "SHORT", "NOCOLLIDE", "ALLOW_FIELD_EFFECT", "MOUNTABLE", "PLACE_ITEM" ],
    "bash": {
      "str_min": 50,
      "str_max": 150,
      "sound": "crash!",
      "sound_fail": "thump!",
      "items": [ { "item": "rock", "count": [ 2, 4 ] } ]
    }
  },
  {
    "type": "furniture",
    "id": "f_grave_stone",
    "name": "gravestone",
    "description": "Keeps the bodies.  More fancy.",
    "symbol": "^",
    "color": "light_gray",
    "move_cost_mod": 2,
    "required_str": -1,
    "crafting_pseudo_item": "boulder_anvil",
    "flags": [ "MINEABLE", "NOITEM", "TRANSPARENT", "MOUNTABLE", "ROUGH", "PLACE_ITEM" ],
    "bash": {
      "str_min": 60,
      "str_max": 160,
      "sound": "crash!",
      "sound_fail": "thump!",
      "items": [ { "item": "rock", "count": [ 8, 14 ] } ]
    }
  },
  {
    "type": "furniture",
    "id": "f_grave_stone_old",
    "name": "worn gravestone",
    "description": "A worn-out gravestone.",
    "symbol": "^",
    "color": "dark_gray",
    "move_cost_mod": 1.5,
    "required_str": -1,
    "flags": [ "MINEABLE", "NOITEM", "TRANSPARENT", "MOUNTABLE", "ROUGH", "PLACE_ITEM", "UNSTABLE" ],
    "bash": {
      "str_min": 40,
      "str_max": 120,
      "sound": "crash!",
      "sound_fail": "thump!",
      "items": [ { "item": "rock", "count": [ 5, 10 ] } ]
    }
  },
  {
    "type": "furniture",
    "id": "f_grave_monument",
    "name": "obelisk",
    "symbol": "$",
    "color": "black_white",
    "move_cost_mod": -1,
    "required_str": -1,
    "flags": [ "MINEABLE", "NOITEM" ],
    "bash": {
      "str_min": 80,
      "str_max": 180,
      "sound": "crash!",
      "sound_fail": "thunk!",
      "items": [ { "item": "rock", "count": [ 18, 30 ] } ]
    }
  },
  {
    "type": "furniture",
    "id": "f_brazier",
    "name": "brazier",
    "symbol": "#",
    "color": "red",
    "move_cost_mod": 2,
    "required_str": 8,
    "flags": [ "PLACE_ITEM", "TRANSPARENT", "FIRE_CONTAINER", "EASY_DECONSTRUCT" ],
    "deployed_item": "brazier",
    "examine_action": "deployed_furniture",
    "max_volume": 4000,
    "bash": {
      "str_min": 8,
      "str_max": 30,
      "sound": "metal screeching!",
      "sound_fail": "clang!",
      "items": [
        { "item": "scrap", "count": [ 0, 3 ] },
        { "item": "steel_chunk", "count": [ 0, 2 ] },
        { "item": "sheet_metal", "count": [ 0, 2 ] }
      ]
    }
  },
  {
    "type": "furniture",
    "id": "f_autodoc",
    "name": "Autodoc Mk. XI",
    "symbol": "&",
    "description": "A surgical apparatus used for installation and uninstallation of bionics.  It's only as skilled as its operator.",
    "color": "light_cyan",
    "looks_like": "f_robotic_arm",
    "move_cost_mod": -1,
    "required_str": -1,
    "flags": [ "TRANSPARENT" ],
    "examine_action": "autodoc",
    "deconstruct": {
      "items": [
        { "item": "processor", "count": [ 1, 2 ] },
        { "item": "RAM", "count": [ 4, 8 ] },
        { "item": "cable", "charges": [ 4, 6 ] },
        { "item": "small_lcd_screen", "count": [ 1, 2 ] },
        { "item": "e_scrap", "count": [ 10, 16 ] },
        { "item": "circuit", "count": [ 6, 10 ] },
        { "item": "power_supply", "count": [ 2, 4 ] },
        { "item": "amplifier", "count": [ 2, 4 ] },
        { "item": "plastic_chunk", "count": [ 10, 12 ] },
        { "item": "scrap", "count": [ 6, 8 ] }
      ]
    },
    "bash": {
      "str_min": 8,
      "str_max": 150,
      "sound": "crunch!",
      "sound_fail": "whack!",
      "items": [
        { "item": "processor", "prob": 25 },
        { "item": "RAM", "count": [ 0, 2 ], "prob": 50 },
        { "item": "cable", "charges": [ 1, 2 ], "prob": 50 },
        { "item": "small_lcd_screen", "prob": 25 },
        { "item": "e_scrap", "count": [ 1, 4 ], "prob": 50 },
        { "item": "circuit", "count": [ 0, 2 ], "prob": 50 },
        { "item": "power_supply", "prob": 25 },
        { "item": "amplifier", "prob": 25 },
        { "item": "plastic_chunk", "count": [ 4, 10 ], "prob": 50 },
        { "item": "scrap", "count": [ 2, 6 ], "prob": 50 }
      ]
    }
  },
  {
    "type": "furniture",
    "id": "f_autodoc_couch",
    "name": "Autodoc operation couch",
    "symbol": "H",
    "looks_like": "f_sofa",
    "description": "A plush red sofa made less comfortable by the medical machinery directly above it.  It has a single leather strap on the right armrest.",
    "bgcolor": "red",
    "move_cost_mod": 2,
    "required_str": 10,
    "deconstruct": {
      "items": [
        { "item": "2x4", "count": 12 },
        { "item": "rag", "count": [ 30, 33 ] },
        { "item": "nail", "charges": [ 8, 10 ] },
        { "item": "cable", "charges": [ 1, 2 ], "prob": 50 }
      ]
    },
    "max_volume": 4000,
    "flags": [ "TRANSPARENT", "FLAMMABLE_ASH", "ORGANIC", "BLOCKSDOOR", "MOUNTABLE" ],
    "bash": {
      "str_min": 10,
      "str_max": 40,
      "sound": "smash!",
      "sound_fail": "whump.",
      "items": [
        { "item": "2x4", "count": [ 2, 5 ] },
        { "item": "nail", "charges": [ 3, 8 ] },
        { "item": "splinter", "count": [ 1, 2 ] },
        { "item": "rag", "count": [ 20, 30 ] }
      ]
    }
  },
  {
    "type": "furniture",
    "id": "f_butcher_rack",
    "name": "butchering rack",
    "description": "Butchering rack designed to hang a carcass in the air.",
    "symbol": "^",
    "bgcolor": "brown",
    "move_cost_mod": 2,
    "required_str": -1,
    "flags": [
      "PLACE_ITEM",
      "TRANSPARENT",
      "FLAMABLE_ASH",
      "MOUNTABLE",
      "ALLOW_FIELD_EFFECT",
      "EASY_DECONSTRUCT",
      "BUTCHER_EQ",
      "ORGANIC"
    ],
    "deconstruct": { "items": [ { "item": "stick_long", "count": 6 } ] },
    "bash": {
      "str_min": 8,
      "str_max": 30,
      "sound": "crunch!",
      "sound_fail": "whump!",
      "items": [ { "item": "stick_long", "count": [ 1, 6 ] } ]
    }
  },
  {
    "type": "furniture",
    "id": "f_metal_butcher_rack",
    "name": "metal butchering rack",
    "description": "Metal butchering rack designed to hang a carcass in the air.  It can be deconstructed and folded for easy transportation.",
    "symbol": "^",
    "bgcolor": "light_gray",
    "move_cost_mod": 2,
    "required_str": -1,
    "deployed_item": "metal_butcher_rack",
    "examine_action": "deployed_furniture",
    "flags": [ "PLACE_ITEM", "TRANSPARENT", "MOUNTABLE", "ALLOW_FIELD_EFFECT", "BUTCHER_EQ" ],
    "deconstruct": { "items": [ { "item": "metal_butcher_rack", "count": 1 } ] },
    "bash": {
      "str_min": 18,
      "str_max": 50,
      "sound": "metal screeching!",
      "sound_fail": "clang!",
      "items": [ { "item": "scrap", "count": [ 1, 3 ] }, { "item": "pipe", "count": [ 1, 3 ] } ]
    }
  },
  {
    "type": "furniture",
    "id": "f_tourist_table",
    "name": "tourist table",
    "description": "Small metal folding table, ideal for off-road trips into the wild.",
    "symbol": "#",
    "bgcolor": "light_gray",
    "move_cost_mod": 2,
    "required_str": -1,
    "deployed_item": "tourist_table",
    "examine_action": "deployed_furniture",
    "flags": [ "TRANSPARENT", "MOUNTABLE", "SHORT", "FLAT_SURF" ],
    "deconstruct": { "items": [ { "item": "tourist_table", "count": 1 } ] },
    "bash": {
      "str_min": 16,
      "str_max": 50,
      "sound": "metal screeching!",
      "sound_fail": "clang!",
      "items": [ { "item": "scrap", "count": [ 1, 3 ] }, { "item": "pipe", "count": [ 1, 3 ] } ]
    }
  },
  {
    "type": "furniture",
    "id": "f_leather_tarp",
    "name": "leather tarp",
    "description": "A large sheet of sewn leather that can be used instead of a picnic blanket, but it's more valuable as a butchery appliance as it does not soak in blood.",
    "symbol": "D",
    "bgcolor": "brown",
    "move_cost_mod": 0,
    "required_str": 3,
    "deployed_item": "leather_tarp",
    "examine_action": "deployed_furniture",
    "flags": [ "TRANSPARENT", "SHORT", "FLAT_SURF" ],
    "deconstruct": { "items": [ { "item": "leather_tarp", "count": 1 } ] },
    "bash": {
      "str_min": 5,
      "str_max": 10,
      "sound": "smash!",
      "sound_fail": "whump.",
      "items": [ { "item": "leather_tarp", "count": [ 1, 1 ] } ]
    }
  },
  {
    "type": "furniture",
    "id": "f_fiber_mat",
    "name": "fiber mat",
    "description": "A large mat woven from fibrous material that can be used instead of a picnic blanket, but it's more valuable as a butchery appliance. Too thin to be a comfortable sleeping place.",
    "symbol": "Q",
    "bgcolor": "yellow",
    "move_cost_mod": 0,
    "required_str": 3,
    "deployed_item": "fiber_mat",
    "examine_action": "deployed_furniture",
    "flags": [ "TRANSPARENT", "SHORT", "FLAT_SURF" ],
    "deconstruct": { "items": [ { "item": "fiber_mat", "count": 1 } ] },
    "bash": {
      "str_min": 5,
      "str_max": 10,
      "sound": "smash!",
      "sound_fail": "whump.",
      "items": [ { "item": "fiber_mat", "count": [ 1, 1 ] } ]
    }
  }
]
