[
  {
    "type": "overmap_connection",
    "id": "local_road",
    "subtypes": [
      {
        "terrain": "road",
        "locations": [ "field", "road" ]
      },{
        "terrain": "road",
        "locations": [ "forest" ],
        "basic_cost": 20
      },{
        "terrain": "road",
        "locations": [ "swamp" ],
        "basic_cost": 40
      },{
        "terrain": "road_nesw_manhole",
        "locations": []
      },{
        "terrain": "bridge",
        "locations": [ "water" ],
        "basic_cost": 120
      }
    ]
  },{
    "type": "overmap_connection",
    "id": "sewer_tunnel",
    "subtypes": [
      {
        "terrain": "sewer",
        "locations": [ "subterranean" ],
        "flags": [ "ORTHOGONAL" ]
      }
    ]
  },{
    "type": "overmap_connection",
    "id": "subway_tunnel",
    "subtypes": [
      {
        "terrain": "subway",
        "locations": [ "subterranean_subway" ],
        "flags": [ "ORTHOGONAL" ]
      }
    ]
  }
]
