[
  {
    "id": "calcium",
    "type": "vitamin",
    "name": "Calcium",
    "deficiency": "hypocalcemia",
    "min": -720,
    "disease": [ [ -288, -336 ], [ -337, -384 ], [ -385, -720 ] ]
  },
  {
    "id": "iron",
    "type": "vitamin",
    "name": "Iron",
    "excess": "hypervitaminosis",
    "deficiency": "anemia",
    "min": -720,
    "max": 216,
    "disease": [ [ -288, -336 ], [ -337, -384 ], [ -385, -720 ] ]
  },
  {
    "id": "vitA",
    "type": "vitamin",
    "name": "Vitamin A",
    "excess": "hypervitaminosis",
    "deficiency": "hypovitA",
    "min": -504,
    "max": 216,
    "disease": [ [ -240, -288 ], [ -289, -336 ], [ -337, -504 ] ]
  },
  {
    "id": "vitB",
    "type": "vitamin",
    "name": "Vitamin B12",
    "deficiency": "hypovitB",
    "min": -336,
    "disease": [ [ -168, -216, 1 ], [ -217, -264, 2 ], [ -265, -336, 3 ] ]
  },
  {
    "id": "vitC",
    "type": "vitamin",
    "name": "Vitamin C",
    "deficiency": "scurvy",
    "min": -336,
    "disease": [ [ -168, -216, 1 ], [ -217, -264, 2 ], [ -265, -336, 3 ] ]
  }
]
