[
  {
    "abstract": "engine_combustion",
    "type": "vehicle_part",
    "location": "engine_block",
    "symbol": "*",
    "color": "light_red",
    "broken_color": "red",
    "damage_modifier": 80,
    "backfire_threshold": 0.25,
    "backfire_freq": 20,
    "noise_factor": 15,
    "damaged_power_factor": 0.25,
    "m2c": 50,
    "flags": [ "ENGINE", "TOOL_WRENCH", "E_COMBUSTION", "E_ALTERNATOR", "E_HIGHER_SKILL" ],
    "description": "A combustion engine.  Burns fuel from a tank in the vehicle to move the vehicle if the vehicle has sufficient wheels."
  },
  {
    "abstract": "diesel_engine",
    "copy-from": "engine_combustion",
    "type": "vehicle_part",
    "fuel_type": "diesel",
    "cold_affects_start": true,
    "m2c": 65,
    "extend": {
      "flags": [ "E_COLD_START" ],
      "description": "A combustion engine.  Burns diesel fuel from a tank in the vehicle to move the vehicle if the vehicle has sufficient wheels."
    }
  },
  {
    "abstract": "gasoline_engine",
    "copy-from": "engine_combustion",
    "type": "vehicle_part",
    "fuel_type": "gasoline",
    "m2c": 60,
    "description": "A combustion engine.  Burns gasoline fuel from a tank in the vehicle to move the vehicle if the vehicle has sufficient wheels."
  },
  {
    "id": "diesel_engine_i6",
    "copy-from": "diesel_engine",
    "type": "vehicle_part",
    "item": "i6_diesel",
    "difficulty": 4,
    "durability": 400,
    "power": 600,
    "epower": -350,
    "breaks_into": [
      { "item": "steel_lump", "count": [ 30, 40 ] },
      { "item": "steel_chunk", "count": [ 30, 40 ] },
      { "item": "scrap", "count": [ 30, 40 ] }
    ]
  },
  {
    "id": "diesel_engine_v6",
    "copy-from": "diesel_engine",
    "type": "vehicle_part",
    "item": "v6_diesel",
    "difficulty": 4,
    "durability": 400,
    "epower": -250,
    "power": 400,
    "breaks_into": [
      { "item": "steel_lump", "count": [ 30, 40 ] },
      { "item": "steel_chunk", "count": [ 30, 40 ] },
      { "item": "scrap", "count": [ 30, 40 ] }
    ]
  },
  {
    "id": "diesel_engine_v8",
    "copy-from": "diesel_engine",
    "type": "vehicle_part",
    "item": "v8_diesel",
    "difficulty": 4,
    "durability": 400,
    "epower": -350,
    "power": 650,
    "breaks_into": [
      { "item": "steel_lump", "count": [ 30, 40 ] },
      { "item": "steel_chunk", "count": [ 30, 40 ] },
      { "item": "scrap", "count": [ 30, 40 ] }
    ]
  },
  {
    "id": "engine_1cyl",
    "copy-from": "gasoline_engine",
    "type": "vehicle_part",
    "item": "1cyl_combustion",
    "difficulty": 2,
    "durability": 150,
    "epower": 0,
    "power": 60,
    "breaks_into": [
      { "item": "steel_lump", "count": [ 5, 10 ] },
      { "item": "steel_chunk", "count": [ 5, 10 ] },
      { "item": "scrap", "count": [ 5, 10 ] }
    ]
  },
  {
    "id": "engine_1cyl_small",
    "copy-from": "gasoline_engine",
    "type": "vehicle_part",
    "item": "1cyl_combustion_small",
    "fuel_type": "gasoline",
    "difficulty": 2,
    "durability": 120,
    "epower": 0,
    "power": 30,
    "breaks_into": [
      { "item": "steel_lump", "count": [ 2, 4 ] },
      { "item": "steel_chunk", "count": [ 2, 4 ] },
      { "item": "scrap", "count": [ 2, 4 ] }
    ]
  },
  {
    "id": "engine_inline4",
    "copy-from": "gasoline_engine",
    "type": "vehicle_part",
    "item": "i4_combustion",
    "difficulty": 2,
    "durability": 300,
    "epower": -150,
    "power": 250,
    "breaks_into": [
      { "item": "steel_lump", "count": [ 20, 30 ] },
      { "item": "steel_chunk", "count": [ 20, 30 ] },
      { "item": "scrap", "count": [ 20, 30 ] }
    ]
  },
  {
    "id": "engine_v12",
    "copy-from": "gasoline_engine",
    "type": "vehicle_part",
    "item": "v12_combustion",
    "difficulty": 6,
    "durability": 600,
    "epower": -350,
    "power": 1200,
    "breaks_into": [
      { "item": "steel_lump", "count": [ 45, 58 ] },
      { "item": "steel_chunk", "count": [ 45, 58 ] },
      { "item": "scrap", "count": [ 45, 58 ] }
    ]
  },
  {
    "id": "diesel_engine_v12",
    "copy-from": "diesel_engine",
    "type": "vehicle_part",
    "item": "v12_diesel",
    "difficulty": 7,
    "durability": 600,
    "epower": -400,
    "power": 1200,
    "breaks_into": [
      { "item": "steel_lump", "count": [ 45, 58 ] },
      { "item": "steel_chunk", "count": [ 45, 58 ] },
      { "item": "scrap", "count": [ 45, 58 ] }
    ]
  },
  {
    "id": "engine_v6",
    "copy-from": "gasoline_engine",
    "type": "vehicle_part",
    "item": "v6_combustion",
    "difficulty": 3,
    "durability": 400,
    "epower": -200,
    "power": 400,
    "breaks_into": [
      { "item": "steel_lump", "count": [ 30, 40 ] },
      { "item": "steel_chunk", "count": [ 30, 40 ] },
      { "item": "scrap", "count": [ 30, 40 ] }
    ]
  },
  {
    "id": "engine_v8",
    "copy-from": "gasoline_engine",
    "type": "vehicle_part",
    "item": "v8_combustion",
    "difficulty": 3,
    "durability": 400,
    "epower": -250,
    "power": 650,
    "breaks_into": [
      { "item": "steel_lump", "count": [ 40, 50 ] },
      { "item": "steel_chunk", "count": [ 40, 50 ] },
      { "item": "scrap", "count": [ 40, 50 ] }
    ]
  },
  {
    "id": "engine_vtwin",
    "copy-from": "gasoline_engine",
    "type": "vehicle_part",
    "item": "v2_combustion",
    "difficulty": 2,
    "durability": 200,
    "epower": -50,
    "power": 100,
    "breaks_into": [
      { "item": "steel_lump", "count": [ 10, 20 ] },
      { "item": "steel_chunk", "count": [ 10, 20 ] },
      { "item": "scrap", "count": [ 10, 20 ] }
    ]
  }
]
