[
  {
    "id": "ppshdrum",
    "type": "MAGAZINE",
    "name": "PPSh 71-round drum magazine",
    "//": "Provisional.",
    "description": "A high-capacity drum magazine for the PPSh-41.",
    "weight": 1387,
    "volume": 3,
    "price": 7000,
    "material": "steel",
    "symbol": "#",
    "color": "light_gray",
    "ammo_type": "762x25",
    "capacity": 71,
    "reliability": 7,
    "reload_time": 190,
    "flags": [ "MAG_BULKY" ]
  },
  {
    "id": "ppshmag",
    "type": "MAGAZINE",
    "name": "PPSh 35-round magazine",
    "description": "A 35-round box magazine for the PPSh-41.",
    "weight": 470,
    "volume": 2,
    "price": 2200,
    "material": "steel",
    "symbol": "#",
    "color": "light_gray",
    "ammo_type": "762x25",
    "capacity": 35,
    "reliability": 8,
    "flags": [ "MAG_COMPACT" ]
  },
  {
    "id": "tokarevmag",
    "type": "MAGAZINE",
    "name": "Tokarev TT-33 magazine",
    "description": "Standard 8-round magazine for Tokarev TT-33.",
    "weight": 56,
    "volume": 1,
    "price": 1300,
    "material": "steel",
    "symbol": "#",
    "color": "light_gray",
    "ammo_type": "762x25",
    "capacity": 8,
    "reliability": 8,
    "flags": [ "MAG_COMPACT" ]
  }
]
