[
   {
      "type" : "AMMO",
      "id" : "bolt_wood",
      "price" : 500,
      "name" : "wooden crossbow bolt",
      "symbol" : "=",
      "color" : "green",
      "description" : "A sharpened bolt carved from wood.  It's very light, but doesn't do much damage and isn't particularly accurate.  Stands a below average chance of remaining intact once fired.",
      "material" : "wood",
      "volume" : 1,
      "weight" : 31,
      "bashing" : 1,
      "ammo_type" : "bolt",
      "damage" : 10,
      "pierce" : 1,
      "dispersion" : 150,
      "loudness": 0,
      "count" : 15,
      "effects" : ["RECOVER_5"]
   },
   {
      "type" : "AMMO",
      "id" : "bolt_metal",
      "price" : 1000,
      "name" : "metal crossbow bolt",
      "symbol" : "=",
      "color" : "green",
      "description" : "A sharpened bolt made from metal of some kind.  It's heavy and unwieldy, providing moderate damage and accuracy.  Stands a very good chance of remaining intact once fired.",
      "material" : "iron",
      "volume" : 1,
      "weight" : 250,
      "bashing" : 1,
      "ammo_type" : "bolt",
      "damage" : 15,
      "pierce" : 5,
      "range" : 3,
      "dispersion" : 135,
      "loudness": 0,
      "count" : 10,
      "effects" : ["RECOVER_15"]
   },
   {
      "type" : "AMMO",
      "id" : "bolt_steel",
      "price" : 5000, "//" : "That's the going rate for aluminum, but unless you want carbon fiber, that's as metal as Cabela's seems to stock.",
      "name" : "steel broadhead bolt",
      "symbol" : "=",
      "color" : "green",
      "description" : "A sharp bolt made from steel.  Deadly in skilled hands.  Stands an excellent chance of remaining intact once fired.",
      "material" : "steel",
      "volume" : 1,
      "weight" : 108,
      "bashing" : 5,
      "ammo_type" : "bolt",
      "damage" : 12,
      "pierce" : 10,
      "range" : 16,
      "dispersion" : 90,
      "loudness": 0,
      "count" : 10,
      "effects" : ["RECOVER_50"]
   },
   {
      "type": "AMMO",
      "id": "bolt_steel_bodkin",
      "price": 4000,
      "name": "steel bodkin bolt",
      "symbol": "=",
      "color": "green",
      "description": "A sharp bolt made from steel with an armor piercing bodkin tip.  Deadly in skilled hands.  Stands an excellent chance of remaining intact once fired.",
      "material": "steel",
      "volume": 1,
      "weight": 95,
      "bashing": 3,
      "cutting": 2,
      "ammo_type": "bolt",
      "damage": 8,
      "pierce": 11,
      "range": 18,
      "dispersion": 85,
      "loudness": 0,
      "count": 10,
      "effects": ["RECOVER_50"]
   },
   {
      "type": "AMMO",
      "id": "bolt_steel_target",
      "price": 4000,
      "name": "steel target bolt",
      "symbol": "=",
      "color": "green",
      "description": "A sharp bolt made from steel with extra long fletching and a round, balanced tip for extra accuracy, at the cost of some damage.  Deadly in skilled hands.  Stands an excellent chance of remaining intact once fired.",
      "material": "steel",
      "volume": 1,
      "weight": 122,
      "bashing": 3,
      "cutting": 2,
      "ammo_type": "bolt",
      "damage": 10,
      "pierce": 7,
      "range": 20,
      "dispersion": 60,
      "loudness": 0,
      "count": 10,
      "effects": ["RECOVER_60"]
   },
   {
      "type" : "AMMO",
      "id" : "bolt_explosive",
      "price" : 30000, "//" : "Resin and carbon-fiber bolts get to $10 per shot IRL, so explosives can only go higher.",
      "name" : "explosive crossbow bolt",
      "symbol" : "=",
      "color" : "green",
      "description" : "A lightweight, sharpened bolt made from some kind of metal.  It is fairly unwieldy and only provides moderate accuracy, due to being filled with explosives and fitted with an impact trigger.",
      "material" : ["steel", "powder"],
      "volume" : 1,
      "weight" : 620,
      "bashing" : 1,
      "ammo_type" : "bolt",
      "damage" : 12,
      "pierce" : 2,
      "range" : 8,
      "dispersion" : 135,
      "loudness": 0,
      "stack_size" : 10,
      "effects" : ["COOKOFF", "EXPLOSIVE_SMALL"]
   },
   {
      "id" : "hand_crossbow",
      "type" : "GUN",
      "reload_noise_volume": 10,
      "symbol" : "(",
      "color" : "green",
      "name" : "pistol crossbow",
      "description" : "A small concealable pistol-like crossbow.  It's weak due to its small size and draw, so it is best suited for hunting small game.  Bolts fired from this weapon have a good chance of remaining intact for re-use.",
      "price" : 55000,
      "material" : ["steel", "wood"],
      "flags" : "PRIMITIVE_RANGED_WEAPON",
      "skill" : "pistol",
      "ammo" : "bolt",
      "weight" : 900,
      "volume" : 2,
      "bashing" : 4,
      "ranged_damage" : 7,
      "range" : 6,
      "dispersion" : 180,
      "durability" : 6,
      "clip_size" : 1,
      "valid_mod_locations": [[ "accessories", 2 ],[ "grip", 1 ],[ "mechanism", 4 ],[ "rail", 1 ],[ "sights", 1 ],[ "stock", 1 ],[ "underbarrel", 1 ],[ "dampening", 1]]
   },
   {
      "id" : "crossbow",
      "type" : "GUN",
      "reload_noise_volume": 5,
      "symbol" : "(",
      "color" : "green",
      "name" : "crossbow",
      "description" : "A slow-loading hand weapon that launches bolts.  Stronger people can reload it much faster.  Bolts fired from this weapon have a good chance of remaining intact for re-use.",
      "price" : 69000,
      "material" : ["steel", "wood"],
      "flags" : ["STR_RELOAD", "PRIMITIVE_RANGED_WEAPON"],
      "skill" : "rifle",
      "ammo" : "bolt",
      "weight" : 2728,
      "volume" : 6,
      "bashing" : 11,
      "to_hit" : 1,
      "loudness" : 10,
      "ranged_damage" : 17,
      "range" : 9,
      "dispersion" : 150,
      "durability" : 6,
      "clip_size" : 1,
      "reload" : 500,
      "valid_mod_locations": [[ "accessories", 4 ],[ "grip", 1 ],[ "mechanism", 4 ],[ "stock", 1 ],[ "dampening", 1]]
   },
   {
      "id": "compositecrossbow",
      "type": "GUN",
      "symbol": "(",
      "color": "green",
      "name": "composite crossbow",
      "reload_noise_volume": 4,
      "description": "A slightly larger, more powerful crossbow utilising composite material limbs and somewhat more modern design practices.",
      "price": 89000,
      "material": [ "steel", "wood", "bone" ],
      "flags": [ "STR_RELOAD", "PRIMITIVE_RANGED_WEAPON" ],
      "skill": "rifle",
      "ammo": "bolt",
      "weight": 3500,
      "volume": 7,
      "bashing": 11,
      "to_hit": 1,
      "ranged_damage": 20,
      "range": 16,
      "loudness": 8,
      "dispersion": 220,
      "durability": 6,
      "clip_size": 1,
      "reload": 600,
      "valid_mod_locations": [[ "accessories", 4 ],[ "grip", 1 ],[ "mechanism", 4 ],[ "rail", 1 ],[ "sights", 1 ],[ "stock", 1 ],[ "underbarrel", 1 ],[ "dampening", 1 ]]
   },
   {
      "id": "compcrossbow",
      "type": "GUN",
      "symbol": "(",
      "color": "green",
      "name": "compound crossbow",
      "reload_noise_volume": 4,
      "description": "A high-power crossbow with shaped cams and extra cables for high-power shots.  Takes less time to reload due to a modern string-pulling system.",
      "price": 200000,
      "material": [ "steel", "plastic" ],
      "flags": [ "STR_RELOAD", "PRIMITIVE_RANGED_WEAPON" ],
      "skill": "rifle",
      "ammo": "bolt",
      "weight": 3000,
      "volume": 7,
      "bashing": 11,
      "to_hit": 1,
      "ranged_damage": 28,
      "range": 22,
      "loudness": 12,
      "dispersion": 200,
      "durability": 6,
      "clip_size": 1,
      "reload": 300,
      "valid_mod_locations": [[ "accessories", 4 ],[ "grip", 1 ],[ "mechanism", 4 ],[ "rail", 1 ],[ "sights", 1 ],[ "stock", 1 ],[ "underbarrel", 1 ],[ "dampening", 1 ]]
   },
   {
      "id" : "huge_crossbow",
      "type" : "GUN",
      "reload_noise_volume": 10,
      "symbol" : "(",
      "color" : "green",
      "name" : "heavy crossbow",
      "description" : "A HUGE medieval crossbow from Germany with a very slow, difficult reloading process not suited for unskilled users.  Its tension is so powerful that you feel it shake after firing.  Bolts fired from this weapon have a good chance of remaining intact for re-use.",
      "price" : 324000, "//" : "Modern crossbows can come in anywhere from $300 to $2K.  Large plus Antique = expensive.",
      "material" : ["iron", "wood"],
      "flags" : ["FIRE_TWOHAND", "STR_RELOAD", "PRIMITIVE_RANGED_WEAPON", "TRADER_AVOID"],
      "skill" : "rifle",
      "ammo" : "bolt",
      "weight" : 6803,
      "volume" : 20,
      "bashing" : 20,
      "to_hit" : -1,
      "ranged_damage" : 50,
      "range" : 30,
      "dispersion" : 330,
      "recoil" : 30,
      "durability" : 6,
      "clip_size" : 1,
      "reload" : 6000,
      "valid_mod_locations": [[ "accessories", 4 ],[ "grip", 1 ],[ "mechanism", 4 ],[ "rail", 1 ],[ "sights", 1 ],[ "stock", 1 ],[ "underbarrel", 1 ],[ "dampening", 1]]
   },
   {
      "id" : "rep_crossbow",
      "type" : "GUN",
      "reload_noise_volume": 10,
      "symbol" : "(",
      "color" : "green",
      "name" : "repeating crossbow",
      "description" : "A custom-made crossbow with a clever mechanism that loads and fires bolts in a single motion, it has a wooden magazine that holds 10 bolts.  Bolts fired from this weapon have a good chance of remaining intact for re-use.",
      "price" : 324000,
      "material" : ["steel", "wood"],
      "flags" : ["FIRE_TWOHAND", "PRIMITIVE_RANGED_WEAPON", "TRADER_AVOID"],
      "skill" : "smg",
      "ammo" : "bolt",
      "weight" : 3628,
      "volume" : 10,
      "bashing" : 13,
      "to_hit" : -1,
      "range" : 8,
      "dispersion" : 500,
      "recoil" : 30,
      "durability" : 6,
      "clip_size" : 10,
      "reload" : 50,
      "valid_mod_locations": [[ "accessories", 4 ],[ "grip", 1 ],[ "mechanism", 4 ],[ "rail", 1 ],[ "stock", 1 ],[ "underbarrel", 1 ],["dampening", 1]]
   }
]
