[
  {
    "type": "GENERIC",
    "id": "mjolnir",
    "name": "Mjölnir",
    "description": "A large hammer, forged from the heart of a dying star.  It bears the inscription:\n \nWhosoever holds this hammer,\nIf he be worthy,\nShall possess the power to...\nCRUSH!'",
    "weight": 5443,
    "color": "light_gray",
    "symbol": "/",
    "material": [ "wood", "steel" ],
    "techniques": [ "WBLOCK_1", "BRUTAL", "WIDE", "SWEEP" ],
    "flags": "NONCONDUCTIVE",
    "volume": 10,
    "bashing": 9999,
    "price": 12000,
    "qualities": [ [ "HAMMER", 1 ] ]
  },
  {
    "type": "GENERIC",
    "id": "stick",
    "symbol": "/",
    "color": "brown",
    "name": "heavy stick",
    "description": "A sturdy, heavy stick.  Makes a decent melee weapon, and can be cut into two by fours for crafting.",
    "material": "wood",
    "techniques": [ "WBLOCK_1" ],
    "flags": [ "TRADER_AVOID", "FIREWOOD" ],
    "weight": 1700,
    "volume": 5,
    "bashing": 14,
    "to_hit": -2
  },
  {
    "type": "GENERIC",
    "id": "stick_long",
    "symbol": "/",
    "color": "brown",
    "name": "long stick",
    "description": "A long stick.  Makes a decent melee weapon, and can be broken into heavy sticks for crafting.",
    "material": "wood",
    "techniques": [ "WBLOCK_1" ],
    "flags": [ "TRADER_AVOID", "FIREWOOD" ],
    "weight": 3400,
    "volume": 10,
    "bashing": 18,
    "to_hit": -1,
    "use_action": "BREAK_STICK"
  },
  {
    "type": "GENERIC",
    "id": "spear_rebar",
    "symbol": "/",
    "color": "dark_gray",
    "name": "sharpened rebar",
    "description": "A somewhat sharpened piece of rebar, it is still better at bashing than stabbing but the added flexibility is nice.",
    "price": 500,
    "price_postapoc": 2000,
    "material": "iron",
    "weight": 908,
    "volume": 6,
    "bashing": 14,
    "techniques": [ "WBLOCK_1" ],
    "flags": [ "SPEAR", "REACH_ATTACK", "SHEATH_SPEAR" ],
    "cutting": 8,
    "qualities": [ [ "COOK", 1 ] ]
  },
  {
    "id": "bokken",
    "type": "GENERIC",
    "symbol": "/",
    "color": "brown",
    "name": "bokken",
    "description": "This is a solid wood 'training' katana, exactingly crafted to mimic the weight and balance of the real thing.  Despite its lack of a sharp metal edge, it's still quite capable of inflicting deadly wounds.",
    "price": 55000,
    "material": "wood",
    "techniques": [ "RAPID", "WBLOCK_2", "SWEEP" ],
    "flags": [ "DURABLE_MELEE", "SHEATH_SWORD" ],
    "weight": 1133,
    "volume": 8,
    "//": "MA reference I used held that a bokken crushes rather than cuts (or impales) but is otherwise just as damaging as a katana.  Nerfed by popular demand.",
    "bashing": 25,
    "cutting": 1,
    "to_hit": 1,
    "category": "weapons"
  },
  {
    "type": "GENERIC",
    "id": "cudgel",
    "name": "cudgel",
    "description": "A slender long rod of wood, while traditionally intended as a training tool for many dueling moves, it still makes a good melee weapon in a pinch.",
    "weight": 875,
    "to_hit": 2,
    "color": "brown",
    "symbol": "/",
    "material": [ "wood" ],
    "techniques": [ "WBLOCK_2", "RAPID", "PRECISE" ],
    "flags": [ "DURABLE_MELEE" ],
    "volume": 8,
    "bashing": 8,
    "price": 1000
  },
  {
    "type": "GENERIC",
    "id": "q_staff",
    "symbol": "/",
    "color": "brown",
    "name": "quarterstaff",
    "name_plural": "quarterstaves",
    "description": "A smooth and sturdy staff with a leather-wrapped grip.  Light and well-balanced, it is surprisingly easy to handle.",
    "price": 4000,
    "material": "wood",
    "techniques": [ "WBLOCK_2", "RAPID", "SWEEP" ],
    "flags": [ "DURABLE_MELEE", "SHEATH_SPEAR" ],
    "weight": 1400,
    "volume": 12,
    "bashing": 19,
    "category": "weapons",
    "to_hit": 3
  },
  {
    "type": "GENERIC",
    "id": "i_staff",
    "symbol": "/",
    "color": "brown",
    "name": "ironshod quarterstaff",
    "name_plural": "ironshod quarterstaves",
    "description": "A smooth and sturdy staff with a leather-wrapped grip, which has been reinforced with metal bands and caps.  Durable and well-balanced, it is surprisingly easy to handle.",
    "price": 6000,
    "material": [ "wood", "iron" ],
    "techniques": [ "WBLOCK_2", "RAPID", "SWEEP" ],
    "flags": [ "DURABLE_MELEE", "NONCONDUCTIVE", "SHEATH_SPEAR" ],
    "weight": 2200,
    "volume": 12,
    "bashing": 25,
    "category": "weapons",
    "to_hit": 3
  },
  {
    "type": "GENERIC",
    "id": "lajatang",
    "symbol": "/",
    "color": "brown",
    "name": "lajatang",
    "description": "An exotic weapon comprised of a long pole of wood with curved blades on each end.  It can be deadly in skilled hands.",
    "price": 12000,
    "material": [ "wood", "iron" ],
    "techniques": [ "WBLOCK_1", "SPIN" ],
    "flags": [ "DURABLE_MELEE", "NONCONDUCTIVE" ],
    "weight": 2500,
    "volume": 26,
    "bashing": 4,
    "cutting": 26,
    "to_hit": 2
  },
  {
    "type": "GENERIC",
    "id": "hatchet",
    "symbol": ";",
    "color": "light_gray",
    "name": "hatchet",
    "description": "A one-handed hatchet.  Makes a great melee weapon, and is useful both for chopping things and for use as a hammer.",
    "price": 2500,
    "price_postapoc": 5000,
    "material": [ "steel", "wood" ],
    "weight": 907,
    "volume": 2,
    "bashing": 12,
    "cutting": 6,
    "flags": [ "DURABLE_MELEE", "BELT_CLIP", "NONCONDUCTIVE" ],
    "to_hit": 1,
    "category": "weapons",
    "qualities": [ [ "AXE", 2 ], [ "CUT", 1 ], [ "HAMMER", 2 ], [ "HAMMER_FINE", 1 ], [ "BUTCHER", 16 ] ]
  },
  {
    "type": "GENERIC",
    "id": "knife_butter",
    "symbol": ";",
    "color": "light_gray",
    "name": "butter knife",
    "name_plural": "butter knives",
    "description": "A dull knife, absolutely worthless in combat.",
    "price": 150,
    "material": "steel",
    "weight": 66,
    "volume": 1,
    "bashing": 2,
    "cutting": 1,
    "flags": [ "STAB", "SHEATH_KNIFE" ],
    "to_hit": -2
  },
  {
    "type": "GENERIC",
    "id": "rock",
    "symbol": "*",
    "color": "light_gray",
    "name": "rock",
    "description": "A rock the size of a baseball.  Makes a decent melee weapon, and is also good for throwing at enemies.",
    "material": "stone",
    "flags": "TRADER_AVOID",
    "weight": 657,
    "volume": 1,
    "bashing": 7,
    "to_hit": -2,
    "qualities": [ [ "HAMMER", 1 ] ]
  },
  {
    "type": "GENERIC",
    "id": "sharp_rock",
    "symbol": "*",
    "color": "light_gray",
    "name": "sharp rock",
    "description": "A rock with sharp edges, that can be used as a butchering tool, if nothing else is available.  Makes a passable melee weapon.",
    "material": "stone",
    "weight": 500,
    "volume": 1,
    "bashing": 5,
    "cutting": 3,
    "to_hit": -2,
    "qualities": [ [ "BUTCHER", -50 ] ]
  },
  {
    "type": "GENERIC",
    "id": "ceramic_shard",
    "symbol": "*",
    "color": "white",
    "name": "ceramic shard",
    "description": "A broken ceramic shard.  It is heavy and has a somewhat sharp edge, but it's too irregular to cut properly.",
    "material": "ceramic",
    "flags": "TRADER_AVOID",
    "weight": 750,
    "volume": 1,
    "bashing": 5,
    "cutting": 2,
    "to_hit": -1
  },
  {
    "type": "GENERIC",
    "id": "baseball",
    "symbol": "*",
    "color": "white",
    "name": "baseball",
    "description": "A baseball, good for throwing at enemies.  Getting hit with one of these hurts a lot more than you might think.",
    "price": 1000,
    "material": "leather",
    "weight": 150,
    "volume": 1,
    "bashing": 6,
    "to_hit": 3
  },
  {
    "type": "GENERIC",
    "id": "puck",
    "symbol": "*",
    "color": "dark_gray",
    "name": "hockey puck",
    "description": "A heavy circular block of solid rubber, normally used for playing hockey.  You can throw it to cause some serious harm.",
    "price": 1000,
    "material": "plastic",
    "weight": 170,
    "volume": 1,
    "bashing": 7,
    "to_hit": 2
  },
  {
    "type": "GENERIC",
    "id": "football",
    "symbol": "*",
    "color": "brown",
    "name": "football",
    "description": "An oval made of leather and string, it's easily thrown but does little damage.  You could take it apart into leather if you wanted.",
    "price": 1000,
    "material": "leather",
    "weight": 400,
    "volume": 3,
    "bashing": 4,
    "to_hit": -1
  },
  {
    "type": "GENERIC",
    "id": "basketball",
    "symbol": "*",
    "color": "brown",
    "name": "basketball",
    "description": "A high-quality indoor basketball.  You may throw it at zombies.",
    "price": 1200,
    "material": "leather",
    "weight": 800,
    "volume": 4,
    "bashing": 6,
    "to_hit": -1
  },
  {
    "type": "GENERIC",
    "id": "pointy_stick",
    "symbol": "/",
    "color": "brown",
    "name": "pointy stick",
    "description": "A simple wood pole with one end sharpened.",
    "material": "wood",
    "volume": 5,
    "weight": 900,
    "bashing": 4,
    "cutting": 8,
    "to_hit": 1,
    "flags": "SPEAR",
    "techniques": [ "WBLOCK_1" ],
    "qualities": [ [ "COOK", 1 ] ]
  },
  {
    "type": "GENERIC",
    "id": "sword_wood",
    "symbol": "!",
    "color": "brown",
    "name": "2-by-sword",
    "description": "A two by four with a cross guard and whittled down point; not much for slashing, but much better than your bare hands.",
    "material": "wood",
    "volume": 5,
    "weight": 600,
    "bashing": 12,
    "cutting": 1,
    "to_hit": 1,
    "flags": [ "SHEATH_SWORD" ],
    "techniques": [ "WBLOCK_1" ]
  },
  {
    "type": "GENERIC",
    "id": "sword_nail",
    "symbol": "!",
    "color": "light_gray",
    "name": "nord",
    "description": "The nail sword, or nord for short.  This wooden sword has a dozen nails sticking at jagged angles from edge of the blade, making it much better at chopping than slashing.",
    "material": "wood",
    "volume": 7,
    "weight": 648,
    "bashing": 12,
    "cutting": 4,
    "techniques": [ "WBLOCK_1" ]
  },
  {
    "type": "GENERIC",
    "id": "sword_crude",
    "symbol": "!",
    "color": "light_gray",
    "name": "crude sword",
    "description": "Several bits of thin scrap metal crudely beat into the semblance of an edge over a wooden sword.  The added weight is unbalanced, but the jagged edge offers a good bit of slashing power.",
    "material": "wood",
    "volume": 8,
    "weight": 1100,
    "bashing": 6,
    "cutting": 14,
    "to_hit": -1,
    "flags": [ "SHEATH_SWORD" ],
    "techniques": [ "WBLOCK_1" ]
  },
  {
    "type": "GENERIC",
    "id": "broom",
    "name": "broom",
    "description": "A long-handled broom.  Makes a terrible weapon unless you're chasing cats.",
    "weight": 929,
    "to_hit": 1,
    "color": "yellow",
    "symbol": "/",
    "material": [ "plastic" ],
    "techniques": [ "WBLOCK_1" ],
    "volume": 5,
    "bashing": 4,
    "price": 2400,
    "price_postapoc": 0
  },
  {
    "type": "GENERIC",
    "id": "hammer_sledge",
    "name": "sledge hammer",
    "description": "A large, heavy hammer.  Makes an acceptable melee weapon for the very strong, but is nearly useless in the hands of the weak.",
    "weight": 4500,
    "color": "brown",
    "symbol": "/",
    "material": [ "wood", "steel" ],
    "flags": "NONCONDUCTIVE",
    "techniques": [ "WBLOCK_1", "BRUTAL", "WIDE", "SWEEP" ],
    "volume": 10,
    "bashing": 40,
    "price": 12000,
    "qualities": [ [ "HAMMER", 1 ] ]
  },
  {
    "type": "GENERIC",
    "id": "warhammer",
    "name": "war hammer",
    "description": "A medieval hammer made for battle.  Its odd shape and balance make it an excellent weapon, but an ineffective tool.",
    "weight": 1337,
    "to_hit": 1,
    "color": "brown",
    "symbol": "/",
    "//": "Craftable from steel, shouldn't be silver.  A warhammer is essentially one end of a pickaxe with balancing weight on the other and crushes/pierces the armor.",
    "material": [ "iron", "wood" ],
    "techniques": [ "WBLOCK_1", "BRUTAL", "SWEEP" ],
    "flags": [ "DURABLE_MELEE", "SPEAR", "NONCONDUCTIVE" ],
    "volume": 5,
    "bashing": 20,
    "cutting": 20,
    "price": 16000,
    "qualities": [ [ "HAMMER", 1 ] ]
  },
  {
    "type": "GENERIC",
    "id": "nailboard",
    "name": "nailboard",
    "description": "A long piece of wood with several nails through one end; essentially a simple mace.  Makes an acceptable melee weapon.",
    "weight": 1424,
    "to_hit": 1,
    "color": "brown",
    "symbol": "/",
    "material": [ "wood" ],
    "techniques": [ "WBLOCK_1" ],
    "volume": 5,
    "bashing": 10,
    "cutting": 3,
    "flags": [ "STAB" ],
    "price": 8000,
    "price_postapoc": 1000
  },
  {
    "type": "GENERIC",
    "id": "nailbat",
    "name": "nail bat",
    "description": "A baseball bat with several nails driven through it, an excellent melee weapon.",
    "weight": 1159,
    "to_hit": 3,
    "color": "brown",
    "symbol": "/",
    "material": [ "wood" ],
    "techniques": [ "WBLOCK_1" ],
    "volume": 7,
    "bashing": 20,
    "cutting": 4,
    "flags": [ "STAB" ],
    "price": 16000
  },
  {
    "type": "GENERIC",
    "id": "bwirebat",
    "name": "barbed wire bat",
    "description": "A baseball bat wrapped with barbed wire.  A brutal melee weapon.",
    "weight": 1420,
    "to_hit": 3,
    "color": "brown",
    "symbol": "/",
    "material": [ "wood", "steel" ],
    "techniques": [ "WBLOCK_1" ],
    "flags": [ "DURABLE_MELEE", "NONCONDUCTIVE" ],
    "volume": 8,
    "bashing": 20,
    "cutting": 6,
    "price": 20000
  },
  {
    "type": "GENERIC",
    "id": "bowling_axe",
    "name": "The 7-10 Split",
    "name_plural": "7-10 Splits",
    "description": "An improvised weapon, made from two spikes attached to a bowling pin in the shape of a 'T'.",
    "weight": 2433,
    "to_hit": -1,
    "color": "brown",
    "symbol": "/",
    "material": [ "wood", "steel" ],
    "techniques": [ "WBLOCK_1" ],
    "volume": 7,
    "bashing": 11,
    "cutting": 8,
    "flags": [ "STAB", "NONCONDUCTIVE" ],
    "price": 18000,
    "price_postapoc": 0
  },
  {
    "type": "GENERIC",
    "id": "knuckle_nail",
    "symbol": "]",
    "color": "brown",
    "name": "pair of nail knuckles",
    "name_plural": "pairs of nail knuckles",
    "description": "A pair of knuckles consisting of two small squares of wood with several nails coming through them.  Useful in nasty street fights.",
    "material": "wood",
    "volume": 1,
    "weight": 430,
    "bashing": 4,
    "cutting": 6,
    "flags": [ "UNARMED_WEAPON" ]
  },
  {
    "type": "GENERIC",
    "id": "homewrecker",
    "name": "homewrecker",
    "description": "A long piece of wood with several chunks of steel firmly tied to it.  The resulting weapon is unwieldy and slow but very heavy hitting.",
    "weight": 3024,
    "to_hit": -3,
    "color": "brown",
    "symbol": "/",
    "material": [ "wood", "steel" ],
    "techniques": [ "WBLOCK_1" ],
    "volume": 5,
    "bashing": 28,
    "cutting": 2,
    "flags": [ "STAB", "NONCONDUCTIVE" ],
    "price": 8000
  },
  {
    "type": "GENERIC",
    "id": "2x4",
    "name": "two by four",
    "description": "A plank of wood.  Makes a decent melee weapon, and can be used to board up doors and windows if you have a hammer and nails.",
    "category": "spare_parts",
    "weight": 1391,
    "to_hit": 1,
    "color": "brown",
    "symbol": "/",
    "material": [ "wood" ],
    "techniques": [ "WBLOCK_1" ],
    "volume": 6,
    "bashing": 10,
    "price": 1000,
    "price_postapoc": 0,
    "flags": [ "FIREWOOD" ]
  },
  {
    "type": "GENERIC",
    "id": "pipe",
    "name": "pipe",
    "description": "A steel pipe, makes a good melee weapon.  Useful in a few crafting recipes.",
    "category": "spare_parts",
    "weight": 1250,
    "to_hit": 1,
    "color": "dark_gray",
    "symbol": "/",
    "material": [ "steel" ],
    "techniques": [ "WBLOCK_1" ],
    "volume": 4,
    "bashing": 12,
    "price": 7500,
    "price_postapoc": 300
  },
  {
    "type": "GENERIC",
    "id": "bat",
    "name": "baseball bat",
    "description": "A sturdy wood bat.  Makes a great melee weapon.",
    "weight": 1133,
    "to_hit": 3,
    "color": "brown",
    "symbol": "/",
    "material": [ "wood" ],
    "techniques": [ "WBLOCK_1" ],
    "flags": [ "DURABLE_MELEE" ],
    "volume": 7,
    "bashing": 19,
    "price": 16000
  },
  {
    "type": "GENERIC",
    "id": "bowling_pin",
    "name": "bowling pin",
    "description": "A blunt bowling pin.  Makes a decent melee weapon, if somewhat short.",
    "weight": 1530,
    "to_hit": -1,
    "color": "brown",
    "symbol": "/",
    "material": [ "wood" ],
    "techniques": [ "WBLOCK_1" ],
    "flags": [ "DURABLE_MELEE" ],
    "volume": 9,
    "bashing": 11,
    "price": 1000
  },
  {
    "type": "GENERIC",
    "id": "battletorch_done",
    "name": "burnt out Louisville Slaughterer",
    "description": "A sturdy wood bat, wrapped in flame-resistant Nomex fabric.  Makes a good melee weapon but better be disassembled to recycle the baseball bat and some Nomex patches.",
    "weight": 1343,
    "to_hit": 3,
    "color": "brown",
    "symbol": "/",
    "material": [ "wood" ],
    "techniques": [ "WBLOCK_1" ],
    "flags": [ "DURABLE_MELEE" ],
    "volume": 7,
    "bashing": 19,
    "price": 18000
  },
  {
    "type": "GENERIC",
    "id": "bat_metal",
    "name": "aluminum bat",
    "description": "An aluminum baseball bat, lighter than a wooden bat and a little easier to swing as a result.",
    "weight": 765,
    "to_hit": 3,
    "color": "light_gray",
    "symbol": "/",
    "material": [ "aluminum" ],
    "techniques": [ "WBLOCK_1" ],
    "flags": [ "DURABLE_MELEE" ],
    "volume": 7,
    "bashing": 20,
    "price": 16000
  },
  {
    "type": "GENERIC",
    "id": "spear_wood",
    "name": "wooden spear",
    "description": "A stout pole with an improvised grip and a fire-hardened point.",
    "weight": 898,
    "to_hit": 1,
    "color": "brown",
    "symbol": "/",
    "material": [ "wood" ],
    "techniques": "WBLOCK_1",
    "volume": 5,
    "bashing": 5,
    "cutting": 13,
    "flags": [ "SPEAR", "REACH_ATTACK", "NPC_THROWN", "SHEATH_SPEAR" ],
    "price": 4000,
    "qualities": [ [ "COOK", 1 ] ]
  },
  {
    "type": "GENERIC",
    "id": "spear_forked",
    "name": "forked spear",
    "description": "A wooden pole with three spikes tied to it and decent grip.  It's specialized for catching weapons, and not intended for extended use in combat.",
    "weight": 1650,
    "//": "That's strictly the weight of three spikes.  Shaft is free, be happy.",
    "to_hit": 1,
    "color": "brown",
    "symbol": "/",
    "material": [ "wood", "steel" ],
    "techniques": [ "WBLOCK_2", "DEF_DISARM" ],
    "//": "Block 2 until we re-implement defensive-disarm, I'm afraid.",
    "volume": 6,
    "bashing": 6,
    "cutting": 17,
    "flags": [ "SPEAR", "REACH_ATTACK", "NONCONDUCTIVE", "FRAGILE_MELEE", "SHEATH_SPEAR" ],
    "price": 4900,
    "qualities": [ [ "COOK", 1 ] ]
  },
  {
    "type": "GENERIC",
    "id": "spear_copper",
    "name": "copper spear",
    "description": "A stout wooden pole with a spearhead worked from copper.",
    "weight": 1450,
    "to_hit": 1,
    "color": "light_red",
    "symbol": "/",
    "material": [ "copper", "wood" ],
    "techniques": [ "WBLOCK_1" ],
    "volume": 6,
    "bashing": 5,
    "cutting": 16,
    "flags": [ "SPEAR", "REACH_ATTACK", "NONCONDUCTIVE", "SHEATH_SPEAR" ],
    "price": 1400,
    "qualities": [ [ "COOK", 1 ] ]
  },
  {
    "type": "GENERIC",
    "id": "spear_steel",
    "name": "steel spear",
    "description": "A stout wooden pole with a hand-forged steel spearhead.",
    "weight": 1498,
    "to_hit": 2,
    "color": "light_gray",
    "symbol": "/",
    "material": [ "steel", "wood" ],
    "techniques": [ "WBLOCK_1", "IMPALE" ],
    "volume": 12,
    "bashing": 5,
    "cutting": 29,
    "flags": [ "DURABLE_MELEE", "SPEAR", "REACH_ATTACK", "NONCONDUCTIVE", "SHEATH_SPEAR" ],
    "price": 16000,
    "qualities": [ [ "COOK", 1 ] ]
  },
  {
    "type": "GENERIC",
    "id": "spear_pipe",
    "//": "stats of original steel spear, after it was made into a less makeshift version",
    "name": "pipe spear",
    "description": "A stout metal pole with a sharp point.",
    "weight": 1398,
    "to_hit": 1,
    "color": "light_gray",
    "symbol": "/",
    "material": [ "steel" ],
    "techniques": [ "WBLOCK_1", "IMPALE" ],
    "volume": 5,
    "bashing": 6,
    "cutting": 20,
    "flags": [ "SPEAR", "REACH_ATTACK", "SHEATH_SPEAR" ],
    "price": 8000,
    "qualities": [ [ "COOK", 1 ] ]
  },
  {
    "type": "GENERIC",
    "id": "qiang",
    "name": "qiang",
    "description": "An ancient Chinese spear, typically with a tassel just below the spearhead.  One of the four major weapons in folklore, alongside the dao sabre, jian sword, and gun staff.",
    "weight": 1398,
    "to_hit": 2,
    "color": "light_gray",
    "symbol": "/",
    "material": [ "steel", "wood" ],
    "techniques": [ "WBLOCK_1", "PRECISE", "IMPALE" ],
    "volume": 10,
    "bashing": 4,
    "cutting": 28,
    "flags": [ "DURABLE_MELEE", "SPEAR", "REACH_ATTACK", "NONCONDUCTIVE", "SHEATH_SPEAR" ],
    "price": 80000,
    "qualities": [ [ "COOK", 1 ] ]
  },
  {
    "id": "halberd",
    "type": "GENERIC",
    "symbol": "/",
    "color": "light_gray",
    "name": "halberd",
    "description": "This is a versatile polearm with an axe blade, a spike, and other fun things attached to a long stick.",
    "price": 50000,
    "material": [ "wood", "steel" ],
    "flags": [ "DURABLE_MELEE", "REACH_ATTACK", "NONCONDUCTIVE", "SHEATH_SPEAR" ],
    "techniques": [ "WBLOCK_1", "WIDE", "SWEEP" ],
    "weight": 3175,
    "volume": 15,
    "bashing": 16,
    "cutting": 36,
    "to_hit": 2,
    "qualities": [ [ "COOK", 1 ] ]
  },
  {
    "id": "halberd_fake",
    "type": "GENERIC",
    "symbol": "/",
    "color": "light_gray",
    "name": "halberd",
    "description": "This is a dull, cheaply made replica of a polearm with an axe blade, a spike, and other fun things attached to a long stick.",
    "price": 5000,
    "material": [ "wood", "aluminum" ],
    "flags": [ "REACH_ATTACK", "NONCONDUCTIVE", "SHEATH_SPEAR" ],
    "techniques": [ "WBLOCK_1", "SWEEP" ],
    "weight": 1644,
    "volume": 15,
    "bashing": 15,
    "cutting": 2,
    "to_hit": 2,
    "category": "weapons"
  },
  {
    "id": "glaive",
    "type": "GENERIC",
    "symbol": "/",
    "color": "light_gray",
    "name": "glaive",
    "description": "A sturdy polearm with a sizable, single-edged blade on the end.",
    "price": 50000,
    "material": [ "steel", "wood" ],
    "flags": [ "DURABLE_MELEE", "REACH_ATTACK", "NONCONDUCTIVE", "SHEATH_SPEAR" ],
    "techniques": [ "WIDE", "WBLOCK_1" ],
    "weight": 2100,
    "volume": 10,
    "bashing": 8,
    "cutting": 30,
    "to_hit": 2
  },
  {
    "type": "GENERIC",
    "id": "naginata",
    "name": "naginata",
    "name_plural": "naginata",
    "description": "A sturdy polearm with a curved blade, made in the same manner as the katana and other Japanese blades.  Occasionally used by samurai in early periods, or by their wives in defense of the household.",
    "weight": 1700,
    "to_hit": 2,
    "color": "light_gray",
    "symbol": "/",
    "material": [ "steel", "wood" ],
    "techniques": [ "WIDE", "WBLOCK_1" ],
    "volume": 10,
    "bashing": 6,
    "cutting": 37,
    "flags": [ "DURABLE_MELEE", "REACH_ATTACK", "NONCONDUCTIVE", "SHEATH_SPEAR" ],
    "price": 80000
  },
  {
    "type": "GENERIC",
    "id": "spear_survivor",
    "name": "survivor naginata",
    "name_plural": "survivor naginata",
    "description": "This sturdy steel shaft with a sword blade at the end is good for both slashing and stabbing.",
    "weight": 1700,
    "to_hit": 2,
    "color": "light_gray",
    "symbol": "/",
    "material": [ "steel" ],
    "techniques": [ "IMPALE", "WIDE", "WBLOCK_1" ],
    "volume": 9,
    "bashing": 2,
    "cutting": 24,
    "flags": [ "STAB", "REACH_ATTACK", "SHEATH_SPEAR" ],
    "//": "Description says it can slash. STAB currently doesn't slash, but at least it doesn't give the spear bonus",
    "price": 8000,
    "qualities": [ [ "COOK", 1 ] ]
  },
  {
    "type": "GENERIC",
    "id": "baton",
    "category": "weapons",
    "name": "expandable baton",
    "description": "A telescoping baton that collapses for easy storage.  Makes an excellent melee weapon.  Activate to expand.",
    "weight": 725,
    "to_hit": 2,
    "color": "dark_gray",
    "symbol": "/",
    "material": [ "aluminum" ],
    "flags": [ "DURABLE_MELEE", "BELT_CLIP" ],
    "use_action": { "menu_text": "Expand", "type": "transform", "target": "baton-extended", "msg": "You snap open your baton." },
    "volume": 1,
    "bashing": 4,
    "price": 17500
  },
  {
    "type": "GENERIC",
    "id": "baton-extended",
    "category": "weapons",
    "name": "expandable baton (extended)",
    "name_plural": "expandable batons (extended)",
    "description": "A telescoping baton that collapses for easy storage.  Makes an excellent melee weapon.  Activate to collapse.",
    "weight": 725,
    "to_hit": 2,
    "color": "dark_gray",
    "symbol": "/",
    "material": [ "aluminum" ],
    "techniques": [ "WBLOCK_1", "RAPID" ],
    "flags": [ "DURABLE_MELEE", "BELT_CLIP" ],
    "use_action": { "menu_text": "Collapse", "type": "transform", "target": "baton", "msg": "You collapse your baton." },
    "volume": 3,
    "bashing": 12,
    "price": 17500
  },
  {
    "type": "GENERIC",
    "id": "bee_sting",
    "name": "bee sting",
    "description": "A six-inch stinger from a giant bee.  Makes a mediocre melee weapon.",
    "weight": 540,
    "to_hit": -1,
    "color": "white",
    "symbol": ",",
    "material": [ "flesh" ],
    "volume": 1,
    "cutting": 10,
    "flags": [ "SPEAR" ],
    "price": 3000
  },
  {
    "type": "GENERIC",
    "id": "fighter_sting",
    "name": "fungal fighter sting",
    "description": "A short dart from a fungal fighter.  Makes an poor melee weapon.",
    "weight": 270,
    "to_hit": -1,
    "color": "green",
    "symbol": ",",
    "material": [ "veggy" ],
    "volume": 1,
    "cutting": 8,
    "flags": [ "SPEAR", "SHEATH_KNIFE" ],
    "price": 500
  },
  {
    "type": "GENERIC",
    "id": "wasp_sting",
    "name": "wasp sting",
    "description": "A six-inch stinger from a giant wasp.  Makes a poor melee weapon.",
    "weight": 540,
    "to_hit": -1,
    "color": "dark_gray",
    "symbol": ",",
    "material": [ "flesh" ],
    "volume": 1,
    "cutting": 8,
    "flags": [ "SPEAR", "SHEATH_KNIFE" ],
    "price": 1000
  },
  {
    "type": "GENERIC",
    "id": "cane",
    "name": "walking cane",
    "description": "Handicapped or not, you always walk in style.  Consisting of a metal headpiece and a wooden body, this makes a great bashing weapon in a pinch.",
    "weight": 453,
    "to_hit": 2,
    "color": "dark_gray",
    "symbol": "/",
    "material": [ "wood", "aluminum" ],
    "techniques": [ "WBLOCK_1" ],
    "flags": "NONCONDUCTIVE",
    "volume": 4,
    "bashing": 10,
    "price": 16000,
    "price_postapoc": 100
  },
  {
    "type": "GENERIC",
    "id": "mace",
    "name": "mace",
    "description": "A medieval weapon consisting of a wood handle with a heavy iron end.  It is heavy and slow, but its crushing damage is devastating.",
    "weight": 1500,
    "to_hit": 1,
    "color": "dark_gray",
    "symbol": "/",
    "material": [ "iron", "wood" ],
    "techniques": [ "SWEEP" ],
    "flags": [ "DURABLE_MELEE", "NONCONDUCTIVE" ],
    "volume": 5,
    "//": "Same total damage and slightly higher weight than a morningstar - exchanged.",
    "bashing": 37,
    "price": 100000,
    "qualities": [ [ "HAMMER", 1 ] ]
  },
  {
    "type": "GENERIC",
    "id": "morningstar",
    "name": "morningstar",
    "description": "A medieval weapon consisting of a wood handle with a heavy, spiked iron ball on the end.  It deals devastating crushing damage, with a small amount of piercing to boot.",
    "weight": 1400,
    "to_hit": 1,
    "color": "dark_gray",
    "symbol": "/",
    "material": [ "iron", "wood" ],
    "techniques": [ "SWEEP" ],
    "volume": 6,
    "bashing": 33,
    "cutting": 4,
    "flags": [ "DURABLE_MELEE", "SPEAR", "NONCONDUCTIVE" ],
    "price": 120000,
    "qualities": [ [ "HAMMER", 1 ] ]
  },
  {
    "type": "GENERIC",
    "id": "pool_cue",
    "name": "pool cue",
    "description": "A hard-wood stick designed for hitting colorful balls around a felt table.  Truly, the coolest of sports.",
    "weight": 520,
    "to_hit": 3,
    "color": "brown",
    "symbol": "/",
    "material": [ "wood" ],
    "techniques": [ "WBLOCK_1" ],
    "volume": 8,
    "bashing": 10,
    "price": 8000,
    "price_postapoc": 500
  },
  {
    "type": "GENERIC",
    "id": "spike",
    "name": "spike",
    "description": "A large and slightly misshapen spike, could do some damage mounted on a vehicle.",
    "category": "spare_parts",
    "weight": 550,
    "to_hit": -2,
    "color": "light_gray",
    "symbol": ";",
    "material": [ "steel" ],
    "volume": 1,
    "bashing": 2,
    "cutting": 6,
    "flags": [ "STAB" ],
    "price_postapoc": 500
  },
  {
    "type": "GENERIC",
    "id": "javelin",
    "name": "wooden javelin",
    "description": "A fire-hardened wooden spear honed to a sharper point.  The grip area has been carved and covered for better grip.",
    "weight": 600,
    "to_hit": 2,
    "color": "brown",
    "symbol": "/",
    "material": [ "wood" ],
    "techniques": "WBLOCK_1",
    "volume": 4,
    "bashing": 5,
    "cutting": 11,
    "thrown_damage": [ { "damage_type": "bash", "amount": 5 }, { "damage_type": "stab", "amount": 11 } ],
    "flags": [ "SPEAR", "SHEATH_SPEAR", "JAVELIN" ],
    "price": 4000,
    "qualities": [ [ "COOK", 1 ] ]
  },
  {
    "type": "GENERIC",
    "id": "javelin_iron",
    "name": "iron javelin",
    "description": "An iron-tipped wooden throwing spear.  The grip area has been carved and covered for better grip.",
    "weight": 960,
    "to_hit": 2,
    "color": "light_gray",
    "symbol": "/",
    "material": [ "wood", "iron" ],
    "techniques": "WBLOCK_1",
    "volume": 4,
    "bashing": 5,
    "cutting": 17,
    "thrown_damage": [ { "damage_type": "bash", "amount": 5 }, { "damage_type": "stab", "amount": 17 } ],
    "flags": [ "SPEAR", "NONCONDUCTIVE", "SHEATH_SPEAR", "JAVELIN" ],
    "price": 9000,
    "qualities": [ [ "COOK", 1 ] ]
  },
  {
    "type": "GENERIC",
    "id": "bio_claws_weapon",
    "name": "bionic claws",
    "name_plural": "bionic claws",
    "description": "Short and sharp claws made from a high-tech metal.",
    "to_hit": 4,
    "color": "light_gray",
    "symbol": "{",
    "material": [ "superalloy" ],
    "volume": 2,
    "bashing": 8,
    "cutting": 16,
    "flags": [ "STAB", "UNARMED_WEAPON", "NO_UNWIELD", "UNBREAKABLE_MELEE", "TRADER_AVOID" ],
    "qualities": [ [ "BUTCHER", 12 ] ]
  },
  {
    "type": "GENERIC",
    "id": "bio_blade_weapon",
    "name": "monomolecular blade",
    "description": "A foot-long blade made from high-tech alloy and edged with bonded nanocrystals.",
    "weight": 100,
    "to_hit": 3,
    "color": "dark_gray",
    "symbol": "{",
    "material": [ "superalloy" ],
    "techniques": [ "WBLOCK_2" ],
    "volume": 3,
    "cutting": 36,
    "flags": [ "UNARMED_WEAPON", "NO_UNWIELD", "UNBREAKABLE_MELEE", "TRADER_AVOID" ],
    "qualities": [ [ "CUT", 1 ], [ "BUTCHER", 22 ] ]
  },
  {
    "type": "GENERIC",
    "id": "punch_dagger",
    "name": "punch dagger",
    "description": "A short and sharp double edged dagger made to be gripped in the palm, with the blade protruding between the fingers.",
    "weight": 168,
    "to_hit": 2,
    "color": "dark_gray",
    "symbol": "{",
    "material": [ "steel" ],
    "volume": 1,
    "bashing": 2,
    "cutting": 10,
    "flags": [ "STAB", "UNARMED_WEAPON", "DURABLE_MELEE", "SHEATH_KNIFE" ],
    "price": 10000,
    "qualities": [ [ "CUT", 1 ], [ "BUTCHER", 14 ] ]
  },
  {
    "type": "GENERIC",
    "id": "bagh_nakha",
    "name": "tiger claws",
    "name_plural": "tiger claws",
    "description": "Also called bagh nakha or iron paw, this is a small claw-like bladed weapon from India designed to be concealed under and against the palm.",
    "weight": 92,
    "to_hit": 3,
    "color": "dark_gray",
    "symbol": "{",
    "material": [ "steel" ],
    "bashing": 1,
    "cutting": 6,
    "flags": [ "UNARMED_WEAPON", "DURABLE_MELEE" ],
    "price": 20000,
    "qualities": [ [ "BUTCHER", 14 ] ]
  },
  {
    "type": "GENERIC",
    "id": "knuckle_steel",
    "symbol": "3",
    "color": "dark_gray",
    "name": "pair of steel knuckles",
    "name_plural": "pairs of steel knuckles",
    "description": "A mass of scrap metal crudely beat into shape, with folded rags underneath to protect the wearers knuckles.  A good, quick weapon - but you have to get within punching range to use it.",
    "material": "steel",
    "volume": 1,
    "weight": 430,
    "bashing": 8,
    "flags": [ "UNARMED_WEAPON" ]
  },
  {
    "type": "GENERIC",
    "id": "knuckle_katar",
    "symbol": "!",
    "color": "dark_gray",
    "name": "razorbar katar",
    "description": "Five pieces of rebar sharpened to cruel points and strapped to a brace fastened at wrist and forearm on both arms.  The next bub better watch out.",
    "material": "steel",
    "volume": 2,
    "weight": 1150,
    "cutting": 16,
    "to_hit": 2,
    "flags": [ "UNARMED_WEAPON" ],
    "techniques": [ "WBLOCK_1" ]
  },
  {
    "type": "GENERIC",
    "id": "cestus",
    "symbol": "3",
    "color": "light_gray",
    "name": "cestus",
    "name_plural": "cestuses",
    "description": "A heavy metal guard that covers the fist and increases striking power, with stout padding underneath to protect the wearers hand.",
    "material": [ "steel", "leather" ],
    "volume": 2,
    "weight": 970,
    "bashing": 12,
    "flags": [ "UNARMED_WEAPON", "DURABLE_MELEE", "NONCONDUCTIVE" ]
  },
  {
    "type": "GENERIC",
    "id": "knuckle_brass",
    "symbol": "3",
    "color": "yellow",
    "name": "pair of brass knuckles",
    "name_plural": "pairs of brass knuckles",
    "category": "weapons",
    "description": "A metal weapon made of brass, designed to be gripped in the palm and cause punches to do extra damage.  A good, quick weapon - but you have to get within punching range to use it.",
    "material": "brass",
    "weight": 320,
    "bashing": 6,
    "flags": [ "UNARMED_WEAPON", "DURABLE_MELEE" ]
  },
  {
    "type": "GENERIC",
    "id": "hockey_stick",
    "symbol": ";",
    "color": "white",
    "name": "hockey stick",
    "description": "A curved wooden stick with a wide and flat end.  Commonly used by hockey players.",
    "price": 11000,
    "price_postapoc": 2000,
    "material": [ "wood", "plastic" ],
    "techniques": [ "WBLOCK_1" ],
    "weight": 420,
    "volume": 7,
    "bashing": 14,
    "cutting": 1,
    "to_hit": 1
  },
  {
    "type": "GENERIC",
    "id": "golf_club",
    "symbol": ";",
    "color": "light_gray",
    "name": "golf club",
    "description": "A long handle with a big metal head, flat on one side, for driving golf balls.  Fore!",
    "price": 13000,
    "price_postapoc": 2200,
    "material": "aluminum",
    "weight": 300,
    "volume": 4,
    "bashing": 14,
    "to_hit": 1,
    "flags": [ "SHEATH_GOLF" ]
  },
  {
    "type": "GENERIC",
    "id": "rock_sock",
    "symbol": ";",
    "color": "white",
    "name": "rock in a sock",
    "name_plural": "rocks in socks",
    "description": "A sock with a rock tied into the end of it.  A true weapon of desperation.",
    "price": 1000,
    "price_postapoc": 300,
    "material": [ "cotton", "stone" ],
    "weight": 1007,
    "volume": 2,
    "bashing": 8,
    "to_hit": 1
  },
  {
    "type": "GENERIC",
    "id": "tonfa",
    "name": "tonfa",
    "description": "A hard plastic truncheon commonly employed by police.  Originally an Okinawan weapon, it consists of a stick with a perpendicular handle attached a third of the way down its length.",
    "weight": 575,
    "to_hit": 2,
    "color": "dark_gray",
    "symbol": "/",
    "material": "plastic",
    "techniques": [ "WBLOCK_2", "RAPID" ],
    "flags": [ "DURABLE_MELEE" ],
    "volume": 8,
    "bashing": 12,
    "price": 19500
  },
  {
    "type": "GENERIC",
    "id": "tonfa_wood",
    "name": "wooden tonfa",
    "description": "A stout wooden truncheon of the sort commonly employed by police.  Originally an Okinawan weapon, it consists of a stick with a perpendicular handle attached a third of the way down its length.",
    "weight": 921,
    "to_hit": 2,
    "color": "brown",
    "symbol": "/",
    "material": [ "wood" ],
    "techniques": [ "WBLOCK_2", "RAPID" ],
    "flags": [ "DURABLE_MELEE" ],
    "volume": 8,
    "bashing": 14,
    "price": 19500
  },
  {
    "type": "GENERIC",
    "id": "PR24-retracted",
    "category": "weapons",
    "name": "PR-24 baton (retracted)",
    "name_plural": "PR-24 batons (retracted)",
    "description": "The Monadnock PR-24 baton is a collapsible, lightweight, side-handle baton used by law enforcement all over the world.  The PR designation is rumored to mean Public Relations.  Activate to extend.",
    "weight": 680,
    "to_hit": 1,
    "color": "dark_gray",
    "symbol": "/",
    "material": [ "aluminum", "plastic" ],
    "techniques": [ "WBLOCK_1" ],
    "flags": [ "DURABLE_MELEE" ],
    "use_action": { "menu_text": "Extend", "type": "transform", "target": "PR24-extended", "msg": "You snap open your PR-24 baton." },
    "volume": 4,
    "bashing": 5,
    "price": 30000
  },
  {
    "type": "GENERIC",
    "id": "PR24-extended",
    "category": "weapons",
    "name": "PR-24 baton (extended)",
    "name_plural": "PR-24 batons (extended)",
    "description": "The Monadnock PR-24 baton is a collapsible, lightweight, side-handle baton used by law enforcement all over the world.  The PR designation is rumored to mean Public Relations.  Activate to retract.",
    "weight": 680,
    "to_hit": 2,
    "color": "dark_gray",
    "symbol": "/",
    "material": [ "aluminum", "plastic" ],
    "techniques": [ "WBLOCK_2", "RAPID" ],
    "flags": [ "DURABLE_MELEE" ],
    "use_action": { "menu_text": "Retract", "type": "transform", "target": "PR24-retracted", "msg": "You collapse your PR-24 baton." },
    "volume": 8,
    "bashing": 13,
    "price": 30000
  },
  {
    "type": "GENERIC",
    "id": "cu_pipe",
    "name": "copper tubing",
    "description": "A copper tube, too thin to be much use as a melee weapon, but will do if nothing else is available.  Useful in a few crafting recipes.",
    "category": "spare_parts",
    "weight": 345,
    "to_hit": -1,
    "color": "light_red",
    "symbol": "/",
    "material": [ "copper" ],
    "techniques": [ "WBLOCK_1" ],
    "volume": 2,
    "bashing": 5,
    "price": 7500,
    "price_postapoc": 300
  },
  {
    "type": "GENERIC",
    "id": "glass_shiv",
    "symbol": ",",
    "color": "light_cyan",
    "name": "glass shiv",
    "description": "A glass shard with wrapping at one end so it can be safely wielded.",
    "material": [ "glass", "cotton" ],
    "weight": 129,
    "volume": 1,
    "cutting": 6,
    "flags": [ "SHEATH_KNIFE", "CONDUCTIVE", "FRAGILE_MELEE" ],
    "qualities": [ [ "BUTCHER", -18 ] ]
  },
  {
    "//": "Id retained to avoid breaking anything, same reason as with the makeshift glaive.",
    "type": "GENERIC",
    "id": "glass_macuahuitl",
    "name": "makeshift macuahuitl",
    "description": "A flat wooden club with sharpened pieces of stone sticking to both of its sides.",
    "weight": 955,
    "to_hit": 1,
    "color": "dark_gray",
    "symbol": "/",
    "material": [ "wood", "stone" ],
    "techniques": [ "WBLOCK_1" ],
    "volume": 9,
    "bashing": 7,
    "cutting": 14,
    "price": 5900,
    "price_postapoc": 2000
  },
  {
    "type": "GENERIC",
    "id": "sharp_toothbrush",
    "symbol": ",",
    "color": "light_blue",
    "name": "sharpened toothbrush",
    "name_plural": "sharpened toothbrushes",
    "description": "A personal hygiene item turned into a shank.",
    "category": "weapons",
    "price": 400,
    "material": [ "plastic" ],
    "weight": 49,
    "volume": 1,
    "bashing": 2,
    "cutting": 1,
    "flags": [ "STAB", "SHEATH_KNIFE", "CONDUCTIVE" ]
  },
  {
    "type": "GENERIC",
    "id": "razor_blade",
    "symbol": ",",
    "color": "light_cyan",
    "name": "razor blade",
    "description": "A double edged razor blade.",
    "price": 600,
    "price_postapoc": 100,
    "material": "steel",
    "weight": 10,
    "cutting": 1
  },
  {
    "id": "ugl_buttstock",
    "type": "GENERIC",
    "symbol": ",",
    "color": "dark_gray",
    "name": "grenade launcher buttstock",
    "description": "A collapsible buttstock designed for the M320 grenade launcher.  When combined with this stock, the M320 can be used as a stand alone weapon",
    "price": 10000,
    "material": [ "plastic", "steel" ],
    "weight": 600,
    "volume": 1,
    "to_hit": 1
  },
  {
    "id": "fencing_foil",
    "type": "GENERIC",
    "symbol": "/",
    "color": "light_gray",
    "name": "fencing foil",
    "description": "A weapon used for fencing, the most noble of all sports.  Unfortunately, a fencing foil is rather useless as a weapon, due to its flexible shaft and dull tip.",
    "price": 2000,
    "price_postapoc": 0,
    "material": "steel",
    "weight": 450,
    "volume": 5,
    "bashing": 1,
    "cutting": 2,
    "to_hit": 2,
    "techniques": [ "PRECISE", "RAPID", "WBLOCK_2" ],
    "flags": [ "STAB", "SHEATH_SWORD" ]
  },
  {
    "id": "fencing_epee",
    "type": "GENERIC",
    "symbol": "/",
    "color": "light_gray",
    "name": "fencing epee",
    "description": "A weapon used for fencing, the most noble of all sports.  The epee is the heaviest and stiffest of the fencing weapons, and therefore perhaps the most useful.",
    "price": 2000,
    "price_postapoc": 1000,
    "material": "steel",
    "weight": 650,
    "volume": 5,
    "bashing": 3,
    "cutting": 7,
    "to_hit": 2,
    "techniques": [ "PRECISE", "RAPID", "WBLOCK_2" ],
    "flags": [ "STAB", "SHEATH_SWORD" ]
  },
  {
    "id": "fencing_sabre",
    "type": "GENERIC",
    "symbol": "/",
    "color": "light_gray",
    "name": "fencing saber",
    "description": "A weapon used for fencing, the most noble of all sports.  The fencing saber is marginally shorter than the foil and epee, but no less effective.",
    "price": 2000,
    "price_postapoc": 0,
    "material": "steel",
    "weight": 400,
    "volume": 5,
    "bashing": 1,
    "cutting": 6,
    "to_hit": 2,
    "techniques": [ "PRECISE", "RAPID", "WBLOCK_2" ],
    "flags": [ "STAB", "SHEATH_SWORD" ]
  },
  {
    "id": "broadsword_inferior",
    "type": "TOOL",
    "symbol": "/",
    "color": "light_gray",
    "name": "broadsword",
    "description": "This is an early modern sword seeing use in the 16th, 17th, and 18th centuries.  This sword appears to be made very poorly, but it should still stand up to a few swings.",
    "price": 120000,
    "material": "budget_steel",
    "flags": [ "SHEATH_SWORD" ],
    "techniques": "WBLOCK_2",
    "weight": 1133,
    "volume": 7,
    "bashing": 7,
    "cutting": 29,
    "to_hit": 2,
    "category": "weapons",
    "qualities": [ [ "CUT", 1 ], [ "BUTCHER", 9 ] ]
  },
  {
    "id": "cutlass_fake",
    "type": "GENERIC",
    "symbol": "/",
    "color": "dark_gray",
    "name": "cutlass",
    "name_plural": "cutlasses",
    "description": "This is a dull, cheaply made replica of a broad saber known for its use by sailors and pirates.",
    "price": 9600,
    "price_postapoc": 0,
    "material": "aluminum",
    "techniques": "WBLOCK_2",
    "flags": "SHEATH_SWORD",
    "weight": 634,
    "volume": 7,
    "bashing": 8,
    "cutting": 2,
    "to_hit": 2,
    "category": "weapons"
  },
  {
    "id": "cutlass_inferior",
    "type": "TOOL",
    "symbol": "/",
    "color": "dark_gray",
    "name": "cutlass",
    "name_plural": "cutlasses",
    "description": "This is a broad saber known for its use by sailors and pirates.  This sword appears to be made very poorly, but it should still stand up to a few swings.",
    "price": 96000,
    "material": "budget_steel",
    "techniques": "WBLOCK_2",
    "weight": 955,
    "volume": 5,
    "bashing": 6,
    "cutting": 25,
    "flags": [ "SHEATH_SWORD" ],
    "to_hit": 2,
    "category": "weapons",
    "qualities": [ [ "CUT", 1 ], [ "BUTCHER", 9 ] ]
  },
  {
    "id": "katana_fake",
    "type": "GENERIC",
    "symbol": "/",
    "color": "light_gray",
    "name": "katana",
    "description": "This is a dull, cheaply made replica of a rare sword from Japan.",
    "price": 5000,
    "price_postapoc": 0,
    "material": "aluminum",
    "techniques": [ "RAPID", "WBLOCK_2" ],
    "flags": "SHEATH_SWORD",
    "weight": 753,
    "volume": 8,
    "bashing": 6,
    "cutting": 2,
    "to_hit": 1,
    "category": "weapons"
  },
  {
    "id": "katana_inferior",
    "type": "TOOL",
    "symbol": "/",
    "color": "light_gray",
    "name": "katana",
    "description": "This is a rare sword from Japan.  While it's got the right edge and weight, the pommel just snaps off, and the blade seems pretty worn.",
    "price": 98000,
    "material": "budget_steel",
    "techniques": [ "RAPID", "WBLOCK_2" ],
    "flags": [ "SHEATH_SWORD" ],
    "weight": 1133,
    "volume": 8,
    "bashing": 3,
    "cutting": 24,
    "to_hit": 1,
    "category": "weapons",
    "qualities": [ [ "CUT", 1 ], [ "BUTCHER", 9 ] ]
  },
  {
    "id": "zweihander_fake",
    "type": "GENERIC",
    "symbol": "/",
    "color": "light_gray",
    "name": "zweihänder",
    "description": "This is a dull, cheaply made replica of a huge two-handed sword from Germany.  It still packs a wallop.",
    "price": 8000,
    "price_postapoc": 1000,
    "material": "aluminum",
    "flags": "SHEATH_SWORD",
    "techniques": [ "WBLOCK_1", "WIDE", "BRUTAL", "SWEEP" ],
    "weight": 3176,
    "volume": 13,
    "bashing": 15,
    "cutting": 2,
    "to_hit": 1,
    "category": "weapons"
  },
  {
    "id": "zweihander_inferior",
    "type": "TOOL",
    "symbol": "/",
    "color": "light_gray",
    "name": "zweihänder",
    "description": "This is a huge two-handed sword from Germany.  You're not quite sure it's supposed to be that bendy.",
    "price": 160000,
    "material": "budget_steel",
    "flags": [ "SHEATH_SWORD" ],
    "techniques": [ "WBLOCK_1", "WIDE", "BRUTAL", "SWEEP" ],
    "weight": 3176,
    "volume": 13,
    "bashing": 13,
    "cutting": 35,
    "to_hit": 1,
    "category": "weapons"
  },
  {
    "id": "broadsword_fake",
    "type": "GENERIC",
    "symbol": "/",
    "color": "light_gray",
    "name": "broadsword",
    "description": "This is a dull, cheaply made replica of an early modern sword seeing use in the 16th, 17th, and 18th centuries.  Called 'broad' to contrast with the slimmer rapiers.",
    "price": 12000,
    "price_postapoc": 500,
    "material": "aluminum",
    "flags": "SHEATH_SWORD",
    "techniques": "WBLOCK_2",
    "weight": 753,
    "volume": 7,
    "bashing": 10,
    "cutting": 2,
    "to_hit": 2,
    "category": "weapons"
  },
  {
    "id": "cavalry_sabre_fake",
    "type": "GENERIC",
    "category": "weapons",
    "name": "cavalry saber",
    "description": "This is a dull, cheap replica of a curved sword associated with cavalry, from the Early Modern period onwards.",
    "weight": 600,
    "volume": 5,
    "price": 9700,
    "price_postapoc": 0,
    "to_hit": 2,
    "bashing": 4,
    "cutting": 2,
    "material": "aluminum",
    "symbol": "/",
    "color": "dark_gray",
    "techniques": [ "WBLOCK_2", "RAPID" ],
    "flags": [ "SHEATH_SWORD" ]
  },
  {
    "id": "rapier_fake",
    "type": "GENERIC",
    "symbol": "/",
    "color": "light_gray",
    "name": "rapier",
    "description": "This is a blunted, cheap replica of a thin sword with an ornate hand guard.  It looks like the preferred weapon of gentlemen and swashbucklers.  Light and quick, it makes any battle a stylish battle.",
    "price": 9800,
    "price_postapoc": 0,
    "material": "steel",
    "techniques": [ "RAPID", "WBLOCK_2", "PRECISE" ],
    "flags": "SHEATH_SWORD",
    "weight": 660,
    "volume": 6,
    "bashing": 4,
    "cutting": 2,
    "to_hit": 2,
    "category": "weapons"
  },
  {
    "id": "wakizashi_fake",
    "type": "GENERIC",
    "symbol": "/",
    "color": "light_gray",
    "name": "wakizashi",
    "description": "This is a dull, cheap replica of the more common wakizashi.  Smaller and lighter than a katana, but still effective in combat.",
    "price": 7800,
    "price_postapoc": 0,
    "material": "steel",
    "techniques": [ "RAPID", "WBLOCK_2" ],
    "flags": "SHEATH_SWORD",
    "weight": 557,
    "volume": 6,
    "bashing": 4,
    "cutting": 2,
    "to_hit": 1,
    "category": "weapons"
  },
  {
    "id": "wakizashi_inferior",
    "type": "TOOL",
    "symbol": "/",
    "color": "light_gray",
    "name": "wakizashi",
    "name_plural": "wakizashi",
    "description": "This is a comparatively-common Japanese short sword.  There's something not quite right about this sword.",
    "price": 17800,
    "material": "budget_steel",
    "techniques": [ "RAPID", "WBLOCK_2" ],
    "flags": [ "SHEATH_SWORD" ],
    "weight": 835,
    "volume": 6,
    "bashing": 3,
    "cutting": 20,
    "to_hit": 1,
    "category": "weapons",
    "qualities": [ [ "CUT", 1 ], [ "BUTCHER", 13 ] ]
  },
  {
    "id": "kris_fake",
    "type": "GENERIC",
    "symbol": "/",
    "color": "dark_gray",
    "name": "kris",
    "name_plural": "krises",
    "description": "This is a dull, cheap replica of a wavy bladed dagger that comes from Southeast Asia.",
    "price": 3800,
    "price_postapoc": 0,
    "material": "steel",
    "techniques": [ "WBLOCK_1", "RAPID" ],
    "weight": 558,
    "volume": 3,
    "bashing": 2,
    "cutting": 2,
    "flags": "SHEATH_SWORD",
    "to_hit": 1,
    "category": "weapons"
  },
  {
    "id": "battleaxe_fake",
    "type": "GENERIC",
    "symbol": "/",
    "color": "light_gray",
    "name": "battle axe",
    "description": "This is a dull, cheaply made replica of a massive axe designed for warfare.",
    "price": 1050,
    "price_postapoc": 300,
    "material": [ "aluminum", "wood" ],
    "flags": "NONCONDUCTIVE",
    "techniques": [ "WBLOCK_1", "WIDE", "BRUTAL", "SWEEP" ],
    "weight": 2068,
    "volume": 13,
    "bashing": 16,
    "cutting": 2,
    "to_hit": 1,
    "category": "weapons"
  },
  {
    "id": "battleaxe_inferior",
    "type": "TOOL",
    "symbol": "/",
    "color": "light_gray",
    "name": "battle axe",
    "description": "This is a huge axe designed for warfare.  You notice that the axe heads aren't seated properly at all.",
    "price": 40000,
    "material": [ "budget_steel", "wood" ],
    "weight": 2002,
    "volume": 10,
    "bashing": 16,
    "cutting": 24,
    "flags": [ "NONCONDUCTIVE" ],
    "techniques": [ "WBLOCK_1", "BRUTAL", "SWEEP" ],
    "to_hit": 1,
    "category": "weapons",
    "qualities": [ [ "AXE", 2 ] ]
  },
  {
    "id": "nodachi_fake",
    "type": "GENERIC",
    "symbol": "/",
    "color": "light_gray",
    "name": "nodachi",
    "name_plural": "nodachi",
    "description": "This is a dull, cheaply made replica of a huge, curved, two-handed sword from Japan.  It is surprisingly light for its size.",
    "price": 15000,
    "price_postapoc": 0,
    "material": "aluminum",
    "flags": "SHEATH_SWORD",
    "techniques": [ "WBLOCK_1", "RAPID", "WIDE" ],
    "weight": 1882,
    "volume": 13,
    "bashing": 8,
    "cutting": 2,
    "to_hit": 1,
    "category": "weapons"
  },
  {
    "type": "GENERIC",
    "id": "pitchfork",
    "name": "pitchfork",
    "description": "An agricultural tool with long wooden shaft and four spikes.  Is used to lift hay.",
    "weight": 1000,
    "to_hit": 1,
    "color": "brown",
    "symbol": "/",
    "material": [ "steel", "wood" ],
    "techniques": [ "WBLOCK_1", "DEF_DISARM" ],
    "volume": 7,
    "bashing": 5,
    "cutting": 18,
    "flags": [ "SPEAR", "REACH_ATTACK", "NONCONDUCTIVE", "SHEATH_SPEAR" ],
    "price": 2000
  },
  {
    "id": "bullwhip",
    "type": "GENERIC",
    "symbol": "/",
    "color": "brown",
    "name": "bullwhip",
    "description": "A long strip of braided leather with a handle on one end.  Originally developed to settle disagreements with cattle, it's better used now for flaying the rotten flesh off of walking corpses.  Great for when a problem comes along.",
    "weight": 3460,
    "volume": 8,
    "price": 3500,
    "material": [ "leather" ],
    "flags": [ "REACH_ATTACK", "REACH3", "WHIP" ],
    "cutting": 3,
    "category": "weapons"
  },
  {
    "id": "jian",
    "type": "TOOL",
    "symbol": "/",
    "color": "light_gray",
    "name": "jian",
    "name_plural": "jian",
    "description": "This is an ancient Chinese doubled-edged straight sword, with an ornate guard and a tassel attached to the pommel.  One of the four major weapons in folklore, alongside the dao sabre, qiang spear, and gun staff.",
    "price": 100000,
    "material": "steel",
    "flags": [ "DURABLE_MELEE", "SHEATH_SWORD" ],
    "techniques": [ "WBLOCK_2" ],
    "weight": 800,
    "volume": 8,
    "bashing": 8,
    "cutting": 30,
    "to_hit": 2,
    "category": "weapons",
    "qualities": [ [ "CUT", 1 ], [ "BUTCHER", 8 ] ]
  },
  {
    "id": "jian_inferior",
    "type": "TOOL",
    "symbol": "/",
    "color": "light_gray",
    "name": "jian",
    "name_plural": "jian",
    "description": "This is an ancient Chinese doubled-edged straight sword.  The sword is quite worn, and bent at an odd angle.",
    "price": 100000,
    "material": "budget_steel",
    "flags": [ "SHEATH_SWORD" ],
    "techniques": [ "WBLOCK_2" ],
    "weight": 800,
    "volume": 8,
    "bashing": 7,
    "cutting": 24,
    "to_hit": 2,
    "category": "weapons",
    "qualities": [ [ "CUT", 1 ], [ "BUTCHER", 8 ] ]
  },
  {
    "id": "jian_fake",
    "type": "GENERIC",
    "symbol": "/",
    "color": "light_gray",
    "name": "jian",
    "name_plural": "jian",
    "description": "This is a dull, cheaply made replica of an ancient Chinese doubled-edged straight sword, with an ornate guard.",
    "price": 10000,
    "price_postapoc": 0,
    "material": "aluminum",
    "flags": "SHEATH_SWORD",
    "techniques": [ "WBLOCK_2" ],
    "weight": 414,
    "volume": 8,
    "bashing": 8,
    "cutting": 2,
    "to_hit": 2,
    "category": "weapons"
  },
  {
    "id": "scimitar",
    "type": "TOOL",
    "symbol": "/",
    "color": "light_gray",
    "name": "scimitar",
    "description": "This is a curved sword associated with various Middle Eastern and Central Asian countries.  Designed for slashing, and quite deadly against unarmored targets.",
    "price": 93000,
    "material": "iron",
    "techniques": [ "WBLOCK_2" ],
    "flags": [ "DURABLE_MELEE", "SHEATH_SWORD" ],
    "weight": 1133,
    "volume": 8,
    "bashing": 6,
    "cutting": 30,
    "to_hit": 1,
    "category": "weapons",
    "qualities": [ [ "CUT", 1 ], [ "BUTCHER", 8 ] ]
  },
  {
    "id": "scimitar_inferior",
    "type": "TOOL",
    "symbol": "/",
    "color": "light_gray",
    "name": "scimitar",
    "description": "This is a curved sword associated with various Middle Eastern and Central Asian countries.  This one seems oddly dull and worn.",
    "price": 93000,
    "material": "budget_steel",
    "techniques": [ "WBLOCK_2" ],
    "flags": [ "SHEATH_SWORD" ],
    "weight": 1133,
    "volume": 8,
    "bashing": 5,
    "cutting": 24,
    "to_hit": 1,
    "category": "weapons",
    "qualities": [ [ "CUT", 1 ], [ "BUTCHER", 8 ] ]
  },
  {
    "id": "scimitar_fake",
    "type": "GENERIC",
    "symbol": "/",
    "color": "light_gray",
    "name": "scimitar",
    "description": "This is a dull, cheaply made replica of a curved sword, associated with various Middle Eastern and Central Asian countries.",
    "price": 9300,
    "price_postapoc": 0,
    "material": "aluminum",
    "techniques": [ "WBLOCK_2" ],
    "flags": "SHEATH_SWORD",
    "weight": 586,
    "volume": 8,
    "bashing": 6,
    "cutting": 2,
    "to_hit": 1,
    "category": "weapons"
  },
  {
    "id": "estoc",
    "type": "GENERIC",
    "symbol": "/",
    "color": "light_gray",
    "name": "estoc",
    "description": "This is a thin sword resembling a longsword, a sort of predecessor to the rapier.  It requires a larger baldric or scabbard, compared to smaller swords.",
    "price": 135000,
    "material": "steel",
    "techniques": [ "WBLOCK_2", "PRECISE" ],
    "flags": [ "STAB", "DURABLE_MELEE", "SHEATH_SWORD" ],
    "weight": 1814,
    "volume": 11,
    "bashing": 4,
    "cutting": 38,
    "to_hit": 2,
    "category": "weapons"
  },
  {
    "id": "estoc_fake",
    "type": "GENERIC",
    "symbol": "/",
    "color": "light_gray",
    "name": "estoc",
    "description": "This is a dull, cheaply-made replica of a thin sword resembling a longsword.  It requires a larger baldric or scabbard, compared to smaller swords.",
    "price": 13500,
    "price_postapoc": 0,
    "material": "aluminum",
    "techniques": [ "WBLOCK_2", "PRECISE" ],
    "flags": "SHEATH_SWORD",
    "weight": 939,
    "volume": 11,
    "bashing": 4,
    "cutting": 2,
    "to_hit": 2,
    "category": "weapons"
  },
  {
    "id": "longsword",
    "type": "TOOL",
    "symbol": "/",
    "color": "light_gray",
    "name": "longsword",
    "description": "This is a classic medieval sword, in between the lighter arming sword and later two-handed swords in size.  It requires a larger baldric or scabbard, compared to smaller swords.",
    "price": 130000,
    "material": "steel",
    "flags": [ "DURABLE_MELEE", "SHEATH_SWORD" ],
    "techniques": [ "WBLOCK_2" ],
    "weight": 1814,
    "volume": 11,
    "bashing": 10,
    "cutting": 38,
    "to_hit": 1,
    "category": "weapons",
    "qualities": [ [ "CUT", 1 ], [ "BUTCHER", 8 ] ]
  },
  {
    "id": "longsword_inferior",
    "type": "TOOL",
    "symbol": "/",
    "color": "light_gray",
    "name": "longsword",
    "description": "This is a classic medieval sword, in between the lighter arming sword and later two-handed swords in size.  You feel like the pommel could just snap off if you used it.",
    "price": 130000,
    "material": "budget_steel",
    "flags": [ "SHEATH_SWORD" ],
    "techniques": [ "WBLOCK_2" ],
    "weight": 1814,
    "volume": 11,
    "bashing": 10,
    "cutting": 30,
    "to_hit": 1,
    "category": "weapons",
    "qualities": [ [ "CUT", 1 ], [ "BUTCHER", 8 ] ]
  },
  {
    "id": "longsword_fake",
    "type": "GENERIC",
    "symbol": "/",
    "color": "light_gray",
    "name": "longsword",
    "description": "This is a dull, cheaply-made replica of the classic medieval longsword.  It requires a larger baldric or scabbard, compared to smaller swords.",
    "price": 13000,
    "price_postapoc": 0,
    "material": "aluminum",
    "flags": "SHEATH_SWORD",
    "techniques": [ "WBLOCK_2" ],
    "weight": 939,
    "volume": 11,
    "bashing": 10,
    "cutting": 2,
    "to_hit": 2,
    "category": "weapons"
  },
  {
    "id": "arming_sword",
    "type": "TOOL",
    "symbol": "/",
    "color": "light_gray",
    "name": "arming sword",
    "description": "This is a classic medieval sword, just the right size to use one-handed.",
    "price": 100000,
    "material": "steel",
    "flags": [ "DURABLE_MELEE", "SHEATH_SWORD" ],
    "techniques": [ "WBLOCK_2" ],
    "weight": 1360,
    "volume": 8,
    "bashing": 14,
    "cutting": 31,
    "to_hit": 1,
    "category": "weapons",
    "qualities": [ [ "CUT", 1 ], [ "BUTCHER", 8 ] ]
  },
  {
    "id": "arming_sword_fake",
    "type": "GENERIC",
    "symbol": "/",
    "color": "light_gray",
    "name": "arming sword",
    "description": "This is a dull, cheaply made replica of a classic medieval sword, just the right size to use one-handed.",
    "price": 10000,
    "price_postapoc": 0,
    "material": "aluminum",
    "flags": "SHEATH_SWORD",
    "techniques": [ "WBLOCK_2" ],
    "weight": 704,
    "volume": 8,
    "bashing": 14,
    "cutting": 2,
    "to_hit": 2,
    "category": "weapons"
  },
  {
    "id": "arming_sword_inferior",
    "type": "TOOL",
    "symbol": "/",
    "color": "light_gray",
    "name": "arming sword",
    "description": "This is a classic medieval sword, just the right size to use one-handed.  This one doesn't seem to have been made right.",
    "price": 100000,
    "material": "budget_steel",
    "flags": [ "SHEATH_SWORD" ],
    "techniques": [ "WBLOCK_2" ],
    "weight": 2721,
    "volume": 8,
    "bashing": 12,
    "cutting": 25,
    "to_hit": 1,
    "category": "weapons",
    "qualities": [ [ "CUT", 1 ], [ "BUTCHER", 8 ] ]
  }
]
