[
  {
    "id": "mon_bear_cub",
    "type": "MONSTER",
    "copy-from": "mon_bear",
    "name": "bear cub",
    "description": "A juvenile American black bear.  A large omnivorous scavenger, it has powerful claws and jaws, and is an effective ambush hunter.  It can pose a considerable threat, although most individuals are shy around humans.",
    "diff": 5,
    "size": "SMALL",
    "hp": 20,
    "speed": 90,
    "morale": 30,
    "melee_skill": 2,
    "melee_dice": 2,
    "melee_dice_sides": 3,
    "melee_cut": 2,
    "dodge": 2,
    "special_attacks": [ [ "EAT_FOOD", 60 ] ],
    "upgrades": { "age_grow": 42, "into": "mon_bear" }
  },
  {
    "id": "mon_bear",
    "type": "MONSTER",
    "name": "bear",
    "description": "The American black bear.  A large omnivorous scavenger, it has powerful claws and jaws, and is an effective ambush hunter.  It can pose a considerable threat, although most individuals are shy around humans.",
    "default_faction": "bear",
    "categories": [ "WILDLIFE" ],
    "species": [ "MAMMAL" ],
    "diff": 10,
    "size": "LARGE",
    "hp": 100,
    "speed": 140,
    "material": [ "flesh" ],
    "symbol": "B",
    "color": "dark_gray",
    "aggression": -10,
    "morale": 60,
    "melee_skill": 6,
    "melee_dice": 4,
    "melee_dice_sides": 6,
    "melee_cut": 4,
    "dodge": 3,
    "armor_bash": 2,
    "vision_day": 30,
    "vision_night": 10,
    "path_settings": { "max_dist": 10 },
    "anger_triggers": [ "HURT", "PLAYER_CLOSE" ],
    "fear_triggers": [ "SOUND" ],
    "placate_triggers": [ "MEAT" ],
    "death_function": [ "NORMAL" ],
    "harvest": "animal_large",
    "reproduction": { "baby_monster": "mon_bear_cub", "baby_count": 1, "baby_timer": 13 },
    "baby_flags": [ "SPRING" ],
    "special_attacks": [ [ "EAT_FOOD", 20 ] ],
    "flags": [ "SEES", "HEARS", "SMELLS", "ANIMAL", "PATH_AVOID_DANGER_1", "WARM", "BLEED", "BASHES", "ATTACKMON" ]
  },
  {
    "id": "mon_beaver",
    "type": "MONSTER",
    "name": "beaver",
    "description": "The North American beaver, the continent's largest rodent.  Its paddle-shaped tail helps ferry it through the water, and its prominent teeth can chew through wood, which it uses to build dam-like nests in lakes and streams.",
    "default_faction": "small_animal",
    "categories": [ "WILDLIFE" ],
    "species": [ "MAMMAL" ],
    "size": "SMALL",
    "hp": 16,
    "speed": 90,
    "material": [ "flesh" ],
    "symbol": "r",
    "color": "brown",
    "aggression": -10,
    "morale": 40,
    "melee_dice": 1,
    "melee_dice_sides": 6,
    "melee_cut": 6,
    "dodge": 2,
    "anger_triggers": [ "PLAYER_CLOSE", "HURT" ],
    "fear_triggers": [ "SOUND" ],
    "death_function": [ "NORMAL" ],
    "flags": [ "SEES", "HEARS", "SMELLS", "ANIMAL", "PATH_AVOID_DANGER_1", "SWIMS", "WARM", "FUR", "BONES", "FAT" ]
  },
  {
    "id": "mon_black_rat",
    "type": "MONSTER",
    "name": "black rat",
    "description": "The black rat, an omnivorous rodent with sheer black fur and a long, rough tail.  Harbinger of pestilence, famine, and mange, it will sometimes swarm over the dead or dying.",
    "default_faction": "rat",
    "categories": [ "WILDLIFE" ],
    "species": [ "MAMMAL" ],
    "diff": 3,
    "size": "TINY",
    "hp": 6,
    "speed": 100,
    "material": [ "flesh" ],
    "symbol": "r",
    "color": "dark_gray",
    "aggression": 5,
    "morale": 5,
    "melee_skill": 5,
    "melee_dice": 1,
    "melee_dice_sides": 1,
    "melee_cut": 1,
    "dodge": 2,
    "vision_day": 30,
    "vision_night": 10,
    "path_settings": { "max_dist": 10 },
    "anger_triggers": [ "PLAYER_WEAK" ],
    "fear_triggers": [ "PLAYER_CLOSE" ],
    "death_function": [ "NORMAL" ],
    "special_attacks": [ [ "EAT_FOOD", 120 ] ],
    "flags": [ "SEES", "SMELLS", "HEARS", "WARM", "SWIMS", "ANIMAL", "PATH_AVOID_DANGER_1", "FUR", "BONES" ]
  },
  {
    "id": "mon_bobcat",
    "type": "MONSTER",
    "name": "bobcat",
    "description": "A spotted wild cat living across much of North America.  It is not a serious threat to humans, but it can be aggressive if not left alone.",
    "default_faction": "cat",
    "categories": [ "WILDLIFE" ],
    "species": [ "MAMMAL" ],
    "size": "SMALL",
    "hp": 16,
    "speed": 150,
    "material": [ "flesh" ],
    "symbol": "c",
    "color": "brown",
    "aggression": -25,
    "morale": 1,
    "melee_skill": 6,
    "melee_dice": 1,
    "melee_dice_sides": 6,
    "melee_cut": 2,
    "dodge": 8,
    "vision_night": 20,
    "fear_triggers": [ "SOUND", "PLAYER_CLOSE" ],
    "placate_triggers": [ "MEAT" ],
    "death_function": [ "NORMAL" ],
    "flags": [
      "SEES",
      "HEARS",
      "GOODHEARING",
      "SMELLS",
      "ANIMAL",
      "PATH_AVOID_DANGER_1",
      "WARM",
      "FUR",
      "HIT_AND_RUN",
      "BONES",
      "FAT"
    ]
  },
  {
    "id": "mon_cat",
    "type": "MONSTER",
    "name": "cat",
    "description": "A small domesticated predator gone feral in the absence of human stewardship.  Harried by the elements and the rigors of survival, it is scruffy and skittish.",
    "default_faction": "cat",
    "categories": [ "WILDLIFE" ],
    "species": [ "MAMMAL" ],
    "size": "TINY",
    "hp": 12,
    "speed": 150,
    "material": [ "flesh" ],
    "symbol": "c",
    "color": "light_gray",
    "aggression": -99,
    "morale": 2,
    "melee_skill": 6,
    "melee_dice": 1,
    "melee_dice_sides": 2,
    "melee_cut": 2,
    "dodge": 8,
    "vision_night": 20,
    "special_attacks": [ [ "scratch", 10 ] ],
    "fear_triggers": [ "SOUND", "PLAYER_CLOSE", "FRIEND_ATTACKED" ],
    "placate_triggers": [ "MEAT" ],
    "death_function": [ "NORMAL" ],
    "flags": [
      "SEES",
      "HEARS",
      "GOODHEARING",
      "SMELLS",
      "ANIMAL",
      "CATFOOD",
      "PATH_AVOID_DANGER_1",
      "WARM",
      "FUR",
      "HIT_AND_RUN",
      "BONES",
      "FAT"
    ]
  },
  {
    "id": "mon_chipmunk",
    "type": "MONSTER",
    "name": "chipmunk",
    "description": "The eastern chipmunk, a tiny omnivorous rodent with a characteristic striped coat.  It spends much of the day patrolling its elaborate burrow and the precious stores of foraged food within.",
    "default_faction": "small_animal",
    "categories": [ "WILDLIFE" ],
    "species": [ "MAMMAL" ],
    "diff": 3,
    "size": "TINY",
    "hp": 4,
    "speed": 110,
    "material": [ "flesh" ],
    "symbol": ".",
    "color": "brown",
    "aggression": -90,
    "morale": -55,
    "melee_skill": 1,
    "melee_dice": 1,
    "melee_dice_sides": 1,
    "melee_cut": 1,
    "dodge": 4,
    "fear_triggers": [ "SOUND", "PLAYER_CLOSE" ],
    "death_function": [ "NORMAL" ],
    "flags": [ "SEES", "SMELLS", "HEARS", "WARM", "ANIMAL", "PATH_AVOID_DANGER_1", "BONES" ]
  },
  {
    "id": "mon_cougar",
    "type": "MONSTER",
    "name": "cougar",
    "description": "The Eastern cougar, a large feline predator.  Once thought extinct in this region, conservation efforts were successful in restoring a thriving population.  Fast and silent, this predator can cover long distances with powerful leaps and pounces, catching its prey with its deadly claws before delivering the finishing blow with its enormous fangs.",
    "default_faction": "big_cat",
    "categories": [ "WILDLIFE" ],
    "species": [ "MAMMAL" ],
    "diff": 12,
    "size": "MEDIUM",
    "hp": 60,
    "speed": 180,
    "material": [ "flesh" ],
    "symbol": "C",
    "color": "brown",
    "morale": 40,
    "melee_skill": 6,
    "melee_dice": 2,
    "melee_dice_sides": 4,
    "melee_cut": 6,
    "dodge": 5,
    "armor_bash": 1,
    "vision_night": 10,
    "path_settings": { "max_dist": 10 },
    "special_attacks": [ [ "scratch", 10 ], { "type": "leap", "cooldown": 5, "max_range": 5 } ],
    "anger_triggers": [ "STALK", "PLAYER_WEAK", "HURT", "PLAYER_CLOSE", "FRIEND_ATTACKED" ],
    "fear_triggers": [ "SOUND" ],
    "placate_triggers": [ "MEAT" ],
    "death_function": [ "NORMAL" ],
    "flags": [
      "SEES",
      "HEARS",
      "GOODHEARING",
      "SMELLS",
      "ANIMAL",
      "PATH_AVOID_DANGER_1",
      "WARM",
      "FUR",
      "HIT_AND_RUN",
      "KEENNOSE",
      "BLEED",
      "BONES",
      "FAT"
    ]
  },
  {
    "id": "mon_cow_calf",
    "type": "MONSTER",
    "name": "calf",
    "description": "The domestic cow, a baleful, ruminating farm animal.  It is quite muscular, and the males can have a violent streak to accompany their nasty-looking horns.",
    "default_faction": "herbivore",
    "categories": [ "WILDLIFE" ],
    "species": [ "MAMMAL" ],
    "diff": 5,
    "size": "MEDIUM",
    "hp": 40,
    "speed": 120,
    "material": [ "flesh" ],
    "symbol": "C",
    "color": "light_gray",
    "looks_like": "mon_cow",
    "aggression": -70,
    "morale": 20,
    "melee_skill": 3,
    "melee_dice": 2,
    "melee_dice_sides": 4,
    "melee_cut": 2,
    "dodge": 2,
    "armor_bash": 2,
    "path_settings": { "max_dist": 10 },
    "anger_triggers": [ "HURT" ],
    "fear_triggers": [ "PLAYER_CLOSE" ],
    "placate_triggers": [ "PLAYER_WEAK" ],
    "death_drops": { "subtype": "collection", "groups": [ [ "cow", 25 ] ], "//": "25% chance of an item from group cow" },
    "death_function": [ "NORMAL" ],
    "harvest": "animal_large",
    "upgrades": { "age_grow": 28, "into": "mon_cow" },
    "biosignature": { "biosig_item": "feces_cow", "biosig_timer": 7 },
    "special_attacks": [ [ "EAT_CROP", 60 ] ],
    "flags": [ "SEES", "HEARS", "SMELLS", "ANIMAL", "PATH_AVOID_DANGER_1", "WARM", "PET_WONT_FOLLOW" ]
  },
  {
    "id": "mon_cow",
    "type": "MONSTER",
    "name": "cow",
    "description": "The domestic cow, a baleful, ruminating farm animal.  It is quite muscular, and the males can have a violent streak to accompany their nasty-looking horns.",
    "default_faction": "herbivore",
    "categories": [ "WILDLIFE" ],
    "species": [ "MAMMAL" ],
    "diff": 10,
    "size": "LARGE",
    "hp": 100,
    "speed": 130,
    "material": [ "flesh" ],
    "symbol": "C",
    "color": "light_gray",
    "aggression": -50,
    "morale": 60,
    "melee_skill": 6,
    "melee_dice": 2,
    "melee_dice_sides": 10,
    "melee_cut": 6,
    "dodge": 2,
    "armor_bash": 2,
    "starting_ammo": { "milk": 10 },
    "path_settings": { "max_dist": 10 },
    "anger_triggers": [ "HURT" ],
    "fear_triggers": [ "PLAYER_CLOSE" ],
    "placate_triggers": [ "PLAYER_WEAK" ],
    "death_drops": { "subtype": "collection", "groups": [ [ "cow", 25 ] ], "//": "25% chance of an item from group cow" },
    "death_function": [ "NORMAL" ],
    "harvest": "animal_large",
    "reproduction": { "baby_monster": "mon_cow_calf", "baby_count": 1, "baby_timer": 20 },
    "baby_flags": [ "SPRING", "SUMMER", "AUTUMN" ],
    "biosignature": { "biosig_item": "feces_cow", "biosig_timer": 1 },
    "special_attacks": [ [ "EAT_CROP", 40 ] ],
    "flags": [
      "SEES",
      "HEARS",
      "SMELLS",
      "ANIMAL",
      "PATH_AVOID_DANGER_1",
      "WARM",
      "CATTLEFODDER",
      "PET_WONT_FOLLOW",
      "MILKABLE",
      "BONES",
      "FAT",
      "LEATHER"
    ]
  },
  {
    "id": "mon_coyote",
    "type": "MONSTER",
    "name": "coyote",
    "description": "The Eastern coyote, also called the tweed wolf, is a territorial canine descended from the offspring of gray wolves and true coyotes.  It is intimidated by humans and other predators, but will fight if threatened.",
    "default_faction": "dog",
    "categories": [ "WILDLIFE" ],
    "species": [ "MAMMAL" ],
    "diff": 10,
    "size": "MEDIUM",
    "hp": 22,
    "speed": 155,
    "material": [ "flesh" ],
    "symbol": "d",
    "color": "brown",
    "morale": 20,
    "melee_skill": 6,
    "melee_dice": 2,
    "melee_dice_sides": 3,
    "melee_cut": 2,
    "dodge": 3,
    "armor_bash": 1,
    "vision_night": 5,
    "path_settings": { "max_dist": 10 },
    "anger_triggers": [ "STALK", "FRIEND_ATTACKED", "PLAYER_WEAK", "HURT", "PLAYER_CLOSE" ],
    "placate_triggers": [ "MEAT" ],
    "death_function": [ "NORMAL" ],
    "flags": [
      "SEES",
      "HEARS",
      "SMELLS",
      "ANIMAL",
      "PATH_AVOID_DANGER_1",
      "WARM",
      "FUR",
      "HIT_AND_RUN",
      "KEENNOSE",
      "BLEED",
      "BONES"
    ]
  },
  {
    "id": "mon_coyote_wolf",
    "type": "MONSTER",
    "name": "coyote",
    "description": "The Northeastern coyote, a widespread canine pack hunter.  More timid than a wolf, it is an opportunistic feeder and prefers to hunt smaller and weaker prey.",
    "default_faction": "dog",
    "categories": [ "WILDLIFE" ],
    "species": [ "MAMMAL" ],
    "diff": 8,
    "size": "MEDIUM",
    "hp": 20,
    "speed": 155,
    "material": [ "flesh" ],
    "symbol": "d",
    "color": "brown",
    "morale": 12,
    "melee_skill": 6,
    "melee_dice": 2,
    "melee_dice_sides": 3,
    "melee_cut": 2,
    "dodge": 3,
    "armor_bash": 1,
    "vision_night": 5,
    "path_settings": { "max_dist": 10 },
    "anger_triggers": [ "FRIEND_ATTACKED", "PLAYER_WEAK", "PLAYER_CLOSE" ],
    "placate_triggers": [ "MEAT" ],
    "death_function": [ "NORMAL" ],
    "flags": [ "SEES", "HEARS", "SMELLS", "ANIMAL", "PATH_AVOID_DANGER_1", "WARM", "FUR", "KEENNOSE", "BLEED", "BONES", "FAT" ]
  },
  {
    "id": "mon_deer_fawn",
    "type": "MONSTER",
    "name": "fawn",
    "description": "A juvenile northern woodland white-tailed deer, a quick and strong grazing animal.  Favored prey of coyotes, wolves, and giant spider mutants.",
    "default_faction": "herbivore",
    "categories": [ "WILDLIFE" ],
    "species": [ "MAMMAL" ],
    "diff": 1,
    "size": "SMALL",
    "hp": 20,
    "speed": 200,
    "material": [ "flesh" ],
    "symbol": "D",
    "color": "brown",
    "looks_like": "mon_deer",
    "aggression": -99,
    "morale": -5,
    "melee_skill": 3,
    "melee_dice": 3,
    "melee_dice_sides": 3,
    "melee_cut": 0,
    "dodge": 3,
    "vision_night": 12,
    "path_settings": { "max_dist": 10 },
    "fear_triggers": [ "SOUND", "PLAYER_CLOSE" ],
    "death_function": [ "NORMAL" ],
    "upgrades": { "age_grow": 14, "into": "mon_deer" },
    "flags": [ "SEES", "HEARS", "SMELLS", "ANIMAL", "PATH_AVOID_DANGER_1", "WARM", "FUR", "BONES", "FAT" ]
  },
  {
    "id": "mon_deer",
    "type": "MONSTER",
    "name": "deer",
    "description": "The northern woodland white-tailed deer, a quick and strong grazing animal.  Favored prey of coyotes, wolves, and giant spider mutants.",
    "default_faction": "herbivore",
    "categories": [ "WILDLIFE" ],
    "species": [ "MAMMAL" ],
    "diff": 1,
    "size": "MEDIUM",
    "hp": 60,
    "speed": 300,
    "material": [ "flesh" ],
    "symbol": "D",
    "color": "brown",
    "aggression": -99,
    "morale": -5,
    "melee_skill": 3,
    "melee_dice": 3,
    "melee_dice_sides": 3,
    "melee_cut": 0,
    "dodge": 3,
    "vision_night": 12,
    "path_settings": { "max_dist": 10 },
    "fear_triggers": [ "SOUND", "PLAYER_CLOSE" ],
    "death_function": [ "NORMAL" ],
    "reproduction": { "baby_monster": "mon_deer_fawn", "baby_count": 1, "baby_timer": 13 },
    "biosignature": { "biosig_item": "feces_manure", "biosig_timer": 12 },
    "baby_flags": [ "SPRING", "SUMMER" ],
    "special_attacks": [ [ "EAT_CROP", 60 ] ],
    "flags": [ "SEES", "HEARS", "SMELLS", "ANIMAL", "PATH_AVOID_DANGER_1", "WARM", "FUR", "BONES", "FAT" ]
  },
  {
    "id": "mon_dog",
    "type": "MONSTER",
    "name": "labrador mutt",
    "description": "This once average Labrador mixed breed dog has clearly gone feral.  You can almost imagine petting it until you see the look of hunger in its eyes.  You have no doubt it would bite you if given the chance.",
    "default_faction": "dog",
    "categories": [ "WILDLIFE" ],
    "species": [ "MAMMAL" ],
    "diff": 10,
    "size": "SMALL",
    "hp": 30,
    "speed": 150,
    "material": [ "flesh" ],
    "symbol": "d",
    "color": "light_gray",
    "aggression": 2,
    "morale": 15,
    "melee_skill": 6,
    "melee_dice": 2,
    "melee_dice_sides": 3,
    "melee_cut": 3,
    "dodge": 3,
    "vision_night": 5,
    "path_settings": { "max_dist": 10 },
    "reproduction": { "baby_monster": "mon_dog_pup", "baby_count": 4, "baby_timer": 10 },
    "//": "4 for size tiny and small canines",
    "baby_flags": [ "SPRING", "SUMMER", "AUTUMN", "WINTER" ],
    "biosignature": { "biosig_item": "feces_dog", "biosig_timer": 6 },
    "anger_triggers": [ "HURT", "FRIEND_ATTACKED", "FRIEND_DIED" ],
    "placate_triggers": [ "MEAT" ],
    "death_function": [ "NORMAL" ],
    "special_attacks": [ [ "EAT_FOOD", 100 ] ],
    "flags": [
      "ANIMAL",
      "BONES",
      "DOGFOOD",
      "FAT",
      "FUR",
      "GROUP_MORALE",
      "HEARS",
      "HIT_AND_RUN",
      "KEENNOSE",
      "PATH_AVOID_DANGER_1",
      "SEES",
      "SMELLS",
      "SWARMS",
      "WARM"
    ]
  },
  {
    "id": "mon_dog_pup",
    "type": "MONSTER",
    "copy-from": "mon_dog",
    "name": "labrador puppy",
    "description": "An adorable, defenseless Labrador puppy.  Much safer to tame than adult counterparts.",
    "diff": 3,
    "size": "TINY",
    "hp": 8,
    "speed": 98,
    "aggression": -13,
    "morale": 8,
    "melee_skill": 2,
    "melee_dice": 1,
    "melee_dice_sides": 1,
    "melee_cut": 1,
    "dodge": 1,
    "vision_night": 4,
    "upgrades": { "age_grow": 42, "into": "mon_dog" },
    "extend": { "flags": [ "NO_BREED" ] }
  },
  {
    "id": "mon_dog_bull",
    "copy-from": "mon_dog",
    "type": "MONSTER",
    "name": "bulldog",
    "description": "The American Bulldog is a hardy, well built dog, that seems suited for surviving the apocalypse.",
    "size": "MEDIUM",
    "hp": 47,
    "speed": 135,
    "aggression": 4,
    "melee_skill": 4,
    "melee_dice_sides": 2,
    "melee_cut": 6,
    "vision_night": 4,
    "reproduction": { "baby_monster": "mon_dog_bull_pup", "baby_count": 4, "baby_timer": 10 },
    "//": "7 for size medium canines",
    "flags": [
      "ANIMAL",
      "BONES",
      "DOGFOOD",
      "FAT",
      "FUR",
      "HEARS",
      "HIT_AND_RUN",
      "KEENNOSE",
      "PATH_AVOID_DANGER_1",
      "SEES",
      "SMELLS",
      "WARM"
    ]
  },
  {
    "id": "mon_dog_bull_pup",
    "type": "MONSTER",
    "name": "bulldog puppy",
    "description": "An adorable, defenseless American Bulldog puppy.  Much safer to tame than adult counterparts.",
    "default_faction": "dog",
    "categories": [ "WILDLIFE" ],
    "species": [ "MAMMAL" ],
    "diff": 3,
    "size": "TINY",
    "hp": 12,
    "speed": 88,
    "material": [ "flesh" ],
    "symbol": "d",
    "color": "light_gray",
    "aggression": -11,
    "morale": 8,
    "melee_skill": 1,
    "melee_dice": 1,
    "melee_dice_sides": 1,
    "melee_cut": 3,
    "vision_night": 3,
    "path_settings": { "max_dist": 10 },
    "upgrades": { "age_grow": 42, "into": "mon_dog_bull" },
    "fear_triggers": [ "FRIEND_ATTACKED", "FRIEND_DIED", "HURT" ],
    "special_attacks": [ [ "EAT_FOOD", 100 ] ],
    "flags": [ "ANIMAL", "BONES", "DOGFOOD", "FUR", "HEARS", "KEENNOSE", "PATH_AVOID_DANGER_1", "SEES", "SMELLS", "WARM" ]
  },
  {
    "id": "mon_dog_pitbullmix",
    "copy-from": "mon_dog",
    "type": "MONSTER",
    "name": "pit bull mix",
    "description": "The oft-misunderstood Pit Bull is not actually a single breed but a label for several such as American Pit Bull Terrier and American Staffordshire Terrier.  Average abilities and well-known for their 'lock jaw' which isn't real but their incredible determination is.",
    "hp": 27,
    "speed": 135,
    "aggression": 3,
    "morale": 11,
    "melee_skill": 4,
    "melee_dice_sides": 2,
    "melee_cut": 5,
    "special_attacks": [ [ "LUNGE", 5 ] ],
    "reproduction": { "baby_monster": "mon_dog_pitbullmix_pup", "baby_count": 4, "baby_timer": 10 },
    "//": "4 for size tiny and small canines",
    "flags": [
      "ANIMAL",
      "BONES",
      "DOGFOOD",
      "FAT",
      "FUR",
      "HEARS",
      "HIT_AND_RUN",
      "KEENNOSE",
      "PATH_AVOID_DANGER_1",
      "SEES",
      "SMELLS",
      "WARM"
    ]
  },
  {
    "id": "mon_dog_pitbullmix_pup",
    "type": "MONSTER",
    "name": "pit bull puppy",
    "description": "An adorable, defenseless Pit Bull puppy.  Much safer to tame than adult counterparts.",
    "default_faction": "dog",
    "categories": [ "WILDLIFE" ],
    "species": [ "MAMMAL" ],
    "diff": 3,
    "size": "TINY",
    "hp": 7,
    "speed": 88,
    "material": [ "flesh" ],
    "symbol": "d",
    "color": "light_gray",
    "aggression": -12,
    "morale": 6,
    "melee_skill": 2,
    "melee_dice": 1,
    "melee_dice_sides": 1,
    "melee_cut": 3,
    "dodge": 1,
    "vision_night": 4,
    "path_settings": { "max_dist": 10 },
    "upgrades": { "age_grow": 42, "into": "mon_dog_pitbullmix" },
    "biosignature": { "biosig_item": "feces_dog", "biosig_timer": 6 },
    "fear_triggers": [ "FRIEND_ATTACKED", "FRIEND_DIED", "HURT" ],
    "death_function": [ "NORMAL" ],
    "special_attacks": [ [ "EAT_FOOD", 100 ] ],
    "flags": [ "ANIMAL", "BONES", "DOGFOOD", "FUR", "HEARS", "KEENNOSE", "PATH_AVOID_DANGER_1", "SEES", "SMELLS", "WARM" ]
  },
  {
    "id": "mon_dog_beagle",
    "copy-from": "mon_dog",
    "type": "MONSTER",
    "name": "beagle",
    "description": "An adorable Beagle that has managed to survive the apocalypse.  Being agile and small, they are difficult to shoot at.  Generally attacks in packs.",
    "diff": 5,
    "hp": 13,
    "speed": 135,
    "melee_skill": 2,
    "melee_dice": 1,
    "melee_dice_sides": 1,
    "melee_cut": 2,
    "reproduction": { "baby_monster": "mon_dog_beagle_pup", "baby_count": 4, "baby_timer": 10 },
    "//": "4 for size tiny and small canines",
    "flags": [
      "ANIMAL",
      "BONES",
      "DOGFOOD",
      "FAT",
      "FUR",
      "GROUP_MORALE",
      "GUILT",
      "HARDTOSHOOT",
      "HEARS",
      "HIT_AND_RUN",
      "KEENNOSE",
      "PATH_AVOID_DANGER_1",
      "SEES",
      "SMELLS",
      "SWARMS",
      "WARM"
    ]
  },
  {
    "id": "mon_dog_beagle_pup",
    "type": "MONSTER",
    "name": "beagle puppy",
    "description": "An adorable, defenseless Beagle puppy.  Much safer to tame than adult counterparts.",
    "default_faction": "dog",
    "categories": [ "WILDLIFE" ],
    "species": [ "MAMMAL" ],
    "diff": 3,
    "size": "TINY",
    "hp": 4,
    "speed": 88,
    "material": [ "flesh" ],
    "symbol": "d",
    "color": "light_gray",
    "aggression": -13,
    "morale": 8,
    "melee_skill": 1,
    "melee_dice": 1,
    "melee_dice_sides": 1,
    "melee_cut": 1,
    "dodge": 1,
    "vision_night": 4,
    "path_settings": { "max_dist": 10 },
    "upgrades": { "age_grow": 42, "into": "mon_dog_beagle" },
    "biosignature": { "biosig_item": "feces_dog", "biosig_timer": 6 },
    "fear_triggers": [ "FRIEND_ATTACKED", "FRIEND_DIED", "HURT" ],
    "death_function": [ "NORMAL" ],
    "special_attacks": [ [ "EAT_FOOD", 100 ] ],
    "flags": [
      "ANIMAL",
      "BONES",
      "DOGFOOD",
      "FUR",
      "GROUP_MORALE",
      "GUILT",
      "HEARS",
      "KEENNOSE",
      "PATH_AVOID_DANGER_1",
      "SEES",
      "SMELLS",
      "SWARMS",
      "WARM"
    ]
  },
  {
    "id": "mon_dog_bcollie",
    "copy-from": "mon_dog",
    "type": "MONSTER",
    "name": "border collie",
    "description": "An athletic and hyperactive dog that loves to herd animals and jump, the Border Collie is an agile attacker.  Although they can be easy to train, they don't work well in packs.",
    "hp": 19,
    "speed": 200,
    "aggression": 3,
    "morale": 10,
    "melee_cut": 4,
    "dodge": 4,
    "special_attacks": [ [ "LUNGE", 5 ], { "type": "leap", "cooldown": 8, "max_range": 2 } ],
    "reproduction": { "baby_monster": "mon_dog_bcollie_pup", "baby_count": 4, "baby_timer": 10 },
    "//": "4 for size tiny and small canines",
    "flags": [
      "ANIMAL",
      "BONES",
      "CLIMBS",
      "DOGFOOD",
      "FAT",
      "FUR",
      "HEARS",
      "HIT_AND_RUN",
      "KEENNOSE",
      "PATH_AVOID_DANGER_1",
      "SEES",
      "SMELLS",
      "WARM"
    ]
  },
  {
    "id": "mon_dog_bcollie_pup",
    "type": "MONSTER",
    "name": "border collie puppy",
    "description": "An adorable, defenseless Border Collie puppy.  Much safer to tame than adult counterparts.",
    "default_faction": "dog",
    "categories": [ "WILDLIFE" ],
    "species": [ "MAMMAL" ],
    "diff": 3,
    "size": "TINY",
    "hp": 5,
    "speed": 130,
    "material": [ "flesh" ],
    "symbol": "d",
    "color": "light_gray",
    "aggression": -12,
    "morale": 5,
    "melee_skill": 2,
    "melee_dice": 1,
    "melee_dice_sides": 1,
    "melee_cut": 2,
    "dodge": 2,
    "vision_night": 4,
    "path_settings": { "max_dist": 10 },
    "upgrades": { "age_grow": 42, "into": "mon_dog_bcollie" },
    "biosignature": { "biosig_item": "feces_dog", "biosig_timer": 6 },
    "fear_triggers": [ "FRIEND_ATTACKED", "FRIEND_DIED", "HURT" ],
    "death_function": [ "NORMAL" ],
    "special_attacks": [ [ "EAT_FOOD", 100 ] ],
    "flags": [ "ANIMAL", "BONES", "DOGFOOD", "FUR", "HEARS", "KEENNOSE", "PATH_AVOID_DANGER_1", "SEES", "SMELLS", "WARM" ]
  },
  {
    "id": "mon_dog_boxer",
    "copy-from": "mon_dog",
    "type": "MONSTER",
    "name": "boxer mastiff",
    "description": "An ordinary breed full of affection, the Boxer Mastiff doesn't stand out amongst other dogs but has mediocre abilities nonetheless.",
    "hp": 29,
    "aggression": 3,
    "melee_skill": 4,
    "melee_dice_sides": 2,
    "melee_cut": 4,
    "vision_night": 4,
    "special_attacks": [ [ "LUNGE", 5 ] ],
    "reproduction": { "baby_monster": "mon_dog_boxer_pup", "baby_count": 4, "baby_timer": 10 },
    "//": "4 for size tiny and small canines"
  },
  {
    "id": "mon_dog_boxer_pup",
    "type": "MONSTER",
    "name": "boxer puppy",
    "description": "An adorable, defenseless Boxer puppy.  Much safer to tame than adult counterparts.",
    "default_faction": "dog",
    "categories": [ "WILDLIFE" ],
    "species": [ "MAMMAL" ],
    "diff": 3,
    "size": "TINY",
    "hp": 7,
    "speed": 98,
    "material": [ "flesh" ],
    "symbol": "d",
    "color": "light_gray",
    "aggression": -12,
    "morale": 8,
    "melee_skill": 2,
    "melee_dice": 1,
    "melee_dice_sides": 1,
    "melee_cut": 2,
    "dodge": 1,
    "vision_night": 3,
    "path_settings": { "max_dist": 10 },
    "upgrades": { "age_grow": 42, "into": "mon_dog_boxer" },
    "biosignature": { "biosig_item": "feces_dog", "biosig_timer": 6 },
    "fear_triggers": [ "FRIEND_ATTACKED", "FRIEND_DIED", "HURT" ],
    "death_function": [ "NORMAL" ],
    "special_attacks": [ [ "EAT_FOOD", 100 ] ],
    "flags": [
      "ANIMAL",
      "BONES",
      "DOGFOOD",
      "FUR",
      "GROUP_MORALE",
      "HEARS",
      "KEENNOSE",
      "PATH_AVOID_DANGER_1",
      "SEES",
      "SMELLS",
      "SWARMS",
      "WARM"
    ]
  },
  {
    "id": "mon_dog_chihuahua",
    "copy-from": "mon_dog",
    "type": "MONSTER",
    "name": "chihuahua",
    "description": "It's a tiny Chihuahua.  How it has managed to survive is a miracle; although its small size and aggressive nature may been useful.",
    "diff": 5,
    "size": "TINY",
    "hp": 6,
    "speed": 135,
    "aggression": 4,
    "morale": 8,
    "melee_skill": 3,
    "melee_dice_sides": 2,
    "melee_cut": 2,
    "vision_night": 6,
    "reproduction": { "baby_monster": "mon_dog_chihuahua_pup", "baby_count": 4, "baby_timer": 10 },
    "//": "4 for size tiny and small canines",
    "flags": [
      "ANIMAL",
      "BONES",
      "DOGFOOD",
      "FAT",
      "FUR",
      "GUILT",
      "HARDTOSHOOT",
      "HEARS",
      "HIT_AND_RUN",
      "KEENNOSE",
      "PATH_AVOID_DANGER_1",
      "SEES",
      "SMELLS",
      "WARM"
    ]
  },
  {
    "id": "mon_dog_chihuahua_pup",
    "type": "MONSTER",
    "name": "chihuahua puppy",
    "description": "An adorable, defenseless Chihuahua puppy.  Much safer to tame than adult counterparts.",
    "default_faction": "dog",
    "categories": [ "WILDLIFE" ],
    "species": [ "MAMMAL" ],
    "diff": 3,
    "size": "TINY",
    "hp": 2,
    "speed": 88,
    "material": [ "flesh" ],
    "symbol": "d",
    "color": "light_gray",
    "aggression": -11,
    "morale": 4,
    "melee_skill": 1,
    "melee_dice": 1,
    "melee_dice_sides": 1,
    "melee_cut": 1,
    "dodge": 1,
    "vision_night": 5,
    "path_settings": { "max_dist": 10 },
    "upgrades": { "age_grow": 42, "into": "mon_dog_chihuahua" },
    "biosignature": { "biosig_item": "feces_dog", "biosig_timer": 6 },
    "fear_triggers": [ "FRIEND_ATTACKED", "FRIEND_DIED", "HURT" ],
    "death_function": [ "NORMAL" ],
    "special_attacks": [ [ "EAT_FOOD", 100 ] ],
    "flags": [
      "ANIMAL",
      "BONES",
      "DOGFOOD",
      "FUR",
      "GUILT",
      "HARDTOSHOOT",
      "HEARS",
      "KEENNOSE",
      "PATH_AVOID_DANGER_1",
      "SEES",
      "SMELLS",
      "WARM"
    ]
  },
  {
    "id": "mon_dog_dachshund",
    "copy-from": "mon_dog",
    "type": "MONSTER",
    "name": "dachshund",
    "description": "A weiner dog!  This awkward looking dog can be a useful watch dog, plus it looks adorable as it bumbles around, also making it hard to shoot.",
    "diff": 5,
    "hp": 10,
    "speed": 135,
    "aggression": 3,
    "morale": 10,
    "melee_skill": 3,
    "melee_dice_sides": 2,
    "vision_night": 6,
    "reproduction": { "baby_monster": "mon_dog_dachshund_pup", "baby_count": 4, "baby_timer": 10 },
    "//": "4 for size tiny and small canines",
    "flags": [
      "ANIMAL",
      "BONES",
      "DOGFOOD",
      "FAT",
      "FUR",
      "GUILT",
      "HARDTOSHOOT",
      "HEARS",
      "HIT_AND_RUN",
      "KEENNOSE",
      "PATH_AVOID_DANGER_1",
      "SEES",
      "SMELLS",
      "STUMBLES",
      "WARM"
    ]
  },
  {
    "id": "mon_dog_dachshund_pup",
    "type": "MONSTER",
    "name": "dachshund puppy",
    "description": "An adorable, defenseless Dachshund puppy.  Much safer to tame than adult counterparts.",
    "default_faction": "dog",
    "categories": [ "WILDLIFE" ],
    "species": [ "MAMMAL" ],
    "diff": 3,
    "size": "TINY",
    "hp": 3,
    "speed": 88,
    "material": [ "flesh" ],
    "symbol": "d",
    "color": "light_gray",
    "aggression": -12,
    "morale": 5,
    "melee_skill": 1,
    "melee_dice": 1,
    "melee_dice_sides": 1,
    "melee_cut": 1,
    "dodge": 1,
    "vision_night": 5,
    "path_settings": { "max_dist": 10 },
    "upgrades": { "age_grow": 42, "into": "mon_dog_dachshund" },
    "biosignature": { "biosig_item": "feces_dog", "biosig_timer": 6 },
    "fear_triggers": [ "FRIEND_ATTACKED", "FRIEND_DIED", "HURT" ],
    "death_function": [ "NORMAL" ],
    "special_attacks": [ [ "EAT_FOOD", 100 ] ],
    "flags": [
      "ANIMAL",
      "BONES",
      "DOGFOOD",
      "FUR",
      "GUILT",
      "HARDTOSHOOT",
      "HEARS",
      "KEENNOSE",
      "PATH_AVOID_DANGER_1",
      "SEES",
      "SMELLS",
      "STUMBLES",
      "WARM"
    ]
  },
  {
    "id": "mon_dog_gshepherd",
    "copy-from": "mon_dog",
    "type": "MONSTER",
    "name": "german shepherd",
    "description": "The original K-9 breed.  An easy to train and great attack dog that will also defend its owner to the death, however they don't work well in packs.",
    "size": "MEDIUM",
    "hp": 36,
    "aggression": 3,
    "morale": 10,
    "melee_cut": 6,
    "vision_night": 6,
    "special_attacks": [ [ "LUNGE", 5 ] ],
    "reproduction": { "baby_monster": "mon_dog_gshepherd_pup", "baby_count": 4, "baby_timer": 10 },
    "//": "7 for size medium canines",
    "flags": [ "ANIMAL", "BONES", "DOGFOOD", "FAT", "FUR", "HEARS", "KEENNOSE", "PATH_AVOID_DANGER_1", "SEES", "SMELLS", "WARM" ]
  },
  {
    "id": "mon_dog_gshepherd_pup",
    "type": "MONSTER",
    "name": "german shepherd puppy",
    "description": "An adorable, defenseless German Shepherd puppy.  Much safer to tame than adult counterparts.",
    "default_faction": "dog",
    "categories": [ "WILDLIFE" ],
    "species": [ "MAMMAL" ],
    "diff": 3,
    "size": "TINY",
    "hp": 9,
    "speed": 98,
    "material": [ "flesh" ],
    "symbol": "d",
    "color": "light_gray",
    "aggression": -12,
    "morale": 5,
    "melee_skill": 2,
    "melee_dice": 1,
    "melee_dice_sides": 1,
    "melee_cut": 3,
    "dodge": 1,
    "vision_night": 5,
    "path_settings": { "max_dist": 10 },
    "upgrades": { "age_grow": 42, "into": "mon_dog_gshepherd" },
    "biosignature": { "biosig_item": "feces_dog", "biosig_timer": 6 },
    "fear_triggers": [ "FRIEND_ATTACKED", "FRIEND_DIED", "HURT" ],
    "death_function": [ "NORMAL" ],
    "special_attacks": [ [ "EAT_FOOD", 100 ] ],
    "flags": [ "ANIMAL", "BONES", "DOGFOOD", "FUR", "HEARS", "KEENNOSE", "PATH_AVOID_DANGER_1", "SEES", "SMELLS", "WARM" ]
  },
  {
    "id": "mon_dog_gpyrenees",
    "copy-from": "mon_dog",
    "type": "MONSTER",
    "name": "great pyrenees",
    "//": "Rare, location specific only",
    "description": "A large and powerful breed, the Great Pyrenees has a beautiful, thick white coat.  Originally bred to deter wolves and other predators, now faced with protecting livestock from shambling hordes of undead.",
    "size": "MEDIUM",
    "hp": 40,
    "speed": 100,
    "aggression": 3,
    "morale": 10,
    "melee_dice": 1,
    "melee_dice_sides": 1,
    "melee_cut": 5,
    "dodge": 2,
    "vision_night": 6,
    "reproduction": { "baby_monster": "mon_dog_gpyrenees_pup", "baby_count": 7, "baby_timer": 10 },
    "//": "7 for size medium canines",
    "flags": [
      "ANIMAL",
      "BONES",
      "DOGFOOD",
      "FAT",
      "FUR",
      "HEARS",
      "HIT_AND_RUN",
      "KEENNOSE",
      "PATH_AVOID_DANGER_1",
      "SEES",
      "SMELLS",
      "WARM"
    ]
  },
  {
    "id": "mon_dog_gpyrenees_pup",
    "type": "MONSTER",
    "name": "great pyrenees puppy",
    "description": "An adorable, defenseless Great Pyrenees puppy.  Much safer to tame than adult counterparts.",
    "default_faction": "dog",
    "categories": [ "WILDLIFE" ],
    "species": [ "MAMMAL" ],
    "diff": 3,
    "size": "TINY",
    "hp": 10,
    "speed": 65,
    "material": [ "flesh" ],
    "symbol": "d",
    "color": "light_gray",
    "aggression": -12,
    "morale": 5,
    "melee_skill": 2,
    "melee_dice": 1,
    "melee_dice_sides": 1,
    "melee_cut": 3,
    "dodge": 1,
    "vision_night": 5,
    "path_settings": { "max_dist": 10 },
    "upgrades": { "age_grow": 42, "into": "mon_dog_gpyrenees" },
    "biosignature": { "biosig_item": "feces_dog", "biosig_timer": 6 },
    "fear_triggers": [ "FRIEND_ATTACKED", "FRIEND_DIED", "HURT" ],
    "death_function": [ "NORMAL" ],
    "special_attacks": [ [ "EAT_FOOD", 100 ] ],
    "flags": [ "ANIMAL", "BONES", "DOGFOOD", "FUR", "HEARS", "KEENNOSE", "PATH_AVOID_DANGER_1", "SEES", "SMELLS", "WARM" ]
  },
  {
    "id": "mon_dog_rottweiler",
    "copy-from": "mon_dog",
    "type": "MONSTER",
    "name": "rottweiler",
    "//": "Rare, location specific only",
    "description": "Terrifying breed to face feral, as the Rottweiler breed is descended from Roman legion mastiffs.  Robust and vicious, quite capable of mauling a human to death.",
    "size": "MEDIUM",
    "hp": 42,
    "speed": 135,
    "aggression": 4,
    "morale": 8,
    "melee_skill": 4,
    "melee_dice_sides": 2,
    "melee_cut": 6,
    "vision_night": 6,
    "special_attacks": [ [ "LUNGE", 5 ] ],
    "reproduction": { "baby_monster": "mon_dog_rottweiler_pup", "baby_count": 7, "baby_timer": 10 },
    "//": "7 for size medium canines",
    "flags": [
      "ANIMAL",
      "BONES",
      "DOGFOOD",
      "FAT",
      "FUR",
      "HEARS",
      "HIT_AND_RUN",
      "KEENNOSE",
      "PATH_AVOID_DANGER_1",
      "SEES",
      "SMELLS",
      "WARM"
    ]
  },
  {
    "id": "mon_dog_rottweiler_pup",
    "type": "MONSTER",
    "name": "rottweiler puppy",
    "description": "An adorable, defenseless Rottweiler puppy.  Much safer to tame than adult counterparts.",
    "default_faction": "dog",
    "categories": [ "WILDLIFE" ],
    "species": [ "MAMMAL" ],
    "diff": 3,
    "size": "TINY",
    "hp": 11,
    "speed": 88,
    "material": [ "flesh" ],
    "symbol": "d",
    "color": "light_gray",
    "aggression": -11,
    "morale": 4,
    "melee_skill": 2,
    "melee_dice": 1,
    "melee_dice_sides": 1,
    "melee_cut": 3,
    "dodge": 1,
    "vision_night": 5,
    "path_settings": { "max_dist": 10 },
    "upgrades": { "age_grow": 42, "into": "mon_dog_rottweiler" },
    "biosignature": { "biosig_item": "feces_dog", "biosig_timer": 6 },
    "fear_triggers": [ "FRIEND_ATTACKED", "FRIEND_DIED", "HURT" ],
    "death_function": [ "NORMAL" ],
    "special_attacks": [ [ "EAT_FOOD", 100 ] ],
    "flags": [ "ANIMAL", "BONES", "DOGFOOD", "FUR", "HEARS", "KEENNOSE", "PATH_AVOID_DANGER_1", "SEES", "SMELLS", "WARM" ]
  },
  {
    "id": "mon_dog_auscattle",
    "copy-from": "mon_dog",
    "type": "MONSTER",
    "name": "cattle dog",
    "description": "An agile and sturdy breed that is welcome on any farm, the Australian Cattle Dog is adept at leaping fences and herding livestock.",
    "hp": 20,
    "speed": 200,
    "aggression": 3,
    "morale": 10,
    "melee_skill": 4,
    "melee_dice_sides": 2,
    "melee_cut": 6,
    "dodge": 4,
    "vision_night": 6,
    "special_attacks": [ [ "LUNGE", 5 ], { "type": "leap", "cooldown": 8, "max_range": 2 } ],
    "reproduction": { "baby_monster": "mon_dog_auscattle_pup", "baby_count": 4, "baby_timer": 10 },
    "//": "4 for size tiny and small canines",
    "flags": [
      "ANIMAL",
      "BONES",
      "CLIMBS",
      "DOGFOOD",
      "FAT",
      "FUR",
      "HEARS",
      "HIT_AND_RUN",
      "KEENNOSE",
      "PATH_AVOID_DANGER_1",
      "SEES",
      "SMELLS",
      "WARM"
    ]
  },
  {
    "id": "mon_dog_auscattle_pup",
    "type": "MONSTER",
    "name": "cattle dog puppy",
    "description": "An adorable, defenseless Australian Cattle Dog puppy.  Much safer to tame than adult counterparts.",
    "default_faction": "dog",
    "categories": [ "WILDLIFE" ],
    "species": [ "MAMMAL" ],
    "diff": 3,
    "size": "TINY",
    "hp": 5,
    "speed": 130,
    "material": [ "flesh" ],
    "symbol": "d",
    "color": "light_gray",
    "aggression": -12,
    "morale": 5,
    "melee_skill": 2,
    "melee_dice": 1,
    "melee_dice_sides": 1,
    "melee_cut": 3,
    "dodge": 2,
    "vision_night": 5,
    "path_settings": { "max_dist": 10 },
    "upgrades": { "age_grow": 42, "into": "mon_dog_auscattle" },
    "biosignature": { "biosig_item": "feces_dog", "biosig_timer": 6 },
    "fear_triggers": [ "FRIEND_ATTACKED", "FRIEND_DIED", "HURT" ],
    "death_function": [ "NORMAL" ],
    "special_attacks": [ [ "EAT_FOOD", 100 ] ],
    "flags": [ "ANIMAL", "BONES", "DOGFOOD", "FUR", "HEARS", "KEENNOSE", "PATH_AVOID_DANGER_1", "SEES", "SMELLS", "WARM" ]
  },
  {
    "id": "mon_fox_gray",
    "type": "MONSTER",
    "name": "fox",
    "name_plural": "foxes",
    "description": "A small omnivorous canine with an almost cat-like manner.  It is a solitary hunter, and one of the only canids able to climb trees.",
    "default_faction": "fox",
    "categories": [ "WILDLIFE" ],
    "species": [ "MAMMAL" ],
    "diff": 4,
    "size": "SMALL",
    "hp": 20,
    "speed": 130,
    "material": [ "flesh" ],
    "symbol": "d",
    "color": "light_gray",
    "aggression": -5,
    "morale": 30,
    "melee_skill": 3,
    "melee_dice": 1,
    "melee_dice_sides": 4,
    "melee_cut": 2,
    "dodge": 6,
    "vision_night": 5,
    "anger_triggers": [ "FRIEND_ATTACKED", "FRIEND_DIED" ],
    "fear_triggers": [ "SOUND", "PLAYER_CLOSE" ],
    "placate_triggers": [ "MEAT" ],
    "death_function": [ "NORMAL" ],
    "flags": [
      "SEES",
      "HEARS",
      "SMELLS",
      "ANIMAL",
      "PATH_AVOID_DANGER_1",
      "WARM",
      "FUR",
      "HIT_AND_RUN",
      "KEENNOSE",
      "BLEED",
      "BONES"
    ]
  },
  {
    "id": "mon_fox_red",
    "type": "MONSTER",
    "name": "fox",
    "name_plural": "foxes",
    "description": "The red fox, an omnivorous canine and largest of the true foxes, it is a wily hunter with a combative, suspicious temperament.",
    "default_faction": "fox",
    "categories": [ "WILDLIFE" ],
    "species": [ "MAMMAL" ],
    "diff": 5,
    "size": "SMALL",
    "hp": 30,
    "speed": 145,
    "material": [ "flesh" ],
    "symbol": "d",
    "color": "red",
    "aggression": -5,
    "morale": 60,
    "melee_skill": 4,
    "melee_dice": 1,
    "melee_dice_sides": 4,
    "melee_cut": 2,
    "dodge": 6,
    "vision_night": 5,
    "anger_triggers": [ "FRIEND_ATTACKED", "FRIEND_DIED" ],
    "fear_triggers": [ "SOUND", "PLAYER_CLOSE" ],
    "placate_triggers": [ "MEAT" ],
    "death_function": [ "NORMAL" ],
    "flags": [
      "SEES",
      "HEARS",
      "SMELLS",
      "ANIMAL",
      "PATH_AVOID_DANGER_1",
      "WARM",
      "FUR",
      "HIT_AND_RUN",
      "KEENNOSE",
      "BLEED",
      "BONES",
      "FAT"
    ]
  },
  {
    "id": "mon_groundhog",
    "type": "MONSTER",
    "name": "groundhog",
    "description": "Also known as the woodchuck, this ground squirrel has no actual talent for chucking wood.",
    "default_faction": "small_animal",
    "categories": [ "WILDLIFE" ],
    "species": [ "MAMMAL" ],
    "size": "TINY",
    "hp": 12,
    "speed": 140,
    "material": [ "flesh" ],
    "symbol": "r",
    "color": "light_gray",
    "aggression": -99,
    "morale": -20,
    "melee_dice": 1,
    "melee_dice_sides": 4,
    "melee_cut": 2,
    "dodge": 4,
    "fear_triggers": [ "SOUND", "PLAYER_CLOSE" ],
    "death_function": [ "NORMAL" ],
    "flags": [ "SEES", "HEARS", "GOODHEARING", "SMELLS", "ANIMAL", "PATH_AVOID_DANGER_1", "WARM", "FUR", "BONES", "FAT" ]
  },
  {
    "id": "mon_hare",
    "type": "MONSTER",
    "name": "jackrabbit",
    "description": "The snowshoe hare, a small grass-eater with a brown fur coat that changes to white in the wintertime.  You can’t help but think of eggs when you look at it.",
    "default_faction": "small_animal",
    "categories": [ "WILDLIFE" ],
    "species": [ "MAMMAL" ],
    "size": "TINY",
    "hp": 10,
    "speed": 170,
    "material": [ "flesh" ],
    "symbol": "r",
    "color": "brown",
    "aggression": -99,
    "morale": -5,
    "melee_cut": 0,
    "dodge": 6,
    "fear_triggers": [ "SOUND", "PLAYER_CLOSE" ],
    "death_function": [ "NORMAL" ],
    "flags": [ "SEES", "HEARS", "GOODHEARING", "SMELLS", "ANIMAL", "PATH_AVOID_DANGER_1", "WARM", "FUR", "BONES" ]
  },
  {
    "id": "mon_horse",
    "type": "MONSTER",
    "name": "horse",
    "description": "A hooved grazing mammal with a mane of hair, a sweeping tail, and powerful-looking muscles.",
    "default_faction": "herbivore",
    "categories": [ "WILDLIFE" ],
    "species": [ "MAMMAL" ],
    "diff": 10,
    "size": "LARGE",
    "hp": 90,
    "speed": 210,
    "material": [ "flesh" ],
    "symbol": "H",
    "color": "brown",
    "morale": 20,
    "melee_skill": 6,
    "melee_dice": 2,
    "melee_dice_sides": 12,
    "melee_cut": 0,
    "dodge": 2,
    "armor_bash": 2,
    "anger_triggers": [ "FRIEND_ATTACKED" ],
    "fear_triggers": [ "SOUND", "PLAYER_CLOSE" ],
    "placate_triggers": [ "PLAYER_WEAK" ],
    "death_function": [ "NORMAL" ],
    "harvest": "animal_large",
    "biosignature": { "biosig_item": "feces_manure", "biosig_timer": 2 },
    "special_attacks": [ [ "EAT_CROP", 60 ] ],
    "flags": [
      "SEES",
      "HEARS",
      "SMELLS",
      "ANIMAL",
      "CATTLEFODDER",
      "PET_WONT_FOLLOW",
      "PATH_AVOID_DANGER_1",
      "WARM",
      "BONES",
      "FAT",
      "LEATHER"
    ]
  },
  {
    "id": "mon_lemming",
    "type": "MONSTER",
    "name": "lemming",
    "description": "The Northern bog lemming, a small, predominantly vegetarian rodent that spends its life in the murk of swamps and other wetlands.  Contrary to popular belief, these creatures are not particularly hapless or suicidal, but they can eat themselves into scarcity within a few generations.",
    "default_faction": "small_animal",
    "categories": [ "WILDLIFE" ],
    "species": [ "MAMMAL" ],
    "diff": 2,
    "size": "TINY",
    "hp": 4,
    "speed": 90,
    "material": [ "flesh" ],
    "symbol": ".",
    "color": "light_gray",
    "aggression": -50,
    "morale": -50,
    "melee_skill": 4,
    "melee_cut": 0,
    "dodge": 2,
    "fear_triggers": [ "SOUND", "PLAYER_CLOSE" ],
    "death_function": [ "NORMAL" ],
    "flags": [ "SEES", "SMELLS", "HEARS", "WARM", "SWIMS", "ANIMAL", "PATH_AVOID_DANGER_1" ]
  },
  {
    "id": "mon_mink",
    "type": "MONSTER",
    "name": "mink",
    "description": "The American mink, a partially-aquatic weasel, once factory-farmed for its fur.  It is a capable fisher, but the presence of otters in these parts makes it rely more on food from the land.",
    "default_faction": "small_animal",
    "categories": [ "WILDLIFE" ],
    "species": [ "MAMMAL" ],
    "diff": 4,
    "size": "SMALL",
    "hp": 30,
    "speed": 130,
    "material": [ "flesh" ],
    "symbol": "m",
    "color": "dark_gray",
    "aggression": 10,
    "morale": 40,
    "melee_skill": 4,
    "melee_dice": 1,
    "melee_dice_sides": 4,
    "melee_cut": 2,
    "dodge": 6,
    "anger_triggers": [ "FRIEND_ATTACKED", "FRIEND_DIED" ],
    "fear_triggers": [ "SOUND", "PLAYER_CLOSE" ],
    "placate_triggers": [ "MEAT" ],
    "death_function": [ "NORMAL" ],
    "flags": [
      "SEES",
      "HEARS",
      "SMELLS",
      "ANIMAL",
      "PATH_AVOID_DANGER_1",
      "WARM",
      "FUR",
      "HIT_AND_RUN",
      "KEENNOSE",
      "BLEED",
      "BONES",
      "FAT"
    ]
  },
  {
    "id": "mon_moose",
    "type": "MONSTER",
    "name": "moose",
    "description": "The Eastern moose, the largest living species of deer.  The bulls are quite ill-tempered, especially in the rutting season.",
    "default_faction": "herbivore",
    "categories": [ "WILDLIFE" ],
    "species": [ "MAMMAL" ],
    "diff": 1,
    "size": "LARGE",
    "hp": 120,
    "speed": 200,
    "material": [ "flesh" ],
    "symbol": "M",
    "color": "brown",
    "aggression": -15,
    "morale": 80,
    "melee_skill": 6,
    "melee_dice": 3,
    "melee_dice_sides": 4,
    "melee_cut": 0,
    "dodge": 1,
    "armor_bash": 4,
    "armor_cut": 1,
    "vision_night": 7,
    "path_settings": { "max_dist": 10 },
    "anger_triggers": [ "HURT", "PLAYER_CLOSE" ],
    "fear_triggers": [ "SOUND" ],
    "placate_triggers": [ "PLAYER_WEAK" ],
    "death_function": [ "NORMAL" ],
    "harvest": "animal_large",
    "biosignature": { "biosig_item": "feces_manure", "biosig_timer": 8 },
    "special_attacks": [ [ "EAT_CROP", 60 ] ],
    "flags": [ "SEES", "HEARS", "SMELLS", "ANIMAL", "PATH_AVOID_DANGER_1", "WARM", "BLEED", "ATTACKMON" ]
  },
  {
    "id": "mon_muskrat",
    "type": "MONSTER",
    "name": "muskrat",
    "description": "A large omnivorous rodent with a thick furry pelt, found in wetlands across the northern hemisphere.  It marks its territory with a musky odor for which it is named.",
    "default_faction": "small_animal",
    "categories": [ "WILDLIFE" ],
    "species": [ "MAMMAL" ],
    "diff": 3,
    "size": "SMALL",
    "hp": 10,
    "speed": 100,
    "material": [ "flesh" ],
    "symbol": "r",
    "color": "brown",
    "aggression": -45,
    "morale": -50,
    "melee_skill": 5,
    "melee_dice": 1,
    "melee_dice_sides": 6,
    "melee_cut": 2,
    "dodge": 2,
    "fear_triggers": [ "SOUND", "PLAYER_CLOSE" ],
    "death_function": [ "NORMAL" ],
    "flags": [ "SEES", "SMELLS", "HEARS", "WARM", "SWIMS", "ANIMAL", "PATH_AVOID_DANGER_1", "FUR", "BONES", "FAT" ]
  },
  {
    "id": "mon_nakedmolerat_giant",
    "type": "MONSTER",
    "name": "gigantic naked mole-rat",
    "description": "A huge, rumbling mutated mass of wrinkly, nearly translucent skin that has been toughened by constant tunneling.  Its hide is riddled with giant scabs, as a pair of incisors the size of an industrial excavator's buckets gnash constantly and several car-length whiskers twitch at the air.  It regularly makes high-pitched chirps as it roams around.",
    "default_faction": "molerat",
    "categories": [ "WILDLIFE" ],
    "species": [ "MAMMAL" ],
    "diff": 15,
    "size": "HUGE",
    "hp": 120,
    "speed": 80,
    "material": [ "flesh" ],
    "symbol": "M",
    "color": "pink",
    "aggression": -5,
    "morale": 40,
    "melee_skill": 8,
    "melee_dice": 4,
    "melee_dice_sides": 6,
    "melee_cut": 10,
    "dodge": 1,
    "armor_bash": 5,
    "armor_cut": 2,
    "vision_day": 0,
    "vision_night": 0,
    "special_attacks": [ [ "SHRIEK_ALERT", 10 ], [ "SHRIEK_STUN", 1 ], { "type": "bite", "cooldown": 6 }, [ "impale", 10 ] ],
    "anger_triggers": [ "HURT", "SOUND", "STALK" ],
    "fear_triggers": [ "FIRE" ],
    "death_function": [ "NORMAL" ],
    "flags": [
      "ATTACKMON",
      "BLEED",
      "BONES",
      "BORES",
      "CAN_DIG",
      "FAT",
      "HEARS",
      "KEENNOSE",
      "LEATHER",
      "PATH_AVOID_DANGER_1",
      "REGENERATES_10",
      "REGEN_MORALE",
      "SMELLS",
      "WARM"
    ],
    "//": "Reinsert GOODHEARING when z-level tunneling is possible."
  },
  {
    "id": "mon_opossum",
    "type": "MONSTER",
    "name": "opossum",
    "description": "The Virginia opossum, a small omnivorous marsupial native to North America.  About the size of a cat, it is hardy and adaptive, and a fairly common sight in urban areas.",
    "default_faction": "small_animal",
    "categories": [ "WILDLIFE" ],
    "species": [ "MAMMAL" ],
    "diff": 10,
    "size": "TINY",
    "hp": 12,
    "speed": 110,
    "material": [ "flesh" ],
    "symbol": "p",
    "color": "white",
    "aggression": -99,
    "morale": 10,
    "melee_dice": 1,
    "melee_dice_sides": 4,
    "melee_cut": 1,
    "dodge": 2,
    "vision_night": 5,
    "anger_triggers": [ "FRIEND_ATTACKED", "HURT" ],
    "fear_triggers": [ "PLAYER_CLOSE" ],
    "death_function": [ "NORMAL" ],
    "flags": [ "SEES", "HEARS", "SMELLS", "ANIMAL", "PATH_AVOID_DANGER_1", "WARM", "FUR", "KEENNOSE", "BLEED", "BONES", "FAT" ]
  },
  {
    "id": "mon_otter",
    "type": "MONSTER",
    "name": "otter",
    "description": "The North American river otter is a shy water dwelling relative of the weasel living in large families along the banks of streams.  It is an excellent fisher and a resourceful survivor, using the abandoned dens of beavers and other animals to raise its own young.",
    "default_faction": "otter",
    "categories": [ "WILDLIFE" ],
    "species": [ "MAMMAL" ],
    "size": "SMALL",
    "hp": 12,
    "speed": 110,
    "material": [ "flesh" ],
    "symbol": "m",
    "color": "brown",
    "aggression": -10,
    "morale": 40,
    "melee_dice": 1,
    "melee_dice_sides": 4,
    "melee_cut": 2,
    "dodge": 4,
    "fear_triggers": [ "SOUND", "PLAYER_CLOSE" ],
    "death_function": [ "NORMAL" ],
    "flags": [ "SEES", "HEARS", "SMELLS", "ANIMAL", "PATH_AVOID_DANGER_1", "SWIMS", "WARM", "FUR", "BONES", "FAT" ]
  },
  {
    "id": "mon_pig_piglet",
    "type": "MONSTER",
    "name": "piglet",
    "description": "A domesticated omnivore descended from the wild boar, intelligent and inquisitive.  Left to its own devices, it has gone feral.",
    "default_faction": "pig",
    "categories": [ "WILDLIFE" ],
    "species": [ "MAMMAL" ],
    "diff": 2,
    "size": "TINY",
    "hp": 5,
    "speed": 80,
    "material": [ "flesh" ],
    "symbol": "p",
    "color": "pink",
    "looks_like": "mon_pig",
    "aggression": -10,
    "morale": 10,
    "melee_skill": 1,
    "melee_dice": 1,
    "melee_dice_sides": 2,
    "melee_cut": 1,
    "dodge": 4,
    "path_settings": { "max_dist": 10 },
    "fear_triggers": [ "SOUND", "PLAYER_CLOSE" ],
    "placate_triggers": [ "MEAT" ],
    "death_function": [ "NORMAL" ],
    "upgrades": { "age_grow": 20, "into": "mon_pig" },
    "biosignature": { "biosig_item": "feces_manure", "biosig_timer": 7 },
    "special_attacks": [ [ "EAT_FOOD", 40 ] ],
    "flags": [ "SEES", "HEARS", "SMELLS", "ANIMAL", "PATH_AVOID_DANGER_1", "WARM", "KEENNOSE", "BLEED", "BONES", "FAT" ]
  },
  {
    "id": "mon_pig",
    "type": "MONSTER",
    "name": "pig",
    "description": "A domesticated omnivore descended from the wild boar, intelligent and inquisitive.  Left to its own devices, it has gone feral.",
    "default_faction": "pig",
    "categories": [ "WILDLIFE" ],
    "species": [ "MAMMAL" ],
    "diff": 8,
    "size": "MEDIUM",
    "hp": 50,
    "speed": 100,
    "material": [ "flesh" ],
    "symbol": "p",
    "color": "pink",
    "aggression": 10,
    "morale": 30,
    "melee_skill": 4,
    "melee_dice": 1,
    "melee_dice_sides": 8,
    "melee_cut": 4,
    "dodge": 2,
    "reproduction": { "baby_monster": "mon_pig_piglet", "baby_count": 3, "baby_timer": 10 },
    "baby_flags": [ "SPRING", "AUTUMN" ],
    "biosignature": { "biosig_item": "feces_manure", "biosig_timer": 2 },
    "path_settings": { "max_dist": 10 },
    "anger_triggers": [ "PLAYER_WEAK", "FRIEND_ATTACKED" ],
    "fear_triggers": [ "SOUND", "PLAYER_CLOSE" ],
    "placate_triggers": [ "MEAT" ],
    "death_function": [ "NORMAL" ],
    "special_attacks": [ [ "EAT_FOOD", 20 ] ],
    "flags": [ "SEES", "HEARS", "SMELLS", "ANIMAL", "PATH_AVOID_DANGER_1", "WARM", "KEENNOSE", "BLEED", "BONES", "FAT" ]
  },
  {
    "id": "mon_rabbit",
    "type": "MONSTER",
    "name": "rabbit",
    "description": "A small mammal with a cute wiggling nose, cotton tail, and made of delicious flesh.",
    "default_faction": "small_animal",
    "categories": [ "WILDLIFE" ],
    "species": [ "MAMMAL" ],
    "size": "TINY",
    "hp": 8,
    "speed": 160,
    "material": [ "flesh" ],
    "symbol": "r",
    "color": "brown",
    "aggression": -99,
    "morale": -7,
    "melee_cut": 0,
    "dodge": 6,
    "fear_triggers": [ "SOUND", "PLAYER_CLOSE" ],
    "death_function": [ "NORMAL" ],
    "flags": [ "SEES", "HEARS", "SMELLS", "ANIMAL", "PATH_AVOID_DANGER_1", "WARM", "FUR", "BONES" ]
  },
  {
    "id": "mon_raccoon",
    "type": "MONSTER",
    "name": "raccoon",
    "description": "A small mammal native to North America, distinctive for its dexterous paws and facial markings.  It is resourceful and agile enough to open sealed containers with its paws.",
    "default_faction": "small_animal",
    "categories": [ "WILDLIFE" ],
    "species": [ "MAMMAL" ],
    "diff": 10,
    "size": "TINY",
    "hp": 14,
    "speed": 100,
    "material": [ "flesh" ],
    "symbol": "r",
    "color": "light_gray",
    "aggression": -10,
    "morale": 10,
    "melee_skill": 1,
    "melee_dice": 1,
    "melee_dice_sides": 4,
    "melee_cut": 1,
    "dodge": 3,
    "vision_night": 5,
    "anger_triggers": [ "FRIEND_ATTACKED", "HURT" ],
    "death_function": [ "NORMAL" ],
    "flags": [ "SEES", "HEARS", "SMELLS", "ANIMAL", "PATH_AVOID_DANGER_1", "WARM", "FUR", "KEENNOSE", "BLEED", "BONES", "FAT" ]
  },
  {
    "id": "mon_rat_king",
    "type": "MONSTER",
    "name": "rat king",
    "description": "A towering swarm of mutated rats, their tails knotted together in a filthy mass.  A fetid stench flows from its filthy presence.",
    "default_faction": "rat",
    "species": [ "MAMMAL" ],
    "diff": 18,
    "size": "MEDIUM",
    "hp": 220,
    "speed": 40,
    "material": [ "flesh" ],
    "symbol": "&",
    "color": "dark_gray",
    "aggression": 10,
    "morale": 100,
    "melee_skill": 4,
    "melee_dice": 1,
    "melee_dice_sides": 3,
    "melee_cut": 1,
    "special_attacks": [ [ "RATKING", 3 ] ],
    "death_function": [ "RATKING" ]
  },
  {
    "id": "mon_sewer_rat",
    "type": "MONSTER",
    "name": "sewer rat",
    "description": "A worm-tailed rodent with long whiskers and beady eyes.  The way it squeaks makes it sound...  hungry.",
    "default_faction": "rat",
    "categories": [ "WILDLIFE" ],
    "species": [ "MAMMAL" ],
    "diff": 3,
    "size": "TINY",
    "hp": 10,
    "speed": 100,
    "material": [ "flesh" ],
    "symbol": "r",
    "color": "light_gray",
    "aggression": 20,
    "morale": 40,
    "melee_skill": 5,
    "melee_dice": 1,
    "melee_dice_sides": 2,
    "melee_cut": 1,
    "dodge": 2,
    "vision_day": 1,
    "vision_night": 30,
    "path_settings": { "max_dist": 10 },
    "anger_triggers": [ "PLAYER_WEAK", "FRIEND_ATTACKED", "FRIEND_DIED" ],
    "death_function": [ "NORMAL" ],
    "flags": [ "SEES", "SMELLS", "HEARS", "WARM", "SWIMS", "ANIMAL", "PATH_AVOID_DANGER_1", "FUR", "BONES" ]
  },
  {
    "id": "mon_sheep_lamb",
    "type": "MONSTER",
    "name": "lamb",
    "name_plural": "lambs",
    "description": "A timid, hooved grazing mammal, and one of the first animals ever domesticated, its body is covered in a thick layer of wool, and the males have long, spiralling horns.",
    "default_faction": "herbivore",
    "categories": [ "WILDLIFE" ],
    "species": [ "MAMMAL" ],
    "diff": 3,
    "size": "SMALL",
    "hp": 20,
    "speed": 90,
    "material": [ "flesh" ],
    "symbol": "s",
    "color": "white",
    "looks_like": "mon_sheep",
    "melee_skill": 1,
    "melee_dice": 1,
    "melee_dice_sides": 2,
    "melee_cut": 1,
    "dodge": 2,
    "anger_triggers": [  ],
    "fear_triggers": [ "SOUND", "PLAYER_CLOSE", "FRIEND_ATTACKED" ],
    "placate_triggers": [ "PLAYER_WEAK" ],
    "death_function": [ "NORMAL" ],
    "upgrades": { "age_grow": 20, "into": "mon_sheep" },
    "biosignature": { "biosig_item": "feces_manure", "biosig_timer": 7 },
    "flags": [ "SEES", "HEARS", "SMELLS", "ANIMAL", "PATH_AVOID_DANGER_1", "WARM", "BONES", "FAT" ]
  },
  {
    "id": "mon_sheep",
    "type": "MONSTER",
    "name": "sheep",
    "name_plural": "sheep",
    "description": "A timid, hooved grazing mammal, and one of the first animals ever domesticated, its body is covered in a thick layer of wool, and the males have long, spiralling horns.",
    "default_faction": "herbivore",
    "categories": [ "WILDLIFE" ],
    "species": [ "MAMMAL" ],
    "diff": 10,
    "size": "MEDIUM",
    "hp": 90,
    "speed": 90,
    "material": [ "flesh" ],
    "symbol": "s",
    "color": "white",
    "melee_skill": 3,
    "melee_dice": 1,
    "melee_dice_sides": 6,
    "melee_cut": 2,
    "dodge": 2,
    "starting_ammo": { "milk": 2 },
    "anger_triggers": [  ],
    "reproduction": { "baby_monster": "mon_sheep_lamb", "baby_count": 1, "baby_timer": 20 },
    "baby_flags": [ "SPRING", "SUMMER", "AUTUMN" ],
    "biosignature": { "biosig_item": "feces_manure", "biosig_timer": 3 },
    "fear_triggers": [ "SOUND", "PLAYER_CLOSE", "FRIEND_ATTACKED" ],
    "placate_triggers": [ "PLAYER_WEAK" ],
    "death_function": [ "NORMAL" ],
    "special_attacks": [ [ "EAT_CROP", 120 ] ],
    "flags": [
      "SEES",
      "HEARS",
      "SMELLS",
      "ANIMAL",
      "PATH_AVOID_DANGER_1",
      "WARM",
      "WOOL",
      "BONES",
      "FAT",
      "CATTLEFODDER",
      "PET_WONT_FOLLOW",
      "MILKABLE"
    ]
  },
  {
    "id": "mon_squirrel",
    "type": "MONSTER",
    "name": "squirrel",
    "description": "A small granivorous rodent with a long bushy tail, often seen darting amid the branches of trees.  A skittish varmint with an expression of unwavering austerity, it is the mortal enemy of cat and dog alike.",
    "default_faction": "small_animal",
    "categories": [ "WILDLIFE" ],
    "species": [ "MAMMAL" ],
    "size": "TINY",
    "hp": 6,
    "speed": 140,
    "material": [ "flesh" ],
    "symbol": "r",
    "color": "light_gray",
    "aggression": -89,
    "morale": -8,
    "melee_dice": 1,
    "melee_dice_sides": 1,
    "melee_cut": 0,
    "dodge": 4,
    "fear_triggers": [ "SOUND", "PLAYER_CLOSE" ],
    "death_function": [ "NORMAL" ],
    "flags": [ "SEES", "HEARS", "SMELLS", "ANIMAL", "PATH_AVOID_DANGER_1", "WARM", "FUR", "BONES" ]
  },
  {
    "id": "mon_squirrel_red",
    "type": "MONSTER",
    "name": "squirrel",
    "description": "A tiny opportunistic rodent with a long bushy tail.  The pine squirrel is clever and cute, and hunted by nearly everything in the woods with a taste for meat.",
    "default_faction": "small_animal",
    "categories": [ "WILDLIFE" ],
    "species": [ "MAMMAL" ],
    "size": "TINY",
    "hp": 6,
    "speed": 130,
    "material": [ "flesh" ],
    "symbol": "r",
    "color": "brown",
    "aggression": -99,
    "morale": -9,
    "melee_dice": 1,
    "melee_dice_sides": 1,
    "melee_cut": 0,
    "dodge": 3,
    "fear_triggers": [ "SOUND", "PLAYER_CLOSE" ],
    "death_function": [ "NORMAL" ],
    "flags": [ "SEES", "HEARS", "SMELLS", "ANIMAL", "PATH_AVOID_DANGER_1", "WARM", "FUR", "BONES" ]
  },
  {
    "id": "mon_weasel",
    "type": "MONSTER",
    "name": "weasel",
    "description": "The long-tailed weasel, a small but ubiquitous predator whose range extends across the continent.  It forms its den in small burrows, preferring to occupy the nesting holes of its prey.",
    "default_faction": "small_animal",
    "categories": [ "WILDLIFE" ],
    "species": [ "MAMMAL" ],
    "size": "TINY",
    "hp": 20,
    "speed": 110,
    "material": [ "flesh" ],
    "symbol": "m",
    "color": "brown",
    "morale": 40,
    "melee_dice": 1,
    "melee_dice_sides": 4,
    "melee_cut": 2,
    "dodge": 4,
    "vision_night": 5,
    "fear_triggers": [ "SOUND", "PLAYER_CLOSE" ],
    "death_function": [ "NORMAL" ],
    "flags": [ "SEES", "HEARS", "SMELLS", "ANIMAL", "PATH_AVOID_DANGER_1", "SWIMS", "WARM", "FUR", "BONES", "FAT" ]
  },
  {
    "id": "mon_wolf",
    "type": "MONSTER",
    "name": "wolf",
    "name_plural": "wolves",
    "description": "A cunning pack predator, once extinct in the New England area, the wolf was successfully reintroduced and their numbers reached record highs in the decade before the cataclysm.  Lucky you.",
    "default_faction": "wolf",
    "categories": [ "WILDLIFE" ],
    "species": [ "MAMMAL" ],
    "diff": 12,
    "size": "MEDIUM",
    "hp": 40,
    "speed": 165,
    "material": [ "flesh" ],
    "symbol": "w",
    "color": "light_gray",
    "morale": 20,
    "melee_skill": 7,
    "melee_dice": 2,
    "melee_dice_sides": 3,
    "melee_cut": 4,
    "dodge": 4,
    "armor_bash": 1,
    "vision_night": 5,
    "path_settings": { "max_dist": 10 },
    "anger_triggers": [ "STALK", "FRIEND_ATTACKED", "FRIEND_DIED", "PLAYER_WEAK", "PLAYER_CLOSE" ],
    "placate_triggers": [ "MEAT" ],
    "death_function": [ "NORMAL" ],
    "flags": [ "SEES", "HEARS", "SMELLS", "ANIMAL", "PATH_AVOID_DANGER_1", "WARM", "FUR", "KEENNOSE", "BLEED", "BONES", "FAT" ]
  }
]
