[
  {
    "method": "json",
    "object": {
      "furniture": {
        "#": "f_null",
        "&": "f_toilet",
        "+": "f_null",
        ".": "f_null",
        "4": "f_null",
        "7": "f_null",
        "H": "f_armchair",
        "S": "f_null",
        "_": "f_null",
        "a": "f_shower",
        "b": "f_bed",
        "c": "f_cupboard",
        "d": "f_dresser",
        "e": "f_sink",
        "f": "f_null",
        "o": "f_oven",
        "s": "f_null",
        "t": "f_table",
        "w": "f_null",
        "{": "f_fridge",
        "|": "f_null"
      },
      "place_items": [
        { "chance": 75, "item": "fridge", "x": 5, "y": 14 },
        { "chance": 55, "item": "trash", "x": 19, "y": 7 },
        { "chance": 55, "item": "trash", "x": 8, "y": 3 },
        { "chance": 65, "item": "kitchen", "x": 8, "y": 15 },
        { "chance": 45, "item": "cannedfood", "x": [ 7, 8 ], "y": 14 },
        { "chance": 75, "item": "bed", "x": [ 2, 3 ], "y": 14 },
        { "chance": 75, "item": "dresser_stack", "x": 3, "y": 16 },
        { "chance": 65, "item": "magazines", "x": 7, "y": 18 }
      ],
      "place_toilets": [ { "x": 2, "y": 19 } ],
      "rows": [
        "...._......__.__........",
        ".....#..4..__.__..7.....",
        "s..7.......__.___.#._.#.",
        "_.#....7...__.__.....4..",
        ".#4....#..___.__....##.4",
        "..._.4....._____..7._.s.",
        "..#.....4..__.__.....7..",
        ".7..#......__.__..#.....",
        ".......#...__.___._....s",
        "._....._..___.__.....#..",
        "..s........__.__.....4._",
        "...........__.__.#.....4",
        ".7.###s#...______.4.#...",
        ".||w||||||.______...7#..",
        "_|bb|{occw._______..#...",
        ".|ff|fffc|..______....7.",
        "4|fd|ff|||s._______.....",
        ".|ff+ffffw.________.....",
        ".||||fftH|._________....",
        ".|&f+ff|||.________.._4#",
        "s|ae|ff+SSSS_______.....",
        ".||||w||....______...#..",
        "..#7.........____...#7..",
        ".._#...7..........._..s."
      ],
      "terrain": {
        "#": "t_underbrush",
        "&": "t_floor",
        "+": "t_door_c",
        ".": "t_grass",
        "4": "t_tree_pine",
        "7": "t_tree",
        "H": "t_floor",
        "S": "t_sidewalk",
        "_": "t_dirt",
        "a": "t_floor",
        "b": "t_floor",
        "c": "t_floor",
        "d": "t_floor",
        "e": "t_floor",
        "f": "t_floor",
        "o": "t_floor",
        "s": "t_shrub",
        "t": "t_floor",
        "w": "t_window_domestic",
        "{": "t_floor",
        "|": "t_wall"
      }
    },
    "om_terrain": "rural_house",
    "type": "mapgen",
    "weight": 100
  },
  {
    "method": "json",
    "object": {
      "furniture": {
        "#": "f_null",
        "&": "f_sink",
        "+": "f_null",
        ".": "f_null",
        "1": "f_null",
        "4": "f_null",
        "7": "f_null",
        "F": "f_fridge",
        "H": "f_armchair",
        "S": "f_null",
        "T": "f_toilet",
        "_": "f_null",
        "a": "f_sofa",
        "b": "f_bed",
        "c": "f_counter",
        "d": "f_dresser",
        "e": "f_shower",
        "f": "f_null",
        "s": "f_null",
        "t": "f_table",
        "w": "f_null",
        "{": "f_bookcase",
        "|": "f_null"
      },
      "place_items": [
        { "chance": 55, "item": "homebooks", "x": 3, "y": 14 },
        { "chance": 65, "item": "cannedfood", "x": 5, "y": 17 },
        { "chance": 55, "item": "knifeblock", "x": 4, "y": 18 },
        { "chance": 35, "item": "magazines", "x": 9, "y": 18 },
        { "chance": 35, "item": "jackets", "x": 7, "y": 18 },
        { "chance": 55, "item": "book_survival", "x": 3, "y": 15 },
        { "chance": 65, "item": "dresser_stack", "x": 7, "y": 5 },
        { "chance": 15, "item": "trash", "x": 7, "y": 15 },
        { "chance": 15, "item": "trash", "x": 4, "y": 11 },
        { "chance": 15, "item": "trash", "x": 3, "y": 6 },
        { "chance": 75, "item": "bed", "x": [ 6, 7 ], "y": 7 },
        { "chance": 75, "item": "fridge", "x": 3, "y": 18 },
        { "chance": 35, "item": "misc_smoking", "x": 9, "y": 17 },
        { "chance": 35, "item": "misc_smoking", "x": 10, "y": 14 }
      ],
      "place_monsters": [ { "monster": "GROUP_DOGS", "x": 5, "y": 14 } ],
      "place_toilets": [ { "x": 7, "y": 9 } ],
      "rows": [
        "........._.__.__..._....",
        "..7..s.1...__.__...7#...",
        "._.........__.__........",
        "...##ss#_..__.__..1...1.",
        "..||||w||..__.__....#.._",
        "_.|ff|fd|..__.__.#.4....",
        ".#|ff+ffw..__.___..#.#7.",
        "._wff|bb|#.__..__...._#.",
        "..|ff||||#._______......",
        ".#|ff+fT|..________..s..",
        "##|ff|&e|...________....",
        ".#|ff||||..._______...1.",
        "..|fffff+SSS._______....",
        "..|fffff||||._______.#_.",
        "..|{ffffHfH|..______.4#.",
        ".#|{fffffffw..______..#.",
        "_#|ffffffff|#.______#...",
        ".#|ffc|aftfw#._____.#.._",
        "..|Fc&|aftf|...____.....",
        "..||w|||||||._...__._.s.",
        "....._.s###.............",
        "...##.#.4...#........#7.",
        "_##7#...#.1...#_..#.....",
        "...#...._...#7........#."
      ],
      "terrain": {
        "#": "t_underbrush",
        "&": "t_floor",
        "+": "t_door_c",
        ".": "t_grass",
        "1": "t_tree_young",
        "4": "t_tree_pine",
        "7": "t_tree",
        "F": "t_floor",
        "H": "t_floor",
        "S": "t_sidewalk",
        "T": "t_floor",
        "_": "t_dirt",
        "a": "t_floor",
        "b": "t_floor",
        "c": "t_floor",
        "d": "t_floor",
        "e": "t_floor",
        "f": "t_floor",
        "s": "t_shrub",
        "t": "t_floor",
        "w": "t_window_domestic",
        "{": "t_floor",
        "|": "t_wall"
      }
    },
    "om_terrain": "rural_house",
    "type": "mapgen",
    "weight": 100
  }
]
