[
  {
    "type": "mapgen",
    "method": "json",
    "om_terrain": [ "art_gallery" ],
    "weight": 100,
    "object": {
      "rows": [
        "________________________",
        "________________________",
        "|--------|____|--------|",
        "|^......^-____-^..w&w.^|",
        "|....P...-____-........|",
        "|&.......-____-....P...|",
        "|S.P.....-____-........|",
        "|&......^|W++W|^.......|",
        "|..........cc..........|",
        "|..........cc........r.|",
        "|.......#d.cc......Prrr|",
        "|........d...........r.|",
        "|sa....................|",
        "|#P......|----|........|",
        "|ba.....T-u4Uu-T.....Pt|",
        "|.......H-1UgU-H.......|",
        "|.......H-ug4g-H......S|",
        "|.......H-g1Uu-H....PSS|",
        "|i.......|----|.......S|",
        "|S.P...................|",
        "|@.....................|",
        "|........||D|D||.......|",
        "|^....##t|&.|.&|t##...^|",
        "||||||||||||||||||||||||"
      ],
      "terrain": {
        "#": "t_floor",
        "&": "t_floor",
        "+": "t_door_glass_c",
        "-": "t_wall_glass_alarm",
        ".": "t_floor",
        "1": "t_tree_young",
        "4": "t_tree_pine",
        "@": "t_floor",
        "D": "t_door_c",
        "H": "t_floor",
        "P": "t_floor",
        "S": "t_floor",
        "T": "t_floor",
        "U": "t_underbrush",
        "W": "t_wall_glass",
        "^": "t_floor",
        "_": "t_sidewalk",
        "a": "t_floor",
        "b": "t_floor",
        "c": "t_carpet_red",
        "d": "t_floor",
        "g": "t_grass",
        "i": "t_floor",
        "r": "t_floor",
        "s": "t_floor",
        "t": "t_floor",
        "u": "t_underbrush_harvested_spring",
        "w": "t_floor",
        "|": "t_wall"
      },
      "furniture": {
        "#": "f_chair",
        "&": "f_toilet",
        "@": "f_mannequin",
        "H": "f_sofa",
        "P": "f_sign",
        "S": "f_statue",
        "T": "f_table",
        "^": "f_indoor_plant",
        "a": "f_ash",
        "b": "f_bathtub",
        "d": "f_desk",
        "i": "f_indoor_plant_y",
        "r": "f_rubble",
        "s": "f_straw_bed",
        "t": "f_trashcan",
        "w": "f_wreckage"
      },
      "toilets": { "&": {  } },
      "place_item": [ { "item": "jar_glass", "x": 5, "y": 3 } ],
      "place_monsters": [
        { "monster": "GROUP_ZOMBIE", "x": 4, "y": 16, "chance": 2 },
        { "monster": "GROUP_ZOMBIE", "x": 19, "y": 14, "chance": 2 }
      ]
    }
  }
]
