[
  {
    "id": "daycare_misc",
    "type": "item_group",
    "items": [
      [ "magnifying_glass", 2 ],
      [ "sewing_kit", 1 ],
      [ "scissors", 1 ],
      [ "phonebook", 2 ],
      [ "flashlight", 2 ],
      [ "mag_comic", 5 ]
    ]
  },
  {
    "id": "daycare_kitchen",
    "type": "item_group",
    "items": [ [ "oj", 35 ], [ "cooked_pumpkin", 25 ], [ "bread", 10 ], [ "fruit_waffles", 5 ], [ "grahmcrackers", 5 ] ]
  },
  {
    "type": "mapgen",
    "method": "json",
    "om_terrain": [ "s_daycare" ],
    "weight": 500,
    "object": {
      "rows": [
        "............rrrrrrrrrrrr",
        "............yrrryrrryrrr",
        "............yrrryrrryrrr",
        "..8999999998yrrryrrryrrr",
        "..8MMM.t..t8yrrryrrryrrr",
        "..8MMM..LL.8yrrryrrryrrr",
        "..8MMM..LL.8yyyyyyyyyyyy",
        "..8..t..LL.4222222222222",
        "..8........8..33222233..",
        ".--+---11----1---gg-|...",
        ".|            K7 oo |3..",
        ".|---CCC      K7 oo |...",
        ".1K         |----++-|3..",
        ".1FFF  C    |I   oo |...",
        ".|---CCC    |I   oo 13..",
        ".1C  K C    |H  CCCC1...",
        ".1F             C  F|3.3",
        ".|---CCC          -----.",
        ".1          |--+--|  J13",
        ".|+--+--    |        C1.",
        ".| B| A|    |HIIH |C C13",
        ".|-------11---111-----|.",
        ".3.3.3.3.3.3.3.3.3.3.3.3",
        "........................"
      ],
      "terrain": {
        " ": "t_floor",
        "+": "t_door_c",
        "-": "t_wall_h",
        ".": "t_grass",
        "1": "t_window",
        "2": "t_sidewalk",
        "3": "t_tree_young",
        "4": "t_chaingate_l",
        "5": "t_wall_wood",
        "6": "t_wall_glass_h",
        "7": "t_wall_glass_v",
        "8": "t_chainfence_v",
        "9": "t_chainfence_h",
        "A": "t_floor",
        "B": "t_floor",
        "C": "t_floor",
        "D": "t_floor",
        "E": "t_dirtfloor",
        "F": "t_floor",
        "G": "t_dirtfloor",
        "H": "t_floor",
        "I": "t_floor",
        "J": "t_floor",
        "K": "t_floor",
        "L": "t_sandbox",
        "M": "t_monkey_bars",
        "g": "t_door_glass_c",
        "o": "t_floor",
        "r": "t_pavement",
        "t": "t_tree",
        "y": "t_pavement_y",
        "|": "t_wall_v"
      },
      "furniture": {
        "A": "f_rack",
        "C": "f_counter",
        "D": "f_sink",
        "E": "f_sink",
        "F": "f_chair",
        "G": "f_locker",
        "H": "f_table",
        "I": "f_sofa",
        "J": "f_oven",
        "K": "f_sofa"
      },
      "toilets": { "B": {  } },
      "place_items": [
        { "item": "daycare_misc", "x": [ 3, 7 ], "y": [ 12, 16 ], "chance": 35, "repeat": [ 1, 5 ] },
        { "item": "daycare_kitchen", "x": 21, "y": [ 20, 21 ], "chance": 80, "repeat": [ 1, 5 ] }
      ],
      "place_monsters": [
        { "monster": "GROUP_MAYBE_ZOMBIE", "x": [ 13, 20 ], "y": 19 },
        { "monster": "GROUP_SCHOOL", "x": [ 3, 7 ], "y": [ 12, 16 ] },
        { "monster": "GROUP_SCHOOL", "x": [ 3, 10 ], "y": [ 4, 8 ] }
      ]
    }
  }
]
