[
  {
    "method": "json",
    "object": {
      "furniture": {
        "#": "f_null",
        "+": "f_canvas_door",
        ".": "f_null",
        "4": "f_null",
        "7": "f_null",
        "C": "f_chair",
        "S": "f_straw_bed",
        "W": "f_null",
        "_": "f_null",
        "a": "f_woodstove",
        "b": "f_canvas_door_o",
        "c": "f_canvas_wall",
        "d": "f_null",
        "i": "f_cattails",
        "m": "f_makeshift_bed",
        "s": "f_null",
        "w": "f_null"
      },
      "place_items": [
        { "chance": 10, "item": "harddrugs", "x": 5, "y": 17 },
        { "chance": 20, "item": "male_underwear_bottom", "x": 17, "y": 10 },
        { "chance": 20, "item": "male_underwear_bottom", "x": 16, "y": 8 },
        { "chance": 25, "item": "trash", "x": 19, "y": 21 },
        { "chance": 25, "item": "trash", "x": 7, "y": 21 },
        { "chance": 25, "item": "trash", "x": 2, "y": 17 },
        { "chance": 25, "item": "trash", "x": 15, "y": 15 },
        { "chance": 25, "item": "trash", "x": 6, "y": 14 },
        { "chance": 25, "item": "trash", "x": 7, "y": 10 },
        { "chance": 10, "item": "shoes", "x": 10, "y": 10 },
        { "chance": 5, "item": "female_underwear_bottom", "x": 16, "y": 9 },
        { "chance": 30, "item": "alcohol", "x": 11, "y": 8 },
        { "chance": 10, "item": "forest", "x": 21, "y": 12 },
        { "chance": 10, "item": "forest", "x": 3, "y": 2 }
      ],
      "rows": [
        "........................",
        "................._......",
        ".....#._...#.._......_..",
        "..##7s...s4###._......_.",
        ".####..#s###.......w....",
        "..#..............iwww#..",
        "................iwwwww..",
        ".._.4#...ccccc..#.wWww#.",
        "....#_...cmdmc...wwWWWw.",
        "....#.#..cdddc...wwWWww.",
        ".s4..#...cdddc....wwwww.",
        "..s##....ccc+c._.ss.wi..",
        "...#_.....____....sss...",
        "........_C____.....ss#..",
        "........._____S..._.4#..",
        "._..cccc.__a____.._..##.",
        "....cmdc______S.....##s.",
        "....cddb_______##..s##..",
        ".#..cddc__C_C.s#4..##_..",
        ".#..cccc..__..s...._....",
        ".###......__............",
        ".4##..._...s###_.._.....",
        "..s.#_....s##7......_...",
        ".........._............."
      ],
      "terrain": {
        "#": "t_underbrush",
        "+": "t_dirtfloor",
        ".": "t_grass",
        "4": "t_tree_pine",
        "7": "t_tree",
        "C": "t_dirt",
        "S": "t_dirt",
        "W": "t_water_dp",
        "_": "t_dirt",
        "a": "t_dirt",
        "b": "t_dirtfloor",
        "c": "t_grass",
        "d": "t_dirtfloor",
        "i": "t_grass",
        "m": "t_dirtfloor",
        "s": "t_shrub",
        "w": "t_water_sh"
      }
    },
    "om_terrain": "homelesscamp",
    "type": "mapgen",
    "weight": 100
  },
  {
    "method": "json",
    "object": {
      "place_item": [ { "item": "log", "repeat": 1, "x": 7, "y": 9 } ],
      "furniture": {
        "#": "f_null",
        "+": "f_canvas_door",
        ".": "f_null",
        "4": "f_null",
        "7": "f_null",
        "B": "f_bluebell",
        "C": "f_chair",
        "_": "f_null",
        "a": "f_canvas_floor",
        "b": "f_brazier",
        "c": "f_canvas_wall",
        "f": "f_dandelion",
        "m": "f_makeshift_bed",
        "s": "f_null",
        "t": "f_null"
      },
      "place_items": [
        { "chance": 10, "item": "trash", "x": 16, "y": 20 },
        { "chance": 10, "item": "trash", "x": 1, "y": 14 },
        { "chance": 10, "item": "trash", "x": 6, "y": 7 },
        { "chance": 10, "item": "trash", "x": 18, "y": 3 },
        { "chance": 3, "item": "creepy", "x": 14, "y": 10 },
        { "chance": 20, "item": "alcohol", "x": 12, "y": 15 },
        { "chance": 5, "item": "shoes", "x": 13, "y": 5 },
        { "chance": 5, "item": "clutter_yard", "x": 16, "y": 16 },
        { "chance": 10, "item": "misc_smoking", "x": 5, "y": 14 },
        { "chance": 3, "item": "sex_lair", "x": 3, "y": 18 }
      ],
      "place_monster": [ { "monster": "mon_raccoon", "x": 9, "y": 16 } ],
      "rows": [
        "........................",
        ".._...__........_.......",
        ".....4.#._.##s...4.._...",
        "...#.....__.##......._..",
        ".##_._...___._..##_.....",
        ".._7_###____...7...f.._.",
        "..__#s7#_____##._.##....",
        ".._fs#________#s._.#.4..",
        ".._#7#________#s.__._...",
        "...##______ccc#t#._.....",
        ".4_.#______+ac_##._.#.7.",
        ".....______ccc_.....##..",
        "....#_m________._.._s#..",
        "._.##__________#...#s#..",
        "..#4#_m___b__m###._s7...",
        "..#ss#__C___C_#s#..##...",
        "..##ss#._.C..#7#........",
        "_..##7##...##s#.__......",
        "..._f###....##.__.f##.4.",
        ".#4__...._.....__.s##...",
        "..#s#_..B###._...s#.....",
        "...##..##s4s#._###..4._.",
        "._...4...####.##........",
        "................._......"
      ],
      "terrain": {
        "#": "t_underbrush",
        "+": "t_dirtfloor",
        ".": "t_grass",
        "4": "t_tree_pine",
        "7": "t_tree",
        "B": "t_grass",
        "C": "t_dirt",
        "_": "t_dirt",
        "a": "t_dirtfloor",
        "b": "t_dirt",
        "c": "t_dirt",
        "f": "t_grass",
        "m": "t_dirt",
        "s": "t_shrub",
        "t": "t_tree_dead"
      }
    },
    "om_terrain": "homelesscamp",
    "type": "mapgen",
    "weight": 100
  },
  {
    "method": "json",
    "object": {
      "furniture": {
        "#": "f_null",
        "&": "f_sink",
        ".": "f_null",
        "4": "f_null",
        "H": "f_armchair",
        "R": "f_rubble_rock",
        "S": "f_null",
        "W": "f_wreckage",
        "^": "f_rubble_rock",
        "_": "f_null",
        "a": "f_wreckage",
        "b": "f_woodstove",
        "f": "f_dandelion",
        "g": "f_null",
        "i": "f_cattails",
        "m": "f_makeshift_bed",
        "r": "f_rubble_rock",
        "s": "f_null",
        "t": "f_null",
        "w": "f_null",
        "|": "f_null"
      },
      "place_items": [
        { "chance": 5, "item": "sewer", "x": 7, "y": 10 },
        { "chance": 3, "item": "creepy", "x": 7, "y": 9 },
        { "chance": 5, "item": "harddrugs", "x": 17, "y": 15 },
        { "chance": 25, "item": "trash", "x": 11, "y": 18 },
        { "chance": 25, "item": "trash", "x": 7, "y": 13 },
        { "chance": 25, "item": "trash", "x": 12, "y": 10 },
        { "chance": 25, "item": "trash", "x": 10, "y": 8 },
        { "chance": 25, "item": "trash", "x": 19, "y": 2 }
      ],
      "rows": [
        "....._........_......_..",
        "..._................#...",
        "..........._.....#..f#..",
        "....f#.............4##..",
        "...###.##..._.......###.",
        "..#s#.#4........._..t#..",
        "..####..s.___i.......#._",
        "....4s#^r_iWwwi__.._....",
        ".#.##|||||wwwS&w_.......",
        ".#.#s|gSSSSSSSSww_......",
        "..#ss|gSSSSSSSaww_..4#..",
        "...4#|||||wwSwww_...##._",
        "..#.s#R###_Hww__....s...",
        ".#.#.#._#_____.....s##..",
        "...#...........___#4#...",
        "......##..###._m_m_.....",
        "......4####s#._____..#..",
        "..#.####s###s.____...#_.",
        ".....#s#f.4...._b4.s##..",
        "..._.####s#._..###f#....",
        "......#.#....#s#s##..#..",
        "....#....._.._..###.....",
        "......._...#............",
        "..._......_............."
      ],
      "terrain": {
        "#": "t_underbrush",
        "&": "t_water_sh",
        ".": "t_grass",
        "4": "t_tree_pine",
        "H": "t_grass",
        "R": "t_dirt",
        "S": "t_sewage",
        "W": "t_grass",
        "^": "t_underbrush",
        "_": "t_dirt",
        "a": "t_sewage",
        "b": "t_grass",
        "f": "t_grass",
        "g": "t_grate",
        "i": "t_grass",
        "m": "t_grass",
        "r": "t_grass",
        "s": "t_shrub",
        "t": "t_tree_deadpine",
        "w": "t_water_sh",
        "|": "t_wall"
      }
    },
    "om_terrain": "homelesscamp",
    "type": "mapgen",
    "weight": 100
  },
  {
    "method": "json",
    "object": {
      "furniture": {
        "#": "f_null",
        ".": "f_null",
        "0": "f_null",
        "1": "f_null",
        "4": "f_null",
        "7": "f_null",
        "_": "f_null",
        "b": "f_brazier",
        "f": "f_dandelion",
        "i": "f_null",
        "m": "f_makeshift_bed",
        "t": "f_null"
      },
      "place_items": [
        { "chance": 15, "item": "light_reading", "x": 8, "y": 12 },
        { "chance": 10, "item": "forest", "x": 15, "y": 18 },
        { "chance": 10, "item": "forest", "x": 8, "y": 4 },
        { "chance": 15, "item": "floor_trash", "x": 4, "y": 22 },
        { "chance": 15, "item": "floor_trash", "x": 3, "y": 11 },
        { "chance": 15, "item": "floor_trash", "x": 19, "y": 7 },
        { "chance": 10, "item": "alcohol", "x": 9, "y": 10 },
        { "chance": 10, "item": "stoner", "x": 12, "y": 14 }
      ],
      "rows": [
        "......_...._...._.......",
        "...................#....",
        "_.....####.._.......#.._",
        "..#..###......7...1.##..",
        "....#t.....1...._...##..",
        "...f..4..7.....4.#7.##..",
        ".#._...#....#........#..",
        "....7##._.###...###.....",
        "..#..##.1..._#...###.1._",
        ".#.7##.....7...._.##....",
        ".#.....#.._._0_...7##...",
        ".._.1..7i_____7....f#...",
        "_.#...#7.__b__.#._.1..#.",
        "......_#______....#...#.",
        "....7.....__m_7_#4#.....",
        "...#.##..._7___.###.7.._",
        "...#.#t#.#._..##t##.....",
        ".......##4##...###.7.##.",
        "...._....##1#........#..",
        "..7.##7.._.#..._.7..#._.",
        "....###..........#..#...",
        "..f....#....7.##1_...7..",
        "..._....##...###........",
        "..........._......_.._.."
      ],
      "terrain": {
        "#": "t_underbrush",
        ".": "t_grass",
        "0": "t_pit_shallow",
        "1": "t_tree_young",
        "4": "t_tree_pine",
        "7": "t_tree",
        "_": "t_dirt",
        "b": "t_dirt",
        "f": "t_grass",
        "i": "t_improvised_shelter",
        "m": "t_dirt",
        "t": "t_tree_dead"
      }
    },
    "om_terrain": "homelesscamp",
    "type": "mapgen",
    "weight": 100
  },
  {
    "method": "json",
    "object": {
      "furniture": {
        "#": "f_null",
        ".": "f_null",
        "1": "f_null",
        "4": "f_null",
        "7": "f_null",
        "H": "f_sofa",
        "S": "f_null",
        "T": "f_null",
        "_": "f_null",
        "f": "f_dandelion",
        "m": "f_makeshift_bed",
        "s": "f_null",
        "t": "f_null",
        "w": "f_null"
      },
      "place_items": [
        { "chance": 15, "item": "misc_smoking", "x": 7, "y": 11 },
        { "chance": 5, "item": "shoes", "x": 7, "y": 9 },
        { "chance": 15, "item": "bar_trash", "x": 11, "y": 9 },
        { "chance": 15, "item": "bar_trash", "x": 4, "y": 9 },
        { "chance": 15, "item": "bar_trash", "x": 9, "y": 8 },
        { "chance": 15, "item": "bar_trash", "x": 10, "y": 5 },
        { "chance": 10, "item": "gas_charging_rack", "x": 12, "y": 21 },
        { "chance": 10, "item": "gas_charging_rack", "x": 22, "y": 12 },
        { "chance": 10, "item": "clutter_yard", "x": 14, "y": 9 }
      ],
      "place_monster": [ { "monster": "mon_dog", "x": 12, "y": 6 } ],
      "rows": [
        "....._........_.........",
        ".f....._.._.........._..",
        "_...7.........._....7...",
        "........7ssss#...1....._",
        "..........#ssss....s....",
        "_..1ss.4_..t#ss#.._..f..",
        "...ss#.......t...4....7.",
        "..#s..7..4____4s......._",
        ".....1..__HHH_..........",
        "..._..._4______.._.4.s..",
        ".....#4m____4#.4........",
        ".4..###__71....##4#..._.",
        "...#7#7#wwwwwT#7..w7..._",
        "_.www.wwwwSSwwwwwww.ww..",
        "...wwwwwSS..SSwwSwwww...",
        "..4..wwwwwSSSwwS.Sww.4..",
        "...#7.w.wwwwwwS.7.S.....",
        "._...##7..wwwS.....7....",
        "....#4###7....4.1.f...._",
        ".7...#...#..7.......s...",
        "..._...4...4._..._.4s...",
        "..s1....#......4..s#....",
        "...ss.._..##......1...f.",
        "._.....__....._....._..."
      ],
      "terrain": {
        "#": "t_underbrush",
        ".": "t_grass",
        "1": "t_tree_young",
        "4": "t_tree_pine",
        "7": "t_tree",
        "H": "t_dirt",
        "S": "t_sand",
        "T": "t_tree_willow",
        "_": "t_dirt",
        "f": "t_grass",
        "m": "t_dirt",
        "s": "t_shrub",
        "t": "t_tree_deadpine",
        "w": "t_water_sh"
      }
    },
    "om_terrain": "homelesscamp",
    "type": "mapgen",
    "weight": 100
  }
]
