[
  {
    "method": "json",
    "object": {
      "furniture": {
        "#": "f_chair",
        "&": "f_toilet",
        "+": "f_null",
        "-": "f_null",
        ".": "f_null",
        "C": "f_null",
        "D": "f_null",
        "H": "f_sofa",
        "S": "f_sink",
        "T": "f_table",
        "W": "f_null",
        "^": "f_indoor_plant",
        "_": "f_null",
        "a": "f_counter",
        "b": "f_chair",
        "c": "f_null",
        "d": "f_null",
        "e": "f_chair",
        "f": "f_null",
        "g": "f_null",
        "h": "f_trashcan",
        "r": "f_null",
        "s": "f_null",
        "t": "f_table",
        "u": "f_null",
        "w": "f_null",
        "{": "f_glass_fridge",
        "|": "f_null"
      },
      "place_items": [
        { "chance": 45, "item": "bar_table", "x": 15, "y": 15 },
        { "chance": 45, "item": "bar_table", "x": 12, "y": 15 },
        { "chance": 45, "item": "bar_table", "x": 17, "y": 11 },
        { "chance": 45, "item": "bar_table", "x": 10, "y": 11 },
        { "chance": 45, "item": "bar_table", "x": 13, "y": 10 },
        { "chance": 45, "item": "bar_table", "x": 21, "y": 8 },
        { "chance": 45, "item": "bar_table", "x": 15, "y": 7 },
        { "chance": 45, "item": "bar_table", "x": 11, "y": 7 },
        { "chance": 75, "item": "mussto_stringinst", "x": 3, "y": 6 },
        { "chance": 25, "item": "floor_trash", "x": 14, "y": 19 },
        { "chance": 25, "item": "floor_trash", "x": 19, "y": 15 },
        { "chance": 25, "item": "floor_trash", "x": 8, "y": 14 },
        { "chance": 25, "item": "floor_trash", "x": 16, "y": 9 },
        { "chance": 25, "item": "floor_trash", "x": 8, "y": 9 },
        { "chance": 15, "item": "jackets", "x": 21, "y": 11 },
        { "chance": 35, "item": "magazines", "x": 21, "y": 12 },
        { "chance": 35, "item": "misc_smoking", "x": 8, "y": 20 },
        { "chance": 35, "item": "misc_smoking", "x": 20, "y": 19 },
        { "chance": 65, "item": "trash", "x": 6, "y": 17 },
        { "chance": 25, "item": "hatstore_hats", "x": 13, "y": 9 },
        { "chance": 75, "item": "bar_alcohol", "x": [ 14, 15 ], "y": 17 },
        { "chance": 65, "item": "bar_fridge", "x": 13, "y": 17 },
        { "chance": 75, "item": "music_shop", "x": 4, "y": 12 },
        { "chance": 75, "item": "music_shop", "x": 6, "y": 8 },
        { "chance": 75, "item": "mussto_stringinst", "x": 5, "y": 6 }
      ],
      "place_toilets": [ { "x": 2, "y": 14 }, { "x": 4, "y": 14 }, { "x": 6, "y": 14 } ],
      "rows": [
        "____d___ss________d_____",
        "_______rss-----|||W||___",
        "_d____ursssssssW...#|d__",
        "____dufrsssssss+....|___",
        "_||||||||||||||||..||||_",
        "_|cccccc.............^|_",
        "_|cecccc...#...#......|_",
        "d|cccccc..#t#.#t#....#|_",
        "_|cccccc...#...#.....t|d",
        "_|cccccc.....#.......#|_",
        "_|cccccc..#.#t#.......|_",
        "_|cccccc..t..#..#t#..H|_",
        "_|cceccc..#..........H|u",
        "_|||||||.............H|_",
        "_|&|&|&|...#####......|_",
        "_|g|D|D|..aaaaaaa.....|_",
        "d|.....+..a.....a.....|_",
        "_|SaSah|.....{{{a....^|d",
        "_||||||||www|www||+||||_",
        "_____uu|bCCCTCCCCCCCbb|_",
        "____d_urTCCCCCCCCCCCCCr_",
        "d______rbCCCCCCCCCCCCCr_",
        "_______----------------_",
        "___d______d__________d__"
      ],
      "terrain": {
        "#": "t_floor",
        "&": "t_floor",
        "+": "t_door_c",
        "-": "t_railing_h",
        ".": "t_floor",
        "C": "t_concrete",
        "D": "t_door_metal_c",
        "H": "t_floor",
        "S": "t_floor",
        "T": "t_concrete",
        "W": "t_window_no_curtains",
        "^": "t_floor",
        "_": "t_grass",
        "a": "t_floor",
        "b": "t_concrete",
        "c": "t_carpet_red",
        "d": "t_dirt",
        "e": "t_carpet_red",
        "f": "t_shrub",
        "g": "t_door_metal_o",
        "h": "t_floor",
        "r": "t_railing_v",
        "s": "t_sidewalk",
        "t": "t_floor",
        "u": "t_underbrush",
        "w": "t_wall_glass",
        "{": "t_floor",
        "|": "t_wall"
      }
    },
    "om_terrain": "music_venue",
    "type": "mapgen",
    "weight": 100
  },
  {
    "method": "json",
    "object": {
      "furniture": {
        "#": "f_chair",
        "&": "f_toilet",
        "+": "f_null",
        "-": "f_null",
        ".": "f_null",
        "C": "f_counter",
        "D": "f_null",
        "H": "f_sofa",
        "S": "f_sink",
        "T": "f_null",
        "^": "f_indoor_plant",
        "_": "f_null",
        "a": "f_null",
        "b": "f_chair",
        "c": "f_null",
        "d": "f_null",
        "e": "f_dumpster",
        "f": "f_null",
        "g": "f_trashcan",
        "h": "f_null",
        "p": "f_null",
        "r": "f_rack",
        "s": "f_null",
        "t": "f_table",
        "v": "f_vending_c",
        "{": "f_glass_fridge",
        "|": "f_null"
      },
      "place_items": [
        { "chance": 65, "item": "bar_trash", "x": [ 13, 14 ], "y": 20 },
        { "chance": 45, "item": "mussto_stringinst", "x": 7, "y": 11 },
        { "chance": 45, "item": "mussto_stringinst", "x": 6, "y": 8 },
        { "chance": 45, "item": "bar_table", "x": 20, "y": 16 },
        { "chance": 45, "item": "bar_table", "x": 6, "y": 16 },
        { "chance": 45, "item": "bar_table", "x": 12, "y": 14 },
        { "chance": 45, "item": "bar_table", "x": 15, "y": 12 },
        { "chance": 45, "item": "bar_table", "x": 12, "y": 10 },
        { "chance": 45, "item": "bar_table", "x": 15, "y": 8 },
        { "chance": 75, "item": "mussto_stringinst", "x": 4, "y": 10 },
        { "chance": 25, "item": "floor_trash", "x": 19, "y": 18 },
        { "chance": 25, "item": "floor_trash", "x": 15, "y": 15 },
        { "chance": 25, "item": "floor_trash", "x": 7, "y": 14 },
        { "chance": 25, "item": "floor_trash", "x": 19, "y": 6 },
        { "chance": 25, "item": "floor_trash", "x": 12, "y": 5 },
        { "chance": 15, "item": "jackets", "x": 16, "y": 12 },
        { "chance": 35, "item": "bar_food", "x": [ 4, 5 ], "y": 18 },
        { "chance": 35, "item": "magazines", "x": 13, "y": 18 },
        { "chance": 35, "item": "magazines", "x": 20, "y": 10 },
        { "chance": 65, "item": "vending_food_items", "x": 19, "y": 2 },
        { "chance": 65, "item": "trash", "x": 8, "y": 5 },
        { "chance": 75, "item": "vending_drink_items", "x": 20, "y": 2 },
        { "chance": 25, "item": "hatstore_hats", "x": 20, "y": 14 },
        { "chance": 25, "item": "hatstore_hats", "x": 11, "y": 10 },
        { "chance": 75, "item": "bar_alcohol", "x": [ 6, 8 ], "y": 18 }
      ],
      "place_toilets": [ { "x": 4, "y": 2 }, { "x": 6, "y": 2 }, { "x": 8, "y": 2 } ],
      "rows": [
        ".......d.......sss..d...",
        "...||||||||--||TTT||||..",
        "d..|&|&|&|___^|TTT|vv|..",
        "...|D|D|f|____|a-a|__|d.",
        "...|_____+___________|..",
        "...|SCSCg|___________|..",
        "...|||||||___________|..",
        "..d|cccccc_____#_____|..",
        "...|ccbccc____#t#___t|..",
        "...|cccccc__#__#____H|.d",
        "..d|bccccc_#t#______H|..",
        "...|cccccc__#__#____H|..",
        "...|cccccc____#t#___t|..",
        "...|________#__#____H|d.",
        "...|_______#t#______H|..",
        "d..|________#_______H|..",
        "...|CCCC||__________t|..",
        "...|_____h___________|..",
        "...|rr{{{|___HHH_____|..",
        "...|||||||||||||||+|||..",
        "..........d..eeps|_|....",
        "......d......ppps+_|d...",
        ".............ppps|||....",
        "..d.....d.......d......d"
      ],
      "terrain": {
        "#": "t_floor",
        "&": "t_floor",
        "+": "t_door_c",
        "-": "t_wall_glass",
        ".": "t_grass",
        "C": "t_floor",
        "D": "t_door_metal_c",
        "H": "t_floor",
        "S": "t_floor",
        "T": "t_thconc_floor",
        "^": "t_floor",
        "_": "t_floor",
        "a": "t_door_glass_c",
        "b": "t_carpet_green",
        "c": "t_carpet_green",
        "d": "t_dirt",
        "e": "t_pavement",
        "f": "t_door_metal_o",
        "g": "t_floor",
        "h": "t_door_c",
        "p": "t_pavement",
        "r": "t_floor",
        "s": "t_sidewalk",
        "t": "t_floor",
        "v": "t_floor",
        "{": "t_floor",
        "|": "t_wall"
      }
    },
    "om_terrain": "music_venue",
    "type": "mapgen",
    "weight": 100
  }
]
