[
  {
    "type": "item_group",
    "id": "paintball_items",
    "items": [ [ "paintballgun", 55 ], [ "paintball", 45 ], [ "goggles_swim", 15 ] ]
  },
  {
    "method": "json",
    "object": {
      "furniture": {
        "#": "f_null",
        "&": "f_trashcan",
        "'": "f_null",
        "+": "f_null",
        "-": "f_null",
        ".": "f_null",
        "7": "f_null",
        "B": "f_bench",
        "C": "f_counter",
        "F": "f_null",
        "X": "f_crate_c",
        "_": "f_null",
        "a": "f_chair",
        "b": "f_null",
        "c": "f_null",
        "d": "f_null",
        "f": "f_null",
        "l": "f_locker",
        "s": "f_null",
        "{": "f_washer",
        "|": "f_null"
      },
      "place_items": [
        { "chance": 10, "item": "bags", "x": 20, "y": 2 },
        { "chance": 15, "item": "shoes", "x": 15, "y": 2 },
        { "chance": 25, "item": "field", "x": 21, "y": 22 },
        { "chance": 25, "item": "field", "x": 1, "y": 19 },
        { "chance": 25, "item": "field", "x": 22, "y": 9 },
        { "chance": 65, "item": "jackets", "x": 6, "y": 1 },
        { "chance": 15, "item": "paintball_items", "x": 4, "y": 19 },
        { "chance": 15, "item": "paintball_items", "x": 19, "y": 3 },
        { "chance": 45, "item": "paintball_items", "x": 7, "y": 10 },
        { "chance": 75, "item": "paintball_items", "x": [ 2, 4 ], "y": 1 },
        { "chance": 35, "item": "mil_armor_pants", "x": 5, "y": 1 },
        { "chance": 35, "item": "trash_cart", "x": 14, "y": 22 },
        { "chance": 35, "item": "trash_cart", "x": 13, "y": 19 },
        { "chance": 35, "item": "trash_cart", "x": 6, "y": 13 },
        { "chance": 35, "item": "trash_cart", "x": 12, "y": 10 },
        { "chance": 35, "item": "trash_cart", "x": 4, "y": 7 },
        { "chance": 35, "item": "trash_cart", "x": 8, "y": 5 },
        { "chance": 75, "item": "trash", "x": [ 17, 18 ], "y": 2 }
      ],
      "rows": [
        "|bbbbbbbbbcc...........|",
        "|bCCCClFFbcc..cccccccc.|",
        "|bFFFFFFa'cc._cBB&&BBc_|",
        "|b+bbbb'bbcc..cccccccc_|",
        "|ccccccccccc...........|",
        "|............_..._...._|",
        "|.----------...-------_|",
        "|..#_#s__......_....._#|",
        "|_....__#..._........._|",
        "|#.._----......XX.7._..|",
        "|__..ddd-............._|",
        "|....-ddd..{..........#|",
        "|....----......_..X..##|",
        "|_._..__......__....-._|",
        "|_..................-..|",
        "|__.................-..|",
        "|#_....7.XX....{.......|",
        "|_..................-..|",
        "|_.---.--...........--_|",
        "|_......-..._..........|",
        "|__._......_....._.._._|",
        "|s_.....-....___.....__|",
        "|_#__._....._s_____#__s|",
        "|ffffffffffffffffffffff|"
      ],
      "terrain": {
        "#": "t_underbrush",
        "&": "t_concrete",
        "'": "t_window_no_curtains_open",
        "+": "t_door_c",
        "-": "t_wall",
        ".": "t_dirt",
        "7": "t_tree",
        "B": "t_concrete",
        "C": "t_floor",
        "F": "t_floor",
        "X": "t_dirt",
        "_": "t_grass",
        "a": "t_floor",
        "b": "t_brick_wall",
        "c": "t_concrete",
        "d": "t_dirtfloor",
        "f": "t_fence_h",
        "l": "t_floor",
        "s": "t_shrub",
        "{": "t_dirt",
        "|": "t_fence_v"
      }
    },
    "om_terrain": "paintball_field",
    "type": "mapgen",
    "weight": 100
  },
  {
    "method": "json",
    "object": {
      "place_item": [
        { "item": "log", "repeat": 1, "x": 3, "y": 10 },
        { "item": "log", "repeat": 1, "x": 19, "y": 17 },
        { "item": "log", "repeat": 1, "x": 5, "y": 18 },
        { "item": "splinter", "repeat": 1, "x": 6, "y": 20 },
        { "item": "splinter", "repeat": 1, "x": 16, "y": 20 }
      ],
      "furniture": {
        "#": "f_null",
        "&": "f_trashcan",
        "'": "f_null",
        "+": "f_null",
        "-": "f_null",
        ".": "f_null",
        "4": "f_null",
        "7": "f_null",
        "F": "f_null",
        "T": "f_table",
        "^": "f_rubble_rock",
        "_": "f_null",
        "b": "f_bench",
        "c": "f_counter",
        "d": "f_null",
        "f": "f_null",
        "s": "f_null",
        "t": "f_table",
        "{": "f_locker",
        "|": "f_null"
      },
      "place_items": [
        { "chance": 35, "item": "trash_cart", "x": 20, "y": 22 },
        { "chance": 35, "item": "trash_cart", "x": 2, "y": 19 },
        { "chance": 35, "item": "trash_cart", "x": 15, "y": 15 },
        { "chance": 35, "item": "trash_cart", "x": 9, "y": 13 },
        { "chance": 35, "item": "trash_cart", "x": 20, "y": 10 },
        { "chance": 35, "item": "trash_cart", "x": 3, "y": 6 },
        { "chance": 35, "item": "trash_cart", "x": 7, "y": 4 },
        { "chance": 15, "item": "jackets", "x": 4, "y": 4 },
        { "chance": 15, "item": "jackets", "x": 1, "y": 2 },
        { "chance": 35, "item": "mil_armor_pants", "x": [ 18, 19 ], "y": 4 },
        { "chance": 55, "item": "paintball_items", "x": 20, "y": 4 },
        { "chance": 75, "item": "paintball_items", "x": 21, "y": [ 2, 4 ] },
        { "chance": 65, "item": "trash", "x": 1, "y": 4 },
        { "chance": 65, "item": "trash", "x": 1, "y": 1 },
        { "chance": 15, "item": "paintball_items", "x": 3, "y": 20 },
        { "chance": 15, "item": "paintball_items", "x": [ 10, 12 ], "y": 10 },
        { "chance": 15, "item": "paintball_items", "x": 20, "y": 9 }
      ],
      "rows": [
        "-ffffffsssssfffffffffff-",
        "-&sbbssssssssss||||||||-",
        "-bsssssssssssss'FTTFFc|-",
        "-bsssssssssssss|FFFFFc|-",
        "-&sbbsbbsssssss+FF{{cc|-",
        "-||||||||||ss||||||||||-",
        "-##__#..........._._._#-",
        "-#__._...............__-",
        "-__.4.......^^.....|..#-",
        "-_......|||||||..._|.__-",
        "-...._..|dtttd|...^|.._-",
        "-_._....ddddddd....^._.-",
        "-....^..|ddddd|...._.._-",
        "-#...|^.|ddddd|........-",
        "-...^|..ddddddd........-",
        "-....|..|ddddd|......_.-",
        "-....^..|||dd||....__..-",
        "-._.__...^.......___...-",
        "-_..___..........__....-",
        "-__...__.|||...__7_..._-",
        "-__._..__........_...._-",
        "-#__..._..._......_.._#-",
        "-__#__...____._.__..___-",
        "ffffffffffffffffffffffff"
      ],
      "terrain": {
        "#": "t_underbrush",
        "&": "t_sidewalk",
        "'": "t_window_no_curtains_open",
        "+": "t_door_locked",
        "-": "t_fence_v",
        ".": "t_dirt",
        "4": "t_tree_pine",
        "7": "t_tree",
        "F": "t_floor",
        "T": "t_floor",
        "^": "t_dirt",
        "_": "t_grass",
        "b": "t_sidewalk",
        "c": "t_floor",
        "d": "t_dirtfloor",
        "f": "t_fence_h",
        "s": "t_sidewalk",
        "t": "t_dirtfloor",
        "{": "t_floor",
        "|": "t_wall"
      }
    },
    "om_terrain": "paintball_field",
    "type": "mapgen",
    "weight": 100
  }
]
