[
  {
    "type": "mapgen",
    "method": "json",
    "om_terrain": [ "roadstop" ],
    "weight": 333,
    "object": {
      "rotation": 2,
      "rows": [
        "........................",
        ".........222222.........",
        "........22222222........",
        ".......2222222222.......",
        ".......2222222222.......",
        ".......2222..2222.......",
        "......S2222..2222S......",
        "......S2222..2222S......",
        "######S2222##2222S######",
        "#73  3S2222662222S3..37#",
        "### A#S2222##2222S#A.###",
        "#73 A#S2222882222S#A.37#",
        "### A#S2222##2222S#A.###",
        "#73 A#S2222662222S#A.37#",
        "######S2222##2222S######",
        "......S2222..2222S......",
        "......S2222..2222S......",
        ".......2222..2222.......",
        ".......2222..2222.......",
        ".......2222..2222.......",
        ".......2222..2222.......",
        ".......2222..2222.......",
        ".......2222..2222.......",
        ".......2222..2222......."
      ],
      "terrain": {
        " ": "t_floor",
        "#": "t_wall_log",
        ".": "t_grass",
        "2": "t_dirt",
        "3": "t_door_c",
        "6": "t_floor",
        "7": "t_floor",
        "8": "t_dirt",
        "A": "t_floor",
        "S": "t_sidewalk"
      },
      "furniture": { "6": "f_table", "7": "f_toilet", "8": "f_trashcan", "A": "f_sink" },
      "toilets": { "7": {  } },
      "place_items": [
        { "item": "magazines", "x": [ 11, 12 ], "y": 9, "chance": 80 },
        { "item": "trash", "x": [ 11, 12 ], "y": 11, "chance": 80 },
        { "item": "magazines", "x": [ 11, 12 ], "y": 13, "chance": 90 }
      ]
    }
  },
  {
    "type": "mapgen",
    "method": "json",
    "om_terrain": [ "roadstop_a" ],
    "weight": 333,
    "object": {
      "rotation": 2,
      "rows": [
        "........................",
        "........................",
        "........................",
        "........................",
        "........................",
        "......o........oo.......",
        ".....##############.....",
        ".t.t.#A  37##73  A#.t.t.",
        ".....#A  ######  A#.....",
        ".t.t.#A  39##73  A#.t.t.",
        ".....#A  ######  A#.....",
        ".t.t.#   37##93   #.t.t.",
        ".....# ########## #.....",
        ".t.t.#    ####    #.t.t.",
        ".....####3#88#3####.....",
        "......SSSSSSSSSSSS......",
        "........22222222........",
        ".......2222222222.......",
        "......222222222222......",
        "......222222222222......",
        "......2222....2222......",
        "......2222#ii#2222......",
        "......2222....2222......",
        "......2222....2222......"
      ],
      "terrain": {
        " ": "t_floor",
        "#": "t_wall_log",
        ".": "t_grass",
        "2": "t_dirt",
        "3": "t_door_c",
        "6": "t_floor",
        "7": "t_floor",
        "8": "t_dirt",
        "9": "t_floor",
        "A": "t_floor",
        "S": "t_sidewalk",
        "i": "t_dirt",
        "o": "t_dirt",
        "t": "t_tree"
      },
      "furniture": { "6": "f_table", "7": "f_toilet", "8": "f_trashcan", "9": "f_toilet", "A": "f_sink", "i": "f_sign", "o": "f_crate_c" },
      "signs": {
        "i": {
          "signage": "This was once an information map for the <city> area, but it has long since eroded beyond usefullness.  There are small holders for tourist maps attached."
        }
      },
      "toilets": { "7": {  }, "9": { "amount": 500 } },
      "place_items": [
        { "item": "trash", "x": [ 11, 12 ], "y": 14, "chance": 80 },
        { "item": "trash", "x": [ 6, 18 ], "y": [ 8, 15 ], "chance": 60 },
        { "item": "methlab", "x": [ 6, 18 ], "y": [ 8, 15 ], "chance": 50 }
      ],
      "place_item": [ { "item": "touristmap", "x": [ 11, 12 ], "y": 22, "chance": 50, "amount": 1 } ]
    }
  },
  {
    "type": "mapgen",
    "method": "json",
    "om_terrain": [ "roadstop_b" ],
    "weight": 333,
    "object": {
      "rotation": 2,
      "rows": [
        "........................",
        "........................",
        "........................",
        "........................",
        "........................",
        "......o........oo.......",
        ".....##############.....",
        ".t.t.#877A7i779995#.t.t.",
        ".....3           5#.....",
        ".t.t.#89977777  75#.t.t.",
        ".....########777###.....",
        ".....| 4    4    4|.....",
        ".....|464  464  46|.....",
        ".....| 4  4 4 4  4|.....",
        ".....|8  464 464 8|.....",
        ".....|SSSSSSSSSSSS|.....",
        ".2222222222222222222222.",
        ".2222222222222222222222.",
        ".2222222222222222222222.",
        ".,,,,,222222222222,,,,,.",
        ".2222222222222222222222.",
        ".2222222222222222222222.",
        ".2222222222222222222222.",
        ".,,,,,2222....2222,,,,,."
      ],
      "terrain": {
        " ": "t_floor",
        "#": "t_wall",
        ",": "t_pavement_y",
        ".": "t_grass",
        "2": "t_pavement",
        "3": "t_door_c",
        "4": "t_floor",
        "5": "t_floor",
        "6": "t_floor",
        "7": "t_floor",
        "8": "t_dirt",
        "9": "t_floor",
        "A": "t_floor",
        "S": "t_sidewalk",
        "i": "t_dirt",
        "o": "t_dirt",
        "t": "t_tree",
        "|": "t_sidewalk"
      },
      "furniture": {
        "4": "f_chair",
        "5": "f_rack",
        "6": "f_table",
        "7": "f_counter",
        "8": "f_trashcan",
        "9": "f_fridge",
        "A": "f_sink",
        "i": "f_oven",
        "o": "f_crate_c"
      },
      "place_items": [
        { "item": "kitchen", "x": 9, "y": [ 9, 14 ], "chance": 80 },
        { "item": "trash", "x": 6, "y": 7, "chance": 80 },
        { "item": "trash", "x": 6, "y": 9, "chance": 80 },
        { "item": "trash", "x": 6, "y": 14, "chance": 80 },
        { "item": "fridge", "x": [ 7, 8 ], "y": 9, "chance": 80 },
        { "item": "coffee_fridge", "x": [ 14, 16 ], "y": 7, "chance": 80 },
        { "item": "trash", "x": 17, "y": 14, "chance": 80 }
      ]
    }
  }
]
