[
  {
    "type": "mapgen",
    "method": "json",
    "om_terrain": [ "s_bookstore" ],
    "weight": 500,
    "object": {
      "rows": [
        "~~~~~~~~~~~~~~~~~~~~~~~~",
        "~~~~~~~~~~~~~~~~~~~~~~~~",
        "*|----OOO-::--OO--OO--|*",
        "*|s.l#.Thf..#ccccccccc|*",
        "*|e..%................|*",
        "*|#..#.hT...##%#%#%#--|*",
        "*|...%..............:.:*",
        "*|.###.Th...........:.:*",
        "*|..................--|*",
        "*|.h..h...TT.TT..]]..]|*",
        "*|.T..T..........]]..]|*",
        "*|.h..h...TT.TT..]]..]|*",
        "*|f..............]]..]|*",
        "*|...............]]..]|*",
        "*|]..]]..]]..]]].....]|*",
        "*|]..]]..]]........|--|*",
        "*|]..]]..]]........+..|*",
        "*|]..........]]]]]]|st|*",
        "*|-----------------|--|*",
        "************************",
        "************************",
        "************************",
        "***************^********",
        "************************"
      ],
      "terrain": {
        "#": "t_floor",
        "%": "t_console_broken",
        "*": "t_grass",
        "+": "t_door_c",
        "-": "t_wall",
        ".": "t_floor",
        ":": "t_door_glass_c",
        "O": "t_window",
        "T": "t_floor",
        "]": "t_floor",
        "^": "t_tree",
        "c": "t_floor",
        "e": "t_floor",
        "f": "t_floor",
        "h": "t_floor",
        "l": "t_floor",
        "s": "t_floor",
        "t": "t_floor",
        "|": "t_wall",
        "~": "t_sidewalk"
      },
      "furniture": {
        "#": "f_counter",
        "T": "f_table",
        "]": "f_rack",
        "c": "f_cupboard",
        "e": "f_fridge",
        "f": "f_indoor_plant",
        "h": "f_chair",
        "l": "f_stool",
        "s": "f_sink"
      },
      "toilets": { "t": {  } },
      "place_items": [
        { "item": "magazines", "x": 21, "y": [ 9, 14 ], "chance": 40, "repeat": [ 4, 8 ] },
        { "item": "bookstore_misc", "x": [ 17, 18 ], "y": [ 9, 13 ], "chance": 40, "repeat": [ 5, 10 ] },
        { "item": "novels", "x": [ 10, 11 ], "y": 9, "chance": 50, "repeat": [ 2, 3 ] },
        { "item": "novels", "x": [ 13, 14 ], "y": 9, "chance": 50, "repeat": [ 4, 3 ] },
        { "item": "novels", "x": [ 10, 11 ], "y": 11, "chance": 50, "repeat": [ 2, 3 ] },
        { "item": "novels", "x": [ 13, 14 ], "y": 11, "chance": 50, "repeat": [ 2, 3 ] },
        { "item": "manuals", "x": 2, "y": [ 14, 17 ], "chance": 50, "repeat": 2 },
        { "item": "textbooks", "x": 2, "y": [ 14, 17 ], "chance": 50, "repeat": 2 },
        { "item": "homebooks", "x": [ 5, 6 ], "y": [ 14, 16 ], "chance": 50, "repeat": [ 3, 4 ] },
        { "item": "homebooks", "x": [ 9, 10 ], "y": [ 14, 16 ], "chance": 50, "repeat": [ 3, 4 ] },
        { "item": "novels", "x": [ 13, 15 ], "y": 14, "chance": 40, "repeat": [ 2, 3 ] },
        { "item": "novels", "x": [ 13, 18 ], "y": 17, "chance": 50, "repeat": [ 4, 5 ] },
        { "item": "coffee_display", "x": 2, "y": 5, "chance": 50, "repeat": [ 2, 3 ] },
        { "item": "coffee_fridge", "x": 2, "y": 4, "chance": 50, "repeat": [ 2, 3 ] },
        { "item": "bookstore_misc", "x": [ 13, 21 ], "y": 3, "chance": 50, "repeat": [ 3, 6 ] }
      ],
      "place_item": [ { "item": "coffeemaker", "x": 4, "y": 7 } ]
    }
  },
  {
    "type": "mapgen",
    "method": "json",
    "om_terrain": [ "s_bookstore" ],
    "weight": 500,
    "object": {
      "rows": [
        "~~~~~~~~~~~~~~~~~~~~~~~~",
        "~~~~~~~~~~~~~~~~~~~~~~~~",
        "~~~~~~~~~~~~~~~~~~~~~~~~",
        "**|========::-OO--OO-|**",
        "**|hTh.hTh...#.......|**",
        "**|.h...h....#%##%##.|**",
        "*qO..................Oq*",
        "**|###%#.h...........|**",
        "**|e...#.T...[[[[[..]|**",
        "**|s..c#....>|-|....]|**",
        "**|c..c#....||s|....]|**",
        "**|...a#.h..|t.|TT..]|**",
        "**|.##%#.T..|-+|TT..]|**",
        "*qO.................]|**",
        "**|hTh.hTh..........]|**",
        "*qO.................]|**",
        "**|[[[[[[[..[[[[[[..]|**",
        "**|[[[[[[[..[[[[[[..]|**",
        "**|..................|**",
        "*qO..................Oq*",
        "**|]]]]]]]]]]]]]]]]]]|**",
        "**|------------------|**",
        "************************",
        "************************"
      ],
      "terrain": {
        "#": "t_floor",
        "%": "t_console_broken",
        "*": "t_grass",
        "+": "t_door_c",
        "-": "t_wall",
        ".": "t_floor",
        ":": "t_door_glass_c",
        "=": "t_wall_glass",
        ">": "t_stairs_up",
        "O": "t_window",
        "T": "t_floor",
        "[": "t_floor",
        "]": "t_floor",
        "a": "t_floor",
        "c": "t_floor",
        "e": "t_floor",
        "h": "t_floor",
        "q": "t_grass",
        "s": "t_floor",
        "t": "t_floor",
        "|": "t_wall",
        "~": "t_sidewalk"
      },
      "furniture": {
        "#": "f_counter",
        ">": "f_rubble",
        "T": "f_table",
        "[": "f_rack",
        "]": "f_bookcase",
        "a": "f_stool",
        "c": "f_cupboard",
        "e": "f_fridge",
        "h": "f_chair",
        "q": "f_bluebell",
        "s": "f_sink"
      },
      "toilets": { "t": {  } },
      "place_items": [
        { "item": "magazines", "x": [ 3, 20 ], "y": 20, "chance": 40, "repeat": [ 5, 10 ] },
        { "item": "novels", "x": [ 3, 9 ], "y": [ 16, 17 ], "chance": 50, "repeat": [ 4, 8 ] },
        { "item": "novels", "x": [ 12, 17 ], "y": [ 16, 17 ], "chance": 50, "repeat": [ 4, 7 ] },
        { "item": "bookstore_misc", "x": [ 13, 17 ], "y": 8, "chance": 50, "repeat": [ 3, 5 ] },
        { "item": "homebooks", "x": [ 16, 17 ], "y": [ 11, 12 ], "chance": 40, "repeat": [ 2, 4 ] },
        { "item": "manuals", "x": 20, "y": [ 8, 17 ], "chance": 40, "repeat": [ 2, 5 ] },
        { "item": "textbooks", "x": 20, "y": [ 8, 17 ], "chance": 40, "repeat": [ 2, 5 ] },
        { "item": "coffee_display", "x": 7, "y": [ 7, 12 ], "chance": 50, "repeat": [ 3, 4 ] },
        { "item": "coffee_fridge", "x": 3, "y": 8, "chance": 50, "repeat": 2 },
        { "item": "coffee_display", "x": 6, "y": [ 9, 10 ], "chance": 50, "repeat": [ 2, 3 ] },
        { "item": "coffee_table", "x": 4, "y": 4, "chance": 20 },
        { "item": "coffee_table", "x": 8, "y": 4, "chance": 20 },
        { "item": "coffee_table", "x": 9, "y": 8, "chance": 20 },
        { "item": "coffee_table", "x": 9, "y": 12, "chance": 20 },
        { "item": "coffee_table", "x": 4, "y": 13, "chance": 20 },
        { "item": "coffee_table", "x": 8, "y": 13, "chance": 20 }
      ],
      "place_item": [ { "item": "coffeemaker", "x": 4, "y": 7 }, { "item": "coffeemaker", "x": 4, "y": 12 } ]
    }
  },
  {
    "type": "mapgen",
    "method": "json",
    "om_terrain": [ "s_bookstore" ],
    "weight": 3000,
    "object": {
      "rows": [
        "~~~~~~~~~~~~~~~~~~~~~~~~",
        "~~~qSq~~~~~~~~~~qqq~~~~~",
        "~~~~~~~~~~~~~~~~~~~~~~~~",
        "~~~~~~~~~~~~~~~~~~~~~~~~",
        "***********~************",
        "***********~**|-----|***",
        "*******^***~**|]]]]]|***",
        "***********~**|]...]|***",
        "***^*******~**|].].]|***",
        "***********~**|].].]|***",
        "***********~**|].].]|***",
        "****|------+-O|....]|***",
        "****|]]]]]..#a...T.]|***",
        "****|]......#%#..T.]|***",
        "****|].]]].........]|***",
        "****|].]]].TT..TT..]|***",
        "****|].............]|***",
        "****|]]]]]]]]]]]]]]]|***",
        "****|---------------|***",
        "************************",
        "*o*******************o**",
        "*******o****************",
        "**************o*********",
        "************************"
      ],
      "terrain": {
        "#": "t_floor",
        "%": "t_console_broken",
        "*": "t_grass",
        "+": "t_door_c",
        "-": "t_wall",
        ".": "t_floor",
        "O": "t_window",
        "S": "t_sidewalk",
        "T": "t_floor",
        "]": "t_floor",
        "^": "t_tree",
        "a": "t_floor",
        "o": "t_dirt",
        "q": "t_dirt",
        "|": "t_wall",
        "~": "t_sidewalk"
      },
      "furniture": { "#": "f_counter", "S": "f_statue", "T": "f_table", "]": "f_bookcase", "q": "f_dahlia", "a": "f_stool" },
      "place_items": [
        { "item": "novels", "x": [ 5, 9 ], "y": 12, "chance": 50, "repeat": [ 2, 3 ] },
        { "item": "homebooks", "x": [ 5, 9 ], "y": 12, "chance": 30, "repeat": [ 2, 3 ] },
        { "item": "manuals", "x": [ 5, 9 ], "y": 12, "chance": 20, "repeat": 2 },
        { "item": "textbooks", "x": [ 5, 9 ], "y": 12, "chance": 20, "repeat": 2 },
        { "item": "mansion_books", "x": [ 5, 9 ], "y": 12, "chance": 20, "repeat": 2 },
        { "item": "novels", "x": 5, "y": [ 13, 17 ], "chance": 50, "repeat": [ 2, 3 ] },
        { "item": "homebooks", "x": 5, "y": [ 13, 17 ], "chance": 30, "repeat": [ 2, 3 ] },
        { "item": "manuals", "x": 5, "y": [ 13, 17 ], "chance": 20, "repeat": 2 },
        { "item": "textbooks", "x": 5, "y": [ 13, 17 ], "chance": 20, "repeat": 2 },
        { "item": "mansion_books", "x": 5, "y": [ 13, 17 ], "chance": 20, "repeat": 2 },
        { "item": "novels", "x": [ 6, 19 ], "y": 17, "chance": 50, "repeat": [ 2, 4 ] },
        { "item": "homebooks", "x": [ 6, 19 ], "y": 17, "chance": 30, "repeat": [ 2, 4 ] },
        { "item": "manuals", "x": [ 6, 19 ], "y": 17, "chance": 20, "repeat": [ 2, 3 ] },
        { "item": "textbooks", "x": [ 6, 19 ], "y": 17, "chance": 20, "repeat": [ 2, 3 ] },
        { "item": "mansion_books", "x": [ 6, 19 ], "y": 17, "chance": 20, "repeat": [ 2, 3 ] },
        { "item": "novels", "x": 19, "y": [ 6, 16 ], "chance": 50, "repeat": [ 2, 4 ] },
        { "item": "homebooks", "x": 19, "y": [ 6, 16 ], "chance": 30, "repeat": [ 2, 4 ] },
        { "item": "manuals", "x": 19, "y": [ 6, 16 ], "chance": 20, "repeat": [ 2, 3 ] },
        { "item": "textbooks", "x": 19, "y": [ 6, 16 ], "chance": 20, "repeat": [ 2, 3 ] },
        { "item": "mansion_books", "x": 19, "y": [ 6, 16 ], "chance": 20, "repeat": [ 2, 3 ] },
        { "item": "novels", "x": [ 15, 18 ], "y": 6, "chance": 50, "repeat": [ 2, 3 ] },
        { "item": "homebooks", "x": [ 15, 18 ], "y": 6, "chance": 30, "repeat": [ 2, 3 ] },
        { "item": "manuals", "x": [ 15, 18 ], "y": 6, "chance": 20, "repeat": 2 },
        { "item": "textbooks", "x": [ 15, 18 ], "y": 6, "chance": 20, "repeat": 2 },
        { "item": "mansion_books", "x": [ 15, 18 ], "y": 6, "chance": 20, "repeat": 2 },
        { "item": "novels", "x": 15, "y": [ 7, 10 ], "chance": 50, "repeat": [ 2, 3 ] },
        { "item": "homebooks", "x": 15, "y": [ 7, 10 ], "chance": 30, "repeat": [ 2, 3 ] },
        { "item": "manuals", "x": 15, "y": [ 7, 10 ], "chance": 20, "repeat": 2 },
        { "item": "textbooks", "x": 15, "y": [ 7, 10 ], "chance": 20, "repeat": 2 },
        { "item": "mansion_books", "x": 15, "y": [ 7, 10 ], "chance": 20, "repeat": 2 },
        { "item": "novels", "x": 17, "y": [ 8, 10 ], "chance": 40, "repeat": [ 2, 3 ] },
        { "item": "homebooks", "x": 17, "y": [ 8, 10 ], "chance": 20, "repeat": [ 2, 3 ] },
        { "item": "manuals", "x": 17, "y": [ 8, 10 ], "chance": 10, "repeat": 2 },
        { "item": "textbooks", "x": 17, "y": [ 8, 10 ], "chance": 10, "repeat": 2 },
        { "item": "mansion_books", "x": 17, "y": [ 8, 10 ], "chance": 10, "repeat": 2 },
        { "item": "novels", "x": [ 7, 9 ], "y": [ 14, 15 ], "chance": 40, "repeat": [ 2, 3 ] },
        { "item": "homebooks", "x": [ 7, 9 ], "y": [ 14, 15 ], "chance": 20, "repeat": [ 2, 3 ] },
        { "item": "manuals", "x": [ 7, 9 ], "y": [ 14, 15 ], "chance": 10, "repeat": 2 },
        { "item": "textbooks", "x": [ 7, 9 ], "y": [ 14, 15 ], "chance": 10, "repeat": 2 },
        { "item": "mansion_books", "x": [ 7, 9 ], "y": [ 14, 15 ], "chance": 10, "repeat": 2 },
        { "item": "bookstore_misc", "x": [ 11, 12 ], "y": 15, "chance": 25, "repeat": [ 2, 3 ] },
        { "item": "bookstore_misc", "x": [ 15, 16 ], "y": 15, "chance": 25, "repeat": [ 2, 3 ] },
        { "item": "bookstore_misc", "x": 17, "y": [ 12, 13 ], "chance": 25, "repeat": [ 2, 3 ] }
      ]
    }
  }
]
