[
  {
    "id": "vfw_tools",
    "type": "item_group",
    "items": [ [ "glock_19", 1 ], [ "boots_steel", 50 ], [ "boots_hiking", 10 ] ]
  },
  {
    "id": "vfw_books",
    "type": "item_group",
    "items": [
      [ "mag_traps", 20 ],
      [ "manual_traps", 12 ],
      [ "trappers_companion", 2 ],
      [ "mag_guns", 40 ],
      [ "mag_rifle", 40 ],
      [ "mag_shotgun", 15 ],
      [ "mag_survival", 40 ],
      [ "textbook_firstaid", 8 ],
      [ "pocket_firstaid", 2 ],
      [ "pocket_survival", 2 ],
      [ "pocket_firearms", 2 ],
      [ "mag_archery", 15 ],
      [ "manual_archery", 8 ],
      [ "book_archery", 2 ]
    ]
  },
  {
    "id": "vfw_alcohol",
    "type": "item_group",
    "items": [ [ "beer", 20 ], [ "vodka", 2 ] ]
  },
  {
    "type": "mapgen",
    "method": "json",
    "om_terrain": [ "s_vfw" ],
    "weight": 500,
    "object": {
      "rows": [
        "rrrrrrrrrrrrr..33.22.33.",
        "yrrryrrryrrry.3..2222..3",
        "yrrryrrryrrry.3.22..22.3",
        "yrrryrrryrrry..22.33.22.",
        "yrrryrrryrrry.3.22..22.3",
        "yrrryrrryrrry.3..2222..3",
        "yy2yyy2yyy2yy..33.22.33.",
        "..222222222222222222....",
        ".3.33.3.33.3.33.3223.33.",
        "3--1-1-11-1-1--..22....3",
        "3|H    F     C|32223...3",
        ".|I   FHF     +2222.....",
        "3|I    F     C|32223...3",
        ".|H         FH1.........",
        "3|     F    FH1........3",
        "3|C   FHF     |.3..3...3",
        ".|C    F      ---11--...",
        "3|C            FC  C|..3",
        ".|     F   F   FC  C1...",
        "3|+-- FHF FHF  FC  D1..3",
        "3| B|  F   F       C|..3",
        ".|----1-11-1--+--11-|...",
        "3............rrrr......3",
        "3.33.3.33.3.33.3.33.3.33"
      ],
      "terrain": {
        " ": "t_floor",
        "+": "t_door_c",
        "-": "t_wall_h",
        ".": "t_grass",
        "1": "t_window",
        "2": "t_sidewalk",
        "3": "t_tree_young",
        "4": "t_chaingate_l",
        "5": "t_wall_wood",
        "A": "t_floor",
        "B": "t_floor",
        "C": "t_floor",
        "D": "t_floor",
        "E": "t_dirtfloor",
        "F": "t_floor",
        "G": "t_dirtfloor",
        "H": "t_floor",
        "I": "t_floor",
        "r": "t_pavement",
        "y": "t_pavement_y",
        "|": "t_wall_v"
      },
      "furniture": {
        "A": "f_rack",
        "C": "f_counter",
        "D": "f_sink",
        "E": "f_sink",
        "F": "f_chair",
        "G": "f_locker",
        "H": "f_table",
        "I": "f_sofa"
      },
      "toilets": { "B": {  } },
      "place_items": [
        { "item": "vfw_tools", "x": 13, "y": 10, "chance": 15, "repeat": [ 1, 2 ] },
        { "item": "vfw_tools", "x": 13, "y": 12, "chance": 15, "repeat": [ 1, 2 ] },
        { "item": "vfw_books", "x": 2, "y": 13, "chance": 10, "repeat": [ 1, 2 ] },
        { "item": "vfw_books", "x": 13, "y": 13, "chance": 10, "repeat": [ 1, 2 ] },
        { "item": "vfw_books", "x": 13, "y": 14, "chance": 10, "repeat": [ 1, 2 ] },
        { "item": "vfw_alcohol", "x": 16, "y": [ 17, 19 ], "chance": 35, "repeat": [ 1, 3 ] },
        { "item": "vfw_alcohol", "x": 19, "y": [ 17, 19 ], "chance": 35, "repeat": [ 1, 3 ] }
      ]
    }
  }
]
