[
  {
    "id": "mon_chicken",
    "type": "MONSTER",
    "name": "chicken",
    "description": "A domesticated descendant of junglefowl, it may still be the most numerous bird in the world.  Before the Cataclysm, it was raised by humans as a source of meat, eggs, and early morning wakeup calls.",
    "default_faction": "small_animal",
    "categories": [ "WILDLIFE" ],
    "species": [ "BIRD" ],
    "diff": 10,
    "size": "TINY",
    "hp": 8,
    "speed": 80,
    "material": [ "flesh" ],
    "symbol": "v",
    "color": "white",
    "aggression": -99,
    "morale": -8,
    "melee_skill": 1,
    "melee_dice": 1,
    "melee_dice_sides": 1,
    "melee_cut": 1,
    "dodge": 4,
    "reproduction": { "baby_egg": "egg_chicken", "baby_count": 1, "baby_timer": 5 },
    "baby_flags": [ "SPRING", "SUMMER", "AUTUMN", "WINTER" ],
    "biosignature": { "biosig_item": "feces_bird", "biosig_timer": 3 },
    "death_function": [ "NORMAL" ],
    "flags": [ "SEES", "HEARS", "SMELLS", "ANIMAL", "PATH_AVOID_DANGER_1", "WARM", "FLIES", "BONES", "FEATHER", "FAT", "BIRDFOOD" ]
  },
  {
    "id": "mon_grouse",
    "type": "MONSTER",
    "copy-from": "mon_chicken",
    "name": "grouse",
    "description": "A very common game bird, these creatures remind you of what a wild chicken must have been like.",
    "hp": 5,
    "speed": 110,
    "color": "brown",
    "reproduction": { "baby_egg": "egg_grouse", "baby_count": 2, "baby_timer": 6 },
    "baby_flags": [ "SPRING", "SUMMER" ],
    "biosignature": { "biosig_item": "feces_bird", "biosig_timer": 8 }
  },
  {
    "id": "mon_crow",
    "type": "MONSTER",
    "name": "crow",
    "description": "A small, elegant black bird, famous for its distinctive call.  An intelligent bird, there is a glitter of mischief behind its eyes.",
    "default_faction": "small_animal",
    "categories": [ "WILDLIFE" ],
    "species": [ "BIRD" ],
    "diff": 1,
    "size": "TINY",
    "hp": 4,
    "speed": 140,
    "material": [ "flesh" ],
    "symbol": "v",
    "color": "dark_gray",
    "aggression": -99,
    "morale": -8,
    "melee_dice": 1,
    "melee_dice_sides": 1,
    "melee_cut": 0,
    "dodge": 4,
    "fear_triggers": [ "PLAYER_CLOSE" ],
    "death_function": [ "NORMAL" ],
    "reproduction": { "baby_egg": "egg_crow", "baby_count": 3, "baby_timer": 8 },
    "baby_flags": [ "SPRING" ],
    "biosignature": { "biosig_item": "feces_bird", "biosig_timer": 8 },
    "flags": [ "SEES", "HEARS", "SMELLS", "ANIMAL", "PATH_AVOID_DANGER_1", "WARM", "FLIES", "BONES", "FEATHER" ]
  },
  {
    "id": "mon_duck",
    "type": "MONSTER",
    "name": "duck",
    "description": "A mallard duck, often seen around rivers and other bodies of water.  It feeds primarily on insects, seeds, roots, and, pre-cataclysm, bread scraps.",
    "default_faction": "small_animal",
    "categories": [ "WILDLIFE" ],
    "species": [ "BIRD" ],
    "diff": 1,
    "size": "TINY",
    "hp": 4,
    "speed": 140,
    "material": [ "flesh" ],
    "symbol": "v",
    "color": "brown",
    "aggression": -99,
    "morale": -8,
    "melee_dice": 1,
    "melee_dice_sides": 1,
    "melee_cut": 0,
    "dodge": 4,
    "fear_triggers": [ "SOUND", "PLAYER_CLOSE" ],
    "death_function": [ "NORMAL" ],
    "reproduction": { "baby_egg": "egg_duck", "baby_count": 3, "baby_timer": 5 },
    "baby_flags": [ "SPRING" ],
    "biosignature": { "biosig_item": "feces_bird", "biosig_timer": 5 },
    "flags": [ "SEES", "HEARS", "SMELLS", "ANIMAL", "PATH_AVOID_DANGER_1", "WARM", "FLIES", "BONES", "FEATHER", "FAT" ]
  },
  {
    "id": "mon_goose_canadian",
    "type": "MONSTER",
    "copy-from": "mon_duck",
    "name": "goose",
    "description": "A Canadian goose, a common waterfowl that regrets leaving Canada.",
    "hp": 8,
    "dodge": 3,
    "reproduction": { "baby_egg": "egg_goose_canadian", "baby_count": 3, "baby_timer": 10 },
    "baby_flags": [ "SPRING" ],
    "biosignature": { "biosig_item": "feces_bird", "biosig_timer": 4 }
  },
  {
    "id": "mon_turkey",
    "type": "MONSTER",
    "name": "turkey",
    "description": "A large and colorful game bird native to the forests of North America.  Its head and beak are covered in fleshy protuberances.",
    "default_faction": "small_animal",
    "categories": [ "WILDLIFE" ],
    "species": [ "BIRD" ],
    "diff": 10,
    "size": "SMALL",
    "hp": 15,
    "speed": 140,
    "material": [ "flesh" ],
    "symbol": "v",
    "color": "brown",
    "aggression": -80,
    "morale": -8,
    "melee_dice": 1,
    "melee_dice_sides": 1,
    "melee_cut": 0,
    "dodge": 3,
    "vision_day": 50,
    "fear_triggers": [ "PLAYER_CLOSE", "FRIEND_DIED" ],
    "death_function": [ "NORMAL" ],
    "reproduction": { "baby_egg": "egg_turkey", "baby_count": 3, "baby_timer": 12 },
    "baby_flags": [ "SPRING", "SUMMER" ],
    "biosignature": { "biosig_item": "feces_bird", "biosig_timer": 8 },
    "flags": [ "SEES", "HEARS", "SMELLS", "ANIMAL", "PATH_AVOID_DANGER_1", "WARM", "FLIES", "BONES", "FEATHER", "FAT" ]
  },
  {
    "id": "mon_pheasant",
    "type": "MONSTER",
    "copy-from": "mon_turkey",
    "name": "pheasant",
    "description": "A medium sized game bird that can have bright feathers depending on the sex and species.",
    "size": "TINY",
    "hp": 6,
    "speed": 130,
    "dodge": 4,
    "reproduction": { "baby_egg": "egg_pheasant", "baby_count": 5, "baby_timer": 8 },
    "baby_flags": [ "SPRING" ]
  },
  {
    "id": "mon_cockatrice",
    "type": "MONSTER",
    "name": "cockatrice",
    "description": "This strange mutant bird gains its name from its odd appearance.  Although its features seem to be becoming more reptilian, it doesn't appear dangerous.",
    "default_faction": "small_animal",
    "categories": [ "WILDLIFE" ],
    "species": [ "BIRD" ],
    "diff": 10,
    "size": "SMALL",
    "hp": 20,
    "speed": 130,
    "material": [ "flesh" ],
    "symbol": "v",
    "color": "red",
    "looks_like": "mon_chicken",
    "aggression": -50,
    "morale": -8,
    "melee_skill": 2,
    "melee_dice": 2,
    "melee_dice_sides": 1,
    "melee_cut": 3,
    "dodge": 6,
    "reproduction": { "baby_egg": "egg_cockatrice", "baby_count": 3, "baby_timer": 10 },
    "baby_flags": [ "SPRING", "SUMMER", "AUTUMN" ],
    "biosignature": { "biosig_item": "feces_bird", "biosig_timer": 8 },
    "death_function": [ "NORMAL" ],
    "flags": [ "SEES", "HEARS", "SMELLS", "ANIMAL", "PATH_AVOID_DANGER_1", "WARM", "FLIES", "BONES", "FEATHER", "FAT" ]
  },
  {
    "id": "mon_chicken_chick",
    "type": "MONSTER",
    "name": "yellow chick",
    "description": "A tiny yellow and brown chick, it could be from a number of different species.",
    "default_faction": "small_animal",
    "categories": [ "WILDLIFE" ],
    "species": [ "BIRD" ],
    "diff": 10,
    "size": "TINY",
    "hp": 1,
    "speed": 40,
    "material": [ "flesh" ],
    "symbol": "v",
    "color": "yellow",
    "looks_like": "mon_chicken",
    "aggression": -99,
    "morale": -8,
    "melee_skill": 1,
    "melee_dice": 1,
    "melee_dice_sides": 1,
    "melee_cut": 1,
    "dodge": 1,
    "death_function": [ "NORMAL" ],
    "upgrades": { "age_grow": 14, "into": "mon_chicken" },
    "flags": [ "SEES", "HEARS", "SMELLS", "ANIMAL", "PATH_AVOID_DANGER_1", "WARM", "BIRDFOOD" ]
  },
  {
    "id": "mon_grouse_chick",
    "type": "MONSTER",
    "copy-from": "mon_chicken_chick",
    "name": "brown chick",
    "upgrades": { "age_grow": 10, "into": "mon_grouse" }
  },
  {
    "id": "mon_crow_chick",
    "type": "MONSTER",
    "copy-from": "mon_chicken_chick",
    "name": "brown chick",
    "upgrades": { "age_grow": 12, "into": "mon_crow" },
    "extend": { "flags": [ "BIRDFOOD" ] }
  },
  {
    "id": "mon_turkey_chick",
    "type": "MONSTER",
    "copy-from": "mon_chicken_chick",
    "name": "brown chick",
    "upgrades": { "age_grow": 18, "into": "mon_turkey" }
  },
  {
    "id": "mon_pheasant_chick",
    "type": "MONSTER",
    "copy-from": "mon_chicken_chick",
    "name": "brown chick",
    "upgrades": { "age_grow": 14, "into": "mon_pheasant" }
  },
  {
    "id": "mon_cockatrice_chick",
    "type": "MONSTER",
    "copy-from": "mon_chicken_chick",
    "description": "A strange tiny chick, it could be from a number of different species.",
    "name": "strange chick",
    "upgrades": { "age_grow": 12, "into": "mon_cockatrice" }
  },
  {
    "id": "mon_duck_chick",
    "type": "MONSTER",
    "copy-from": "mon_chicken_chick",
    "name": "waterfowl chick",
    "description": "A tiny yellow and brown waterfowl chick, it could be from a number of different species.",
    "upgrades": { "age_grow": 12, "into": "mon_duck" },
    "extend": { "flags": [ "BIRDFOOD" ] }
  },
  {
    "id": "mon_goose_canadian_chick",
    "type": "MONSTER",
    "copy-from": "mon_duck_chick",
    "upgrades": { "age_grow": 16, "into": "mon_goose_canadian" }
  }
]
