[
  {
    "id": "mon_frog_giant",
    "type": "MONSTER",
    "name": "giant frog",
    "description": "A mutated bullfrog taller than you are.  It stares with amber eyes as it considers the easiest way to swallow you whole.",
    "default_faction": "frog",
    "species": [ "AMPHIBIAN" ],
    "diff": 12,
    "size": "LARGE",
    "hp": 70,
    "speed": 90,
    "material": [ "flesh" ],
    "symbol": "M",
    "color": "light_green",
    "aggression": 10,
    "morale": 100,
    "melee_skill": 5,
    "melee_dice": 1,
    "melee_dice_sides": 12,
    "melee_cut": 1,
    "dodge": 2,
    "armor_bash": 4,
    "path_settings": { "max_dist": 5 },
    "special_attacks": [ { "type": "leap", "cooldown": 10, "move_cost": 0, "max_range": 10, "min_consider_range": 2 } ],
    "anger_triggers": [ "STALK", "PLAYER_WEAK", "PLAYER_CLOSE" ],
    "death_function": [ "NORMAL" ],
    "flags": [ "SEES", "SMELLS", "HEARS", "SWIMS", "LEATHER", "BONES", "FAT" ]
  },
  {
    "id": "mon_gator",
    "type": "MONSTER",
    "name": "sewer gator",
    "description": "In the late 20th century there was an urban legend about pet alligators getting flushed down the toilet and growing to adulthood in sewers.  This large specimen doesn't look like it is used to humans as anything other than a meal.",
    "default_faction": "gator",
    "categories": [ "WILDLIFE" ],
    "species": [ "REPTILE" ],
    "diff": 22,
    "size": "LARGE",
    "hp": 90,
    "speed": 90,
    "material": [ "flesh" ],
    "symbol": "A",
    "color": "light_green",
    "aggression": 30,
    "morale": 50,
    "melee_skill": 4,
    "melee_dice": 1,
    "melee_dice_sides": 10,
    "melee_cut": 12,
    "dodge": 2,
    "armor_bash": 6,
    "armor_cut": 8,
    "vision_day": 3,
    "vision_night": 35,
    "path_settings": { "max_dist": 8 },
    "special_attacks": [
      {
        "type": "bite",
        "cooldown": 20,
        "accuracy": 6,
        "damage_max_instance": [
          { "damage_type": "stab", "amount": 9, "armor_multiplier": 0.5 },
          { "damage_type": "bash", "amount": 27, "armor_multiplier": 0.5 }
        ],
        "effects": [ { "id": "grabbed", "duration": 1000, "bp": "TORSO" } ],
        "no_infection_chance": 2
      }
    ],
    "anger_triggers": [ "PLAYER_CLOSE", "PLAYER_WEAK" ],
    "fear_triggers": [ "FIRE", "HURT" ],
    "placate_triggers": [ "MEAT" ],
    "death_function": [ "NORMAL" ],
    "flags": [
      "SEES",
      "HEARS",
      "GOODHEARING",
      "SMELLS",
      "KEENNOSE",
      "PATH_AVOID_DANGER_1",
      "ANIMAL",
      "BLEED",
      "ATTACKMON",
      "BONES",
      "LEATHER",
      "SWIMS"
    ]
  },
  {
    "id": "mon_rattlesnake",
    "type": "MONSTER",
    "name": "rattlesnake",
    "description": "The timber rattlesnake is the most venomous viper native to New England.  Climatic changes have extended its range far into the north.",
    "default_faction": "small_animal",
    "categories": [ "WILDLIFE" ],
    "species": [ "REPTILE" ],
    "diff": 2,
    "size": "TINY",
    "hp": 12,
    "speed": 90,
    "material": [ "flesh" ],
    "symbol": "s",
    "color": "brown",
    "aggression": -50,
    "morale": 60,
    "melee_skill": 5,
    "melee_dice": 1,
    "melee_dice_sides": 4,
    "melee_cut": 4,
    "dodge": 1,
    "vision_day": 30,
    "vision_night": 5,
    "special_attacks": [ [ "RATTLE", 6 ] ],
    "anger_triggers": [ "HURT" ],
    "fear_triggers": [ "PLAYER_CLOSE" ],
    "placate_triggers": [ "PLAYER_WEAK" ],
    "death_function": [ "NORMAL" ],
    "flags": [ "SEES", "HEARS", "SMELLS", "BADVENOM", "HARDTOSHOOT", "SWIMS", "LEATHER", "BONES" ]
  },
  {
    "id": "mon_rattlesnake_giant",
    "type": "MONSTER",
    "name": "giant rattlesnake",
    "description": "A mutated timber rattlesnake, about three times as large as the norm.  While it isn't big enough to regard humans as potential prey, it is more aggresive and dangerous compared to a normal rattler.",
    "default_faction": "small_animal",
    "categories": [ "WILDLIFE" ],
    "species": [ "REPTILE" ],
    "diff": 8,
    "size": "MEDIUM",
    "hp": 48,
    "speed": 100,
    "material": [ "flesh" ],
    "symbol": "s",
    "color": "brown",
    "aggression": -10,
    "morale": 60,
    "melee_skill": 6,
    "melee_dice": 2,
    "melee_dice_sides": 8,
    "melee_cut": 8,
    "dodge": 1,
    "armor_bash": 2,
    "armor_cut": 4,
    "vision_day": 30,
    "vision_night": 5,
    "special_attacks": [
      [ "RATTLE", 6 ],
      {
        "type": "bite",
        "cooldown": 5,
        "damage_max_instance": [ { "damage_type": "stab", "amount": 10, "armor_multiplier": 0.7 } ]
      }
    ],
    "anger_triggers": [ "HURT", "PLAYER_CLOSE" ],
    "placate_triggers": [ "PLAYER_WEAK" ],
    "death_function": [ "NORMAL" ],
    "reproduction": { "baby_egg": "egg_reptile", "baby_count": 3, "baby_timer": 10 },
    "baby_flags": [ "SPRING" ],
    "flags": [ "SEES", "HEARS", "SMELLS", "BADVENOM", "HARDTOSHOOT", "SWIMS", "LEATHER", "BONES" ]
  },
  {
    "id": "mon_sewer_snake",
    "type": "MONSTER",
    "name": "sewer snake",
    "description": "An aggressive mutant variety of the worm snake, turned pale yellow from its underground life.  It swarms beneath the ground and is named for its habit of infesting sewer lines.",
    "default_faction": "mutant",
    "species": [ "REPTILE" ],
    "diff": 2,
    "size": "SMALL",
    "hp": 10,
    "speed": 90,
    "material": [ "flesh" ],
    "symbol": "s",
    "color": "yellow",
    "aggression": 20,
    "morale": 40,
    "melee_skill": 6,
    "melee_dice": 1,
    "melee_dice_sides": 4,
    "melee_cut": 2,
    "dodge": 1,
    "vision_day": 1,
    "vision_night": 30,
    "path_settings": { "max_dist": 5 },
    "death_function": [ "NORMAL" ],
    "flags": [ "SEES", "SMELLS", "WARM", "VENOM", "SWIMS", "LEATHER", "BONES" ]
  }
]
