[
  {
    "id": "torso",
    "type": "body_part",
    "name": "torso",
    "heading_singular": "Torso",
    "heading_plural": "Torso",
    "hp_bar_ui_text": "TORSO",
    "encumbrance_text": "Dodging and melee is hampered.",
    "main_part": "torso",
    "opposite_part": "torso",
    "hit_size": 45,
    "hit_size_relative": [ 20, 33.33, 36.57 ],
    "hit_difficulty": 1,
    "side": "both",
    "legacy_id": "TORSO"
  },
  {
    "id": "head",
    "type": "body_part",
    "name": "head",
    "heading_singular": "Head",
    "heading_plural": "Head",
    "hp_bar_ui_text": "HEAD",
    "encumbrance_text": "",
    "main_part": "head",
    "opposite_part": "head",
    "hit_size": 6,
    "hit_size_relative": [ 0, 2.33, 5.71 ],
    "hit_difficulty": 1.35,
    "side": "both",
    "legacy_id": "HEAD"
  },
  {
    "id": "eyes",
    "type": "body_part",
    "name": "eyes",
    "heading_singular": "Eyes",
    "heading_plural": "Eyes",
    "encumbrance_text": "Ranged combat is hampered.",
    "main_part": "head",
    "opposite_part": "eyes",
    "hit_size": 1,
    "hit_size_relative": [ 0, 0.33, 0.57 ],
    "hit_difficulty": 1.15,
    "side": "both",
    "legacy_id": "EYES"
  },
  {
    "id": "mouth",
    "type": "body_part",
    "name": "mouth",
    "heading_singular": "Mouth",
    "heading_plural": "Mouth",
    "encumbrance_text": "Running is slowed.",
    "main_part": "head",
    "opposite_part": "mouth",
    "hit_size": 1,
    "hit_size_relative": [ 0, 0, 0 ],
    "hit_difficulty": 1.15,
    "side": "both",
    "legacy_id": "MOUTH"
  },
  {
    "id": "arm_l",
    "type": "body_part",
    "name": "left arm",
    "heading_singular": "L. Arm",
    "heading_plural": "Arms",
    "encumbrance_text": "Melee and ranged combat is hampered.",
    "hp_bar_ui_text": "L ARM",
    "main_part": "arm_l",
    "opposite_part": "arm_r",
    "hit_size": 9,
    "hit_size_relative": [ 15, 20, 22.86 ],
    "hit_difficulty": 0.95,
    "side": "left",
    "legacy_id": "ARM_L"
  },
  {
    "id": "arm_r",
    "type": "body_part",
    "name": "right arm",
    "heading_singular": "R. Arm",
    "heading_plural": "Arms",
    "hp_bar_ui_text": "R ARM",
    "encumbrance_text": "Melee and ranged combat is hampered.",
    "main_part": "arm_r",
    "opposite_part": "arm_l",
    "hit_size": 9,
    "hit_size_relative": [ 15, 20, 22.86 ],
    "hit_difficulty": 0.95,
    "side": "right",
    "legacy_id": "ARM_R"
  },
  {
    "id": "hand_l",
    "type": "body_part",
    "name": "left hand",
    "heading_singular": "L. Hand",
    "heading_plural": "Hands",
    "encumbrance_text": "Manual tasks are slowed.",
    "main_part": "arm_l",
    "opposite_part": "hand_r",
    "hit_size": 3,
    "hit_size_relative": [ 0, 0, 0 ],
    "hit_difficulty": 1.1,
    "side": "left",
    "legacy_id": "HAND_L"
  },
  {
    "id": "hand_r",
    "type": "body_part",
    "name": "right hand",
    "heading_singular": "R. Hand",
    "heading_plural": "Hands",
    "encumbrance_text": "Manual tasks are slowed.",
    "main_part": "arm_r",
    "opposite_part": "hand_l",
    "hit_size": 3,
    "hit_size_relative": [ 0, 0, 0 ],
    "hit_difficulty": 1.1,
    "side": "right",
    "legacy_id": "HAND_R"
  },
  {
    "id": "leg_l",
    "type": "body_part",
    "name": "left leg",
    "heading_singular": "L. Leg",
    "heading_plural": "Legs",
    "hp_bar_ui_text": "L LEG",
    "encumbrance_text": "Running and swimming are slowed.",
    "main_part": "leg_l",
    "opposite_part": "leg_r",
    "hit_size": 9,
    "hit_size_relative": [ 25, 12, 5.71 ],
    "hit_difficulty": 0.975,
    "side": "left",
    "legacy_id": "LEG_L"
  },
  {
    "id": "leg_r",
    "type": "body_part",
    "name": "right leg",
    "heading_singular": "R. Leg",
    "heading_plural": "Legs",
    "hp_bar_ui_text": "R LEG",
    "encumbrance_text": "Running and swimming are slowed.",
    "main_part": "leg_r",
    "opposite_part": "leg_l",
    "hit_size": 9,
    "hit_size_relative": [ 25, 12, 5.71 ],
    "hit_difficulty": 0.975,
    "side": "right",
    "legacy_id": "LEG_R"
  },
  {
    "id": "foot_l",
    "type": "body_part",
    "name": "left foot",
    "heading_singular": "L. Foot",
    "heading_plural": "Feet",
    "encumbrance_text": "Running is slowed.",
    "main_part": "leg_l",
    "opposite_part": "foot_r",
    "hit_size": 3,
    "hit_size_relative": [ 0, 0, 0 ],
    "hit_difficulty": 0.8,
    "side": "left",
    "legacy_id": "FOOT_L"
  },
  {
    "id": "foot_r",
    "type": "body_part",
    "name": "right foot",
    "heading_singular": "R. Foot",
    "heading_plural": "Feet",
    "encumbrance_text": "Running is slowed.",
    "main_part": "leg_r",
    "opposite_part": "foot_l",
    "hit_size": 3,
    "hit_size_relative": [ 0, 0, 0 ],
    "hit_difficulty": 0.8,
    "side": "right",
    "legacy_id": "FOOT_R"
  },
  {
    "id": "num_bp",
    "type": "body_part",
    "name": "appendix",
    "heading_singular": "appendix",
    "heading_plural": "Appendices",
    "encumbrance_text": "It's inflamed.",
    "main_part": "num_bp",
    "opposite_part": "num_bp",
    "hit_size": 0,
    "hit_size_relative": [ 0, 0, 0 ],
    "hit_difficulty": 0,
    "side": "both",
    "legacy_id": "NUM_BP"
  }
]
