[
  {
    "id": "chem_ethanol",
    "type": "AMMO",
    "name": "ethanol",
    "name_plural": "ethanol",
    "description": "Extremely pure alcohol suitable for use as a component in chemical reactions.  You could also water it down and drink it, or use it as fuel in alcohol-burning stoves.",
    "weight": 1,
    "volume": 1,
    "price": 200,
    "price_postapoc": 500,
    "count": 250,
    "stack_size": 250,
    "category": "chems",
    "phase": "liquid",
    "container": "bottle_glass",
    "material": "alcohol",
    "symbol": "~",
    "color": "white",
    "ammo_type": "conc_alcohol"
  },
  {
    "id" : "denat_alcohol",
    "name": "denatured alcohol",
    "copy-from": "chem_ethanol",
    "type": "AMMO",
    "description": "A high-strength ethanol solution mixed with methanol to make it toxic to drink, so as to avoid pre-apocalyptic regulations on ethanol.  Intended for use in alcohol-burning stoves and as a solvent.",
    "price": 10,
    "price_postapoc": 300
  },
  {
    "id": "diesel",
    "type": "AMMO",
    "name": "diesel",
    "name_plural": "diesel",
    "description": "Petroleum-based fuel made from a byproduct of the gasoline making process.",
    "category": "fuel",
    "weight": 1,
    "volume": 1,
    "price": 50,
    "price_postapoc": 500,
    "count": 250,
    "stack_size": 250,
    "phase": "liquid",
    "container": "jerrycan",
    "material": "hydrocarbons",
    "symbol": "=",
    "color": "green",
    "ammo_type": "diesel",
    "damage": 5,
    "range": 4,
    "pierce": 5,
    "effects": [ "FLAME", "STREAM", "INCENDIARY", "NEVER_MISFIRES" ],
    "fuel": {
      "energy": 35.8
    }
  },
  {
    "id": "gasoline",
    "type": "AMMO",
    "name": "gasoline",
    "name_plural": "gasoline",
    "description": "Gasoline is a highly flammable liquid.  When under pressure, it has the potential for violent explosion.",
    "category": "fuel",
    "weight": 1,
    "volume": 1,
    "price": 40,
    "price_postapoc": 800,
    "count": 250,
    "stack_size": 250,
    "phase": "liquid",
    "container": "jerrycan",
    "material": "hydrocarbons",
    "symbol": "=",
    "color": "light_red",
    "ammo_type": [ "gasoline", "flammable" ],
    "damage": 5,
    "range": 4,
    "pierce": 5,
    "effects": [ "FLAME", "STREAM", "INCENDIARY", "NEVER_MISFIRES" ],
    "fuel": {
      "energy": 34.2
    }
  },
  {
    "id": "lamp_oil",
    "type": "AMMO",
    "name": "lamp oil",
    "name_plural": "lamp oil",
    "description": "A thin and clean-burning oil made for use in oil lamps.",
    "category": "fuel",
    "weight": 1,
    "volume": 1,
    "price": 20,
    "price_postapoc": 200,
    "count": 250,
    "stack_size": 250,
    "phase": "liquid",
    "container": "bottle_plastic",
    "symbol": "=",
    "color": "yellow",
    "material": "hydrocarbons",
    "ammo_type": "lamp_oil",
    "range": 6,
    "damage": 2,
    "pierce": 2,
    "effects": ["FLAME", "STREAM"]
  },
  {
    "id": "napalm",
    "type": "AMMO",
    "name": "napalm",
    "name_plural": "napalm",
    "description": "This is gasoline mixed with some other components to make it stick to the surface and increase burning temperature, meant to be used with a flamethrower.",
    "category": "fuel",
    "weight": 1,
    "volume": 1,
    "price": 8000,
    "count": 250,
    "stack_size": 250,
    "phase": "liquid",
    "container": "jerrycan",
    "material": "hydrocarbons",
    "symbol": "=",
    "color": "light_red",
    "ammo_type": "flammable",
    "damage": 15,
    "range": 5,
    "pierce": 30,
    "effects": ["FLAME", "STREAM_BIG", "INCENDIARY", "NEVER_MISFIRES" ]
  }
]
