[
  {
    "type": "vehicle_group",
    "id": "city_vehicles",
    "vehicles": [
      [ "car", 2000 ],
      [ "car_anmlcmpt", 250 ],
      [ "electric_car", 500 ],
      [ "car_sports", 300 ],
      [ "car_sports_atomic", 15 ],
      [ "car_sports_electric", 60 ],
      [ "suv", 800 ],
      [ "suv_electric", 200 ],
      [ "car_mini", 800 ],
      [ "beetle", 500 ],
      [ "bubble_car", 20 ],
      [ "bicycle", 400 ],
      [ "bicycle_electric", 100 ],
      [ "motorcycle", 200 ],
      [ "superbike", 50 ],
      [ "motorcycle_sidecart", 100 ],
      [ "scooter", 200 ],
      [ "scooter_electric", 300 ],
      [ "policecar", 250 ],
      [ "policecar_k9", 3 ],
      [ "policesuv", 250 ],
      [ "policesuv_k9", 5 ],
      [ "police_k9tpt", 1 ],
      [ "truck_swat", 200 ],
      [ "ambulance", 900 ],
      [ "fire_truck", 300 ],
      [ "fire_engine", 200 ],
      [ "flatbed_truck", 800 ],
      [ "pickup", 800 ],
      [ "road_roller", 200 ],
      [ "autosweeper", 200 ],
      [ "hippie_van", 1000 ],
      [ "cube_van_cheap", 400 ],
      [ "cube_van", 300 ],
      [ "security_van", 500 ],
      [ "schoolbus", 600 ],
      [ "rv", 500 ],
      [ "lux_rv", 100 ],
      [ "meth_lab", 200 ],
      [ "armored_car", 200 ],
      [ "apc", 100 ],
      [ "apc-gl", 50 ],
      [ "humvee", 150 ],
      [ "humvee_gl", 50 ],
      [ "icecream_truck", 50 ],
      [ "wienermobile", 5 ],
      [ "tatra_truck", 100 ]
    ]
  },
  {
    "type": "vehicle_group",
    "id": "city_pileup",
    "vehicles": [
      [ "car", 7000 ],
      [ "car_anmlcmpt", 600 ],
      [ "electric_car", 1000 ],
      [ "car_sports", 500 ],
      [ "suv", 1000 ],
      [ "suv_electric", 300 ],
      [ "car_mini", 1000 ],
      [ "beetle", 500 ],
      [ "pickup", 2000 ],
      [ "flatbed_truck", 1000 ],
      [ "cube_van", 500 ],
      [ "cube_van_cheap", 500 ],
      [ "hippie_van", 500 ]
    ]
  },
  {
    "type": "vehicle_group",
    "id": "police_pileup",
    "vehicles": [
        [ "policecar", 400 ],
        [ "policesuv", 400 ],
        [ "policecar_k9", 2 ],
        [ "policesuv_k9", 3 ],
        [ "police_k9tpt", 1 ]
    ]
  },
  {
    "type": "vehicle_group",
    "id": "highway",
    "vehicles": [
      [ "car", 3000 ],
      [ "car_anmlcmpt", 250 ],
      [ "electric_car", 500 ],
      [ "car_sports", 1000 ],
      [ "car_sports_electric", 300 ],
      [ "pickup", 600 ],
      [ "flatbed_truck", 500 ],
      [ "semi_truck", 600 ],
      [ "humvee", 600 ],
      [ "humvee_gl", 150 ],
      [ "military_cargo_truck", 300 ],
      [ "policecar", 400 ],
      [ "policecar_k9", 2 ],
      [ "policesuv", 400 ],
      [ "policesuv_k9", 3 ],
      [ "police_k9tpt", 1 ],
      [ "car_fbi", 300 ],
      [ "truck_swat", 200 ],
      [ "hippie_van", 1000 ],
      [ "rara_x", 800 ],
      [ "apc", 300 ],
      [ "apc-gl", 100 ],
      [ "aapc-mg", 100 ],
      [ "aapc-gl", 50 ],
      [ "schoolbus", 400 ],
      [ "rv", 800 ],
      [ "lux_rv", 100 ],
      [ "meth_lab", 300 ],
      [ "armored_car", 300 ],
      [ "superbike", 50 ],
      [ "wienermobile", 5 ],
      [ "tatra_truck", 300 ]
    ]
  },
  {
    "type": "vehicle_group",
    "id": "suburban_home",
    "vehicles": [
      [ "car", 1000 ],
      [ "car_anmlcmpt", 150 ],
      [ "car_mini", 500 ],
      [ "electric_car", 500 ],
      [ "beetle", 300 ],
      [ "car_sports", 100 ],
      [ "car_sports_electric", 50 ],
      [ "superbike", 50 ],
      [ "motorcycle", 200 ],
      [ "motorcycle_sidecart", 100 ],
      [ "scooter", 100 ],
      [ "scooter_electric", 100 ],
      [ "suv", 500 ],
      [ "suv_electric", 200 ],
      [ "pickup", 300 ],
      [ "portable_generator", 50 ]
    ]
  },
  {
    "type": "vehicle_group",
    "id": "dirtlot",
    "vehicles": [ [ "quad_bike", 100 ], [ "pickup", 300 ] ]
  },
  {
    "type": "vehicle_group",
    "id": "parkinglot",
    "vehicles": [
      [ "military_cargo_truck", 100 ],
      [ "humvee", 100 ],
      [ "humvee_gl", 50 ],
      [ "apc", 100 ],
      [ "apc-gl", 50 ],
      [ "aapc-mg", 50 ],
      [ "aapc-gl", 25 ],
      [ "bubble_car", 50 ],
      [ "rv", 200 ],
      [ "schoolbus", 200 ],
      [ "fire_truck", 200 ],
      [ "policecar", 100 ],
      [ "policecar_k9", 1 ],
      [ "policesuv", 100 ],
      [ "policesuv_k9", 1 ],
      [ "car_sports_electric", 100 ],
      [ "quad_bike", 100 ],
      [ "truck_trailer", 500 ],
      [ "semi_truck", 500 ],
      [ "cube_van", 1000 ],
      [ "flatbed_truck", 1000 ],
      [ "car_mini", 750 ],
      [ "beetle", 750 ],
      [ "car", 1000 ],
      [ "car_anmlcmpt", 100 ],
      [ "electric_car", 750 ],
      [ "hippie_van", 750 ],
      [ "golf_cart", 300 ],
      [ "scooter", 300 ],
      [ "bicycle", 500 ],
      [ "rara_x", 300 ],
      [ "unicycle", 100 ],
      [ "bicycle_electric", 200 ],
      [ "motorcycle", 500 ],
      [ "superbike", 50 ],
      [ "motorcycle_sidecart", 300 ],
      [ "shopping_cart", 1000 ],
      [ "icecream_truck", 50 ],
      [ "wienermobile", 5 ],
      [ "portable_generator", 50 ]
    ]
  },
  {
    "id": "garage",
    "type": "vehicle_group",
    "vehicles": [
      [ "car", 10 ],
      [ "car_chassis", 20 ],
      [ "engine_crane", 40 ],
      [ "motorcycle", 10 ],
      [ "motorcycle_chassis", 20 ],
      [ "portable_generator", 20 ],
      [ "quad_bike", 10 ],
      [ "quad_bike_chassis", 20 ],
      [ "superbike", 5 ],
      [ "welding_cart", 20 ]
    ]
  },
  {
    "type": "vehicle_group",
    "id": "military_vehicles",
    "vehicles": [
      [ "military_cargo_truck", 1000 ],
      [ "humvee", 500 ],
      [ "humvee_gl", 250 ],
      [ "apc", 500 ],
      [ "apc-gl", 250 ],
      [ "aapc-mg", 250 ],
      [ "apc-gl", 125 ]
    ]
  },
  {
    "type": "vehicle_group",
    "id": "farm_vehicles",
    "vehicles": [
      [ "tractor_plow", 1000 ],
      [ "tractor_seed", 1000 ],
      [ "tractor_reaper", 1000 ],
      [ "autotractor", 1000 ],
      [ "excavator", 500 ]
    ]
  },
  {
    "id": "industrial_vehicles",
    "type": "vehicle_group",
    "//": "Industrial and construction vehicles found at public works depot and similar locations",
    "vehicles": [
      [ "autosweeper", 20 ],
      [ "excavator", 120 ],
      [ "flatbed_truck", 40 ],
      [ "pickup", 20 ],
      [ "road_roller", 80 ],
      [ "tatra_truck", 20 ],
      [ "trencher", 40 ]
    ]
  },
  {
    "id": "warehouse_vehicles",
    "type": "vehicle_group",
    "//": "Lifting and hauling vehicles for warehouses, loading bays, and similar locations",
    "vehicles": [ [ "engine_crane", 50 ], [ "handjack", 150 ], [ "wheelbarrow", 100 ], [ "forklift", 100 ] ]
  },
  {
    "id": "school_vehicles",
    "type": "vehicle_group",
    "//": "School bus or fire truck found near school locations",
    "vehicles": [ [ "schoolbus", 50 ], [ "fire_truck", 70 ] ]
  },
  {
    "id": "bandit_vehicles",
    "type": "vehicle_group",
    "//": "Vehicles used by Hell's Raiders for scouting and assaults",
    "vehicles": [ [ "pickup_technical", 150 ], [ "quad_bike", 150 ], [ "motorcycle", 300 ] ]
  },
  {
    "type": "vehicle_group",
    "id": "junkyard_vehicles",
    "vehicles": [
      [ "car", 1500 ],
      [ "car_chassis", 2000 ],
      [ "electric_car", 400 ],
      [ "car_sports", 400 ],
      [ "car_sports_electric", 100 ],
      [ "suv", 500 ],
      [ "suv_electric", 200 ],
      [ "car_mini", 600 ],
      [ "beetle", 500 ],
      [ "bubble_car", 20 ],
      [ "pickup", 600 ],
      [ "hippie_van", 700 ]
    ]
  },
  {
    "type": "vehicle_group",
    "id": "dumpsite_vehicles",
    "vehicles": [
      [ "car", 1000 ],
      [ "car_chassis", 1200 ],
      [ "car_sports", 200 ],
      [ "suv", 400 ],
      [ "car_mini", 500 ],
      [ "rv", 250 ],
      [ "meth_lab", 50 ],
      [ "beetle", 400 ],
      [ "schoolbus", 100 ],
      [ "flatbed_truck", 200 ],
      [ "cube_van_cheap", 400 ],
      [ "pickup", 500 ],
      [ "hippie_van", 350 ]
    ]
  },
  {
    "type": "vehicle_group",
    "id": "campground_vehicles",
    "vehicles": [
      [ "car", 950 ],
      [ "car_anmlcmpt", 150 ],
      [ "electric_car", 100 ],
      [ "suv", 800 ],
      [ "suv_electric", 100 ],
      [ "car_mini", 200 ],
      [ "beetle", 200 ],
      [ "pickup", 700 ],
      [ "hippie_van", 800 ]
    ]
  },
  {
    "type": "vehicle_group",
    "id": "forgotten_vehicles",
    "vehicles": [
      [ "car", 1000 ],
      [ "car_anmlcmpt", 100 ],
      [ "suv", 400 ],
      [ "rv", 200 ],
      [ "car_sports", 300 ],
      [ "cube_van_cheap", 200 ],
      [ "pickup", 500 ],
      [ "hippie_van", 300 ]
    ]
  },
  {
    "type": "vehicle_group",
    "id": "parkinglotbasic",
    "vehicles": [
      [ "bubble_car", 50 ],
      [ "car_sports_electric", 100 ],
      [ "cube_van", 1000 ],
      [ "car_mini", 750 ],
      [ "beetle", 750 ],
      [ "car", 1000 ],
      [ "car_anmlcmpt", 150 ],
      [ "electric_car", 750 ],
      [ "hippie_van", 750 ],
      [ "motorcycle", 500 ],
      [ "superbike", 50 ],
      [ "motorcycle_sidecart", 300 ]
    ]
  },
  {
    "type": "vehicle_group",
    "id": "golf_carts",
    "vehicles": [ [ "golf_cart", 100 ], [ "golf_cart_4seat", 65 ] ]
  },
  {
    "type": "vehicle_group",
    "id": "crashed_helicopters",
    "vehicles": [
        [ "helicopter_wreck_1a", 100 ],
        [ "helicopter_wreck_1b", 400 ],
        [ "helicopter_wreck_1c", 200 ],
        [ "helicopter_wreck_2a", 100 ],
        [ "helicopter_wreck_2b", 400 ],
        [ "helicopter_wreck_2c", 200 ],
        [ "helicopter_wreck_3a", 100 ],
        [ "helicopter_wreck_3b", 400 ],
        [ "helicopter_wreck_3c", 200 ]
      ]
  }
]
