[
  {
    "abstract": "base_drone",
    "type": "MONSTER",
    "name": "autonomous drone",
    "default_faction": "defense_bot",
    "species": [ "ROBOT" ],
    "size": "TINY",
    "hp": 10,
    "material": [ "steel" ],
    "symbol": "e",
    "aggression": 100,
    "morale": 100,
    "luminance": 5,
    "death_drops": {
      "subtype": "collection",
      "groups": [ [ "robots", 80 ] ],
      "//": "80% chance of an item from group robots"
    },
    "death_function": [ "BROKEN_AMMO" ],
    "flags": [ "SEES", "FLIES", "NOHEAD", "ELECTRONIC", "NO_BREATHE", "INTERIOR_AMMO" ]
  },
  {
    "id": "mon_EMP_hack",
    "copy-from": "base_drone",
    "type": "MONSTER",
    "name": "EMP hack",
    "description": "An automated kamikaze drone, this fist-sized robot appears to have an EMP grenade inside.",
    "diff": 6,
    "speed": 250,
    "color": "cyan",
    "armor_cut": 4,
    "revert_to_itype": "bot_EMP_hack",
    "starting_ammo": { "EMPbomb": 1 },
    "special_attacks": [ [ "KAMIKAZE", 0 ] ]
  },
  {
    "id": "mon_c4_hack",
    "copy-from": "base_drone",
    "type": "MONSTER",
    "name": "C-4 hack",
    "description": "An automated kamikaze drone, this fist-sized robot appears to have some C-4 inside.",
    "diff": 20,
    "speed": 250,
    "color": "light_gray",
    "armor_cut": 4,
    "revert_to_itype": "bot_c4_hack",
    "starting_ammo": { "c4": 1 },
    "special_attacks": [ [ "KAMIKAZE", 0 ] ]
  },
  {
    "id": "mon_flashbang_hack",
    "copy-from": "base_drone",
    "type": "MONSTER",
    "name": "flashbang hack",
    "description": "An automated kamikaze drone, this fist-sized robot appears to have a flashbang inside.",
    "diff": 6,
    "speed": 250,
    "color": "dark_gray",
    "armor_cut": 4,
    "revert_to_itype": "bot_flashbang_hack",
    "starting_ammo": { "flashbang": 1 },
    "special_attacks": [ [ "KAMIKAZE", 0 ] ]
  },
  {
    "id": "mon_gasbomb_hack",
    "copy-from": "base_drone",
    "type": "MONSTER",
    "name": "tear gas hack",
    "description": "An automated kamikaze drone, this fist-sized robot appears to have a tear gas canister inside.",
    "diff": 10,
    "speed": 250,
    "color": "dark_gray",
    "armor_cut": 4,
    "revert_to_itype": "bot_gasbomb_hack",
    "starting_ammo": { "gasbomb": 1 },
    "special_attacks": [ [ "KAMIKAZE", 0 ] ]
  },
  {
    "id": "mon_grenade_hack",
    "copy-from": "base_drone",
    "type": "MONSTER",
    "name": "grenade hack",
    "description": "An automated kamikaze drone, this fist-sized robot appears to have a grenade inside.",
    "diff": 10,
    "speed": 250,
    "color": "green",
    "armor_cut": 4,
    "revert_to_itype": "bot_grenade_hack",
    "starting_ammo": { "grenade": 1 },
    "special_attacks": [ [ "KAMIKAZE", 0 ] ]
  },
  {
    "id": "mon_manhack",
    "copy-from": "base_drone",
    "type": "MONSTER",
    "name": "manhack",
    "description": "An automated anti-personnel drone, a fist-sized robot surrounded by whirring blades.",
    "diff": 8,
    "speed": 190,
    "color": "light_green",
    "melee_skill": 10,
    "melee_dice": 2,
    "melee_dice_sides": 4,
    "melee_cut": 12,
    "armor_bash": 2,
    "armor_cut": 8,
    "revert_to_itype": "bot_manhack",
    "death_drops": {
      "groups": [
        [ "robots", 4 ],
        [ "manhack", 1 ]
      ]
    },
    "death_function": [ "BROKEN" ],
    "extend": { "flags": [ "HIT_AND_RUN" ] }
  },
  {
    "id": "mon_mininuke_hack",
    "copy-from": "base_drone",
    "type": "MONSTER",
    "name": "mininuke hack",
    "description": "Many times as large as a normal manhack, this flying drone appears to have a mininuke inside.  If this is targeting you...  Run.",
    "diff": 40,
    "hp": 20,
    "speed": 150,
    "color": "light_green_magenta",
    "armor_bash": 1,
    "armor_cut": 6,
    "revert_to_itype": "bot_mininuke_hack",
    "starting_ammo": { "mininuke": 1 },
    "special_attacks": [ [ "KAMIKAZE", 0 ] ]
  }
]
