[
  {
    "id": "mon_skittering_plague",
    "type": "MONSTER",
    "name": "skittering plague",
    "description": "A giant infected roach, it has been feeding on the undead.",
    "default_faction": "roach",
    "species": [ "INSECT" ],
    "diff": 7,
    "size": "SMALL",
    "hp": 30,
    "speed": 120,
    "material": [ "iflesh" ],
    "symbol": "a",
    "color": "brown",
    "aggression": -99,
    "morale": -8,
    "melee_skill": 4,
    "melee_dice": 1,
    "melee_dice_sides": 6,
    "melee_cut": 3,
    "dodge": 1,
    "armor_bash": 5,
    "armor_cut": 7,
    "vision_day": 5,
    "vision_night": 5,
    "reproduction": { "baby_egg": "egg_roach_plague", "baby_count": 1, "baby_timer": 7 },
    "baby_flags": [ "SPRING", "SUMMER", "AUTUMN" ],
    "biosignature": { "biosig_item": "feces_roach", "biosig_timer": 3 },
    "upgrades": { "age_grow": 7, "into": "mon_plague_vector" },
    "anger_triggers": [ "FRIEND_ATTACKED", "PLAYER_WEAK" ],
    "death_function": [ "NORMAL" ],
    "special_attacks": [ [ "EAT_FOOD", 60 ] ],
    "flags": [ "SEES", "HEARS", "SMELLS", "CHITIN", "CLIMBS", "POISON", "STUMBLES" ]
  },
  {
    "id": "mon_plague_nymph",
    "type": "MONSTER",
    "name": "plague nymph",
    "description": "An infected mutant cockroach about the size of a rat.",
    "default_faction": "roach",
    "species": [ "INSECT", "ZOMBIE" ],
    "diff": 3,
    "size": "TINY",
    "hp": 3,
    "speed": 100,
    "material": [ "iflesh" ],
    "symbol": "a",
    "color": "brown",
    "aggression": -99,
    "morale": -8,
    "melee_skill": 1,
    "melee_dice": 1,
    "melee_dice_sides": 3,
    "dodge": 3,
    "melee_cut": 0,
    "vision_day": 10,
    "vision_night": 3,
    "upgrades": { "age_grow": 7, "into": "mon_skittering_plague" },
    "death_function": [ "NORMAL" ],
    "special_attacks": [ [ "EAT_FOOD", 120 ] ],
    "flags": [ "SEES", "HEARS", "SMELLS", "CHITIN", "CLIMBS", "POISON", "LARVA", "STUMBLES" ]
  },
  {
    "id": "mon_plague_vector",
    "type": "MONSTER",
    "name": "plague vector",
    "description": "This infected roach has been feeding on the undead and started to mutate chaotically.  Extra limbs and growths sprout from its thorax.",
    "default_faction": "roach",
    "species": [ "INSECT" ],
    "diff": 12,
    "size": "SMALL",
    "hp": 70,
    "speed": 100,
    "material": [ "iflesh" ],
    "symbol": "a",
    "color": "brown",
    "aggression": 50,
    "morale": 60,
    "melee_skill": 5,
    "melee_dice": 2,
    "melee_dice_sides": 6,
    "melee_cut": 7,
    "dodge": 1,
    "armor_bash": 5,
    "armor_cut": 10,
    "vision_day": 5,
    "vision_night": 5,
    "reproduction": { "baby_egg": "egg_roach_plague", "baby_count": 3, "baby_timer": 5 },
    "baby_flags": [ "SPRING", "SUMMER", "AUTUMN" ],
    "biosignature": { "biosig_item": "feces_roach", "biosig_timer": 3 },
    "anger_triggers": [ "FRIEND_ATTACKED", "PLAYER_WEAK" ],
    "death_function": [ "NORMAL" ],
    "special_attacks": [ [ "EAT_FOOD", 40 ] ],
    "flags": [ "SEES", "HEARS", "SMELLS", "CHITIN", "CLIMBS", "POISON", "STUMBLES" ]
  },
  {
    "id": "mon_giant_cockroach",
    "type": "MONSTER",
    "name": "giant cockroach",
    "description": "A mutant cockroach the size of a small dog.",
    "default_faction": "roach",
    "species": [ "INSECT" ],
    "diff": 7,
    "size": "SMALL",
    "hp": 40,
    "speed": 100,
    "material": [ "iflesh" ],
    "symbol": "a",
    "color": "brown",
    "aggression": 30,
    "morale": 60,
    "melee_skill": 5,
    "melee_dice": 1,
    "melee_dice_sides": 6,
    "melee_cut": 3,
    "dodge": 1,
    "armor_bash": 5,
    "armor_cut": 10,
    "vision_day": 5,
    "vision_night": 5,
    "reproduction": { "baby_egg": "egg_roach", "baby_count": 1, "baby_timer": 7 },
    "baby_flags": [ "SPRING", "SUMMER", "AUTUMN" ],
    "biosignature": { "biosig_item": "feces_roach", "biosig_timer": 3 },
    "upgrades": { "age_grow": 7, "into": "mon_pregnant_giant_cockroach" },
    "death_function": [ "NORMAL" ],
    "special_attacks": [ [ "EAT_FOOD", 60 ] ],
    "flags": [ "SEES", "HEARS", "SMELLS", "CHITIN", "CLIMBS" ]
  },
  {
    "id": "mon_giant_cockroach_nymph",
    "type": "MONSTER",
    "name": "giant cockroach nymph",
    "description": "A baby mutant cockroach about the size of a rat.",
    "default_faction": "roach",
    "species": [ "INSECT" ],
    "diff": 3,
    "size": "TINY",
    "hp": 10,
    "speed": 50,
    "material": [ "iflesh" ],
    "symbol": "a",
    "color": "brown",
    "aggression": 100,
    "morale": 100,
    "melee_skill": 3,
    "melee_dice": 2,
    "melee_dice_sides": 3,
    "melee_cut": 0,
    "vision_day": 10,
    "vision_night": 3,
    "upgrades": { "age_grow": 7, "into": "mon_giant_cockroach" },
    "death_function": [ "NORMAL" ],
    "special_attacks": [ [ "EAT_FOOD", 120 ] ],
    "flags": [ "SEES", "HEARS", "SMELLS", "CHITIN", "CLIMBS" ]
  },
  {
    "id": "mon_pregnant_giant_cockroach",
    "type": "MONSTER",
    "name": "pregnant giant cockroach",
    "description": "A mutant cockroach the size of a small dog.  It's abdomen is heavily swollen.",
    "default_faction": "roach",
    "species": [ "INSECT" ],
    "diff": 8,
    "size": "SMALL",
    "hp": 40,
    "speed": 100,
    "material": [ "iflesh" ],
    "symbol": "a",
    "color": "brown",
    "aggression": 30,
    "morale": 60,
    "melee_skill": 5,
    "melee_dice": 1,
    "melee_dice_sides": 6,
    "melee_cut": 3,
    "dodge": 1,
    "armor_bash": 5,
    "armor_cut": 10,
    "vision_day": 5,
    "vision_night": 5,
    "reproduction": { "baby_egg": "egg_roach", "baby_count": 3, "baby_timer": 7 },
    "baby_flags": [ "SPRING", "SUMMER", "AUTUMN" ],
    "biosignature": { "biosig_item": "feces_roach", "biosig_timer": 3 },
    "death_function": [ "NORMAL", "PREG_ROACH" ],
    "special_attacks": [ [ "EAT_FOOD", 40 ] ],
    "flags": [ "SEES", "HEARS", "SMELLS", "CHITIN", "CLIMBS" ]
  },
  {
    "id": "mon_bee",
    "type": "MONSTER",
    "name": "giant bee",
    "description": "With a stinger the size of a kitchen knife, this dog-sized insect's black and yellow markings warn you to leave it undisturbed.",
    "default_faction": "bee",
    "species": [ "INSECT" ],
    "diff": 14,
    "size": "SMALL",
    "hp": 30,
    "speed": 140,
    "material": [ "iflesh" ],
    "symbol": "a",
    "color": "yellow",
    "aggression": -10,
    "morale": 20,
    "melee_skill": 4,
    "melee_dice": 2,
    "melee_dice_sides": 6,
    "melee_cut": 4,
    "dodge": 4,
    "armor_bash": 4,
    "armor_cut": 6,
    "vision_day": 10,
    "vision_night": 5,
    "anger_triggers": [ "HURT", "FRIEND_DIED", "PLAYER_CLOSE" ],
    "death_drops": { "subtype": "collection", "groups": [ [ "bees", 50 ] ], "//": "50% chance of an item from group bees" },
    "death_function": [ "NORMAL" ],
    "flags": [ "SEES", "SMELLS", "VENOM", "FLIES", "STUMBLES", "CHITIN", "SWARMS", "GROUP_MORALE" ]
  },
  {
    "id": "mon_centipede_giant",
    "type": "MONSTER",
    "name": "giant centipede",
    "description": "A meter-long centipede with a menacing pair of pincers, moving swiftly on dozens of spindly legs.",
    "default_faction": "centipede",
    "species": [ "INSECT" ],
    "diff": 12,
    "size": "MEDIUM",
    "hp": 70,
    "speed": 140,
    "material": [ "iflesh" ],
    "symbol": "a",
    "color": "light_green",
    "aggression": 40,
    "morale": 100,
    "melee_skill": 6,
    "melee_dice": 1,
    "melee_dice_sides": 8,
    "melee_cut": 6,
    "dodge": 2,
    "armor_bash": 2,
    "armor_cut": 8,
    "vision_day": 5,
    "vision_night": 5,
    "death_function": [ "NORMAL" ],
    "flags": [ "SEES", "SMELLS", "HEARS", "VENOM", "CHITIN", "FAT" ]
  },
  {
    "id": "mon_dragonfly_giant",
    "type": "MONSTER",
    "name": "giant dragonfly",
    "name_plural": "giant dragonflies",
    "description": "A ferocious mutant dragonfly as big as a cat, darting through the air with a cluster of fangs for a mouth.",
    "default_faction": "dragonfly",
    "species": [ "INSECT" ],
    "diff": 13,
    "size": "SMALL",
    "hp": 70,
    "speed": 150,
    "material": [ "iflesh" ],
    "symbol": "y",
    "color": "light_green",
    "aggression": 20,
    "morale": 100,
    "melee_skill": 6,
    "melee_dice": 1,
    "melee_dice_sides": 6,
    "melee_cut": 6,
    "dodge": 8,
    "armor_cut": 6,
    "vision_day": 30,
    "vision_night": 5,
    "anger_triggers": [ "PLAYER_WEAK" ],
    "fear_triggers": [ "PLAYER_CLOSE" ],
    "death_function": [ "NORMAL" ],
    "flags": [ "SEES", "SMELLS", "FLIES", "HIT_AND_RUN", "CHITIN" ]
  },
  {
    "id": "mon_fly",
    "type": "MONSTER",
    "name": "giant fly",
    "name_plural": "giant flies",
    "description": "A tremendous housefly the size of a small dog, predictably accompanied by a loud, incessant buzzing sound.",
    "default_faction": "small_animal",
    "species": [ "INSECT" ],
    "diff": 8,
    "size": "SMALL",
    "hp": 25,
    "speed": 120,
    "material": [ "iflesh" ],
    "symbol": "a",
    "color": "light_green",
    "aggression": -50,
    "morale": 30,
    "melee_skill": 3,
    "melee_dice": 1,
    "melee_dice_sides": 3,
    "melee_cut": 0,
    "dodge": 5,
    "vision_day": 5,
    "vision_night": 5,
    "fear_triggers": [ "PLAYER_CLOSE" ],
    "death_function": [ "NORMAL" ],
    "flags": [ "SEES", "SMELLS", "FLIES", "STUMBLES", "HIT_AND_RUN", "CHITIN", "FAT" ]
  },
  {
    "id": "mon_mosquito_giant",
    "type": "MONSTER",
    "name": "giant mosquito",
    "description": "An enormous mutant mosquito, fluttering erratically.  Its face is dominated by a long, spear-tipped proboscis.",
    "default_faction": "mosquito",
    "species": [ "INSECT" ],
    "diff": 12,
    "size": "SMALL",
    "hp": 20,
    "speed": 120,
    "material": [ "iflesh" ],
    "symbol": "y",
    "color": "brown",
    "aggression": 20,
    "morale": 20,
    "melee_skill": 4,
    "melee_dice": 1,
    "melee_dice_sides": 4,
    "melee_cut": 1,
    "dodge": 8,
    "vision_day": 5,
    "vision_night": 5,
    "death_function": [ "NORMAL" ],
    "flags": [ "SEES", "SMELLS", "HEARS", "STUMBLES", "VENOM", "FLIES", "HIT_AND_RUN", "CHITIN" ]
  },
  {
    "id": "mon_spider_cellar_giant",
    "type": "MONSTER",
    "name": "giant cellar spider",
    "description": "A twitchy mutant brown spider, with a relatively small body and spindly long legs.  Its smaller brethren are known for being agile, and for preying upon other spiders.",
    "default_faction": "spider_cellar",
    "species": [ "SPIDER" ],
    "diff": 20,
    "size": "SMALL",
    "hp": 45,
    "speed": 150,
    "material": [ "iflesh" ],
    "symbol": "s",
    "color": "brown",
    "aggression": -10,
    "morale": 100,
    "melee_skill": 6,
    "melee_dice": 1,
    "melee_dice_sides": 8,
    "melee_cut": 4,
    "dodge": 7,
    "armor_bash": 1,
    "armor_cut": 2,
    "armor_acid": 3,
    "vision_day": 5,
    "vision_night": 5,
    "anger_triggers": [ "STALK", "PLAYER_WEAK", "PLAYER_CLOSE" ],
    "death_function": [ "NORMAL" ],
    "flags": [ "SEES", "SMELLS", "HEARS", "VENOM", "WEBWALK", "CHITIN", "CLIMBS", "HARDTOSHOOT", "PUSH_MON" ],
    "//": "No, they are not in fact the most venomous spider in the world."
  },
  {
    "id": "mon_spider_cellar_giant_s",
    "type": "MONSTER",
    "name": "immature giant cellar spider",
    "description": "A newly-hatched giant cellar spider.  Too small to possess much venom, but still quick and agile like an adult.",
    "default_faction": "spider_cellar",
    "species": [ "SPIDER" ],
    "diff": 10,
    "size": "TINY",
    "hp": 23,
    "speed": 150,
    "material": [ "iflesh" ],
    "symbol": "c",
    "color": "brown",
    "aggression": -10,
    "morale": 100,
    "melee_skill": 5,
    "melee_dice": 1,
    "melee_dice_sides": 3,
    "melee_cut": 2,
    "dodge": 6,
    "armor_bash": 1,
    "armor_cut": 2,
    "armor_acid": 3,
    "vision_day": 5,
    "vision_night": 5,
    "anger_triggers": [ "STALK", "PLAYER_WEAK", "PLAYER_CLOSE" ],
    "death_function": [ "NORMAL" ],
    "flags": [ "SEES", "SMELLS", "HEARS", "WEBWALK", "CHITIN", "CLIMBS", "HARDTOSHOOT" ]
  },
  {
    "id": "mon_spider_jumping_giant",
    "type": "MONSTER",
    "name": "giant jumping spider",
    "description": "A giant spider with big forelegs and two pairs of inquisitive-looking eyes.  It can leap quite quickly, even into the treetops.",
    "default_faction": "spider_jumping",
    "species": [ "SPIDER" ],
    "diff": 4,
    "size": "SMALL",
    "hp": 30,
    "speed": 100,
    "material": [ "iflesh" ],
    "symbol": "s",
    "color": "white",
    "aggression": -20,
    "morale": 80,
    "melee_skill": 5,
    "melee_dice": 1,
    "melee_dice_sides": 1,
    "melee_cut": 4,
    "dodge": 8,
    "armor_cut": 3,
    "vision_day": 5,
    "vision_night": 5,
    "special_attacks": [ { "type": "leap", "cooldown": 2, "max_range": 5 } ],
    "anger_triggers": [ "PLAYER_CLOSE" ],
    "death_function": [ "NORMAL" ],
    "flags": [ "SEES", "SMELLS", "HEARS", "VENOM", "HIT_AND_RUN", "CHITIN", "CLIMBS" ]
  },
  {
    "id": "mon_spider_trapdoor_giant",
    "type": "MONSTER",
    "name": "giant trapdoor spider",
    "description": "A gigantic spider with a bulbous thorax.  It digs a deep underground burrow that serves as a pit to trap unwary prey.",
    "default_faction": "spider_trapdoor",
    "species": [ "SPIDER" ],
    "diff": 20,
    "size": "MEDIUM",
    "hp": 70,
    "speed": 110,
    "material": [ "iflesh" ],
    "symbol": "s",
    "color": "blue",
    "aggression": 60,
    "morale": 100,
    "melee_skill": 6,
    "melee_dice": 1,
    "melee_dice_sides": 1,
    "melee_cut": 8,
    "dodge": 2,
    "armor_bash": 4,
    "armor_cut": 8,
    "vision_day": 5,
    "vision_night": 5,
    "death_function": [ "NORMAL" ],
    "flags": [ "SEES", "SMELLS", "HEARS", "VENOM", "GRABS", "CAN_DIG", "WEBWALK", "CHITIN", "FAT", "CLIMBS" ]
  },
  {
    "id": "mon_spider_web",
    "type": "MONSTER",
    "name": "giant web spider",
    "description": "A giant mutated grass spider, it waits for prey to become ensnared in the vast webs that it weaves between the trees.",
    "default_faction": "spider_web",
    "species": [ "SPIDER" ],
    "diff": 14,
    "size": "MEDIUM",
    "hp": 40,
    "speed": 110,
    "material": [ "iflesh" ],
    "symbol": "s",
    "color": "yellow",
    "aggression": 20,
    "morale": 100,
    "melee_skill": 4,
    "melee_dice": 1,
    "melee_dice_sides": 6,
    "melee_cut": 6,
    "dodge": 2,
    "armor_bash": 2,
    "armor_cut": 6,
    "vision_day": 5,
    "vision_night": 5,
    "death_function": [ "NORMAL" ],
    "flags": [ "SEES", "SMELLS", "HEARS", "VENOM", "WEBWALK", "CHITIN", "CLIMBS" ]
  },
  {
    "id": "mon_spider_web_s",
    "type": "MONSTER",
    "name": "immature giant web spider",
    "description": "A still immature giant grass spider.  Too young to be venomous, or to walk proficiently for that matter",
    "default_faction": "spider_web",
    "species": [ "SPIDER" ],
    "diff": 7,
    "size": "SMALL",
    "hp": 20,
    "speed": 40,
    "material": [ "iflesh" ],
    "symbol": "c",
    "color": "yellow",
    "aggression": 20,
    "morale": 100,
    "melee_skill": 1,
    "melee_dice": 1,
    "melee_dice_sides": 3,
    "melee_cut": 6,
    "dodge": 1,
    "armor_bash": 2,
    "armor_cut": 6,
    "vision_day": 5,
    "vision_night": 5,
    "death_function": [ "NORMAL" ],
    "flags": [ "SEES", "SMELLS", "HEARS", "WEBWALK", "STUMBLES", "CHITIN", "CLIMBS" ]
  },
  {
    "id": "mon_spider_widow_giant",
    "type": "MONSTER",
    "name": "giant black widow",
    "description": "A giant mutated black widow spider.  A highly venomous nightmare come to life.",
    "default_faction": "spider_widow",
    "species": [ "SPIDER" ],
    "diff": 20,
    "size": "SMALL",
    "hp": 60,
    "speed": 90,
    "material": [ "iflesh" ],
    "symbol": "s",
    "color": "dark_gray",
    "aggression": -10,
    "morale": 100,
    "melee_skill": 6,
    "melee_dice": 1,
    "melee_dice_sides": 6,
    "melee_cut": 2,
    "dodge": 2,
    "armor_bash": 2,
    "armor_cut": 4,
    "vision_day": 5,
    "vision_night": 5,
    "anger_triggers": [ "PLAYER_WEAK", "PLAYER_CLOSE" ],
    "death_function": [ "NORMAL" ],
    "flags": [ "SEES", "SMELLS", "HEARS", "BADVENOM", "WEBWALK", "CHITIN", "CLIMBS" ]
  },
  {
    "id": "mon_spider_widow_giant_s",
    "type": "MONSTER",
    "name": "giant black widow spiderling",
    "description": "The horrid spawn of a giant black widow spider.  Even as a newborn, this foul creature knows only how to kill.",
    "default_faction": "spider_widow",
    "species": [ "SPIDER" ],
    "diff": 10,
    "size": "SMALL",
    "hp": 30,
    "speed": 90,
    "material": [ "iflesh" ],
    "symbol": "c",
    "color": "dark_gray",
    "aggression": -10,
    "morale": 100,
    "melee_skill": 4,
    "melee_dice": 1,
    "melee_dice_sides": 3,
    "melee_cut": 2,
    "dodge": 1,
    "armor_bash": 2,
    "armor_cut": 4,
    "vision_day": 5,
    "vision_night": 5,
    "anger_triggers": [ "PLAYER_WEAK", "PLAYER_CLOSE" ],
    "death_function": [ "NORMAL" ],
    "flags": [ "SEES", "SMELLS", "HEARS", "VENOM", "WEBWALK", "CHITIN", "CLIMBS" ]
  },
  {
    "id": "mon_spider_wolf_giant",
    "type": "MONSTER",
    "name": "giant wolf spider",
    "description": "A wolf spider mutated to about thirty times its normal size, it moves quickly and aggressively to catch and consume prey.",
    "default_faction": "spider_wolf",
    "species": [ "SPIDER" ],
    "diff": 20,
    "size": "MEDIUM",
    "hp": 40,
    "speed": 150,
    "material": [ "iflesh" ],
    "symbol": "s",
    "color": "brown",
    "aggression": 20,
    "morale": 100,
    "melee_skill": 5,
    "melee_dice": 1,
    "melee_dice_sides": 8,
    "melee_cut": 8,
    "dodge": 4,
    "armor_bash": 4,
    "armor_cut": 8,
    "vision_day": 5,
    "vision_night": 5,
    "anger_triggers": [ "STALK", "PLAYER_WEAK", "HURT", "PLAYER_CLOSE" ],
    "death_function": [ "NORMAL" ],
    "flags": [ "SEES", "SMELLS", "HEARS", "VENOM", "CHITIN", "FAT", "CLIMBS" ]
  },
  {
    "id": "mon_wasp",
    "type": "MONSTER",
    "name": "giant wasp",
    "description": "A gigantic slender-bodied wasp with an evil-looking stinger protruding from its abdomen.  Its exoskeleton glowers with ominous red markings.",
    "default_faction": "wasp",
    "species": [ "INSECT" ],
    "diff": 20,
    "size": "MEDIUM",
    "hp": 40,
    "speed": 150,
    "material": [ "iflesh" ],
    "symbol": "a",
    "color": "dark_gray",
    "aggression": 10,
    "morale": 40,
    "melee_skill": 5,
    "melee_dice": 2,
    "melee_dice_sides": 6,
    "melee_cut": 8,
    "dodge": 4,
    "armor_bash": 4,
    "armor_cut": 8,
    "vision_day": 10,
    "vision_night": 5,
    "anger_triggers": [ "HURT", "FRIEND_DIED", "PLAYER_CLOSE", "PLAYER_WEAK", "STALK" ],
    "death_drops": { "subtype": "collection", "groups": [ [ "wasps", 40 ] ], "//": "40% chance of an item from group bees" },
    "death_function": [ "NORMAL" ],
    "flags": [ "SEES", "SMELLS", "VENOM", "FLIES", "CHITIN", "SWARMS", "GROUP_MORALE" ]
  },
  {
    "id": "mon_dermatik",
    "type": "MONSTER",
    "name": "dermatik",
    "description": "A mutated wasp nearly the size of a cat, with a barbed ovipositor extruding from the abdomen.",
    "default_faction": "dermatik",
    "species": [ "INSECT" ],
    "diff": 18,
    "size": "TINY",
    "hp": 60,
    "speed": 110,
    "material": [ "iflesh" ],
    "symbol": "a",
    "color": "red",
    "aggression": 90,
    "morale": 70,
    "melee_skill": 6,
    "melee_dice": 1,
    "melee_dice_sides": 6,
    "melee_cut": 3,
    "dodge": 8,
    "armor_cut": 6,
    "special_attacks": [ [ "DERMATIK", 25 ] ],
    "anger_triggers": [ "FRIEND_ATTACKED", "PLAYER_WEAK" ],
    "death_function": [ "NORMAL" ],
    "flags": [ "HEARS", "SMELLS", "STUMBLES", "POISON", "FLIES", "CHITIN" ]
  },
  {
    "id": "mon_dermatik_larva",
    "type": "MONSTER",
    "name": "dermatik larva",
    "description": "A fat white grub as big as a squirrel, with a pair of large, spadelike mandibles.",
    "default_faction": "dermatik",
    "species": [ "INSECT" ],
    "diff": 4,
    "size": "TINY",
    "hp": 10,
    "speed": 20,
    "material": [ "iflesh" ],
    "symbol": "a",
    "color": "white",
    "aggression": -20,
    "morale": -20,
    "melee_skill": 1,
    "melee_dice": 1,
    "melee_dice_sides": 1,
    "melee_cut": 1,
    "dodge": 1,
    "special_attacks": [ [ "DERMATIK_GROWTH", 14400 ] ],
    "death_function": [ "NORMAL" ],
    "flags": [ "HEARS", "SMELLS", "POISON", "CAN_DIG", "LARVA" ]
  },
  {
    "id": "mon_ant",
    "type": "MONSTER",
    "name": "giant ant",
    "description": "An enormous red ant covered in chitinous plates.  It possesses a pair of wriggling antennae and vicious-looking mandibles.",
    "default_faction": "ant",
    "species": [ "INSECT" ],
    "diff": 7,
    "size": "MEDIUM",
    "hp": 40,
    "speed": 100,
    "material": [ "iflesh" ],
    "symbol": "a",
    "color": "brown",
    "morale": 60,
    "melee_skill": 5,
    "melee_dice": 1,
    "melee_dice_sides": 6,
    "melee_cut": 6,
    "dodge": 1,
    "armor_bash": 5,
    "armor_cut": 10,
    "vision_day": 5,
    "vision_night": 5,
    "upgrades": { "age_grow": 14, "into": "mon_ant_soldier" },
    "anger_triggers": [ "FRIEND_ATTACKED", "FRIEND_DIED", "HURT", "PLAYER_WEAK" ],
    "death_function": [ "NORMAL" ],
    "special_attacks": [ [ "EAT_FOOD", 30 ] ],
    "flags": [ "SEES", "HEARS", "SMELLS", "CHITIN", "CLIMBS" ]
  },
  {
    "id": "mon_ant_acid",
    "type": "MONSTER",
    "name": "giant acidic ant",
    "description": "A monstrous red ant with a swollen abdomen, that ends with a small orifice at the tip.  Glistening liquid seems to drip out periodically.",
    "default_faction": "ant",
    "species": [ "INSECT" ],
    "diff": 12,
    "size": "MEDIUM",
    "hp": 60,
    "speed": 100,
    "material": [ "iflesh" ],
    "symbol": "a",
    "color": "green",
    "morale": 60,
    "melee_skill": 5,
    "melee_dice": 1,
    "melee_dice_sides": 6,
    "melee_cut": 6,
    "dodge": 1,
    "armor_bash": 6,
    "armor_cut": 10,
    "vision_day": 5,
    "vision_night": 5,
    "upgrades": { "into": "mon_ant_acid_soldier", "half_life": 0 },
    "special_attacks": [ [ "ACID", 23 ], [ "EAT_FOOD", 30 ] ],
    "anger_triggers": [ "FRIEND_ATTACKED", "FRIEND_DIED", "HURT", "PLAYER_CLOSE" ],
    "death_function": [ "ACID", "NORMAL" ],
    "harvest": "acidant_med",
    "flags": [ "ACIDPROOF", "CLIMBS", "HEARS", "POISON", "SEES", "SMELLS" ]
  },
  {
    "id": "mon_ant_acid_larva",
    "type": "MONSTER",
    "name": "acidic ant larva",
    "description": "A squirming yellow grub that seems to be oozing liquid from both ends of its body.  It appears its chitin hasn't developed enough to resist acid.",
    "default_faction": "acid_ant",
    "species": [ "INSECT" ],
    "size": "SMALL",
    "hp": 20,
    "speed": 15,
    "material": [ "iflesh" ],
    "symbol": "a",
    "color": "yellow",
    "aggression": -1,
    "morale": 10,
    "melee_skill": 2,
    "melee_dice": 1,
    "melee_dice_sides": 3,
    "melee_cut": 0,
    "upgrades": { "into": "mon_ant_acid", "half_life": 0 },
    "death_function": [ "ACID", "NORMAL" ],
    "harvest": "acidant_larva",
    "flags": [ "LARVA", "POISON", "SMELLS" ]
  },
  {
    "id": "mon_ant_acid_queen",
    "type": "MONSTER",
    "name": "acidic queen ant",
    "description": "An enormous brown ant with an elongated, pulsating abdomen.  Its orifice seems developed only for egg-laying rather than spraying acid like the rest of the colony, but it doesn't seem affected by the acrid liquid either.",
    "default_faction": "acid_ant",
    "species": [ "INSECT" ],
    "diff": 13,
    "size": "LARGE",
    "hp": 100,
    "speed": 60,
    "material": [ "iflesh" ],
    "symbol": "a",
    "color": "green",
    "aggression": 20,
    "morale": 100,
    "melee_skill": 6,
    "melee_dice": 3,
    "melee_dice_sides": 4,
    "melee_cut": 5,
    "dodge": 1,
    "armor_bash": 8,
    "armor_cut": 16,
    "special_attacks": [ [ "ANTQUEEN", 1 ] ],
    "anger_triggers": [ "FRIEND_ATTACKED", "FRIEND_DIED", "HURT", "PLAYER_CLOSE" ],
    "death_function": [ "NORMAL" ],
    "harvest": "acidant_queen",
    "flags": [ "ACIDPROOF", "CLIMBS", "HEARS", "QUEEN", "SEES", "SMELLS" ]
  },
  {
    "id": "mon_ant_acid_soldier",
    "type": "MONSTER",
    "name": "acidic soldier ant",
    "description": "A massive woolly brown ant that towers over the worker ants with a giant head crest.  Along with its huge mandibles, a corrosive liquid seeps from the end of its bloated abdomen.",
    "default_faction": "ant",
    "species": [ "INSECT" ],
    "diff": 21,
    "size": "MEDIUM",
    "hp": 100,
    "speed": 100,
    "material": [ "iflesh" ],
    "symbol": "a",
    "color": "brown",
    "aggression": 40,
    "morale": 100,
    "melee_skill": 7,
    "melee_dice": 1,
    "melee_dice_sides": 8,
    "melee_cut": 8,
    "dodge": 2,
    "armor_bash": 12,
    "armor_cut": 14,
    "vision_day": 5,
    "vision_night": 5,
    "special_attacks": [ [ "ACID", 15 ] ],
    "anger_triggers": [ "FRIEND_ATTACKED", "FRIEND_DIED", "HURT", "PLAYER_CLOSE" ],
    "death_function": [ "ACID", "NORMAL" ],
    "harvest": "acidant_med",
    "flags": [ "ACIDPROOF", "ACIDTRAIL", "CLIMBS", "HEARS", "POISON", "SEES", "SMELLS" ]
  },
  {
    "id": "mon_ant_fungus",
    "type": "MONSTER",
    "name": "fungal ant",
    "description": "Pale, sickly gray in color, this giant ant's cracked exoskeleton is barely held together by coils of fungus erupting from every joint in its body.",
    "default_faction": "fungus",
    "species": [ "FUNGUS" ],
    "diff": 5,
    "size": "MEDIUM",
    "hp": 40,
    "speed": 60,
    "material": [ "veggy" ],
    "symbol": "a",
    "color": "light_gray",
    "aggression": 100,
    "morale": 100,
    "melee_skill": 3,
    "melee_dice": 1,
    "melee_dice_sides": 5,
    "melee_cut": 3,
    "dodge": 1,
    "armor_bash": 1,
    "armor_cut": 1,
    "vision_day": 3,
    "vision_night": 3,
    "special_attacks": [ [ "FUNGUS", 200 ] ],
    "death_function": [ "NORMAL", "FUNGUS" ],
    "flags": [ "SEES", "SMELLS", "POISON", "CLIMBS" ]
  },
  {
    "id": "mon_ant_larva",
    "type": "MONSTER",
    "name": "ant larva",
    "description": "A pulsating sausage of glistening white flesh, the size of a large cat.  On one end is a set of squirming mouth parts.",
    "default_faction": "ant",
    "species": [ "INSECT" ],
    "size": "SMALL",
    "hp": 10,
    "speed": 15,
    "material": [ "iflesh" ],
    "symbol": "a",
    "color": "white",
    "aggression": -1,
    "morale": 10,
    "melee_skill": 2,
    "melee_dice": 1,
    "melee_dice_sides": 3,
    "melee_cut": 0,
    "upgrades": { "age_grow": 3, "into": "mon_ant" },
    "death_function": [ "NORMAL" ],
    "flags": [ "SMELLS", "LARVA" ]
  },
  {
    "id": "mon_ant_queen",
    "type": "MONSTER",
    "name": "queen ant",
    "description": "A colossal red ant with a bulging, bloated thorax.  It moves slowly and deliberately, tending to nearby eggs and continually laying more.",
    "default_faction": "ant",
    "species": [ "INSECT" ],
    "diff": 13,
    "size": "LARGE",
    "hp": 80,
    "speed": 40,
    "material": [ "iflesh" ],
    "symbol": "a",
    "color": "light_red",
    "morale": 100,
    "melee_skill": 5,
    "melee_dice": 3,
    "melee_dice_sides": 4,
    "melee_cut": 4,
    "dodge": 1,
    "armor_bash": 6,
    "armor_cut": 14,
    "special_attacks": [ [ "ANTQUEEN", 1 ] ],
    "anger_triggers": [ "FRIEND_ATTACKED", "FRIEND_DIED", "HURT" ],
    "death_function": [ "NORMAL" ],
    "flags": [ "SMELLS", "QUEEN", "CHITIN", "FAT", "CLIMBS" ]
  },
  {
    "id": "mon_ant_soldier",
    "type": "MONSTER",
    "name": "soldier ant",
    "description": "A huge and hairy red ant almost twice the size of other giant ants.  Bulging pincers extend from its jaws.",
    "default_faction": "ant",
    "species": [ "INSECT" ],
    "diff": 16,
    "size": "MEDIUM",
    "hp": 80,
    "speed": 100,
    "material": [ "iflesh" ],
    "symbol": "a",
    "color": "red",
    "aggression": 30,
    "morale": 100,
    "melee_skill": 7,
    "melee_dice": 1,
    "melee_dice_sides": 8,
    "melee_cut": 6,
    "dodge": 2,
    "armor_bash": 10,
    "armor_cut": 12,
    "vision_day": 5,
    "vision_night": 5,
    "anger_triggers": [ "FRIEND_ATTACKED", "FRIEND_DIED", "HURT", "PLAYER_CLOSE" ],
    "death_function": [ "NORMAL" ],
    "flags": [ "SEES", "HEARS", "SMELLS", "CHITIN", "CLIMBS" ]
  },
  {
    "id": "mon_locust",
    "type": "MONSTER",
    "name": "giant locust",
    "description": "An overgrown locust.  You don't think it'll eat you but it could cause massive damage to nearby plants.",
    "default_faction": "locust",
    "species": [ "INSECT" ],
    "diff": 7,
    "size": "SMALL",
    "hp": 30,
    "speed": 90,
    "material": [ "flesh" ],
    "symbol": "g",
    "color": "brown",
    "aggression": -5,
    "morale": 10,
    "melee_skill": 3,
    "melee_dice": 1,
    "melee_dice_sides": 6,
    "melee_cut": 3,
    "dodge": 2,
    "armor_bash": 3,
    "armor_cut": 4,
    "vision_day": 10,
    "reproduction": { "baby_egg": "egg_locust", "baby_count": 5, "baby_timer": 10 },
    "baby_flags": [ "AUTUMN" ],
    "biosignature": { "biosig_item": "feces_roach", "biosig_timer": 3 },
    "anger_triggers": [ "FRIEND_ATTACKED" ],
    "death_function": [ "NORMAL" ],
    "special_attacks": [ { "type": "leap", "cooldown": 2, "max_range": 8 }, [ "EAT_CROP", 60 ] ],
    "flags": [ "SEES", "HEARS", "SMELLS", "CHITIN", "CLIMBS", "STUMBLES" ]
  },
  {
    "id": "mon_locust_nymph",
    "type": "MONSTER",
    "name": "locust nymph",
    "description": "A locust the size of a rabbit.  You’d hate to think what a swarm of these could do.",
    "default_faction": "locust",
    "species": [ "INSECT" ],
    "diff": 2,
    "size": "TINY",
    "hp": 5,
    "speed": 80,
    "material": [ "flesh" ],
    "symbol": "g",
    "color": "brown",
    "aggression": -99,
    "morale": -8,
    "melee_skill": 1,
    "melee_dice": 1,
    "melee_dice_sides": 3,
    "dodge": 3,
    "melee_cut": 0,
    "vision_day": 10,
    "upgrades": { "age_grow": 10, "into": "mon_locust" },
    "death_function": [ "NORMAL" ],
    "special_attacks": [ { "type": "leap", "cooldown": 4, "max_range": 4 }, [ "EAT_CROP", 120 ] ],
    "flags": [ "SEES", "HEARS", "SMELLS", "CHITIN", "CLIMBS", "LARVA", "STUMBLES" ]
  }
]
