[
  {
    "type": "item_group",
    "id": "gathering_faction_base_camp_firewood",
    "items": [ [ "stick", 200 ], [ "withered", 10 ], [ "straw_pile", 10 ], [ "splinter", 400 ] ]
  },
  {
    "type": "item_group",
    "id": "gathering_faction_base_camp_1",
    "items": [ [ "2x4", 100 ], [ "stick", 200 ], [ "rock", 100 ], [ "straw_pile", 100 ], [ "nail", 10 ] ]
  },
  {
    "type": "item_group",
    "id": "gathering_faction_base_camp_2",
    "items": [ [ "2x4", 100 ], [ "stick", 200 ], [ "rock", 100 ], [ "nail", 10 ] ]
  },
  {
    "type": "item_group",
    "id": "gathering_faction_base_camp_3",
    "items": [
      [ "2x4", 100 ],
      [ "stick", 300 ],
      [ "rock", 100 ],
      [ "straw_pile", 100 ],
      [ "nail", 10 ],
      [ "sheet_metal", 20 ],
      [ "pipe", 30 ]
    ]
  },
  {
    "type": "item_group",
    "id": "gathering_faction_base_camp_4",
    "items": [
      [ "2x4", 100 ],
      [ "stick", 300 ],
      [ "rock", 100 ],
      [ "straw_pile", 100 ],
      [ "nail", 10 ],
      [ "sheet_metal", 20 ],
      [ "pipe", 30 ],
      [ "broketent", 10 ]
    ]
  },
  {
    "type": "item_group",
    "id": "gathering_faction_base_camp_5",
    "items": [ [ "2x4", 50 ], [ "log", 100 ], [ "stick", 300 ], [ "nail", 10 ], [ "broketent", 10 ] ]
  },
  {
    "type": "item_group",
    "id": "gathering_faction_base_camp_6",
    "items": [
      [ "2x4", 100 ],
      [ "stick", 300 ],
      [ "rock", 100 ],
      [ "straw_pile", 100 ],
      [ "nail", 10 ],
      [ "sheet_metal", 20 ],
      [ "pipe", 30 ],
      [ "broketent", 10 ],
      [ "scrap", 20 ]
    ]
  },
  {
    "type": "item_group",
    "id": "gathering_faction_base_camp_7",
    "items": [
      [ "2x4", 50 ],
      [ "log", 100 ],
      [ "stick", 300 ],
      [ "nail", 10 ],
      [ "broketent", 10 ],
      [ "metal_tank", 10 ],
      [ "scrap", 20 ]
    ]
  },
  {
    "type": "item_group",
    "id": "gathering_faction_base_camp_8",
    "items": [
      [ "2x4", 100 ],
      [ "stick", 300 ],
      [ "rock", 100 ],
      [ "straw_pile", 100 ],
      [ "nail", 10 ],
      [ "sheet_metal", 20 ],
      [ "pipe", 30 ],
      [ "broketent", 10 ],
      [ "scrap", 20 ]
    ]
  },
  {
    "type": "item_group",
    "id": "gathering_faction_base_camp_9",
    "items": [
      [ "2x4", 10 ],
      [ "log", 100 ],
      [ "stick", 300 ],
      [ "nail", 10 ],
      [ "broketent", 10 ],
      [ "sheet_metal", 20 ],
      [ "scrap", 20 ]
    ]
  },
  {
    "type": "item_group",
    "id": "gathering_faction_base_camp_10",
    "items": [ [ "2x4", 30 ], [ "log", 100 ], [ "stick", 300 ], [ "nail", 10 ] ]
  },
  {
    "type": "item_group",
    "id": "gathering_faction_base_camp_11",
    "items": [
      [ "rock", 100 ],
      [ "stick", 100 ],
      [ "pipe", 30 ],
      [ "2x4", 40 ],
      [ "nail", 10 ],
      [ "scrap", 40 ],
      [ "steel_chunk", 20 ],
      [ "broketent", 10 ],
      [ "well_pump", 5 ]
    ]
  },
  {
    "type": "item_group",
    "id": "gathering_faction_base_camp_12",
    "items": [
      [ "withered", 300 ],
      [ "straw_pile", 100 ],
      [ "vine_30", 50 ],
      [ "log", 100 ],
      [ "nail", 10 ],
      [ "scrap", 20 ],
      [ "steel_chunk", 10 ],
      [ "broketent", 10 ]
    ]
  },
  {
    "type": "item_group",
    "id": "gathering_faction_base_camp_13",
    "items": [
      [ "withered", 500 ],
      [ "straw_pile", 100 ],
      [ "vine_30", 50 ],
      [ "log", 100 ],
      [ "nail", 10 ],
      [ "scrap", 20 ],
      [ "steel_chunk", 10 ],
      [ "broketent", 10 ]
    ]
  },
  {
    "type": "item_group",
    "id": "gathering_faction_base_camp_14",
    "items": [
      [ "withered", 100 ],
      [ "straw_pile", 50 ],
      [ "vine_30", 25 ],
      [ "2x4", 50 ],
      [ "log", 100 ],
      [ "stick", 300 ],
      [ "nail", 10 ],
      [ "broketent", 30 ],
      [ "metal_tank", 10 ],
      [ "scrap", 20 ]
    ]
  },
  {
    "type": "item_group",
    "id": "gathering_faction_base_camp_15",
    "items": [
      [ "2x4", 50 ],
      [ "pipe", 50 ],
      [ "stick", 300 ],
      [ "nail", 10 ],
      [ "broketent", 30 ],
      [ "metal_tank", 20 ],
      [ "scrap", 30 ]
    ]
  },
  {
    "type": "item_group",
    "id": "gathering_faction_base_camp_16",
    "items": [ [ "2x4", 100 ], [ "stick", 300 ], [ "nail", 20 ], [ "scrap", 30 ] ]
  },
  {
    "type": "item_group",
    "id": "gathering_faction_base_camp_17",
    "items": [
      [ "2x4", 10 ],
      [ "log", 100 ],
      [ "stick", 300 ],
      [ "nail", 10 ],
      [ "broketent", 10 ],
      [ "sheet_metal", 20 ],
      [ "scrap", 30 ]
    ]
  },
  {
    "type": "item_group",
    "comment": "There are no more upgrades for the camp but you shouldn't be punished for that.",
    "id": "gathering_faction_base_camp_18",
    "items": [
      [ "2x4", 10 ],
      [ "log", 100 ],
      [ "stick", 300 ],
      [ "nail", 10 ],
      [ "rag", 100 ],
      [ "sheet_metal", 20 ],
      [ "scrap", 30 ],
      [ "withered", 50 ],
      [ "straw_pile", 50 ],
      [ "vine_30", 5 ]
    ]
  }
]
