[
  {
    "type": "item_group",
    "id": "everyday_gear",
    "//": "Small common items carried in a person's pockets, purse, etc. Cash card at roughly 50%.",
    "items": [
      { "item": "cash_card", "prob": 1600, "charges-min": 0, "charges-max": 50000 },
      [ "cell_phone", 50 ],
      [ "smart_phone", 180 ],
      { "item": "cig", "prob": 250, "charges-min": 1, "charges-max": 20 },
      [ "lighter", 200 ],
      [ "joint", 10 ],
      [ "ref_lighter", 50 ],
      [ "matches", 50 ],
      [ "ecig", 15 ],
      [ "chaw", 5 ],
      [ "cigar", 5 ],
      [ "advanced_ecig", 10 ],
      [ "nicotine_liquid", 25 ],
      [ "permanent_marker", 10 ],
      [ "dog_whistle", 5 ],
      [ "multitool", 1 ],
      [ "cane", 25 ],
      [ "pocketwatch", 50 ],
      [ "pockknife", 50 ],
      [ "knife_folding", 30 ],
      [ "knife_swissarmy", 10 ],
      [ "teleumbrella", 20 ],
      [ "umbrella", 20 ],
      [ "aspirin", 100 ],
      [ "vitamins", 100 ],
      [ "eyedrops", 50 ],
      [ "inhaler", 50 ],
      [ "flashlight", 50 ],
      [ "heavy_flashlight", 15 ],
      [ "camera", 30 ],
      [ "camera_pro", 5 ],
      [ "eink_tablet_pc", 30 ],
      [ "laptop", 15 ],
      [ "mobile_memory_card", 50 ],
      [ "usb_drive", 50 ],
      [ "mp3", 20 ],
      [ "portable_game", 50 ],
      [ "vibrator", 5 ],
      [ "gum", 50 ],
      [ "battery", 50 ],
      [ "wrapper", 50 ],
      [ "string_6", 50 ],
      [ "pocket_firstaid", 5 ],
      [ "pocket_survival", 5 ],
      [ "pocket_firearms", 5 ],
      [ "newest_newspaper", 75 ],
      [ "flyer", 10 ],
      [ "thermos", 5 ]
    ]
  },
  {
    "type": "item_group",
    "id": "swat_gear",
    "subtype": "distribution",
    "items": [
      { "group": "cop_gear", "prob": 100 },
      [ "40mm_concussive", 5 ],
      [ "40mm_flashbang", 15 ],
      [ "40mm_smoke", 5 ],
      [ "40mm_teargas", 10 ],
      [ "ammo_satchel", 5 ],
      [ "bootstrap", 5 ],
      [ "chestpouch", 5 ],
      [ "dragonskin", 5 ],
      [ "flashbang", 30 ],
      [ "goggles_ir", 10 ],
      [ "goggles_nv", 10 ],
      [ "helmet_lobster", 5 ],
      [ "helmet_riot", 5 ],
      [ "holo_sight", 20 ],
      [ "holster", 15 ],
      [ "kevlar", 20 ],
      [ "knife_combat", 10 ],
      [ "l_car_223_kit", 5 ],
      [ "l_dsr_223_kit", 5 ],
      [ "l_lmg_223_kit", 5 ],
      [ "l_mbr_223_kit", 5 ],
      [ "legpouch_large", 5 ],
      [ "mask_bal", 10 ],
      [ "mask_gas", 10 ],
      [ "modularvest", 15 ],
      [ "modularvestkevlar", 15 ],
      [ "smokebomb", 5 ],
      [ "suppressor", 25 ],
      [ "suppressor_compact", 20 ],
      [ "swat_armor", 20 ],
      [ "tac_fullhelmet", 5 ],
      [ "tac_helmet", 10 ]
    ]
  },
  {
    "id": "gear_medical",
    "type": "item_group",
    "//": "Medical equipment including consumables but not major painkillers",
    "items": [
      { "group": "tools_medical", "prob": 100 },
      { "group": "drugs_heal_simple", "prob": 40 },
      { "group": "drugs_emergency", "prob": 40 },
      { "group": "drugs_misc", "prob": 20 },
      { "item": "gloves_medical", "prob": 5 },
      { "item": "mask_dust", "prob": 5 }
    ]
  },
  {
    "id": "gear_soldier_sidearm",
    "type": "item_group",
    "//": "Sidearm and appropriate holster or sheath for soldiers or other paramilitary forces.",
    "items": [
      {
        "distribution": [
          { "item": "PR24-retracted", "prob": 20 },
          { "collection": [ { "item": "knife_combat" }, { "item": "sheath" } ], "prob": 30 },
          { "collection": [ { "group": "guns_pistol_milspec" }, { "item": "holster" } ], "prob": 50 }
        ]
      }
    ]
  },
  {
    "id": "gear_survival",
    "type": "item_group",
    "//": "Lightweight, simple and portable items useful for survival.",
    "items": [
      { "group": "drugs_heal_simple", "prob": 60 },
      { "group": "tools_lighting", "prob": 50 },
      { "group": "tools_survival", "prob": 100 },
      { "group": "tools_tailor", "prob": 20 },
      [ "battery", 10 ],
      [ "duct_tape", 10 ],
      [ "survivormap", 5 ]
    ]
  }
]
