[
  {
    "type": "mapgen",
    "method": "json",
    "om_terrain": [ "apartments_con_tower_NW" ],
    "weight": 250,
    "object": {
      "fill_ter": "t_floor",
      "rows": [
        "                        ",
        "   |------|-|-|ww---|   ",
        "   |.dBBd.+r|u+..eSc|-w-",
        "   w..BB..|-|-|....c|...",
        "   w.h....|STb|....O|.hc",
        "   |cxc...+.fb|..ccc|cxc",
        "   |--|-+-|-+-|....Q|-ww",
        "   RssX.............|^..",
        "   Rssw..F..........D...",
        "   Rssw..F.......|+-|...",
        "   Rss|..F...FFF^|.Y|...",
        "   |------|-|-|--|--|...",
        "   |.dBBd.+r|u+..eSc|...",
        "   w..BB..|-|-|....c|...",
        "   w......|STb|....O|...",
        "   |od....+.fb|..ccc|...",
        "   |--|-+-|-+-|...QQ|...",
        "   RssX.............|...",
        "   Rssw.............D...",
        "   Rssw..A.....F.|+-|...",
        "   Rss|.....FFFF^|.Y|...",
        "   |------------||--|...",
        "   |############|EEE=...",
        "   |############|EEx=..."
      ],
      "terrain": {
        " ": [ "t_grass", "t_grass", "t_grass", "t_dirt" ],
        "#": "t_rock",
        "%": "t_shrub",
        "+": "t_door_c",
        "-": "t_wall",
        "<": "t_stairs_up",
        "=": "t_door_metal_c",
        ">": "t_stairs_down",
        "D": "t_door_locked_interior",
        "E": "t_elevator",
        "G": "t_door_glass_c",
        "R": "t_railing_v",
        "X": "t_door_locked",
        "s": "t_sidewalk",
        "w": "t_window",
        "x": "t_console_broken",
        "|": "t_wall"
      },
      "furniture": {
        "A": "f_armchair",
        "B": "f_bed",
        "F": "f_sofa",
        "O": "f_oven",
        "S": "f_sink",
        "T": "f_toilet",
        "Q": "f_stool",
        "^": "f_indoor_plant",
        "b": "f_bathtub",
        "c": "f_counter",
        "Y": "f_rack_coat",
        "d": "f_dresser",
        "e": "f_fridge",
        "h": "f_chair",
        "l": "f_locker",
        "o": "f_bookcase",
        "r": "f_rack",
        "t": "f_table",
        "u": "f_cupboard"
      },
      "toilets": { "T": {} },
      "items": {
        "B": { "item": "bed", "chance": 15 },
        "O": { "item": "oven", "chance": 70 },
        "S": [ { "item": "softdrugs", "chance": 70 }, { "item": "cleaning", "chance": 50 } ],
        "d": { "item": "dresser", "chance": 70 },
        "e": { "item": "fridge", "chance": 70 },
        "f": [ { "item": "magazines", "chance": 70 }, { "item": "novels", "chance": 50 } ],
        "o": [ { "item": "magazines", "chance": 30 }, { "item": "novels", "chance": 40 }, { "item": "alcohol", "chance": 30 }, { "item": "manuals", "chance": 20 } ],
        "r": [ { "item": "dresser", "chance": 30 }, { "item": "jackets", "chance": 60 } ],
        "u": [ { "item": "cleaning", "chance": 50 }, { "item": "home_hw", "chance": 30 }, { "item": "cannedfood", "chance": 50 }, { "item": "pasta", "chance": 50 } ],
        "Y": { "item": "coat_rack", "chance": 35, "repeat": [ 1, 4 ] }
      },
      "place_monsters": [ { "monster": "GROUP_ZOMBIE", "x": [ 4, 23 ], "y": [ 2, 23 ], "repeat": [ 1, 2 ] } ]
    }
  },
  {
    "type": "mapgen",
    "method": "json",
    "om_terrain": [ "apartments_con_tower_NE" ],
    "weight": 250,
    "object": {
      "fill_ter": "t_floor",
      "rows": [
        "                        ",
        "   |---ww|-|-|------|   ",
        "-w-|cSe..+u|r+.dBBd.|   ",
        "..l|c....|-|-|..BB..w   ",
        "..l|O....|bTS|......w   ",
        "...|ccc..|bf.+....d.|   ",
        "-D-|.QQ..|-+-|-+-|--|   ",
        "...|.............XssR   ",
        "...D.............wssR   ",
        "...|-+|..........wssR   ",
        "...|Y.|oo.FFFF..^|ssR   ",
        "...|--|--|-|-|------|   ",
        "...|cSe..+u|r+.dBBd.|   ",
        "...|c....|-|-|..BB..w   ",
        "...|O....|bTS|......w   ",
        "...|ccc..|bf.+....d.|   ",
        "..^|Q.Q..|-+-|-+-|--|   ",
        "...|.............XssR   ",
        "...D......A......wssR   ",
        "...|-+|..........wssR   ",
        "...|Y.|^....FFF.o|ssR   ",
        "...|--||------------|   ",
        "...=xEE|############|   ",
        "...=EEE|############|   "
      ],
      "terrain": {
        " ": [ "t_grass", "t_grass", "t_grass", "t_dirt" ],
        "#": "t_rock",
        "%": "t_shrub",
        "+": "t_door_c",
        "-": "t_wall",
        "<": "t_stairs_up",
        "=": "t_door_metal_c",
        ">": "t_stairs_down",
        "D": "t_door_locked_interior",
        "E": "t_elevator",
        "G": "t_door_glass_c",
        "R": "t_railing_v",
        "X": "t_door_locked",
        "s": "t_sidewalk",
        "w": "t_window",
        "x": "t_console_broken",
        "|": "t_wall"
      },
      "furniture": {
        "A": "f_armchair",
        "B": "f_bed",
        "F": "f_sofa",
        "O": "f_oven",
        "S": "f_sink",
        "T": "f_toilet",
        "Q": "f_stool",
        "^": "f_indoor_plant",
        "b": "f_bathtub",
        "Y": "f_rack_coat",
        "c": "f_counter",
        "d": "f_dresser",
        "e": "f_fridge",
        "h": "f_chair",
        "l": "f_locker",
        "o": "f_bookcase",
        "r": "f_rack",
        "t": "f_table",
        "u": "f_cupboard"
      },
      "toilets": { "T": {} },
      "items": {
        "B": { "item": "bed", "chance": 15 },
        "O": { "item": "oven", "chance": 70 },
        "S": [ { "item": "softdrugs", "chance": 70 }, { "item": "cleaning", "chance": 50 } ],
        "d": { "item": "dresser", "chance": 70 },
        "e": { "item": "fridge", "chance": 70 },
        "f": [ { "item": "magazines", "chance": 70 }, { "item": "novels", "chance": 50 } ],
        "l": { "item": "office", "chance": 70 },
        "o": [ { "item": "magazines", "chance": 30 }, { "item": "novels", "chance": 40 }, { "item": "alcohol", "chance": 30 }, { "item": "manuals", "chance": 20 } ],
        "r": [ { "item": "dresser", "chance": 30 }, { "item": "jackets", "chance": 60 } ],
        "u": [ { "item": "cleaning", "chance": 50 }, { "item": "home_hw", "chance": 30 }, { "item": "cannedfood", "chance": 50 }, { "item": "pasta", "chance": 50 } ],
        "Y": { "item": "coat_rack", "chance": 35, "repeat": [ 1, 4 ] },
        "p": { "item": "mail", "chance": 30, "repeat": [ 2, 5 ] }
      },
      "place_monsters": [
        { "monster": "GROUP_ZOMBIE", "x": [ 0, 19 ], "y": [ 2, 23 ], "repeat": [ 1, 2 ] },
        { "monster": "GROUP_PEST", "x": [ 0, 19 ], "y": [ 0, 19 ], "chance": 3, "repeat": [ 1, 2 ] }
      ]
    }
  },
  {
    "type": "mapgen",
    "method": "json",
    "om_terrain": [ "apartments_con_tower_SW" ],
    "weight": 250,
    "object": {
      "fill_ter": "t_floor",
      "rows": [
        "   |------|-|-|-|---|...",
        "   |.dBBd.+r|u+..eSc|...",
        "   w..BB..|-|-|....c|...",
        "   w......|STb|....O|...",
        "   |oo....+..b|..ccc|^..",
        "   |--|-+-|-+-|..QQQ|...",
        "   RssX.............|...",
        "   Rssw.............D...",
        "   Rssw..A....A..|+-|...",
        "   Rss|...FFF...^|.Y|...",
        "   |------|-|-|--|--|...",
        "   |.dBBd.+r|u+..eSc|...",
        "   w..BB..|-|-|....c|...",
        "   w......|STb|....O|...",
        "   |.d....+..b|..ccc|...",
        "   |--|-+-|-+-|....^|...",
        "   RssX...A.........|...",
        "   Rssw.............D...",
        "   Rssw.........o|+-|...",
        "   Rss|..A.FFF..o|.Y|...",
        "   |--|--ww---ww-|--|w-G",
        "                      ss",
        "                  ppppss",
        "                      ss"
      ],
      "terrain": {
        " ": [ "t_grass", "t_grass", "t_grass", "t_dirt" ],
        "#": "t_rock",
        "%": "t_shrub",
        "+": "t_door_c",
        "-": "t_wall",
        "<": "t_stairs_up",
        "=": "t_door_metal_c",
        ">": "t_stairs_down",
        "D": "t_door_locked_interior",
        "E": "t_elevator",
        "G": "t_door_glass_c",
        "R": "t_railing_v",
        "X": "t_door_locked",
        "p": "t_grass",
        "s": "t_sidewalk",
        "w": "t_window",
        "x": "t_console_broken",
        "|": "t_wall"
      },
      "furniture": {
        "A": "f_armchair",
        "B": "f_bed",
        "F": "f_sofa",
        "O": "f_oven",
        "p": "f_mailbox",
        "Y": "f_rack_coat",
        "S": "f_sink",
        "T": "f_toilet",
        "Q": "f_stool",
        "^": "f_indoor_plant",
        "b": "f_bathtub",
        "c": "f_counter",
        "d": "f_dresser",
        "e": "f_fridge",
        "h": "f_chair",
        "l": "f_locker",
        "o": "f_bookcase",
        "r": "f_rack",
        "t": "f_table",
        "u": "f_cupboard"
      },
      "toilets": { "T": {} },
      "items": {
        "B": { "item": "bed", "chance": 15 },
        "O": { "item": "oven", "chance": 70 },
        "d": { "item": "dresser", "chance": 70 },
        "e": { "item": "fridge", "chance": 70 },
        "o": [ { "item": "magazines", "chance": 30 }, { "item": "novels", "chance": 40 }, { "item": "alcohol", "chance": 30 }, { "item": "manuals", "chance": 20 } ],
        "r": [ { "item": "dresser", "chance": 30 }, { "item": "jackets", "chance": 60 } ],
        "u": [ { "item": "cleaning", "chance": 50 }, { "item": "home_hw", "chance": 30 }, { "item": "cannedfood", "chance": 50 }, { "item": "pasta", "chance": 50 } ],
        "Y": { "item": "coat_rack", "chance": 35, "repeat": [ 1, 4 ] },
        "p": { "item": "mail", "chance": 30, "repeat": [ 2, 5 ] }
      },
      "place_monsters": [
        { "monster": "GROUP_ZOMBIE", "x": [ 4, 23 ], "y": [ 0, 19 ], "repeat": [ 1, 2 ] },
        { "monster": "GROUP_PEST", "x": [ 0, 19 ], "y": [ 0, 19 ], "chance": 3, "repeat": [ 1, 2 ] }
      ]
    }
  },
  {
    "type": "mapgen",
    "method": "json",
    "om_terrain": [ "apartments_con_tower_SE" ],
    "weight": 250,
    "object": {
      "fill_ter": "t_floor",
      "rows": [
        "...|---|-|-|-|------|   ",
        "...|cSe..+u|r+.dBBd.|   ",
        "...|c....|-|-|..BB..w   ",
        "...|O....|bTS|......w   ",
        "...|ccc..|bf.+....d.|   ",
        "...|.Q...|-+-|-+-|--|   ",
        "...|.............+ssR   ",
        "...D.............wssR   ",
        "...|-+|...htth...wssR   ",
        "...|Y.|^..htth.oo|ssR   ",
        "...|--|--|-|-|------|   ",
        "...|cSe..+u|r+.dBBd.|   ",
        "..^|c....|-|-|..BB..w   ",
        "...|O....|bTS|......w   ",
        "...|ccc..|bf.+....d.|   ",
        "...|.....|-+-|-+-|--|   ",
        "...|.............+ssR   ",
        "...D...........A.wssR   ",
        "...|-+|..A...h...wssR   ",
        "...|Y.|o....cxc.^|ssR   ",
        "G-w|--|-ww---ww--|--|   ",
        "ss                      ",
        "sspppp                  ",
        "ss                      "
      ],
      "terrain": {
        " ": [ "t_grass", "t_grass", "t_grass", "t_dirt" ],
        "#": "t_rock",
        "%": "t_shrub",
        "+": "t_door_c",
        "-": "t_wall",
        "<": "t_stairs_up",
        "=": "t_door_metal_c",
        ">": "t_stairs_down",
        "D": "t_door_locked_interior",
        "E": "t_elevator",
        "G": "t_door_glass_c",
        "R": "t_railing_v",
        "X": "t_door_locked",
        "p": "t_grass",
        "s": "t_sidewalk",
        "w": "t_window",
        "x": "t_console_broken",
        "|": "t_wall"
      },
      "furniture": {
        "A": "f_armchair",
        "B": "f_bed",
        "F": "f_sofa",
        "O": "f_oven",
        "S": "f_sink",
        "p": "f_mailbox",
        "Y": "f_rack_coat",
        "T": "f_toilet",
        "Q": "f_stool",
        "^": "f_indoor_plant",
        "b": "f_bathtub",
        "c": "f_counter",
        "d": "f_dresser",
        "e": "f_fridge",
        "h": "f_chair",
        "l": "f_locker",
        "o": "f_bookcase",
        "r": "f_rack",
        "t": "f_table",
        "u": "f_cupboard"
      },
      "toilets": { "T": {} },
      "items": {
        "B": { "item": "bed", "chance": 60 },
        "O": { "item": "oven", "chance": 70 },
        "S": [ { "item": "softdrugs", "chance": 70 }, { "item": "cleaning", "chance": 50 } ],
        "d": { "item": "dresser", "chance": 70 },
        "e": { "item": "fridge", "chance": 70 },
        "f": [ { "item": "magazines", "chance": 70 }, { "item": "novels", "chance": 50 } ],
        "o": [ { "item": "magazines", "chance": 30 }, { "item": "novels", "chance": 40 }, { "item": "alcohol", "chance": 30 }, { "item": "manuals", "chance": 20 } ],
        "r": [ { "item": "dresser", "chance": 30 }, { "item": "jackets", "chance": 60 } ],
        "u": [ { "item": "cleaning", "chance": 50 }, { "item": "home_hw", "chance": 30 }, { "item": "cannedfood", "chance": 50 }, { "item": "pasta", "chance": 50 } ],
        "Y": { "item": "coat_rack", "chance": 35, "repeat": [ 1, 4 ] },
        "p": { "item": "mail", "chance": 30, "repeat": [ 2, 5 ] }
      },
      "place_monsters": [
        { "monster": "GROUP_ZOMBIE", "x": [ 0, 19 ], "y": [ 0, 19 ], "repeat": [ 1, 2 ] },
        { "monster": "GROUP_PEST", "x": [ 0, 19 ], "y": [ 0, 19 ], "chance": 3, "repeat": [ 1, 2 ] }
      ]
    }
  }
]
