[
  {
    "method": "json",
    "object": {
      "furniture": {
        "#": "f_canvas_wall",
        "&": "f_sink",
        "+": [ "f_canvas_door", "f_canvas_door_o" ],
        ".": "f_null",
        ";": "f_groundsheet",
        "B": "f_brazier",
        "S": "f_shower",
        "T": "f_null",
        "_": "f_null",
        "b": "f_bench",
        "d": "f_null",
        "s": "f_null",
        "t": "f_table",
        "|": "f_null"
      },
      "place_items": [
        { "chance": 50, "item": "camping", "x": 3, "y": 8 },
        { "chance": 50, "item": "camping", "x": 9, "y": 3 },
        { "chance": 30, "repeat": [ 1, 3 ], "item": "cannedfood", "x": 3, "y": 9 },
        { "chance": 30, "repeat": [ 1, 3 ], "item": "cannedfood", "x": 10, "y": 3 },
        { "chance": 30, "item": "misc_smoking", "x": 9, "y": 3 },
        { "chance": 30, "item": "barbecue", "x": 4, "y": 13 },
        { "chance": 30, "item": "barbecue", "x": 23, "y": 3 },
        { "chance": 50, "repeat": [ 2, 4 ], "item": "clothing_male", "x": 5, "y": 8 },
        { "chance": 50, "repeat": [ 2, 4 ], "item": "clothing_male", "x": 9, "y": 5 },
        { "chance": 50, "repeat": [ 2, 4 ], "item": "clothing_female", "x": 5, "y": 9 },
        { "chance": 50, "repeat": [ 2, 4 ], "item": "clothing_female", "x": 10, "y": 5 }
      ],
      "place_monsters": [
        { "chance": 35, "density": 1, "monster": "CAMPERS", "x": [ 8, 18 ], "y": [ 7, 22 ] },
        { "monster": "GROUP_PARK_ANIMAL", "x": [ 2, 17 ], "y": [ 2, 15 ], "repeat": [ 0, 2 ] }
      ],
      "place_vehicles": [
        { "chance": 35, "fuel": 15, "rotation": 270, "status": -1, "vehicle": "campground_vehicles", "x": 16, "y": 2 },
        { "chance": 0, "fuel": -1, "rotation": 180, "status": -1, "vehicle": "campground_vehicles", "x": 3, "y": 19 }
      ],
      "rows": [
        "_____________________sss",
        "_______ssssssss....sssbb",
        "_______s####ss.....ssstt",
        "_______s#;;#s.......sstt",
        "_______s#;;+ss......ssbb",
        "_______s#;;#ss......ssss",
        "_sssssss####sss......sBs",
        "_s#####ssssss_s......sss",
        "_s#;;;#s______s.........",
        "_s#;;;#s_____ss.........",
        "_s##+##s_____...........",
        "_sssssss___s............",
        "_sbttbsss__.............",
        "_sbttbsBsss...........s.",
        "_sbttbssss........ss_ss.",
        "_sbttbsss........s____s.",
        "_ssssssss.......s_____s.",
        "_s.............s___ssss.",
        "_s.............____s|||T",
        "_s............s____s|SdT",
        "_s............s____s|||T",
        "_s............s____s|SdT",
        "_sssssss......_____s|||T",
        "________s....._____s|&TT"
      ],
      "terrain": {
        "#": "t_grass",
        "&": "t_thconc_floor",
        "+": "t_grass",
        ".": [ "t_dirt", "t_dirt", "t_dirt", "t_dirt", "t_dirt", "t_dirt", "t_dirt", "t_dirt", "t_grass" ],
        ";": "t_grass",
        "B": "t_grass",
        "S": "t_thconc_floor",
        "T": "t_thconc_floor",
        "_": [
          "t_grass",
          "t_grass",
          "t_grass",
          "t_dirt",
          "t_tree_pine",
          "t_tree_pine",
          "t_tree",
          "t_tree_young",
          "t_underbrush",
          "t_underbrush"
        ],
        "b": "t_grass",
        "d": [ "t_door_c", "t_door_o" ],
        "s": "t_grass",
        "t": "t_grass",
        "|": "t_wall"
      }
    },
    "om_terrain": "campground_1a",
    "type": "mapgen",
    "weight": 100
  },
  {
    "method": "json",
    "object": {
      "furniture": {
        "#": "f_bench",
        "&": "f_sink",
        "+": "f_null",
        "-": "f_null",
        ".": "f_null",
        "D": "f_desk",
        "S": "f_shower",
        "T": "f_null",
        "_": "f_null",
        "b": "f_brazier",
        "c": "f_chair",
        "d": "f_null",
        "f": "f_null",
        "s": "f_null",
        "t": "f_table",
        "w": "f_null",
        "|": "f_null"
      },
      "place_items": [ { "chance": 20, "item": "barbecue", "x": 17, "y": 14 }, { "chance": 5, "item": "creepy", "x": 2, "y": 21 } ],
      "place_vehicles": [ { "chance": 25, "fuel": 20, "rotation": 0, "status": 0, "vehicle": "lux_rv", "x": 20, "y": 19 } ],
      "rows": [
        "sss_ss_......sssssssss__",
        "##s__ss......-ww-ssss___",
        "tts__ss......dffdsss____",
        "tts__ss......wDcwsss____",
        "##s__ss......-ww-sss____",
        "sss__ss......sssssss____",
        "____sss......ssssss_____",
        "____ss.......sssss______",
        ".............___________",
        ".............s__________",
        ".............___________",
        ".............sssssss____",
        ".............ss#tt#s____",
        ".sss_s.......ss#tt#sss__",
        ".s____s......ss#tt#sbs__",
        ".s____s......ss#tt#sss__",
        ".s_____.......ssssssss__",
        ".ssss__...............__",
        "T|||s__...............__",
        "T+S|s__...............__",
        "T|||s__...............__",
        "T+S|s__...............__",
        "T|||s__...............__",
        "TT&|s__......ss_________"
      ],
      "terrain": {
        "#": "t_grass",
        "&": "t_thconc_floor",
        "+": [ "t_door_c", "t_door_o" ],
        "-": "t_brick_wall",
        ".": [ "t_dirt", "t_dirt", "t_dirt", "t_dirt", "t_dirt", "t_dirt", "t_dirt", "t_dirt", "t_grass" ],
        "D": "t_floor",
        "S": "t_thconc_floor",
        "T": "t_thconc_floor",
        "_": [
          "t_grass",
          "t_grass",
          "t_grass",
          "t_dirt",
          "t_tree_pine",
          "t_tree_pine",
          "t_tree",
          "t_tree_young",
          "t_underbrush",
          "t_underbrush"
        ],
        "b": "t_grass",
        "c": "t_floor",
        "d": "t_door_c",
        "f": "t_floor",
        "s": "t_grass",
        "t": "t_grass",
        "w": "t_window",
        "|": "t_wall"
      }
    },
    "om_terrain": "campground_1b",
    "type": "mapgen",
    "weight": 100
  },
  {
    "method": "json",
    "object": {
      "furniture": {
        "#": "f_canvas_wall",
        "&": "f_toilet",
        "+": "f_null",
        ".": "f_null",
        ";": "f_groundsheet",
        "B": "f_brazier",
        "S": "f_sink",
        "T": "f_null",
        "_": "f_null",
        "b": "f_bench",
        "c": [ "f_canvas_door", "f_canvas_door_o" ],
        "s": "f_null",
        "t": "f_table",
        "|": "f_null"
      },
      "place_items": [
        { "chance": 50, "item": "camping", "x": 23, "y": 19 },
        { "chance": 50, "item": "camping", "x": 2, "y": 16 },
        { "chance": 30, "repeat": [ 1, 3 ], "item": "cannedfood", "x": 2, "y": 16 },
        { "chance": 30, "repeat": [ 1, 3 ], "item": "cannedfood", "x": 23, "y": 19 },
        { "chance": 30, "item": "misc_smoking", "x": 11, "y": 19 },
        { "chance": 30, "item": "barbecue", "x": 11, "y": 17 },
        { "chance": 30, "item": "barbecue", "x": 4, "y": 4 },
        { "chance": 50, "repeat": [ 2, 4 ], "item": "clothing_male", "x": 22, "y": 21 },
        { "chance": 50, "repeat": [ 2, 4 ], "item": "clothing_male", "x": 4, "y": 16 },
        { "chance": 5, "item": "creepy", "x": 2, "y": 17 },
        { "chance": 50, "repeat": [ 2, 4 ], "item": "clothing_female", "x": 23, "y": 21 },
        { "chance": 50, "repeat": [ 2, 4 ], "item": "clothing_female", "x": 4, "y": 17 },
        { "chance": 20, "item": "archery", "x": 22, "y": 19 }
      ],
      "place_toilets": [ { "x": 21, "y": 2 }, { "x": 21, "y": 4 } ],
      "place_monsters": [
        { "chance": 35, "density": 1, "monster": "CAMPERS", "x": [ 3, 17 ], "y": [ 8, 22 ] },
        { "monster": "GROUP_PARK_ANIMAL", "x": [ 2, 17 ], "y": [ 7, 22 ], "repeat": [ 0, 2 ] }
      ],
      "place_vehicles": [
        { "chance": 0, "fuel": -1, "rotation": 0, "status": -1, "vehicle": "campground_vehicles", "x": 7, "y": 10 },
        {
          "chance": 50,
          "fuel": -1,
          "rotation": 270,
          "status": -1,
          "vehicle": "campground_vehicles",
          "x": 17,
          "y": 16
        }
      ],
      "rows": [
        "........._____.....s|STT",
        "..ssssss._____.....s|||T",
        "..sbbbbss_____.....s|&+T",
        "..sttttss_____.....s|||T",
        "..sttttss_____.....s|&+T",
        "..sbbbbss______....s|||T",
        ".ssssssss______s...ssss_",
        ".sBsssss________......s_",
        ".sssss__________s.....s_",
        "..ss_____________s....s_",
        "..s________________s..s_",
        "..s__________________ss_",
        "..s_______ss____________",
        "..ss____s...s___________",
        "ssssssss..ssss__________",
        "s##c##s.sssBsss_________",
        "s#;;;#s.sssssss_________",
        "s#;;;#s.sbttbss_____ssss",
        "s#####s.sbttbss_____s###",
        "sssssss.sbttbss_____s#;;",
        "........sbttbss_____sc;;",
        "........sssssss_____s#;;",
        "....................s###",
        "....................ssss"
      ],
      "terrain": {
        "#": "t_grass",
        "&": "t_thconc_floor",
        "+": [ "t_door_c", "t_door_o" ],
        ".": [
          "t_grass",
          "t_grass",
          "t_grass",
          "t_dirt",
          "t_tree_pine",
          "t_tree_pine",
          "t_tree",
          "t_tree_young",
          "t_underbrush",
          "t_underbrush"
        ],
        ";": "t_grass",
        "B": "t_grass",
        "S": "t_thconc_floor",
        "T": "t_thconc_floor",
        "_": [ "t_dirt", "t_dirt", "t_dirt", "t_dirt", "t_dirt", "t_dirt", "t_dirt", "t_dirt", "t_grass" ],
        "b": "t_grass",
        "c": "t_grass",
        "s": "t_grass",
        "t": "t_grass",
        "|": "t_wall"
      }
    },
    "om_terrain": "campground_2a",
    "type": "mapgen",
    "weight": 100
  },
  {
    "method": "json",
    "object": {
      "furniture": {
        "#": "f_canvas_wall",
        "&": "f_toilet",
        "+": "f_null",
        ".": "f_null",
        ";": "f_groundsheet",
        "B": "f_brazier",
        "S": "f_sink",
        "T": "f_null",
        "_": "f_null",
        "b": "f_bench",
        "c": [ "f_canvas_door", "f_canvas_door_o" ],
        "s": "f_null",
        "t": "f_table",
        "|": "f_null"
      },
      "place_items": [
        { "chance": 50, "item": "camping", "x": 18, "y": 20 },
        { "chance": 40, "repeat": [ 1, 4 ], "item": "cannedfood", "x": 17, "y": 20 },
        { "chance": 20, "item": "barbecue", "x": 4, "y": 20 },
        { "chance": 20, "item": "barbecue", "x": 16, "y": 8 },
        { "chance": 50, "repeat": [ 2, 4 ], "item": "clothing_male", "x": 18, "y": 18 },
        { "chance": 5, "item": "creepy", "x": 2, "y": 17 },
        { "chance": 50, "repeat": [ 2, 4 ], "item": "clothing_female", "x": 18, "y": 18 }
      ],
      "place_toilets": [ { "x": 2, "y": 2 }, { "x": 2, "y": 4 } ],
      "place_monsters": [ { "monster": "GROUP_PARK_ANIMAL", "x": [ 6, 22 ], "y": [ 7, 22 ], "repeat": [ 0, 2 ] } ],
      "place_vehicles": [
        { "chance": 60, "fuel": -1, "rotation": 0, "status": -1, "vehicle": "rv", "x": 20, "y": 3 },
        { "chance": 55, "fuel": 15, "rotation": 90, "status": -1, "vehicle": "campground_vehicles", "x": 11, "y": 19 }
      ],
      "rows": [
        "TTS|s__......s__________",
        "T|||s__......ss_________",
        "T+&|s__...............__",
        "T|||s__...............__",
        "T+&|s__...............__",
        "T|||s__...............__",
        ".ssss__...............__",
        ".s_____......ssssssss___",
        ".s____s......sbttbsBs___",
        ".s____......ssbttbsss___",
        ".s___s......ssbttbs_____",
        ".sss........_sbttbs_____",
        "...........s_ssssss_____",
        "...........s____________",
        "............s___________",
        ".............s__________",
        "..............sssssss___",
        "sssssss........s####s___",
        "#ssbbbbs.......s#;;#s___",
        "#ssttttss.....ssc;;#s___",
        "#ssttttsss...sss#;;#s___",
        "#ssbbbbssBssssss####s___",
        "#ssssssssss____ssssss___",
        "ss______________________"
      ],
      "terrain": {
        "#": "t_grass",
        "&": "t_thconc_floor",
        "+": [ "t_door_c", "t_door_o" ],
        ".": [ "t_dirt", "t_dirt", "t_dirt", "t_dirt", "t_dirt", "t_dirt", "t_dirt", "t_dirt", "t_grass" ],
        ";": "t_grass",
        "B": "t_grass",
        "S": "t_thconc_floor",
        "T": "t_thconc_floor",
        "_": [
          "t_grass",
          "t_grass",
          "t_grass",
          "t_dirt",
          "t_tree_pine",
          "t_tree_pine",
          "t_tree",
          "t_tree_young",
          "t_underbrush",
          "t_underbrush"
        ],
        "b": "t_grass",
        "c": "t_grass",
        "s": "t_grass",
        "t": "t_grass",
        "|": "t_wall"
      }
    },
    "om_terrain": "campground_2b",
    "type": "mapgen",
    "weight": 100
  }
]
