[
  {
    "method": "json",
    "object": {
      "furniture": {
        ".": "f_null",
        "P": "f_sign",
        "^": [ "f_rubble", "f_rubble", "f_rubble", "f_null", "f_rubble_rock", "f_wreckage" ],
        "&": [
          "f_rubble",
          "f_rubble",
          "f_rubble",
          "f_null",
          "f_null",
          "f_null",
          "f_null",
          "f_null",
          "f_null",
          "f_rubble_rock",
          "f_wreckage"
        ],
        "_": "f_null",
        "|": "f_null"
      },
      "items": {
        "^": [
          { "item": "trash", "chance": 25, "repeat": 2 },
          { "item": "road", "chance": 2 },
          { "item": "allclothes", "chance": 3, "damage": [ 1, 4 ] },
          { "item": "stoner", "chance": 1 },
          { "item": "oven", "chance": 2 },
          { "item": "garden_shed", "chance": 2 },
          { "item": "homebooks", "chance": 2 },
          { "item": "wheels", "chance": 2 },
          { "item": "electronics", "chance": 2 },
          { "item": "creepy", "chance": 1 },
          { "item": "chem_home", "chance": 1 },
          { "item": "hardware", "chance": 2 },
          { "item": "misc_smoking", "chance": 1 },
          { "item": "tools_home", "chance": 1 }
        ],
        "&": [
          { "item": "trash", "chance": 35 },
          { "item": "road", "chance": 1 },
          { "item": "allclothes", "chance": 2, "damage": [ 1, 4 ] },
          { "item": "stoner", "chance": 1 },
          { "item": "oven", "chance": 1 },
          { "item": "garden_shed", "chance": 1 },
          { "item": "homebooks", "chance": 1 },
          { "item": "wheels", "chance": 1 },
          { "item": "electronics", "chance": 1 },
          { "item": "creepy", "chance": 1 },
          { "item": "chem_home", "chance": 1 },
          { "item": "hardware", "chance": 1 },
          { "item": "misc_smoking", "chance": 1 },
          { "item": "tools_home", "chance": 1 }
        ]
      },
      "rows": [
        "__________....__________",
        "__________....__________",
        "_||||||||P....P||||||||_",
        "_|....................|_",
        "_|&&&&&&&&&&&&&&&&&&&&|_",
        "_|&&&&&&&&&&&&&&&&&&&&|_",
        "_|&&&&&&&&&&&&&&&&&&&&|_",
        "_|&&&&&&&&&&&&&&&&&&&&|_",
        "_|&&&^^^^^^^^^^^^^^&&&|_",
        "_|^^^^^^^^^^^^^^^^^^^^|_",
        "_|^^^^^^^^^^^^^^^^^^^^|_",
        "_|^^^^^^^^^^^^^^^^^^^^|_",
        "_|^^^^^^^^^^^^^^^^^^^^|_",
        "_|^^^^^^^^^^^^^^^^^^^^|_",
        "_|^^^^^^^^^^^^^^^^^^^^|_",
        "_|^^^^^^^^^^^^^^^^^^^^|_",
        "_|^^^^^^^^^^^^^^^^^^^^|_",
        "_|^^^^^^^^^^^^^^^^^^^^|_",
        "_|^^^^^^^^^^^^^^^^^^^^|_",
        "_|^^^^^^^^^^^^^^^^^^^^|_",
        "_|^^^^^^^^^^^^^^^^^^^^|_",
        "_|^^^^^^^^^^^^^^^^^^^^|_",
        "_||||||||||||||||||||||_",
        "________________________"
      ],
      "terrain": {
        ".": [ "t_dirt", "t_dirt", "t_dirt", "t_dirt", "t_dirt", "t_dirt", "t_dirt", "t_grass" ],
        "P": "t_chainfence",
        "&": "t_dirt",
        "^": "t_dirt",
        "_": [ "t_grass", "t_grass", "t_grass", "t_grass", "t_grass", "t_dirt" ],
        "|": "t_chainfence"
      },
      "place_signs": [ { "signage": "<city> Dump", "x": 9, "y": 2 }, { "signage": "<city> Dump", "x": 14, "y": 2 } ]
    },
    "om_terrain": "dump",
    "type": "mapgen",
    "flags": [ "SIDEWALK" ],
    "weight": 100
  },
  {
    "method": "json",
    "object": {
      "furniture": {
        ".": "f_null",
        "P": "f_sign",
        "^": [ "f_rubble", "f_rubble", "f_rubble", "f_null", "f_rubble_rock", "f_wreckage" ],
        "&": [
          "f_rubble",
          "f_rubble",
          "f_rubble",
          "f_null",
          "f_null",
          "f_null",
          "f_null",
          "f_null",
          "f_null",
          "f_rubble_rock",
          "f_wreckage"
        ],
        "_": "f_null",
        "|": "f_null"
      },
      "items": {
        "^": [
          { "item": "trash", "chance": 25, "repeat": 2 },
          { "item": "road", "chance": 2 },
          { "item": "allclothes", "chance": 3, "damage": [ 1, 4 ] },
          { "item": "stoner", "chance": 1 },
          { "item": "oven", "chance": 2 },
          { "item": "garden_shed", "chance": 2 },
          { "item": "homebooks", "chance": 2 },
          { "item": "wheels", "chance": 2 },
          { "item": "electronics", "chance": 2 },
          { "item": "creepy", "chance": 1 },
          { "item": "chem_home", "chance": 1 },
          { "item": "hardware", "chance": 2 },
          { "item": "misc_smoking", "chance": 1 },
          { "item": "tools_home", "chance": 1 }
        ],
        "&": [
          { "item": "trash", "chance": 35 },
          { "item": "road", "chance": 1 },
          { "item": "allclothes", "chance": 2, "damage": [ 1, 4 ] },
          { "item": "stoner", "chance": 1 },
          { "item": "oven", "chance": 1 },
          { "item": "garden_shed", "chance": 1 },
          { "item": "homebooks", "chance": 1 },
          { "item": "wheels", "chance": 1 },
          { "item": "electronics", "chance": 1 },
          { "item": "creepy", "chance": 1 },
          { "item": "chem_home", "chance": 1 },
          { "item": "hardware", "chance": 1 },
          { "item": "misc_smoking", "chance": 1 },
          { "item": "tools_home", "chance": 1 }
        ]
      },
      "rows": [
        "_________......_________",
        "_________......_________",
        "_|||||||P......P|||||||_",
        "_|....................|_",
        "_|....................|_",
        "_|....................|_",
        "_|....................|_",
        "_|....................|_",
        "_|....................|_",
        "_|....................|_",
        "_|&&&&&&&&&&&&&&&&&&&&|_",
        "_|&&&&&&&&&&&&&&&&&&&&|_",
        "_|&&&&&&&&&&&&&&&&&&&&|_",
        "_|^^^^^^^^^^^^^^^^^^^^|_",
        "_|^^^^^^^^^^^^^^^^^^^^|_",
        "_|^^^^^^^^^^^^^^^^^^^^|_",
        "_|^^^^^^^^^^^^^^^^^^^^|_",
        "_|^^^^^^^^^^^^^^^^^^^^|_",
        "_|^^^^^^^^^^^^^^^^^^^^|_",
        "_|^^^^^^^^^^^^^^^^^^^^|_",
        "_|^^^^^^^^^^^^^^^^^^^^|_",
        "_|^^^^^^^^^^^^^^^^^^^^|_",
        "_||||||||||||||||||||||_",
        "________________________"
      ],
      "terrain": {
        ".": [ "t_dirt", "t_dirt", "t_dirt", "t_dirt", "t_grass" ],
        "P": "t_chainfence",
        "&": "t_dirt",
        "^": "t_dirt",
        "_": [ "t_grass", "t_grass", "t_grass", "t_grass", "t_grass", "t_grass", "t_grass", "t_shrub", "t_dirt" ],
        "|": "t_chainfence"
      },
      "place_signs": [ { "signage": "<city> Dump", "x": 8, "y": 2 }, { "signage": "<city> Dump", "x": 15, "y": 2 } ]
    },
    "om_terrain": "dump",
    "type": "mapgen",
    "flags": [ "SIDEWALK" ],
    "weight": 100
  },
  {
    "method": "json",
    "object": {
      "furniture": {
        "#": [
          "f_rubble",
          "f_rubble",
          "f_rubble",
          "f_rubble",
          "f_rubble",
          "f_rubble",
          "f_rubble_rock",
          "f_rubble_rock",
          "f_wreckage",
          "f_null",
          "f_null",
          "f_null",
          "f_null"
        ],
        "&": [
          "f_rubble",
          "f_rubble",
          "f_rubble",
          "f_rubble",
          "f_rubble",
          "f_rubble",
          "f_rubble_rock",
          "f_rubble_rock",
          "f_wreckage"
        ],
        ".": "f_null",
        "P": [
          "f_rubble",
          "f_rubble",
          "f_rubble",
          "f_rubble",
          "f_rubble",
          "f_rubble",
          "f_rubble_rock",
          "f_rubble_rock",
          "f_wreckage",
          "f_null",
          "f_null",
          "f_null",
          "f_null",
          "f_null",
          "f_null",
          "f_null",
          "f_null",
          "f_null",
          "f_null",
          "f_null",
          "f_null"
        ],
        "_": "f_null",
        "d": "f_sign"
      },
      "items": {
        "&": [
          { "item": "trash", "chance": 25, "repeat": 2 },
          { "item": "road", "chance": 2 },
          { "item": "allclothes", "chance": 3, "damage": [ 1, 4 ] },
          { "item": "stoner", "chance": 1 },
          { "item": "oven", "chance": 2 },
          { "item": "garden_shed", "chance": 2 },
          { "item": "homebooks", "chance": 2 },
          { "item": "wheels", "chance": 2 },
          { "item": "electronics", "chance": 2 },
          { "item": "creepy", "chance": 1 },
          { "item": "chem_home", "chance": 1 },
          { "item": "hardware", "chance": 2 },
          { "item": "misc_smoking", "chance": 1 },
          { "item": "tools_home", "chance": 1 }
        ],
        "#": [
          { "item": "trash", "chance": 35 },
          { "item": "road", "chance": 1 },
          { "item": "allclothes", "chance": 2, "damage": [ 1, 4 ] },
          { "item": "stoner", "chance": 1 },
          { "item": "oven", "chance": 1 },
          { "item": "garden_shed", "chance": 1 },
          { "item": "homebooks", "chance": 1 },
          { "item": "wheels", "chance": 1 },
          { "item": "electronics", "chance": 2 },
          { "item": "creepy", "chance": 1 },
          { "item": "chem_home", "chance": 1 },
          { "item": "hardware", "chance": 1 },
          { "item": "misc_smoking", "chance": 1 },
          { "item": "tools_home", "chance": 1 }
        ],
        "P": [
          { "item": "trash", "chance": 15 },
          { "item": "road", "chance": 1 },
          { "item": "allclothes", "chance": 1, "damage": [ 1, 4 ] },
          { "item": "oven", "chance": 1 },
          { "item": "wheels", "chance": 1 },
          { "item": "garden_shed", "chance": 1 },
          { "item": "hardware", "chance": 1 },
          { "item": "misc_smoking", "chance": 1 }
        ]
      },
      "rows": [
        "........................",
        ".d....___PPPPPP___....d.",
        "....__PPPPPPPPPPPP__....",
        "..._PPPPPPPPPPPPPPPP_...",
        ".._PPPPPPPPPPPPPPPPPP_..",
        ".._PPPPPPPP##PPPPPPPP__.",
        "._PPPPPPP######PPPPPPP_.",
        "._PPPPP##########PPPPP_.",
        "._PPPPP##########PPPPP_.",
        ".PPPPP#####&&#####PPPPP.",
        ".PPPPP####&&&&####PPPPP.",
        ".PPPP####&&&&&&####PPPP.",
        ".PPPP####&&&&&&####PPPP.",
        ".PPPPP####&&&&####PPPPP.",
        ".PPPPP#####&&#####PPPPP.",
        "._PPPPP##########PPPPP_.",
        "._PPPPP##########PPPPP_.",
        "._PPPPPPP######PPPPPPP_.",
        ".._PPPPPPPP##PPPPPPPP_..",
        ".._PPPPPPPPPPPPPPPPPP_..",
        "..._PPPPPPPPPPPPPPPP_...",
        "....__PPPPPPPPPPPP__....",
        "......___PPPPPP___......",
        "........................"
      ],
      "terrain": {
        "#": [ "t_dirt", "t_dirt", "t_dirt", "t_dirt", "t_dirt", "t_grass" ],
        "&": [ "t_dirt", "t_dirt", "t_dirt", "t_dirt", "t_dirt", "t_dirt", "t_grass" ],
        ".": [
          "t_grass",
          "t_grass",
          "t_grass",
          "t_grass",
          "t_grass",
          "t_grass",
          "t_grass",
          "t_grass",
          "t_grass",
          "t_grass",
          "t_grass",
          "t_shrub",
          "t_dirt",
          "t_dirt"
        ],
        "P": [ "t_dirt", "t_dirt", "t_dirt", "t_dirt", "t_grass" ],
        "_": [ "t_dirt", "t_dirt", "t_dirt", "t_grass" ],
        "d": "t_grass"
      },
      "place_signs": [ { "signage": "DUMP", "x": 1, "y": 1 }, { "signage": "DUMP", "x": 22, "y": 1 } ]
    },
    "om_terrain": "dump",
    "type": "mapgen",
    "weight": 100
  },
  {
    "method": "json",
    "object": {
      "furniture": {
        ".": "f_null",
        "7": "f_null",
        "P": "f_sign",
        "^": [ "f_rubble", "f_rubble", "f_rubble", "f_null", "f_rubble_rock", "f_wreckage" ],
        "_": "f_null",
        "r": [
          "f_rubble",
          "f_rubble",
          "f_rubble",
          "f_null",
          "f_null",
          "f_null",
          "f_null",
          "f_null",
          "f_null",
          "f_rubble_rock",
          "f_wreckage"
        ],
        "|": "f_null"
      },
      "items": {
        "^": [
          { "item": "trash", "chance": 25, "repeat": 2 },
          { "item": "road", "chance": 2 },
          { "item": "allclothes", "chance": 3, "damage": [ 1, 4 ] },
          { "item": "stoner", "chance": 1 },
          { "item": "oven", "chance": 2 },
          { "item": "garden_shed", "chance": 2 },
          { "item": "homebooks", "chance": 2 },
          { "item": "electronics", "chance": 2 },
          { "item": "creepy", "chance": 1 },
          { "item": "chem_home", "chance": 1 },
          { "item": "barrels", "chance": 1 },
          { "item": "hardware", "chance": 2 },
          { "item": "wheels", "chance": 1 },
          { "item": "misc_smoking", "chance": 1 },
          { "item": "tools_home", "chance": 1 }
        ],
        "r": [
          { "item": "trash", "chance": 35 },
          { "item": "road", "chance": 1 },
          { "item": "allclothes", "chance": 2, "damage": [ 1, 4 ] },
          { "item": "stoner", "chance": 1 },
          { "item": "oven", "chance": 1 },
          { "item": "garden_shed", "chance": 1 },
          { "item": "homebooks", "chance": 1 },
          { "item": "wheels", "chance": 1 },
          { "item": "electronics", "chance": 1 },
          { "item": "creepy", "chance": 1 },
          { "item": "barrels", "chance": 1 },
          { "item": "chem_home", "chance": 1 },
          { "item": "hardware", "chance": 1 },
          { "item": "misc_smoking", "chance": 1 },
          { "item": "tools_home", "chance": 1 }
        ]
      },
      "rows": [
        ".........______.........",
        ".........______.........",
        ".........______..P..7...",
        "........________........",
        "......_____________.....",
        "....________________..7.",
        "...__________________...",
        "...__________________...",
        "..____________________..",
        "..____________________..",
        ".._______rrrrrr_______..",
        "..____rrrrrrrrrrrr____..",
        "..__rrrrrrrrrrrrrrrr__..",
        "..__rrrrrrr^^rrrrrrr__..",
        ".._rrrr^^^^^^^^^^rrrr_..",
        "..^^^^^^^^^^^^^^^^^^^^..",
        "..^^^^^^^^^^^^^^^^^^^^..",
        "..|^^^^^^^^^^^^^^^^^^|..",
        "..|^^^^^^^^^^^^^^^^^^|..",
        "..|^^^^^^^^^^^^^^^^^^|..",
        "..|^^^^^^^^^^^^^^^^^^|..",
        "..||||||||||||||||||||..",
        "........................",
        "........................"
      ],
      "terrain": {
        ".": [ "t_grass", "t_grass", "t_grass", "t_grass", "t_grass", "t_grass", "t_dirt" ],
        "7": "t_tree_birch",
        "P": "t_grass",
        "^": "t_dirt",
        "_": [ "t_dirt", "t_dirt", "t_dirt", "t_dirt", "t_dirt", "t_dirt", "t_dirt", "t_grass" ],
        "r": "t_dirt",
        "|": "t_concrete_wall"
      },
      "place_signs": [ { "signage": "<city> Area Dump", "x": 17, "y": 2 } ]
    },
    "om_terrain": "dump",
    "type": "mapgen",
    "flags": [ "SIDEWALK" ],
    "weight": 100
  },
  {
    "method": "json",
    "object": {
      "furniture": {
        ".": "f_null",
        "7": "f_null",
        "^": [ "f_rubble", "f_rubble", "f_rubble", "f_null", "f_rubble_rock", "f_wreckage" ],
        "_": "f_null",
        "r": [
          "f_rubble",
          "f_rubble",
          "f_rubble",
          "f_null",
          "f_null",
          "f_null",
          "f_null",
          "f_null",
          "f_null",
          "f_rubble_rock",
          "f_wreckage"
        ]
      },
      "items": {
        "^": [
          { "item": "trash", "chance": 25, "repeat": 2 },
          { "item": "road", "chance": 2 },
          { "item": "allclothes", "chance": 3, "damage": [ 1, 4 ] },
          { "item": "stoner", "chance": 1 },
          { "item": "oven", "chance": 2 },
          { "item": "garden_shed", "chance": 2 },
          { "item": "homebooks", "chance": 2 },
          { "item": "electronics", "chance": 2 },
          { "item": "wheels", "chance": 2 },
          { "item": "creepy", "chance": 1 },
          { "item": "chem_home", "chance": 1 },
          { "item": "barrels", "chance": 1 },
          { "item": "hardware", "chance": 2 },
          { "item": "misc_smoking", "chance": 1 },
          { "item": "tools_home", "chance": 1 }
        ],
        "r": [
          { "item": "trash", "chance": 35 },
          { "item": "road", "chance": 1 },
          { "item": "allclothes", "chance": 2, "damage": [ 1, 4 ] },
          { "item": "stoner", "chance": 1 },
          { "item": "oven", "chance": 1 },
          { "item": "wheels", "chance": 1 },
          { "item": "garden_shed", "chance": 1 },
          { "item": "homebooks", "chance": 1 },
          { "item": "electronics", "chance": 1 },
          { "item": "creepy", "chance": 1 },
          { "item": "chem_home", "chance": 1 },
          { "item": "barrels", "chance": 1 },
          { "item": "hardware", "chance": 1 },
          { "item": "misc_smoking", "chance": 1 },
          { "item": "tools_home", "chance": 1 }
        ]
      },
      "rows": [
        ".........______.........",
        ".........______.........",
        "..7......______......7..",
        "......___________.......",
        "....________________....",
        "...__________________...",
        "...__________________...",
        ".._____rrrrrrrrrr_____..",
        "..___rrrrrrrrrrrrrr___..",
        "..__rrrrrrrrrrrrrrrr__..",
        ".._rrrrrrrrrrrrrrrrrr_..",
        ".._rrrrrrrrrrrrrrrrrr_..",
        ".._rrrrrrrrrrrrrrrrrr_..",
        ".._rrr^^^^^^^^^^^^rrr_..",
        ".._r^^^^^^^^^^^^^^^^r_..",
        ".._^^^^^^^^^^^^^^^^^^_..",
        ".._^^^^^^^^^^^^^^^^^^_..",
        ".._^^^^^^^^^^^^^^^^^^_..",
        ".._^^^^^^^^^^^^^^^^^^_..",
        ".._^^^^^^^^^^^^^^^^^^_..",
        "..._^^^^^^^^^^^^^^^^_...",
        "...._^^^^^^^^^^^^^^_....",
        "........................",
        "........................"
      ],
      "terrain": {
        ".": [ "t_grass", "t_grass", "t_grass", "t_grass", "t_grass", "t_grass", "t_dirt" ],
        "7": "t_tree_maple",
        "^": "t_dirt",
        "_": [ "t_dirt", "t_dirt", "t_dirt", "t_dirt", "t_dirt", "t_dirt", "t_dirt", "t_grass" ],
        "r": "t_dirt"
      }
    },
    "om_terrain": "dump",
    "type": "mapgen",
    "flags": [ "SIDEWALK" ],
    "weight": 100
  }
]
