[
  {
    "type": "mapgen",
    "method": "json",
    "om_terrain": [ "lmoe" ],
    "//": "Above ground",
    "weight": 100,
    "object": {
      "rows": [
        "                        ",
        "                        ",
        "                        ",
        "                        ",
        "                        ",
        "                        ",
        "                        ",
        "        $$$$$$$$        ",
        "        $TTTTTT$        ",
        "       $$T####T$$       ",
        "       $$T#>>#T$$       ",
        "       $$T#..#T$$       ",
        "       $$T#+##T$$       ",
        "        $$$ $$$$        ",
        "        $$$ $$$$        ",
        "                        ",
        "                        ",
        "                        ",
        "                        ",
        "                        ",
        "                        ",
        "                        ",
        "                        ",
        "                        "
      ],
      "terrain": {
        " ": [ "t_dirt", "t_dirt", "t_grass" ],
        "#": "t_rock",
        "$": [ "t_tree", "t_tree_young", "t_tree_young", "t_shrub", "t_shrub", "t_shrub" ],
        "+": "t_door_metal_c",
        ".": "t_rock_floor",
        ">": "t_stairs_down",
        "T": "t_tree"
      }
    }
  },
  {
    "type": "mapgen",
    "method": "json",
    "om_terrain": [ "lmoe_under" ],
    "//": "Below ground",
    "weight": 100,
    "object": {
      "rows": [
        "########################",
        "########################",
        "########################",
        "###{{{{].......|}..BB###",
        "###....].......|}..BB###",
        "###....].......|}....###",
        "###==*=].......+.....###",
        "###.......1..1.|...CD###",
        "###............|.....###",
        "###{{{{{.......------###",
        "###............^^|.K.###",
        "###{{{{{.........+..t###",
        "###--------++--------###",
        "###c.}}}}.|..|C..XXXX###",
        "###c......|..|....XXX###",
        "###c.TT...|..|.....X~###",
        "###c.TTC..+..+...S.~^###",
        "###c.TT...|..|....~^^###",
        "###c......|..|C..~^^^###",
        "###c......|..|..~^^^^###",
        "###ccccccc|<<|.~^^^^^###",
        "########################",
        "########################",
        "########################"
      ],
      "terrain": {
        "#": "t_rock",
        "*": "t_chaingate_c",
        "+": "t_door_metal_c",
        "-": "t_wall_metal",
        ".": "t_rock_floor",
        "1": "t_column",
        "<": "t_stairs_up",
        "=": "t_chainfence_h",
        "B": "t_rock_floor",
        "C": "t_rock_floor",
        "D": "t_rock_floor",
        "K": "t_rock_floor",
        "S": "t_rock_floor",
        "T": "t_rock_floor",
        "X": "t_rock_floor",
        "]": "t_chainfence_v",
        "^": "t_rock_floor",
        "c": "t_rock_floor",
        "t": "t_rock_floor",
        "{": "t_rock_floor",
        "|": "t_wall_metal",
        "}": "t_rock_floor",
        "~": "t_water_sh"
      },
      "furniture": {
        "B": "f_bed",
        "C": "f_chair",
        "D": "f_desk",
        "K": "f_sink",
        "S": "f_woodstove",
        "T": "f_table",
        "X": "f_crate_c",
        "^": "f_rubble",
        "c": "f_counter",
        "{": "f_rack",
        "}": "f_bookcase"
      },
      "toilets": { "t": {  } },
      "place_items": [
        { "item": "lmoe_guns", "x": [ 3, 6 ], "y": [ 3, 3 ], "chance": 80 },
        { "item": "ammo", "x": [ 3, 6 ], "y": [ 3, 3 ], "chance": 80 },
        { "item": "cannedfood", "x": [ 3, 7 ], "y": [ 9, 9 ], "chance": 90 },
        { "item": "gear_survival", "x": [ 3, 7 ], "y": [ 11, 11 ], "chance": 80 },
        { "item": "bags", "x": [ 3, 7 ], "y": [ 11, 11 ], "chance": 50 },
        { "item": "softdrugs", "x": [ 3, 7 ], "y": [ 11, 11 ], "chance": 50 },
        { "item": "manuals", "x": [ 5, 8 ], "y": [ 13, 13 ], "chance": 60 },
        { "item": "textbooks", "x": [ 5, 8 ], "y": [ 13, 13 ], "chance": 60 },
        { "item": "tools_common", "x": [ 5, 6 ], "y": [ 15, 17 ], "chance": 90 },
        { "item": "hardware", "x": [ 3, 3 ], "y": [ 13, 20 ], "chance": 70 },
        { "item": "stash_wood", "x": [ 3, 9 ], "y": [ 20, 20 ], "chance": 70 },
        { "item": "shelter", "x": [ 18, 20 ], "y": [ 13, 14 ], "chance": 70 },
        { "item": "novels", "x": [ 16, 16 ], "y": [ 3, 5 ], "chance": 70 },
        { "item": "office", "x": [ 20, 20 ], "y": [ 7, 7 ], "chance": 50 },
        { "item": "bed", "x": [ 19, 20 ], "y": [ 3, 4 ], "chance": 60 }
      ]
    }
  },
  {
    "type": "mapgen",
    "method": "json",
    "om_terrain": [ "lmoe_under" ],
    "//": "Below ground",
    "weight": 100,
    "object": {
      "rows": [
        "########################",
        "########################",
        "##<<..].........^^^^####",
        "##....*............^^^##",
        "##....]..............^##",
        "##===###.........#######",
        "##...###-+------########",
        "##===###..|{{{{{{#######",
        "##.....|..+...........##",
        "##.....|..|.{{...{{{{.##",
        "##.....+..|----+------##",
        "##.....|..+..+..ccccc{##",
        "##{{{{{|..|..|.......{##",
        "##------+----|}.CTTT.{##",
        "##XXXX.......|}......{##",
        "##...........|..------##",
        "##....S......|..+...CD##",
        "##......~~~..--+|.....##",
        "##....~~~~~~~|K.|}.BBS##",
        "###..~~~~~~~~|..|}.BB###",
        "####.~~~~~~~~|t.|#######",
        "#######~~~##############",
        "########################",
        "########################"
      ],
      "terrain": {
        "#": "t_rock",
        "*": "t_chaingate_c",
        "+": "t_door_metal_c",
        "-": "t_wall_metal",
        ".": "t_rock_floor",
        "<": "t_stairs_up",
        "=": "t_chainfence_h",
        "B": "t_rock_floor",
        "C": "t_rock_floor",
        "D": "t_rock_floor",
        "K": "t_rock_floor",
        "S": "t_rock_floor",
        "T": "t_rock_floor",
        "X": "t_rock_floor",
        "]": "t_chainfence_v",
        "^": "t_rock_floor",
        "c": "t_rock_floor",
        "t": "t_rock_floor",
        "{": "t_rock_floor",
        "|": "t_wall_metal",
        "}": "t_rock_floor",
        "~": "t_water_sh"
      },
      "furniture": {
        "B": "f_bed",
        "C": "f_chair",
        "D": "f_desk",
        "K": "f_sink",
        "S": "f_woodstove",
        "T": "f_table",
        "X": "f_crate_c",
        "^": "f_rubble",
        "c": "f_counter",
        "{": "f_rack",
        "}": "f_bookcase"
      },
      "toilets": { "t": {  } },
      "place_items": [
        { "item": "lmoe_guns", "x": [ 2, 6 ], "y": [ 12, 12 ], "chance": 80 },
        { "item": "ammo", "x": [ 2, 6 ], "y": [ 12, 12 ], "chance": 80 },
        { "item": "cannedfood", "x": [ 17, 20 ], "y": [ 9, 9 ], "chance": 90 },
        { "item": "cannedfood", "x": [ 12, 13 ], "y": [ 9, 9 ], "chance": 90 },
        { "item": "cannedfood", "x": [ 11, 16 ], "y": [ 7, 7 ], "chance": 90 },
        { "item": "gear_survival", "x": [ 21, 21 ], "y": [ 11, 14 ], "chance": 80 },
        { "item": "bags", "x": [ 21, 21 ], "y": [ 11, 14 ], "chance": 50 },
        { "item": "shelter", "x": [ 21, 21 ], "y": [ 11, 14 ], "chance": 70 },
        { "item": "tools_common", "x": [ 17, 19 ], "y": [ 13, 13 ], "chance": 90 },
        { "item": "hardware", "x": [ 16, 20 ], "y": [ 11, 11 ], "chance": 70 },
        { "item": "softdrugs", "x": [ 21, 21 ], "y": [ 16, 16 ], "chance": 50 },
        { "item": "office", "x": [ 21, 21 ], "y": [ 16, 16 ], "chance": 50 },
        { "item": "manuals", "x": [ 14, 14 ], "y": [ 13, 14 ], "chance": 60 },
        { "item": "textbooks", "x": [ 14, 14 ], "y": [ 13, 14 ], "chance": 60 },
        { "item": "stash_wood", "x": [ 10, 12 ], "y": [ 14, 16 ], "chance": 90 },
        { "item": "stash_wood", "x": [ 6, 6 ], "y": [ 16, 16 ], "chance": 90 },
        { "item": "stash_wood", "x": [ 21, 21 ], "y": [ 18, 18 ], "chance": 60 },
        { "item": "novels", "x": [ 17, 17 ], "y": [ 18, 19 ], "chance": 70 },
        { "item": "bed", "x": [ 19, 20 ], "y": [ 18, 19 ], "chance": 70 }
      ]
    }
  }
]
