[
  {
    "type": "mapgen",
    "method": "json",
    "om_terrain": [ "medium_storage_units_1" ],
    "weight": 500,
    "object": {
      "rows": [
        "------------------------",
        ".................| H  C|",
        "................y7    C|",
        "................y7    C|",
        "................8|    C|",
        "|-----|..........|-----|",
        "|     7y........y7 III |",
        "|C    7y........y7    F|",
        "|CCCCC|8........8|DD  H|",
        "|-----|..........|-----|",
        "|     7y........y7    C|",
        "|HD   7y........y7    C|",
        "|     |8........8|    C|",
        "|-----|..........|-----|",
        "|F I  7y........y7    H|",
        "|F    7y........y7 F  H|",
        "|H  B |8........8|FFF  |",
        "|-----|..........|-----|",
        "|AAAA 7y........y7    A|",
        "|F    7y........y7    A|",
        "|AAAA 7y........y7 BB A|",
        "|     |8........8|BB  A|",
        "|AAAA |..........|BBB A|",
        "------------------------"
      ],
      "terrain": {
        " ": "t_floor",
        "+": "t_door_c",
        "-": "t_wall_h",
        ".": "t_pavement",
        "1": "t_window",
        "2": "t_sidewalk",
        "3": "t_tree_young",
        "4": "t_chaingate_l",
        "5": "t_wall_wood",
        "6": "t_chainfence_h",
        "7": "t_door_metal_locked",
        "8": "t_gates_mech_control",
        "A": "t_floor",
        "B": "t_floor",
        "C": "t_floor",
        "D": "t_floor",
        "E": "t_dirtfloor",
        "F": "t_floor",
        "G": "t_dirtfloor",
        "H": "t_floor",
        "I": "t_floor",
        "r": "t_pavement",
        "y": "t_pavement_y",
        "|": "t_wall_v"
      },
      "furniture": {
        "A": "f_rack",
        "B": "f_toilet",
        "C": "f_counter",
        "D": "f_sink",
        "E": "f_sink",
        "F": "f_chair",
        "G": "f_locker",
        "H": "f_table",
        "I": "f_sofa"
      },
      "place_items": [
        { "item": "livingroom", "x": [ 18, 22 ], "y": [ 2, 4 ], "chance": 5, "repeat": [ 1, 3 ] },
        { "item": "hardware_bulk", "x": [ 18, 22 ], "y": [ 2, 4 ], "chance": 5, "repeat": [ 1, 3 ] },
        { "item": "home_hw", "x": [ 18, 22 ], "y": [ 2, 4 ], "chance": 5, "repeat": [ 1, 3 ] },
        { "item": "tools_home", "x": [ 18, 22 ], "y": [ 2, 4 ], "chance": 5, "repeat": [ 1, 3 ] },
        { "item": "tools_construction", "x": [ 18, 22 ], "y": [ 2, 4 ], "chance": 5, "repeat": [ 1, 3 ] },
        { "item": "supplies_electronics", "x": [ 18, 22 ], "y": [ 2, 4 ], "chance": 5, "repeat": [ 1, 3 ] },
        { "item": "gear_survival", "x": [ 18, 22 ], "y": [ 2, 4 ], "chance": 5, "repeat": [ 1, 3 ] },
        { "item": "homebooks", "x": [ 1, 5 ], "y": [ 6, 8 ], "chance": 5, "repeat": [ 1, 3 ] },
        { "item": "supplies_fuel", "x": [ 1, 5 ], "y": [ 6, 8 ], "chance": 5, "repeat": [ 1, 3 ] },
        { "item": "bedroom", "x": [ 1, 5 ], "y": [ 10, 12 ], "chance": 5, "repeat": [ 1, 3 ] },
        { "item": "dresser", "x": [ 1, 5 ], "y": [ 10, 12 ], "chance": 5, "repeat": [ 1, 3 ] },
        { "item": "mil_surplus", "x": [ 1, 5 ], "y": [ 10, 12 ], "chance": 5, "repeat": [ 1, 3 ] },
        { "item": "mil_hw", "x": [ 1, 5 ], "y": [ 10, 12 ], "chance": 5, "repeat": [ 1, 3 ] },
        { "item": "mil_armor", "x": [ 1, 5 ], "y": [ 10, 12 ], "chance": 5, "repeat": [ 1, 3 ] },
        { "item": "mil_accessories", "x": [ 1, 5 ], "y": [ 10, 12 ], "chance": 5, "repeat": [ 1, 3 ] },
        { "item": "weapons", "x": [ 1, 5 ], "y": [ 10, 12 ], "chance": 5, "repeat": [ 1, 3 ] },
        { "item": "ammo_pistol_common", "x": [ 1, 5 ], "y": [ 10, 12 ], "chance": 5, "repeat": [ 1, 3 ] },
        { "item": "mags_common", "x": [ 1, 5 ], "y": [ 10, 12 ], "chance": 5, "repeat": [ 1, 3 ] },
        { "item": "mags_crime", "x": [ 1, 5 ], "y": [ 10, 12 ], "chance": 5, "repeat": [ 1, 3 ] },
        { "item": "homeguns", "x": [ 1, 5 ], "y": [ 10, 12 ], "chance": 5, "repeat": [ 1, 3 ] },
        { "item": "mansion_guns", "x": [ 1, 5 ], "y": [ 10, 12 ], "chance": 5, "repeat": [ 1, 3 ] },
        { "item": "gunmod_common", "x": [ 1, 5 ], "y": [ 10, 12 ], "chance": 5, "repeat": [ 1, 3 ] },
        { "item": "gear_soldier_sidearm", "x": [ 1, 5 ], "y": [ 10, 12 ], "chance": 5, "repeat": [ 1, 3 ] },
        { "item": "softdrugs", "x": [ 1, 5 ], "y": [ 14, 16 ], "chance": 5, "repeat": [ 1, 3 ] },
        { "item": "harddrugs", "x": [ 1, 5 ], "y": [ 14, 16 ], "chance": 5, "repeat": [ 1, 3 ] },
        { "item": "gear_medical", "x": [ 1, 5 ], "y": [ 14, 16 ], "chance": 5, "repeat": [ 1, 3 ] },
        { "item": "drugs_emergency", "x": [ 1, 5 ], "y": [ 14, 16 ], "chance": 5, "repeat": [ 1, 3 ] },
        { "item": "drugs_pharmacy", "x": [ 1, 5 ], "y": [ 14, 16 ], "chance": 5, "repeat": [ 1, 3 ] },
        { "item": "drugs_soldier", "x": [ 1, 5 ], "y": [ 14, 16 ], "chance": 5, "repeat": [ 1, 3 ] },
        { "item": "bionics_common", "x": [ 1, 5 ], "y": [ 14, 16 ], "chance": 5, "repeat": [ 1, 3 ] },
        { "item": "dining", "x": [ 1, 5 ], "y": [ 18, 22 ], "chance": 5, "repeat": [ 1, 3 ] },
        { "item": "kitchen", "x": [ 1, 5 ], "y": [ 18, 22 ], "chance": 5, "repeat": [ 1, 3 ] },
        { "item": "oven", "x": [ 1, 5 ], "y": [ 18, 22 ], "chance": 5, "repeat": [ 1, 3 ] },
        { "item": "camping", "x": [ 1, 5 ], "y": [ 18, 22 ], "chance": 5, "repeat": [ 1, 3 ] },
        { "item": "vending_food", "x": [ 1, 5 ], "y": [ 18, 22 ], "chance": 5, "repeat": [ 1, 3 ] },
        { "item": "vending_drink", "x": [ 1, 5 ], "y": [ 18, 22 ], "chance": 5, "repeat": [ 1, 3 ] },
        { "item": "cannedfood", "x": [ 1, 5 ], "y": [ 18, 22 ], "chance": 5, "repeat": [ 1, 3 ] },
        { "item": "snacks", "x": [ 1, 5 ], "y": [ 18, 22 ], "chance": 5, "repeat": [ 1, 3 ] },
        { "item": "pasta", "x": [ 1, 5 ], "y": [ 18, 22 ], "chance": 5, "repeat": [ 1, 3 ] },
        { "item": "snacks_fancy", "x": [ 1, 5 ], "y": [ 18, 22 ], "chance": 5, "repeat": [ 1, 3 ] },
        { "item": "coffee_shop", "x": [ 1, 5 ], "y": [ 18, 22 ], "chance": 5, "repeat": [ 1, 3 ] },
        { "item": "alcohol", "x": [ 1, 5 ], "y": [ 18, 22 ], "chance": 5, "repeat": [ 1, 3 ] },
        { "item": "mil_food", "x": [ 1, 5 ], "y": [ 18, 22 ], "chance": 5, "repeat": [ 1, 3 ] },
        { "item": "methlab", "x": [ 18, 22 ], "y": [ 10, 12 ], "chance": 5, "repeat": [ 1, 3 ] },
        { "item": "harddrugs", "x": [ 18, 22 ], "y": [ 10, 12 ], "chance": 5, "repeat": [ 1, 3 ] },
        { "item": "chem_home", "x": [ 18, 22 ], "y": [ 10, 12 ], "chance": 5, "repeat": [ 1, 3 ] },
        { "item": "chem_lab", "x": [ 18, 22 ], "y": [ 10, 12 ], "chance": 5, "repeat": [ 1, 3 ] },
        { "item": "arcade_prizes", "x": [ 18, 22 ], "y": [ 14, 16 ], "chance": 5, "repeat": [ 1, 3 ] },
        { "item": "antique", "x": [ 18, 22 ], "y": [ 14, 16 ], "chance": 5, "repeat": [ 1, 3 ] },
        { "item": "farming_tools", "x": [ 18, 22 ], "y": [ 18, 22 ], "chance": 5, "repeat": [ 1, 3 ] },
        { "item": "farming_seeds", "x": [ 18, 22 ], "y": [ 18, 22 ], "chance": 5, "repeat": [ 1, 3 ] }
      ]
    }
  },
  {
    "type": "mapgen",
    "method": "json",
    "om_terrain": [ "medium_storage_units_2" ],
    "weight": 500,
    "object": {
      "rows": [
        "|------------2rrrrrrrrr2",
        "|A     7y....2yrrryrrry2",
        "|A     7y....2yrrryrrry2",
        "|A     |8....2yrrryrrry2",
        "|------|.....2yrrryrrry2",
        "|C     7y....2yrrryrrry2",
        "|C     7y....2yyyyyyyyy2",
        "|C     |8....22222222222",
        "|------|.........--1+-1-",
        "|C     7y........1F    C",
        "|C     7y........1F FHFC",
        "|C     |8........|------",
        "|CCCCC |........y7      ",
        "|------|........y7      ",
        "|      7y.......8|------",
        "|      7y........|     A",
        "|      |8.......y7     A",
        "|AAAAAA|........y7     A",
        "|------|........8|------",
        "|CCC   7y........|     A",
        "|C     7y.......y7     A",
        "|C     |8.......y7     A",
        "|CCC   |........8|AA   A",
        "------------------------"
      ],
      "terrain": {
        " ": "t_floor",
        "+": "t_door_c",
        "-": "t_wall_h",
        ".": "t_pavement",
        "1": "t_window",
        "2": "t_sidewalk",
        "3": "t_tree_young",
        "4": "t_chaingate_l",
        "5": "t_wall_wood",
        "6": "t_chainfence_h",
        "7": "t_door_metal_locked",
        "8": "t_gates_mech_control",
        "A": "t_floor",
        "B": "t_floor",
        "C": "t_floor",
        "D": "t_floor",
        "E": "t_dirtfloor",
        "F": "t_floor",
        "G": "t_dirtfloor",
        "H": "t_floor",
        "I": "t_floor",
        "r": "t_pavement",
        "y": "t_pavement_y",
        "|": "t_wall_v"
      },
      "furniture": {
        "A": "f_rack",
        "B": "f_toilet",
        "C": "f_counter",
        "D": "f_sink",
        "E": "f_sink",
        "F": "f_chair",
        "G": "f_locker",
        "H": "f_table",
        "I": "f_sofa"
      },
      "place_items": [
        { "item": "softdrugs", "x": [ 1, 2 ], "y": [ 1, 3 ], "chance": 50, "repeat": [ 1, 11 ] },
        { "item": "camping", "x": 1, "y": [ 1, 3 ], "chance": 50, "repeat": [ 1, 11 ] },
        { "item": "homebooks", "x": 1, "y": [ 5, 7 ], "chance": 50, "repeat": [ 1, 11 ] },
        { "item": "livingroom", "x": 1, "y": [ 5, 7 ], "chance": 50, "repeat": [ 1, 11 ] },
        { "item": "bedroom", "x": 1, "y": [ 9, 12 ], "chance": 50, "repeat": [ 1, 11 ] },
        { "item": "dresser", "x": [ 3, 6 ], "y": [ 11, 12 ], "chance": 50, "repeat": [ 1, 11 ] },
        { "item": "kitchen", "x": [ 1, 6 ], "y": 17, "chance": 50, "repeat": [ 1, 11 ] },
        { "item": "livingroom", "x": [ 1, 6 ], "y": 17, "chance": 50, "repeat": [ 1, 11 ] },
        { "item": "bedroom", "x": [ 1, 4 ], "y": [ 19, 22 ], "chance": 50, "repeat": [ 1, 11 ] },
        { "item": "livingroom", "x": [ 1, 4 ], "y": [ 19, 22 ], "chance": 50, "repeat": [ 1, 11 ] },
        { "item": "homebooks", "x": [ 18, 23 ], "y": [ 12, 13 ], "chance": 5, "repeat": [ 1, 11 ] },
        { "item": "softdrugs", "x": [ 18, 23 ], "y": [ 12, 13 ], "chance": 10, "repeat": [ 1, 11 ] },
        { "item": "harddrugs", "x": [ 18, 23 ], "y": [ 12, 13 ], "chance": 10, "repeat": [ 1, 11 ] },
        { "item": "dresser", "x": [ 18, 23 ], "y": [ 12, 13 ], "chance": 5, "repeat": [ 1, 11 ] },
        { "item": "softdrugs", "x": 23, "y": [ 15, 17 ], "chance": 50, "repeat": [ 1, 11 ] },
        { "item": "dining", "x": 23, "y": [ 15, 17 ], "chance": 50, "repeat": [ 1, 11 ] },
        { "item": "camping", "x": 23, "y": [ 19, 22 ], "chance": 50, "repeat": [ 1, 11 ] },
        { "item": "dining", "x": [ 22, 23 ], "y": [ 19, 22 ], "chance": 50, "repeat": [ 1, 11 ] }
      ]
    }
  }
]
