[
  {
    "method": "json",
    "object": {
      "place_item": [
        { "item": "cig_butt", "repeat": 1, "x": 21, "y": 4 },
        { "item": "cig_butt", "repeat": 1, "x": 3, "y": 5 },
        { "item": "cig_butt", "repeat": 1, "x": 2, "y": 17 }
      ],
      "furniture": {
        "#": "f_table",
        "&": "f_sink",
        "'": "f_null",
        "+": "f_null",
        "-": "f_null",
        ".": "f_null",
        "C": "f_counter",
        "D": "f_null",
        "H": "f_armchair",
        "S": "f_null",
        "T": "f_trashcan",
        "^": "f_indoor_plant",
        "_": "f_null",
        "a": "f_chair",
        "b": "f_bigmirror",
        "c": "f_null",
        "d": "f_null",
        "e": "f_null",
        "f": "f_null",
        "g": "f_glass_fridge",
        "h": "f_null",
        "i": "f_null",
        "r": "f_null",
        "s": "f_sofa",
        "t": "f_toilet",
        "u": "f_null",
        "{": "f_locker",
        "|": "f_null"
      },
      "place_items": [
        { "chance": 30, "item": "female_underwear_bottom", "x": 17, "y": 14 },
        { "chance": 15, "item": "sex_lair", "x": 17, "y": 16 },
        { "chance": 15, "item": "sex_lair", "x": 21, "y": 13 },
        { "chance": 20, "item": "alcohol", "x": 7, "y": 18 },
        { "chance": 30, "item": "dresser_female", "x": 17, "y": 13 },
        { "chance": 30, "item": "female_underwear_top", "x": 21, "y": [ 15, 16 ] },
        { "chance": 30, "item": "alcohol", "x": 5, "y": 4 },
        { "chance": 30, "item": "alcohol", "x": [ 2, 3 ], "y": 2 },
        { "chance": 30, "item": "trash", "x": 15, "y": 16 },
        { "chance": 10, "item": "textbooks", "x": 21, "y": 14 },
        { "chance": 5, "item": "sex_lair", "x": 13, "y": 11 }
      ],
      "place_toilets": [ { "x": 19, "y": 2 }, { "x": 21, "y": 2 }, { "x": 21, "y": 8 } ],
      "rows": [
        "________________________",
        "S||||||||||||||||||||||_",
        "S|gg...|..sss#..|&|t|t|_",
        "S|.....+........|.|d|d|_",
        "S|CCCCC|..sss...+.....|_",
        "S|a.a.a.........|||||||_",
        "S|..............+.....|_",
        "S|.....HHHHHHH..|...|d|_",
        "S|s...----------|&C&|t|_",
        "S|s..Hrccccccccc|||||||_",
        "S|s..HrcccccccccD.....|_",
        "S|s..Hrccccccccc|....b|_",
        "S|^...----------|.....|_",
        "S|.....HHHHHHH..|{...{|_",
        "S|H.............|{...{|_",
        "S|#.............|{...{|_",
        "S|H.H#H........T|{...{|_",
        "S|........|f|||||||..||_",
        "S|H#H.H#H^|..h..|....H|_",
        "S||||||||||..|..+.....|_",
        "S_ueueu_SSi..'a.|....b|_",
        "SSSSSSSSSS|..'..|ss#.b|_",
        "SSSSSSSSSS|||||||||||||_",
        "________SS______________"
      ],
      "terrain": {
        "#": "t_floor",
        "&": "t_floor",
        "'": "t_window_no_curtains_open",
        "+": "t_door_c",
        "-": "t_railing_h",
        ".": "t_floor",
        "C": "t_floor",
        "D": "t_door_curtain_c",
        "H": "t_floor",
        "S": "t_sidewalk",
        "T": "t_floor",
        "^": "t_floor",
        "_": "t_grass",
        "a": "t_floor",
        "b": "t_floor",
        "c": "t_carpet_purple",
        "d": "t_door_o",
        "e": "t_shrub",
        "f": "t_door_metal_c",
        "g": "t_floor",
        "h": "t_door_metal_locked",
        "i": "t_door_glass_c",
        "r": "t_railing_v",
        "s": "t_floor",
        "t": "t_floor",
        "u": "t_underbrush",
        "{": "t_floor",
        "|": "t_wall"
      }
    },
    "om_terrain": "stripclub",
    "type": "mapgen",
    "weight": 100
  },
  {
    "method": "json",
    "object": {
      "furniture": {
        "#": "f_null",
        "&": "f_sink",
        "'": "f_null",
        "+": "f_null",
        "-": "f_null",
        ".": "f_null",
        "B": "f_bigmirror",
        "C": "f_chair",
        "D": "f_null",
        "H": "f_armchair",
        "S": "f_sofa",
        "T": "f_toilet",
        "^": "f_indoor_plant",
        "_": "f_null",
        "a": "f_null",
        "b": "f_counter",
        "c": "f_null",
        "d": "f_null",
        "e": "f_null",
        "g": "f_glass_fridge",
        "r": "f_null",
        "s": "f_null",
        "t": "f_table",
        "{": "f_locker",
        "|": "f_null"
      },
      "place_items": [
        { "chance": 25, "item": "office_breakroom", "x": 3, "y": 4 },
        { "chance": 10, "item": "trash", "x": 14, "y": 22 },
        { "chance": 45, "item": "female_underwear_bottom", "x": 7, "y": 16 },
        { "chance": 45, "item": "female_underwear_bottom", "x": [ 4, 5 ], "y": 16 },
        { "chance": 35, "item": "female_underwear_bottom", "x": 5, "y": 13 },
        { "chance": 35, "item": "female_underwear_bottom", "x": 6, "y": 12 },
        { "chance": 35, "item": "female_underwear_bottom", "x": 3, "y": 12 },
        { "chance": 35, "item": "female_underwear_bottom", "x": 8, "y": 11 },
        { "chance": 15, "item": "textbooks", "x": 5, "y": 11 },
        { "chance": 55, "item": "female_underwear_top", "x": 3, "y": 13 },
        { "chance": 45, "item": "female_underwear_top", "x": 8, "y": 12 },
        { "chance": 45, "item": "female_underwear_top", "x": 5, "y": 12 },
        { "chance": 10, "item": "vending_drink_items", "repeat": [ 1, 5 ], "x": 19, "y": 5 },
        { "chance": 20, "item": "softdrugs", "x": 3, "y": 15 },
        { "chance": 10, "item": "softdrugs", "x": 6, "y": 11 },
        { "chance": 10, "item": "harddrugs", "x": 7, "y": 20 },
        { "chance": 10, "item": "harddrugs", "x": 3, "y": 14 },
        { "chance": 65, "item": "alcohol", "x": 21, "y": 3 }
      ],
      "place_monsters": [ { "chance": 3, "density": 1, "monster": "GROUP_ZOMBIE", "x": 19, "y": 10 } ],
      "place_toilets": [ { "x": 4, "y": 20 } ],
      "rows": [
        "__________sss___________",
        "___#a##___sss_____#a#___",
        "__||||||||sss||||||||||_",
        "__|H.....|sss|^..+...g|_",
        "__|t.....|d|d|...|.C..|_",
        "_#|H..|..|...|...|bbbb|_",
        "_a|...|.C'...D........|_",
        "_#|...||||||||........|_",
        "__|...SSS|CtC...CtC..C|_",
        "__|B.....|...........t|_",
        "__|t.....|...........C|_",
        "__|{.{{.{|..HHHHH.....|_",
        "__|{.{{.{|-------H....|_",
        "__|{.{{..|ccccccrH....|_",
        "__|{.....eccccccrH....|_",
        "__|{.....|ccccccrH....|_",
        "__|{{{{{{|-------H...S|_",
        "__||||||||..HHHHH....S|_",
        "__|......+...........S|_",
        "__|+||...|...........t|_",
        "__|.T|&b&|^.HtH..SSSt^|_",
        "__|||||||||||||||||||||_",
        "________#______#aa#_#___",
        "________________##______"
      ],
      "terrain": {
        "#": "t_underbrush",
        "&": "t_floor",
        "'": "t_window_no_curtains_open",
        "+": "t_door_c",
        "-": "t_railing_h",
        ".": "t_floor",
        "B": "t_floor",
        "C": "t_floor",
        "D": "t_door_metal_c",
        "H": "t_floor",
        "S": "t_floor",
        "T": "t_floor",
        "^": "t_floor",
        "_": "t_grass",
        "a": "t_shrub",
        "b": "t_floor",
        "c": "t_carpet_red",
        "d": "t_door_glass_c",
        "e": "t_door_curtain_c",
        "g": "t_floor",
        "r": "t_railing_v",
        "s": "t_sidewalk",
        "t": "t_floor",
        "{": "t_floor",
        "|": "t_wall"
      }
    },
    "om_terrain": "stripclub",
    "type": "mapgen",
    "weight": 100
  },
  {
    "method": "json",
    "object": {
      "furniture": {
        "#": "f_chair",
        "&": "f_sink",
        "+": "f_null",
        "-": "f_null",
        ".": "f_null",
        "C": "f_counter",
        "D": "f_null",
        "H": "f_sofa",
        "R": "f_null",
        "S": "f_null",
        "T": "f_null",
        "^": "f_indoor_plant",
        "_": "f_null",
        "a": "f_armchair",
        "b": "f_bigmirror",
        "c": "f_null",
        "d": "f_null",
        "e": "f_toilet",
        "f": "f_null",
        "g": "f_glass_fridge",
        "p": "f_null",
        "r": "f_null",
        "s": "f_null",
        "t": "f_table",
        "u": "f_null",
        "v": "f_vending_c",
        "{": "f_locker",
        "|": "f_null"
      },
      "place_items": [
        { "chance": 10, "item": "floor_trash", "x": 8, "y": 15 },
        { "chance": 10, "item": "floor_trash", "x": 5, "y": 15 },
        { "chance": 10, "item": "floor_trash", "x": 13, "y": 6 },
        { "chance": 75, "item": "beauty", "x": 3, "y": 12 },
        { "chance": 75, "item": "beauty", "x": 2, "y": 9 },
        { "chance": 25, "item": "magazines", "x": 2, "y": 7 },
        { "chance": 35, "item": "softdrugs", "x": 6, "y": 12 },
        { "chance": 5, "item": "sex_lair", "x": 2, "y": 10 },
        { "chance": 5, "item": "sex_lair", "x": 6, "y": 9 },
        { "chance": 65, "item": "vending_food_items", "x": 2, "y": 3 },
        { "chance": 65, "item": "beer_selection", "x": 14, "y": 20 },
        { "chance": 65, "item": "beer_selection", "x": 12, "y": 19 },
        { "chance": 54, "item": "bar_alcohol", "x": 13, "y": 15 },
        { "chance": 54, "item": "bar_alcohol", "x": 19, "y": 4 },
        { "chance": 65, "item": "clothing_female", "x": 4, "y": 12 },
        { "chance": 65, "item": "clothing_female", "x": 2, "y": 12 },
        { "chance": 65, "item": "bar_alcohol", "x": 15, "y": 18 },
        { "chance": 25, "item": "misc_smoking", "x": 8, "y": 20 },
        { "chance": 25, "item": "misc_smoking", "x": 19, "y": 14 },
        { "chance": 25, "item": "misc_smoking", "x": 19, "y": 9 },
        { "chance": 35, "item": "misc_smoking", "x": 5, "y": 12 },
        { "chance": 65, "item": "vending_drink_items", "x": 3, "y": 3 },
        { "chance": 5, "item": "chair_hat", "x": 11, "y": 13 },
        { "chance": 5, "item": "chair_hat", "x": 16, "y": 11 },
        { "chance": 5, "item": "chair_hat", "x": 13, "y": 8 },
        { "chance": 5, "item": "chair_hat", "x": 14, "y": 3 },
        { "chance": 75, "item": "bar_alcohol", "x": 12, "y": 20 },
        { "chance": 15, "item": "magazines", "x": 6, "y": 3 }
      ],
      "place_monsters": [ { "chance": 10, "density": 0.0, "monster": "GROUP_ZOMBIE", "x": 16, "y": 14 } ],
      "place_toilets": [ { "x": 2, "y": 17 }, { "x": 4, "y": 17 } ],
      "rows": [
        "s_______sss_______d_____",
        "s|SS|SS|sss|SS|SS|SS|___",
        "s|||||||TTT||||||||||___",
        "s|vv..C||f||.HHHH..a|__d",
        "s|....C|...|.......t|u__",
        "s|....#C...R.......a|___",
        "s||..|||||||........|___",
        "s|H...b|............|___",
        "s|H...b|..######...a|_d_",
        "s|H....|-------r#..t|u__",
        "s|.....ccccccccr#..a|u__",
        "s|.....ccccccccr#...|___",
        "s|{{{{{|-------r#...|___",
        "s|||||||..######...a|___",
        "s|&C&..+...........t|___",
        "s|.....|....ata....a|___",
        "s|D|D|||............|u_d",
        "s|e|e|H.............|___",
        "s|||||H....||CCCC|+||___",
        "sssss|H....|g.......|___",
        "ppppp|^ata^|g.gC....|d__",
        "ppppp||||||||||||||||___",
        "______d_u____u__d_uu____",
        "__d____________d________"
      ],
      "terrain": {
        "#": "t_floor",
        "&": "t_floor",
        "+": "t_door_c",
        "-": "t_railing_h",
        ".": "t_floor",
        "C": "t_floor",
        "D": "t_door_metal_c",
        "H": "t_floor",
        "R": "t_reinforced_door_glass_c",
        "S": "t_shrub",
        "T": "t_thconc_floor",
        "^": "t_floor",
        "_": "t_grass",
        "a": "t_floor",
        "b": "t_floor",
        "c": "t_carpet_purple",
        "d": "t_dirt",
        "e": "t_floor",
        "f": "t_door_glass_c",
        "g": "t_floor",
        "p": "t_pavement",
        "r": "t_railing_v",
        "s": "t_sidewalk",
        "t": "t_floor",
        "u": "t_underbrush",
        "v": "t_floor",
        "{": "t_floor",
        "|": "t_wall"
      }
    },
    "om_terrain": "stripclub",
    "type": "mapgen",
    "weight": 100
  }
]
