[
  {
    "type": "palette",
    "id": "swamp_background",
    "furniture": {
      "i": "f_cattails"
    },
    "terrain": {
      " ": [ "t_swater_dp", "t_swater_sh", "t_swater_sh", "t_dirt", "t_dirt", "t_dirt", "t_dirt", "t_grass", "t_grass", "t_grass", "t_grass", "t_grass", "t_grass", "t_underbrush", "t_tree", "t_tree_young" ],
      "i": "t_water_sh"
    }
  },
  {
    "type": "mapgen",
    "method": "json",
    "om_terrain": [ "hunter_shack" ],
    "weight": 100,
    "object": {
      "fill_ter": "t_floor",
      "rows": [
        "                        ",
        "                        ",
        "                        ",
        "                        ",
        "                        ",
        "                        ",
        "                        ",
        "       -----------      ",
        "       -CSn.....d-      ",
        "       -....---+--      ",
        "       -B..D-@..d-      ",
        "       -B...-@..d-      ",
        "       -bbTc-s.ss-      ",
        "       ---o---+---      ",
        "        =V,,^,,,,,      ",
        "       ,,,,,,,,X=       ",
        "       ,=&&,xxXX=       ",
        "        =========       ",
        "                        ",
        "                        ",
        "                        ",
        "                        ",
        "                        ",
        "                        "
      ],
      "palettes": [ "swamp_background" ],
      "mapping": {
        "B": { "items": [ { "item": "novels", "chance": 50 }, { "item": "textbooks", "chance": 25 } ] },
        "C": { "items": [ { "item": "kitchen", "chance": 50 }, { "item": "fridge", "chance": 50 } ] },
        "D": { "items": { "item": "dresser", "chance": 75 } },
        "X": { "items": [ { "item": "hardware", "chance": 30 }, { "item": "mischw", "chance": 30 } ] },
        "b": { "items": { "item": "bed", "chance": 60 } },
        "d": { "items": { "item": "NC_HUNTER_misc", "chance": 50 } },
        "s": { "items": { "item": "traveler", "chance": 15 } },
        "x": { "items": [ { "item": "cleaning", "chance": 30 }, { "item": "hardware_plumbing", "chance": 30 } ]
        }
      },
      "terrain": {
        "&": "t_dirt",
        "+": "t_door_c",
        ",": [ "t_dirt", "t_dirt", "t_dirt", "t_dirt", "t_dirt", "t_dirt", "t_grass" ],
        "-": "t_wall_wood",
        ".": "t_floor",
        "=": "t_dirt",
        "V": "t_dirt",
        "X": "t_dirt",
        "^": "t_dirt",
        "o": "t_window_domestic",
        "x": "t_dirt"
      },
      "furniture": {
        "&": "f_kiln_empty",
        "=": "f_sandbag_wall",
        "@": "f_smoking_rack",
        "B": "f_bookcase",
        "C": "f_cupboard",
        "D": "f_dresser",
        "S": "f_woodstove",
        "T": "f_table",
        "V": "f_fvat_empty",
        "X": "f_crate_c",
        "^": "f_bulletin",
        "b": "f_makeshift_bed",
        "c": "f_chair",
        "d": "f_rack",
        "n": "f_counter",
        "s": "f_counter",
        "x": "f_crate_o"
      },
      "place_nested": [
        { "chunks": [ "cattail", "null" ], "x": [ 0, 6 ], "y": [ 0, 6 ], "neighbors": { "north": "forest_water" } },
        { "chunks": [ "cattail", "null" ], "x": [ 7, 17 ], "y": [ 0, 6 ], "neighbors": { "north": "forest_water" }, "repeat": 4 },
        { "chunks": [ "cattail", "null" ], "x": [ 18, 23 ], "y": [ 0, 6 ], "neighbors": { "north": "forest_water" } },
        { "chunks": [ "cattail", "null" ], "x": [ 18, 23 ], "y": [ 0, 6 ], "neighbors": { "east": "forest_water" } },
        { "chunks": [ "cattail", "null" ], "x": [ 18, 23 ], "y": [ 7, 17 ], "neighbors": { "east": "forest_water" }, "repeat": 4 },
        { "chunks": [ "cattail", "null" ], "x": [ 18, 23 ], "y": [ 18, 23 ], "neighbors": { "east": "forest_water" } },
        { "chunks": [ "cattail", "null" ], "x": [ 0, 6 ], "y": [ 18, 23 ], "neighbors": { "south": "forest_water" } },
        { "chunks": [ "cattail", "null" ], "x": [ 7, 17 ], "y": [ 18, 23 ], "neighbors": { "south": "forest_water" }, "repeat": 4 },
        { "chunks": [ "cattail", "null" ], "x": [ 18, 23 ], "y": [ 18, 23 ], "neighbors": { "south": "forest_water" } },
        { "chunks": [ "cattail", "null" ], "x": [ 0, 6 ], "y": [ 0, 6 ], "neighbors": { "west": "forest_water" } },
        { "chunks": [ "cattail", "null" ], "x": [ 0, 6 ], "y": [ 7, 17 ], "neighbors": { "west": "forest_water" }, "repeat": 4 },
        { "chunks": [ "cattail", "null" ], "x": [ 0, 6 ], "y": [ 18, 23 ], "neighbors": { "west": "forest_water" } }
      ]
    }
  },
  {
    "type": "mapgen",
    "method": "json",
    "nested_mapgen_id": "cattail",
    "object": {
      "rows": [ "i" ],
      "palettes": [ "swamp_background" ],
      "mapgensize": [ 1, 1 ]
    }
  },
  {
    "type": "mapgen",
    "method": "json",
    "om_terrain": [ "hunter_shack" ],
    "weight": 100,
    "object": {
      "fill_ter": "t_floor",
      "rows": [
        "                        ",
        "                        ",
        "        ;;;;;;;;;;;     ",
        " ,,,,,,,,;----o----;    ",
        " ,#,#,#,;;-x..DDDD-;    ",
        " ,#,#,#,;;-C.....D--;   ",
        " ,#,#,#,;R-C..c...T-,,  ",
        " ,#,#,#,;;-S..Tc...+,,, ",
        " ,#,#,#,;&os......--,,  ",
        " ,#,#,#,;&-s.L.dBB-,;;  ",
        " ,#,#,#,;--..L....-,;;  ",
        " ,#,#,#,,+...L..bb-,;;  ",
        " ,,,,,,,,----------,;;  ",
        "  ;;,,,,,;-llNNxX-;;;;  ",
        "  ;X-+--,;-.....X-^;;,  ",
        "  ;X-.C-;;;;;;;;;;;;;;  ",
        "   --.x-;;;;;;;;;;;;;;; ",
        "  ;-V.X-;;;;;;;;;;;;;;;;",
        "  ;on.X-;;;;;;;;;;;;;;;;",
        "  ;-@.X-;;;;;;;;;;;;;;;;",
        "  ;-----;;;;;;;;;;;;;;;;",
        "  ;;;;;;;;;;;;;;;;;;;;;;",
        "             ;;;;;;;;;;;",
        "              ;;;;;;;;;;"
      ],
      "palettes": [ "swamp_background" ],
      "mapping": {
        "B": { "items": [ { "item": "novels", "chance": 50 }, { "item": "textbooks", "chance": 25 } ] },
        "C": { "items": [ { "item": "kitchen", "chance": 50 }, { "item": "fridge", "chance": 50 } ] },
        "D": { "items": { "item": "NC_HUNTER_misc", "chance": 50} },
        "L": { "items": { "item": "NC_HUNTER_misc", "chance": 50 } },
        "N": { "items": { "item": "cleaning", "chance": 60 } },
        "X": { "items": [ { "item": "hardware", "chance": 30 }, { "item": "mischw", "chance": 30 } ] },
        "b": { "items": { "item": "bed", "chance": 60 } },
        "d": { "items": { "item": "dresser", "chance": 75 } },
        "l": { "items": { "item": "hardware", "chance": 60 } },
        "n": { "items": { "item": "NC_HUNTER_misc", "chance": 60 } },
        "s": { "items": { "item": "traveler", "chance": 15 } },
        "x": { "items": [ { "item": "cleaning", "chance": 30 }, { "item": "hardware_plumbing", "chance": 30 } ]
        }
      },
      "terrain": {
        "#": "t_dirtmound",
        "&": "t_dirt",
        "+": "t_door_c",
        ",": "t_dirt",
        "-": "t_wall_wood",
        ".": "t_floor",
        ";": [ "t_dirt", "t_dirt", "t_dirt", "t_dirt", "t_dirt", "t_dirt", "t_grass" ],
        "R": "t_dirt",
        "^": "t_dirt",
        "o": "t_window_domestic"
      },
      "furniture": {
        "&": "f_kiln_empty",
        "@": "f_smoking_rack",
        "B": "f_bookcase",
        "C": "f_cupboard",
        "D": "f_rack",
        "L": "f_locker",
        "N": "f_cupboard",
        "R": "f_rack",
        "S": "f_woodstove",
        "T": "f_table",
        "V": "f_fvat_empty",
        "X": "f_crate_c",
        "^": "f_bulletin",
        "b": "f_makeshift_bed",
        "c": "f_chair",
        "d": "f_dresser",
        "l": "f_locker",
        "n": "f_counter",
        "s": "f_counter",
        "x": "f_crate_o"
      }
    }
  }
]
