[
  {
    "type": "mapgen",
    "method": "json",
    "om_terrain": [ "s_gas" ],
    "weight": 350,
    "object": {
      "fill_ter": "t_pavement",
      "rows": [
        "........................",
        ".-----..................",
        ".|...|..........sss.....",
        ".|.Q.|...........&s.....",
        ".|...|...........1s.....",
        ".|...|P..........2s.....",
        ".--+--..........sss.....",
        "........................",
        "...s9s...........s9s....",
        "........................",
        "....5.............5.....",
        "........................",
        "........................",
        "........................",
        "........................",
        "....5.............5.....",
        "........................",
        "........................",
        "........................",
        "........................",
        "........................",
        "....5.............5.....",
        "...s9s...........s9s....",
        "........................"
      ],
      "place_terrain": [ { "ter": "t_gas_tank", "x": 3, "y": 5 } ],
      "terrain": {
        "&": "t_atm",
        "+": "t_chaingate_l",
        "-": "t_chainfence_h",
        ".": "t_pavement",
        "5": "t_gas_pump",
        "s": "t_little_column",
        "|": "t_chainfence_v"
      },
      "furniture": { "9": "f_aut_gas_console" },
      "signs": { "P": { "signage": "Danger!  Do not smoke!  Risk of explosion!" } },
      "vendingmachines": { "1": { "item_group": "vending_drink" }, "2": { "item_group": "vending_food" } },
      "place_liquids": [ { "liquid": "gasoline", "x": 3, "y": 5, "repeat": [ 200, 1075 ] } ]
    }
  },
  {
    "type": "mapgen",
    "method": "json",
    "om_terrain": [ "s_gas" ],
    "weight": 200,
    "object": {
      "fill_ter": "t_floor",
      "rows": [
        "____:]:____:____:]:____]",
        "____]]]____:____]]]____]",
        "____!#!____:____!#!____]",
        "____]]]____:____]]]____]",
        "____:]:____:____:]:____]",
        "____]]]____:____]]]____]",
        "____!#!____:____!#!____]",
        "____]]]____:____]]]____]",
        "____:]:____:____:]:____]",
        "]]]]]]]]]]]]]]]]]]]]]]]]",
        "]]]]]]]]]]]]]Pr]]]]]]]]]",
        "#xxxxxxxxx///xxxxxxxxx#]",
        "#1.......&...&.......1#]",
        "#r...................{#]",
        "#r..rrrrr.....rrrrr..{#]",
        "#r..rrrrr.....rrrrr..{#]",
        "#r...................{#]",
        "#r...................{#]",
        "#&.AFFD#.CCCCC#rrrrrr1#]",
        "##+#####...s..#########]",
        "#S.#...+......+.......~]",
        "#T.#TSl#.rrrrr#HHtcCfl#]",
        "########~##############]",
        "        ]]]]]]]]]]]]]]]]"
      ],
      "palettes": [ "road" ],
      "signs": { "P": { "signage": "Wide selection of storage batteries!  Discounts!" } },
      "items": { "l": { "item": "cleaning", "chance": 70 }, "&": { "item": "trash_cart", "chance": 50 } },
      "place_loot": [
        { "group": "fridgesnacks", "x": 21, "y": [ 13, 17 ], "chance": 70, "repeat": [ 1, 2 ] },
        { "group": "fridge", "x": 20, "y": 21, "chance": 60, "repeat": [ 1, 2 ] },
        { "group": "snacks", "x": [ 14, 18 ], "y": [ 14, 15 ], "chance": 70, "repeat": [ 1, 2 ] },
        { "group": "magazines", "x": [ 4, 8 ], "y": [ 14, 15 ], "chance": 70, "repeat": [ 1, 2 ] },
        { "group": "softdrugs", "x": 1, "y": [ 13, 17 ], "chance": 70, "repeat": [ 1, 2 ] },
        { "group": "behindcounter", "x": [ 9, 13 ], "y": 21, "chance": 70, "repeat": [ 1, 2 ] },
        { "group": "road", "x": [ 7, 15 ], "y": [ 0, 8 ], "chance": 30, "repeat": [ 1, 2 ] },
        { "group": "gas_charging_rack", "x": [ 15, 20 ], "y": 18, "chance": 50, "repeat": [ 1, 2 ] },
        { "group": "gas_charging_rack", "x": 14, "y": 10, "chance": 50 },
        { "group": "dining", "x": 17, "y": 21, "chance": 45 },
        { "group": "bed", "x": [ 15, 16 ], "y": 21, "chance": 70 },
        { "item": "microwave", "x": 19, "y": 21, "chance": 80 },
        { "item": "laptop", "x": 11, "y": 18, "chance": 70 }
      ],
      "place_monsters": [ { "monster": "GROUP_ZOMBIE", "x": [ 2, 20 ], "y": [ 16, 17 ], "chance": 2 } ]
    }
  }
]
