[
  {
    "type": "mapgen",
    "method": "json",
    "om_terrain": [ "s_library" ],
    "weight": 500,
    "object": {
      "rows": [
        "~~~~~~~~~~~~~~~~~~~~~~~~",
        "~~~~~~~~~~~~~~~~~~~~~~~~",
        "********~~**************",
        "*qrqrqrq~~qrqrqrqrqrqrq*",
        "*|----==::=====|--OO--|*",
        "*|d.b#.........|.hh.h.|*",
        "*|d..%.....hTh.|.TTTT.|*",
        "*|d.b#.....hTh.|..hhh.|*",
        "*|f..%.........|+-----|*",
        "*|...#................O*",
        "*O........h%%h...]]aa]|*",
        "*|]aa]]...h%%h...]]aa]|*",
        "*|]aa]]...h%%h...]]aa]|*",
        "*|]aa]]...h%%h...]]aa]|*",
        "*|]aa]]...h%%h...]]aa]|*",
        "*|....................|*",
        "*|]]]]]]]]]]]]]]]]]]]]|*",
        "*|--------------------|*",
        "************************",
        "************************",
        "****4*******************",
        "*******************4****",
        "************************",
        "************************"
      ],
      "terrain": {
        "#": "t_floor",
        "%": "t_console_broken",
        "*": "t_grass",
        "+": "t_door_c",
        "-": "t_wall",
        ".": "t_floor",
        "4": "t_tree_pine",
        ":": "t_door_glass_c",
        ";": "t_door_locked",
        "=": "t_wall_glass",
        "O": "t_window",
        "T": "t_floor",
        "]": "t_floor",
        "a": "t_floor",
        "b": "t_floor",
        "d": "t_floor",
        "f": "t_floor",
        "h": "t_floor",
        "q": "t_grass",
        "r": "t_grass",
        "|": "t_wall",
        "~": "t_sidewalk"
      },
      "furniture": {
        "#": "f_counter",
        "T": "f_table",
        "]": "f_bookcase",
        "a": [
          "f_stool",
          "f_null",
          "f_null",
          "f_null",
          "f_null",
          "f_null",
          "f_null",
          "f_null",
          "f_null",
          "f_null",
          "f_null",
          "f_null"
        ],
        "b": "f_stool",
        "d": "f_desk",
        "f": "f_indoor_plant",
        "h": "f_chair",
        "q": "f_bluebell",
        "r": "f_dahlia"
      },
      "place_items": [
        { "item": "magazines", "x": 21, "y": [ 10, 14 ], "chance": 50, "repeat": [ 3, 6 ] },
        { "item": "novels", "x": [ 2, 21 ], "y": 16, "chance": 60, "repeat": [ 12, 20 ] },
        { "item": "homebooks", "x": [ 17, 18 ], "y": [ 10, 14 ], "chance": 50, "repeat": [ 4, 8 ] },
        { "item": "manuals", "x": 2, "y": [ 11, 14 ], "chance": 40, "repeat": [ 2, 4 ] },
        { "item": "textbooks", "x": 2, "y": [ 11, 14 ], "chance": 40, "repeat": 2 },
        { "item": "manuals", "x": [ 5, 6 ], "y": [ 11, 14 ], "chance": 40, "repeat": [ 2, 6 ] },
        { "item": "textbooks", "x": [ 5, 6 ], "y": [ 11, 14 ], "chance": 40, "repeat": [ 2, 3 ] },
        { "item": "office", "x": 2, "y": [ 5, 7 ], "chance": 50, "repeat": [ 1, 3 ] }
      ],
      "place_monsters": [ { "monster": "GROUP_MAYBE_ZOMBIE", "x": [ 16, 21 ], "y": [ 5, 7 ], "density": 1 } ]
    }
  }
]
