[
  {
    "id": "library_elec",
    "type": "item_group",
    "items": [
      [ "superglue", 30 ],
      [ "processor", 15 ],
      [ "RAM", 22 ],
      [ "power_supply", 16 ],
      [ "amplifier", 8 ],
      [ "transponder", 5 ],
      [ "receiver", 10 ],
      [ "antenna", 18 ],
      [ "screwdriver", 40 ],
      [ "battery", 50 ],
      [ "manual_electronics", 20 ],
      [ "mobile_memory_card", 20 ],
      [ "usb_drive", 5 ],
      [ "software_useless", 10 ],
      [ "survnote", 1 ]
    ]
  },
  {
    "type": "mapgen",
    "method": "json",
    "om_terrain": [ "s_library" ],
    "weight": 500,
    "object": {
      "rows": [
        "~~~~~~~~~~~~~~~~~~~~~~~~",
        "**qq~~~~qq|-O-|---|-O-|*",
        "**qq~~~~qq|%dy|TTT|.dd|*",
        "**qq~~~~qq|dh.|..T|.h%|*",
        "*|===::===|--+|+--|+--|*",
        "*|Th......%...........O*",
        "*|Th......###%###%###.|*",
        "*|Th..................|*",
        "*|-----|..............|*",
        "*O.hhh.+..h%T%h.h%T%h.|*",
        "*|.TTT.|..............O*",
        "*|-----|..h%T%h.h%T%h.|*",
        "*|.hhh.+..............|*",
        "*O.TTT.|.a]aa]]aa]]aa]|*",
        "*|.hhh.|.a]aa]]aa]]aa]|*",
        "*O-----|.a]aa]]aa]]aa]|*",
        "*|#s#s#|.a]aa]]aa]]aa]|*",
        "*|.....+.a]aa]]aa]]aa]|*",
        "*|+|+|+|.a]aa]]aa]]aa]|*",
        "*|.|.|.|.a]aa]]aa]]aa]|*",
        "*|t|t|t|.............T|*",
        "*|-----|-O--O---O---O-|*",
        "************************",
        "************************"
      ],
      "terrain": {
        "#": "t_floor",
        "%": "t_console_broken",
        "*": "t_grass",
        "+": "t_door_c",
        "-": "t_wall",
        ".": "t_floor",
        ":": "t_door_glass_c",
        "=": "t_wall_glass",
        "O": "t_window",
        "T": "t_floor",
        "]": "t_floor",
        "a": "t_floor",
        "d": "t_floor",
        "h": "t_floor",
        "q": "t_grass",
        "s": "t_floor",
        "t": "t_floor",
        "y": "t_floor",
        "|": "t_wall",
        "~": "t_sidewalk"
      },
      "furniture": {
        "#": "f_counter",
        "T": "f_table",
        "]": "f_bookcase",
        "a": [
          "f_stool",
          "f_null",
          "f_null",
          "f_null",
          "f_null",
          "f_null",
          "f_null",
          "f_null",
          "f_null",
          "f_null",
          "f_null",
          "f_null",
          "f_null",
          "f_null",
          "f_null"
        ],
        "d": "f_desk",
        "h": "f_chair",
        "q": "f_bluebell",
        "s": "f_sink",
        "y": "f_indoor_plant_y"
      },
      "toilets": { "t": {  } },
      "place_items": [
        { "item": "magazines", "x": 10, "y": [ 13, 19 ], "chance": 50, "repeat": [ 3, 6 ] },
        { "item": "novels", "x": 13, "y": [ 13, 19 ], "chance": 60, "repeat": [ 4, 8 ] },
        { "item": "homebooks", "x": 14, "y": [ 13, 19 ], "chance": 60, "repeat": [ 3, 6 ] },
        { "item": "manuals", "x": 17, "y": [ 13, 19 ], "chance": 50, "repeat": [ 3, 6 ] },
        { "item": "textbooks", "x": 18, "y": [ 13, 19 ], "chance": 50, "repeat": [ 3, 6 ] },
        { "item": "novels", "x": 21, "y": [ 13, 15 ], "chance": 50, "repeat": [ 2, 4 ] },
        { "item": "mansion_books", "x": 21, "y": [ 16, 19 ], "chance": 50, "repeat": [ 2, 5 ] },
        { "item": "library_elec", "x": [ 15, 17 ], "y": 2, "chance": 50, "repeat": [ 2, 3 ] },
        { "item": "office", "x": 11, "y": 3, "chance": 30 },
        { "item": "office", "x": 12, "y": 2, "chance": 30 },
        { "item": "office", "x": [ 20, 21 ], "y": 2, "chance": 80 }
      ]
    }
  }
]
