[
  {
    "type": "mapgen",
    "method": "json",
    "om_terrain": [ "lmoe_under" ],
    "weight": 100,
    "object": {
      "rows": [
        "########################",
        "########################",
        "########################",
        "###{{{{].......|}..BB###",
        "###....].......|}..BB###",
        "###....].......|}....###",
        "###==*=].......+.....###",
        "###.......1..1.|...CD###",
        "###............|.....###",
        "###{{{{{.......------###",
        "###............^^|.K.###",
        "###{{{{{.........+..t###",
        "###--------++--------###",
        "###c.}}}}.|..|C..XXXX###",
        "###c......|..|....XXX###",
        "###c.TT...|..|.....X~###",
        "###c.TTC..+..+...S.~^###",
        "###c.TT...|..|....~^^###",
        "###c......|..|C..~^^^###",
        "###c......|..|..~^^^^###",
        "###ccccccc|<<|.~^^^^^###",
        "########################",
        "########################",
        "########################"
      ],
      "terrain": {
        "#": "t_rock",
        "*": "t_chaingate_c",
        "+": "t_door_metal_c",
        "-": "t_wall_metal",
        ".": "t_rock_floor",
        "1": "t_column",
        "<": "t_stairs_up",
        "=": "t_chainfence_h",
        "B": "t_rock_floor",
        "C": "t_rock_floor",
        "D": "t_rock_floor",
        "K": "t_rock_floor",
        "S": "t_rock_floor",
        "T": "t_rock_floor",
        "X": "t_rock_floor",
        "]": "t_chainfence_v",
        "^": "t_rock_floor",
        "c": "t_rock_floor",
        "t": "t_rock_floor",
        "{": "t_rock_floor",
        "|": "t_wall_metal",
        "}": "t_rock_floor",
        "~": "t_water_sh"
      },
      "furniture": {
        "B": "f_bed",
        "C": "f_chair",
        "D": "f_desk",
        "K": "f_sink",
        "S": "f_woodstove",
        "T": "f_table",
        "X": "f_crate_c",
        "^": "f_rubble",
        "c": "f_counter",
        "{": "f_rack",
        "}": "f_bookcase"
      },
      "toilets": { "t": {  } },
      "place_items": [
        { "item": "lmoe_guns", "x": [ 3, 6 ], "y": [ 3, 3 ], "chance": 80 },
        { "item": "ammo", "x": [ 3, 6 ], "y": [ 3, 3 ], "chance": 80 },
        { "item": "cannedfood", "x": [ 3, 7 ], "y": [ 9, 9 ], "chance": 90 },
        { "item": "gear_survival", "x": [ 3, 7 ], "y": [ 11, 11 ], "chance": 80 },
        { "item": "bags", "x": [ 3, 7 ], "y": [ 11, 11 ], "chance": 50 },
        { "item": "softdrugs", "x": [ 3, 7 ], "y": [ 11, 11 ], "chance": 50 },
        { "item": "manuals", "x": [ 5, 8 ], "y": [ 13, 13 ], "chance": 60 },
        { "item": "textbooks", "x": [ 5, 8 ], "y": [ 13, 13 ], "chance": 60 },
        { "item": "tools_common", "x": [ 5, 6 ], "y": [ 15, 17 ], "chance": 90 },
        { "item": "hardware", "x": [ 3, 3 ], "y": [ 13, 20 ], "chance": 70 },
        { "item": "stash_wood", "x": [ 3, 9 ], "y": [ 20, 20 ], "chance": 70 },
        { "item": "shelter", "x": [ 18, 20 ], "y": [ 13, 14 ], "chance": 70 },
        { "item": "novels", "x": [ 16, 16 ], "y": [ 3, 5 ], "chance": 70 },
        { "item": "office", "x": [ 20, 20 ], "y": [ 7, 7 ], "chance": 50 },
        { "item": "bed", "x": [ 19, 20 ], "y": [ 3, 4 ], "chance": 60 }
      ]
    }
  }
]
