[
  {
    "type": "mapgen",
    "method": "json",
    "om_terrain": [ "roadstop_b" ],
    "weight": 333,
    "object": {
      "rotation": 2,
      "rows": [
        "........................",
        "........................",
        "........................",
        "........................",
        "........................",
        "......o........oo.......",
        ".....##############.....",
        ".t.t.#877A7i779995#.t.t.",
        ".....3           5#.....",
        ".t.t.#89977777  75#.t.t.",
        ".....########777###.....",
        ".....| 4    4    4|.....",
        ".....|464  464  46|.....",
        ".....| 4  4 4 4  4|.....",
        ".....|8  464 464 8|.....",
        ".....|SSSSSSSSSSSS|.....",
        ".2222222222222222222222.",
        ".2222222222222222222222.",
        ".2222222222222222222222.",
        ".,,,,,222222222222,,,,,.",
        ".2222222222222222222222.",
        ".2222222222222222222222.",
        ".2222222222222222222222.",
        ".,,,,,2222....2222,,,,,."
      ],
      "terrain": {
        " ": "t_floor",
        "#": "t_wall",
        ",": "t_pavement_y",
        ".": "t_grass",
        "2": "t_pavement",
        "3": "t_door_c",
        "4": "t_floor",
        "5": "t_floor",
        "6": "t_floor",
        "7": "t_floor",
        "8": "t_dirt",
        "9": "t_floor",
        "A": "t_floor",
        "S": "t_sidewalk",
        "i": "t_dirt",
        "o": "t_dirt",
        "t": "t_tree",
        "|": "t_sidewalk"
      },
      "furniture": {
        "4": "f_chair",
        "5": "f_rack",
        "6": "f_table",
        "7": "f_counter",
        "8": "f_trashcan",
        "9": "f_fridge",
        "A": "f_sink",
        "i": "f_oven",
        "o": "f_crate_c"
      },
      "place_items": [
        { "item": "kitchen", "x": 9, "y": [ 9, 14 ], "chance": 80 },
        { "item": "trash", "x": 6, "y": 7, "chance": 80 },
        { "item": "trash", "x": 6, "y": 9, "chance": 80 },
        { "item": "trash", "x": 6, "y": 14, "chance": 80 },
        { "item": "fridge", "x": [ 7, 8 ], "y": 9, "chance": 80 },
        { "item": "coffee_fridge", "x": [ 14, 16 ], "y": 7, "chance": 80 },
        { "item": "trash", "x": 17, "y": 14, "chance": 80 }
      ]
    }
  }
]
