[
  {
    "type": "mapgen",
    "method": "json",
    "om_terrain": [ "s_library" ],
    "weight": 1000,
    "object": {
      "rows": [
        "                        ",
        "                        ",
        "  ---ww----++----ww---  ",
        "  |...........c.t....|  ",
        "  |bbbbbbb....c......|  ",
        "  |bbbbbbb....ccccc..|  ",
        "  w..ss..............w  ",
        "  w.....s..s.........w  ",
        "  |bbbbbbbbbbbbb....b|  ",
        "  |bbbbbbbbbbbbb...sb|  ",
        "  w........sss.....sb|  ",
        "  ws..sss..........sb|  ",
        "  |bbbbbbbbbbbbb....b|  ",
        "  |bbbbbbbbbbbbbs...b|  ",
        "  w.....ss.ss.......b|  ",
        "  wss.........ss...sb|  ",
        "  |bbbbbbbbbbbbbs...b|  ",
        "  ----------------+---  ",
        "                        ",
        "                        ",
        "                        ",
        "                        ",
        "                        ",
        "                        "
      ],
      "terrain": {
        " ": [ "t_grass", "t_grass", "t_grass", "t_dirt" ],
        "+": "t_door_c",
        "-": "t_wall",
        ".": "t_floor",
        "b": "t_floor",
        "c": "t_floor",
        "s": "t_floor",
        "t": "t_floor",
        "w": "t_window_domestic",
        "|": "t_wall"
      },
      "furniture": {
        "b": "f_bookcase",
        "c": "f_counter",
        "s": [ "f_stool", "f_null", "f_null", "f_null", "f_null", "f_null", "f_null" ],
        "t": "f_stool"
      },
      "place_items": [
        { "item": "magazines", "x": [ 3, 9 ], "y": 4, "chance": 70, "repeat": [ 1, 6 ] },
        { "item": "magazines", "x": 20, "y": [ 8, 16 ], "chance": 70, "repeat": [ 1, 6 ] },
        { "item": "novels", "x": [ 3, 9 ], "y": 5, "chance": 96, "repeat": [ 1, 6 ] },
        { "item": "novels", "x": [ 3, 15 ], "y": [ 8, 9 ], "chance": 96, "repeat": [ 1, 6 ] },
        { "item": "manuals", "x": [ 3, 15 ], "y": [ 12, 13 ], "chance": 92, "repeat": [ 1, 6 ] },
        { "item": "textbooks", "x": [ 3, 15 ], "y": 16, "chance": 88, "repeat": [ 1, 6 ] }
      ],
      "place_monsters": [ { "monster": "GROUP_ZOMBIE", "x": [ 0, 0 ], "y": [ 23, 23 ], "chance": 2, "repeat": [ 2, 3 ] } ]
    }
  }
]
