[
  {
    "type": "mapgen",
    "method": "json",
    "om_terrain": [ "s_sports" ],
    "weight": 300,
    "object": {
      "rows": [
        ".`''''`''''`''''`''''`..",
        ".`''''`''''`''''`''''`..",
        ".`''''`''''`''''`''''`..",
        ".`''''`''''`''''`''''`..",
        ".`''''`''''`''''`''''`..",
        ".--~~~~~~--++--~~~~~~--.",
        ".|   @@          @@   |.",
        ".|                    |.",
        ".|{  {}    mm    {}  }|.",
        ".|{  {}   ^--^   {}  }|.",
        ".|{  {}   ^||^   {}  }|.",
        ".|{  {}   ^--^   {}  }|.",
        ".|{  {}    pp    {}  }|.",
        ".|{  {}          {}  }|.",
        ".|        }}}}        |.",
        ".|######  }}}}  |/|/|/|.",
        ".|   h #        | | | |.",
        ".|        ttteee|^|^|^|.",
        ".|----+---------------|.",
        ".|& |   }}}}}}}}} OOOO|.",
        ".|  +                O|.",
        ".|% |   {{{{{{{{{    O|.",
        ".-----------------*----.",
        "........................"
      ],
      "terrain": {
        ".": [ "t_grass", "t_grass", "t_grass", "t_grass", "t_dirt" ],
        " ": "t_floor",
        "@": "t_floor",
        "^": "t_floor",
        "{": "t_floor",
        "}": "t_floor",
        "#": "t_floor",
        "%": "t_floor",
        "&": "t_floor",
        "h": "t_floor",
        "t": "t_floor",
        "e": "t_floor",
        "p": "t_floor",
        "m": "t_floor",
        "O": "t_floor",
        "'": "t_pavement",
        "`": "t_pavement_y",
        "+": "t_door_c",
        "*": "t_door_locked",
        "|": "t_wall",
        "-": "t_wall",
        "~": "t_window",
        "/": "t_door_curtain_c"
      },
      "furniture": {
        "#": "f_counter",
        "h": "f_stool",
        "t": "f_treadmill",
        "e": "f_ergometer",
        "p": "f_floor_canvas",
        "m": "f_exercise",
        "%": "f_sink",
        "@": "f_mannequin",
        "^": [ "f_bigmirror", "f_bigmirror", "f_bigmirror", "f_bigmirror_b" ],
        "{": "f_rack",
        "}": "f_rack",
        "O": [ "f_crate_c", "f_crate_c", "f_crate_c", "f_crate_o" ]
      },
      "toilets": { "&": {  } },
      "items": { "O": { "item": "allsporting", "chance": 50 } },
      "place_loot": [
        { "group": "clothing_sport", "x": [ 5, 6 ], "y": 6, "chance": 70, "repeat": [ 1, 2 ] },
        { "group": "clothing_sport", "x": [ 17, 18 ], "y": 6, "chance": 70, "repeat": [ 1, 2 ] },
        { "group": "camping", "x": 2, "y": [ 8, 13 ], "chance": 70, "repeat": [ 1, 2 ] },
        { "group": "camping", "x": 5, "y": [ 8, 13 ], "chance": 70, "repeat": [ 1, 2 ] },
        { "group": "camping", "x": 6, "y": [ 8, 13 ], "chance": 70, "repeat": [ 1, 2 ] },
        { "group": "sports", "x": 17, "y": [ 8, 13 ], "chance": 70, "repeat": [ 1, 2 ] },
        { "group": "sports", "x": 18, "y": [ 8, 13 ], "chance": 70, "repeat": [ 1, 2 ] },
        { "group": "sports", "x": 21, "y": [ 8, 13 ], "chance": 70, "repeat": [ 1, 2 ] },
        { "group": "allsporting", "x": [ 10, 13 ], "y": 14, "chance": 70, "repeat": [ 1, 2 ] },
        { "group": "allsporting", "x": [ 10, 13 ], "y": 15, "chance": 70, "repeat": [ 1, 2 ] },
        { "group": "allsporting", "x": [ 8, 16 ], "y": 19, "chance": 60 },
        { "group": "allsporting", "x": [ 8, 16 ], "y": 21, "chance": 60 }
      ],
      "place_monsters": [ { "monster": "GROUP_ZOMBIE", "x": [ 2, 21 ], "y": 7, "chance": 2 } ]
    }
  },
  {
    "id": "clothing_sport",
    "type": "item_group",
    "subtype": "distribution",
    "items": [
      { "group": "clothing_outdoor_torso" },
      { "group": "clothing_outdoor_pants" },
      { "group": "clothing_outdoor_shoes" },
      { "group": "clothing_glasses", "prob": 10 },
      { "group": "clothing_watch", "prob": 5 }
    ]
  }
]
