[
{
  "type" : "recipe",
  "result": "carver_off",
  "category": "CC_ELECTRONIC",
  "subcategory": "CSC_ELECTRONIC_TOOLS",
  "skill_used": "fabrication",
  "skills_required" : [ "electronics", 3 ],
  "difficulty": 4,
  "time": 20000,
  "reversible": true,
  "decomp_learn": 4,
  "book_learn": [["advanced_electronics", 3] , ["textbook_electronics", 3]],
  "using": [ [ "soldering_standard", 10 ], [ "surface_heat", 10 ] ],
  "qualities" : [
    {"id":"SCREW","level":1}
  ],
  "tools" : [
     [ ["mold_plastic", -1] ]
  ],
  "components" : [
     [ ["plastic_chunk", 6] ],
     [ ["blade", 2] ],
     [ ["motor_small", 1] ],
     [ ["power_supply", 1] ],
     [ [ "scrap", 1 ] ],
     [ [ "cable", 5 ] ]
    ]
},{
  "type" : "recipe",
  "result": "cordless_drill",
  "category": "CC_ELECTRONIC",
  "subcategory": "CSC_ELECTRONIC_TOOLS",
  "skill_used": "fabrication",
  "skills_required" : [ "electronics", 3 ],
  "difficulty": 4,
  "time": 20000,
  "reversible": true,
  "decomp_learn": 4,
  "book_learn": [["advanced_electronics", 3] , ["textbook_electronics", 3]],
  "using": [ [ "soldering_standard", 10 ], [ "surface_heat", 10 ] ],
  "qualities" : [
    {"id":"SCREW","level":1}
  ],
  "tools" : [
    [ ["mold_plastic", -1] ]
  ],
  "components": [
    [
      [ "antenna", 1 ],
      [ "screwdriver", 1 ],
      [ "xacto", 1 ],
      [ "knife_butter", 1 ]
    ],
    [ ["plastic_chunk", 6] ],
    [ [ "motor_small", 1 ] ],
    [ [ "power_supply", 1 ] ],
    [ [ "cable", 5 ] ],
    [
      [ "scrap", 1 ],
      [ "steel_chunk", 1 ]
    ]
  ]
},{
  "type" : "recipe",
  "result": "trimmer_off",
  "category": "CC_ELECTRONIC",
  "subcategory": "CSC_ELECTRONIC_TOOLS",
  "skill_used": "fabrication",
  "skills_required" : [ "electronics", 3 ],
  "difficulty": 5,
  "time": 20000,
  "reversible": true,
  "decomp_learn": 5,
  "book_learn": [["advanced_electronics", 4] , ["textbook_electronics", 4]],
  "using": [ [ "soldering_standard", 12 ], [ "surface_heat", 12 ] ],
  "qualities" : [
    {"id":"SCREW","level":1}
  ],
  "tools" : [
    [ ["mold_plastic", -1] ]
  ],
  "components" : [
    [ ["plastic_chunk", 6] ],
    [ ["chain", 1] ],
    [ ["motor_small", 1] ],
    [ ["metal_tank_little", 1] ],
    [ [ "scrap", 2 ] ],
    [ [ "cable", 4 ] ],
    [ [ "1cyl_combustion_small", 1 ] ]
  ]
},{
  "type" : "recipe",
  "result": "circsaw_off",
  "category": "CC_ELECTRONIC",
  "subcategory": "CSC_ELECTRONIC_TOOLS",
  "skill_used": "fabrication",
  "skills_required" : [ "electronics", 3 ],
  "difficulty": 5,
  "time": 20000,
  "reversible": true,
  "book_learn": [["advanced_electronics", 4] , ["textbook_electronics", 4] , ["textbook_carpentry", 5]],
  "using": [ [ "soldering_standard", 10 ], [ "surface_heat", 10 ] ],
  "qualities" : [ {"id":"SCREW","level":1} ],
   "tools" : [
    [ ["mold_plastic", -1] ]
  ],
  "components" : [
    [ ["plastic_chunk", 6] ],
    [ ["circsaw_blade", 1] ],
    [ ["motor_small", 1] ],
    [ ["power_supply", 1] ],
    [ [ "scrap", 1 ] ],
    [ [ "cable", 5 ] ]
  ]
},{
  "type" : "recipe",
  "result": "antenna",
  "category": "CC_ELECTRONIC",
  "subcategory": "CSC_ELECTRONIC_COMPONENTS",
  "skill_used": "electronics",
  "time": 3000,
  "book_learn": [[ "radio_book", 1 ] , [ "textbook_anarch", 1 ]],
  "qualities":[ {"id":"SAW_M","level":1} ],
  "components": [
    [
      [ "steel_chunk", 1 ],
      [ "scrap", 3 ],
      [ "knife_butter", 2 ]
    ]
  ]
},{
  "type" : "recipe",
  "result": "directional_antenna",
  "category": "CC_ELECTRONIC",
  "subcategory": "CSC_ELECTRONIC_COMPONENTS",
  "skill_used": "electronics",
  "difficulty": 4,
  "time": 5000,
  "reversible": true,
  "decomp_learn": 3,
  "book_learn": [[ "radio_book", 3 ] , [ "textbook_anarch", 5 ]],
  "qualities":[
    {"id":"HAMMER","level":2},
    {"id":"SAW_M","level":1}
  ],
  "components": [
    [ [ "amplifier", 1 ] ],
    [ [ "wire", 6 ] ],
    [ [ "2x4", 2 ] ],
    [ [ "nail", 12 ] ]
  ]
},{
  "type" : "recipe",
  "result": "amplifier",
  "category": "CC_ELECTRONIC",
  "subcategory": "CSC_ELECTRONIC_COMPONENTS",
  "skill_used": "electronics",
  "difficulty": 1,
  "time": 4000,
  "reversible": true,
  "decomp_learn": 1,
  "book_learn": [[ "radio_book", 3 ] , [ "manual_electronics", 1 ]],
  "using": [ [ "soldering_standard", 4 ] ],
  "qualities" : [ {"id":"SCREW","level":1} ],
  "components": [
    [ [ "circuit", 1 ] ],
    [ [ "e_scrap", 3 ] ],
    [ [ "cable", 1 ] ]
  ]
},{
  "type" : "recipe",
  "result": "power_supply",
  "category": "CC_ELECTRONIC",
  "subcategory": "CSC_ELECTRONIC_COMPONENTS",
  "skill_used": "electronics",
  "difficulty": 1,
  "time": 6500,
  "book_learn": [[ "manual_electronics", 1 ] , [ "textbook_electronics", 2 ] , [ "advanced_electronics", 2 ]],
  "using": [ [ "soldering_standard", 3 ] ],
  "qualities" : [ {"id":"SCREW","level":1} ],
  "components": [
    [ [ "amplifier", 2 ] ],
    [ [ "cable", 20 ] ]
  ]
},{
  "type" : "recipe",
  "result": "element",
  "category": "CC_ELECTRONIC",
  "subcategory": "CSC_ELECTRONIC_COMPONENTS",
  "skill_used": "electronics",
  "difficulty": 1,
  "time": 7000,
  "autolearn": [[ "electronics", 3 ]],
  "book_learn": [[ "manual_electronics", 1 ] , [ "textbook_electronics", 1 ] , [ "advanced_electronics", 1 ]],
  "using": [ [ "soldering_standard", 5 ] ],
  "components": [ [ [ "cable", 40 ] ] ]
},{
  "type" : "recipe",
  "result": "receiver",
  "category": "CC_ELECTRONIC",
  "subcategory": "CSC_ELECTRONIC_COMPONENTS",
  "skill_used": "electronics",
  "difficulty": 2,
  "time": 12000,
  "reversible": true,
  "decomp_learn": 2,
  "book_learn": [[ "manual_electronics", 1 ] , [ "radio_book", 1 ] , [ "textbook_electronics", 2 ]],
  "using": [ [ "soldering_standard", 4 ] ],
  "qualities" : [ {"id":"SCREW","level":1} ],
  "components": [
    [ [ "circuit", 2 ] ],
    [ [ "e_scrap", 5 ] ],
    [ [ "cable", 2 ] ],
    [ [ "amplifier", 1 ] ]
  ]
},{
  "type" : "recipe",
  "result": "transponder",
  "category": "CC_ELECTRONIC",
  "subcategory": "CSC_ELECTRONIC_COMPONENTS",
  "skill_used": "electronics",
  "difficulty": 3,
  "time": 14000,
  "reversible": true,
  "decomp_learn": 3,
  "book_learn": [[ "manual_electronics", 1 ] , [ "textbook_electronics", 2 ] , [ "textbook_anarch", 3 ]],
  "using": [ [ "soldering_standard", 7 ] ],
  "qualities" : [ {"id":"SCREW","level":1} ],
  "components": [
    [ [ "circuit", 3 ] ],
    [ [ "e_scrap", 7 ] ],
    [ [ "cable", 3 ] ],
    [ [ "amplifier", 2 ] ]
  ]
},{
  "type" : "recipe",
  "result": "electric_lantern",
  "category": "CC_ELECTRONIC",
  "subcategory": "CSC_ELECTRONIC_LIGHTING",
  "skill_used": "electronics",
  "difficulty": 3,
  "time": 10000,
  "reversible": true,
  "book_learn": [[ "manual_electronics", 3 ] , [ "mag_electronics", 4 ] , [ "textbook_electronics", 2 ]],
  "using": [ [ "soldering_standard", 7 ] ],
  "qualities" : [ {"id":"SCREW","level":1} ],
  "components": [
    [ [ "cable", 8 ] ],
    [ [ "plastic_chunk", 2 ] ],
    [ [ "circuit", 2 ] ],
    [ [ "e_scrap", 2 ] ],
    [ [ "amplifier", 1 ] ]
  ]
},{
  "type" : "recipe",
  "result": "lightstrip_dead",
  "category": "CC_ELECTRONIC",
  "subcategory": "CSC_ELECTRONIC_LIGHTING",
  "skill_used": "electronics",
  "difficulty": 1,
  "time": 10000,
  "book_learn": [[ "manual_electronics", 1 ] , [ "mag_electronics", 1 ]],
  "components": [
    [ [ "amplifier", 1 ] ],
    [ [ "cable", 5 ] ],
    [ [ "e_scrap", 1 ] ]
  ]
},{
   "type" : "recipe",
  "result": "lightstrip_inactive",
  "category": "CC_ELECTRONIC",
  "subcategory": "CSC_ELECTRONIC_LIGHTING",
  "skill_used": "electronics",
  "time": 1000,
  "flags": ["BLIND_EASY"],
  "components": [
    [ [ "lightstrip_dead", 1 ] ],
    [ [ "battery", 15 ] ]
  ]
},{
  "type" : "recipe",
  "result": "sheet_metal_lit",
  "category": "CC_ELECTRONIC",
  "subcategory": "CSC_ELECTRONIC_LIGHTING",
  "skill_used": "electronics",
  "difficulty": 1,
  "time": 15000,
  "book_learn": [[ "manual_electronics", 1 ] , [ "mag_electronics", 1 ]],
  "using": [ [ "soldering_standard", 5 ] ],
  "components": [
    [
      [ "sheet_metal", 1 ]
    ],
    [
      [ "lightstrip_inactive", 1 ],
      [ "flashlight", 1 ]
    ],
    [
      [ "cable", 10 ]
    ],
    [
      [ "plastic_chunk", 2 ]
    ]
  ]
},{
  "type" : "recipe",
  "result": "flashlight",
  "category": "CC_ELECTRONIC",
  "subcategory": "CSC_ELECTRONIC_LIGHTING",
  "skill_used": "electronics",
  "difficulty": 1,
  "time": 10000,
  "reversible": true,
  "decomp_learn": 0,
  "book_learn": [[ "manual_electronics", 0 ] , [ "mag_electronics", 1 ]],
  "components": [
    [ [ "amplifier", 1 ] ],
    [
      [ "scrap", 4 ],
      [ "can_drink_unsealed", 1 ],
      [ "can_food_unsealed", 1 ],
      [ "canister_empty", 1 ],
      [ "bottle_glass", 1 ],
      [ "bottle_plastic", 1 ],
      [ "bottle_plastic_small", 1 ]
    ],
    [
      [ "lightstrip_dead", 1 ],
      [ "light_bulb", 1 ]
    ],
    [ [ "cable", 10 ] ]
  ]
},{
  "type" : "recipe",
  "result": "floodlight",
  "category": "CC_ELECTRONIC",
  "subcategory": "CSC_ELECTRONIC_LIGHTING",
  "skill_used": "mechanics",
  "skills_required": [ "electronics", 1 ],
  "difficulty": 2,
  "time": 15000,
  "reversible": true,
  "decomp_learn": 1,
  "book_learn": [[ "manual_electronics", 1 ] , [ "mag_electronics", 2 ]],
  "components": [
    [ [ "amplifier", 4 ] ],
    [
      [ "steel_chunk", 2 ],
      [ "scrap", 6 ]
    ],
    [
      [ "lightstrip_dead", 4 ],
      [ "light_bulb", 4 ]
    ],
    [ [ "cable", 10 ] ]
  ]
},{
  "type" : "recipe",
  "result": "car_headlight",
  "category": "CC_ELECTRONIC",
  "subcategory": "CSC_ELECTRONIC_LIGHTING",
  "skill_used": "mechanics",
  "skills_required": [ "electronics", 1 ],
  "difficulty": 2,
  "time": 12000,
  "reversible": true,
  "decomp_learn": 1,
  "book_learn": [[ "manual_electronics", 1 ] , [ "mag_electronics", 2 ]],
  "components": [
    [ [ "amplifier", 2 ] ],
    [
      [ "plastic_chunk", 2 ],
      [ "scrap", 3 ]
    ],
    [
      [ "lightstrip_dead", 2 ],
      [ "light_bulb", 2 ]
    ],
    [ [ "cable", 10 ] ]
  ]
},{
  "type" : "recipe",
  "result": "soldering_iron",
  "category": "CC_ELECTRONIC",
  "subcategory": "CSC_ELECTRONIC_TOOLS",
  "skill_used": "electronics",
  "difficulty": 1,
  "time": 20000,
  "reversible": true,
  "decomp_learn": 0,
  "autolearn": [[ "electronics", 2 ]],
  "book_learn": [[ "manual_electronics", 1 ] , [ "advanced_electronics", 2 ] , [ "textbook_anarch", 2 ]],
  "components": [
    [
      [ "antenna", 1 ],
      [ "screwdriver", 1 ],
      [ "xacto", 1 ],
      [ "knife_butter", 1 ]
    ],
    [ [ "power_supply", 1 ] ],
    [ [ "element", 1 ] ],
    [ [ "scrap", 2 ] ]
  ]
},{
  "type" : "recipe",
  "result": "battery",
  "category": "CC_ELECTRONIC",
  "subcategory": "CSC_ELECTRONIC_COMPONENTS",
  "skill_used": "fabrication",
  "skills_required": [ "electronics", 1 ],
  "difficulty": 2,
  "time": 5000,
  "book_learn": [[ "manual_electronics", 1 ] , [ "mag_electronics", 1 ] , [ "textbook_anarch", 2 ]],
  "qualities" : [ {"id":"SCREW","level":1} ],
  "components": [
    [
      [ "lemon", 1 ],
      [ "irradiated_lemon", 1 ],
      [ "orange", 1 ],
      [ "irradiated_orange", 1 ],
      [ "grapefruit", 1 ],
      [ "irradiated_grapefruit", 1 ],
      [ "acid", 1 ],
      [ "vinegar", 2 ]
    ],
    [
      [ "steel_chunk", 1 ],
      [ "knife_butter", 1 ],
      [ "knife_steak", 1 ],
      [ "bolt_steel", 1 ],
      [ "scrap", 1 ]
    ],
    [
      [ "can_drink_unsealed", 1 ],
      [ "can_food_unsealed", 1 ],
      [ "canister_empty", 1 ]
    ]
  ]
},{
  "type" : "recipe",
  "result": "noise_emitter",
  "id_suffix": "radio-mod",
  "category": "CC_ELECTRONIC",
  "subcategory": "CSC_ELECTRONIC_TOOLS",
  "skill_used": "electronics",
  "difficulty": 1,
  "time": 15000,
  "book_learn": [[ "radio_book", 1 ] , [ "textbook_anarch", 2 ]],
  "using": [ [ "soldering_standard", 5 ] ],
  "qualities" : [ {"id":"SCREW","level":1} ],
  "components": [
    [ [ "radio", 1 ] ],
    [ [ "amplifier", 2 ] ]
  ]
},{
  "type" : "recipe",
  "result": "noise_emitter",
  "category": "CC_ELECTRONIC",
  "subcategory": "CSC_ELECTRONIC_TOOLS",
  "skill_used": "electronics",
  "difficulty": 2,
  "time": 30000,
  "reversible": true,
  "book_learn": [[ "textbook_anarch", 2 ]],
  "using": [ [ "soldering_standard", 10 ] ],
  "qualities" : [ {"id":"SCREW","level":1} ],
  "components": [
    [ [ "amplifier", 2 ] ],
    [ [ "antenna", 1 ] ],
    [ [ "scrap", 5 ] ],
    [ [ "cable", 7 ] ]
  ]
},{
  "type" : "recipe",
  "result": "radio",
  "category": "CC_ELECTRONIC",
  "subcategory": "CSC_ELECTRONIC_TOOLS",
  "skill_used": "electronics",
  "difficulty": 2,
  "time": 25000,
  "reversible": true,
  "book_learn": [[ "radio_book", 2] , [ "textbook_anarch", 3 ]],
  "using": [ [ "soldering_standard", 10 ] ],
  "qualities" : [ {"id":"SCREW","level":1} ],
  "components": [
    [ [ "receiver", 1 ] ],
    [ [ "antenna", 1 ] ],
    [ [ "scrap", 5 ] ],
    [ [ "cable", 7 ] ]
  ]
},{
  "type" : "recipe",
  "result": "water_purifier",
  "category": "CC_ELECTRONIC",
  "subcategory": "CSC_ELECTRONIC_TOOLS",
  "skill_used": "mechanics",
  "skills_required": [ "electronics", 1 ],
  "difficulty": 3,
  "time": 25000,
  "reversible": true,
  "decomp_learn": 2,
  "book_learn": [[ "advanced_electronics", 3 ] , [ "manual_electronics", 2 ]],
  "qualities" : [ {"id":"SCREW","level":1} ],
  "components": [
    [ [ "element", 8 ] ],
    [
      [ "bottle_glass", 2 ],
      [ "bottle_plastic", 5 ],
      [ "bottle_plastic_small", 10 ]
    ],
    [ [ "hose", 1 ] ],
    [ [ "scrap", 3 ] ],
    [ [ "cable", 5 ] ]
  ]
},{
  "type" : "recipe",
  "result": "hotplate",
  "category": "CC_ELECTRONIC",
  "subcategory": "CSC_ELECTRONIC_TOOLS",
  "skill_used": "electronics",
  "difficulty": 3,
  "time": 30000,
  "reversible": true,
  "decomp_learn": 2,
  "book_learn": [[ "advanced_electronics", 1 ] , [ "mag_electronics", 3 ] , [ "manual_electronics", 2 ]],
  "qualities" : [ {"id":"SCREW","level":1} ],
  "components": [
    [ [ "element", 4 ] ],
    [ [ "amplifier", 1 ] ],
    [
      [ "scrap", 2 ],
      [ "pan", 1 ],
      [ "pot", 1 ],
      [ "pot_copper", 1 ],
      [ "knife_butcher", 2 ],
      [ "knife_steak", 6 ],
      [ "knife_butter", 6 ],
      [ "muffler", 1 ]
    ],
    [ [ "cable", 10 ] ]
  ]
},{
  "type" : "recipe",
  "result": "mess_kit",
  "category": "CC_ELECTRONIC",
  "subcategory": "CSC_ELECTRONIC_TOOLS",
  "skill_used": "fabrication",
  "skills_required" : [[ "electronics", 3 ], [ "survival", 3 ]],
  "difficulty": 4,
  "time": 60000,
  "decomp_learn": 4,
  "book_learn": [[ "textbook_survival", 3 ] , [ "advanced_electronics", 3 ] , [ "manual_electronics", 3 ]],
  "using": [ [ "soldering_standard", 10 ], [ "forging_standard", 10 ] ],
  "qualities" : [
    { "id": "ANVIL", "level": 3 },
    {"id":"SCREW","level":1},
    {"id":"HAMMER","level":3}
  ],
  "tools": [
    [ ["tongs", -1] ]
  ],
  "components": [
    [ [ "element", 3 ] ],
    [ [ "amplifier", 1 ] ],
    [
      [ "steel_chunk", 3 ],
      [ "scrap", 9 ]
    ],
    [ [ "plastic_chunk", 2] ],
    [ [ "cable", 10 ] ]
  ]
},{
  "type" : "recipe",
  "result": "coffeemaker",
  "category": "CC_ELECTRONIC",
  "subcategory": "CSC_ELECTRONIC_TOOLS",
  "skill_used": "electronics",
  "difficulty": 3,
  "time": 30000,
  "reversible": true,
  "decomp_learn": 2,
  "book_learn": [[ "advanced_electronics", 1 ] , [ "mag_electronics", 3 ] , [ "manual_electronics", 2 ]],
  "using": [ [ "soldering_standard", 10 ] ],
  "qualities" : [ {"id":"SCREW","level":1} ],
  "components": [
    [ [ "element", 4 ] ],
    [ [ "amplifier", 1 ] ],
    [
      [ "scrap", 2 ],
      [ "pan", 1 ],
      [ "pot", 1 ],
      [ "pot_copper", 1 ],
      [ "knife_butcher", 2 ],
      [ "knife_steak", 6 ],
      [ "knife_butter", 6 ],
      [ "muffler", 1 ]
    ],
    [ [ "cable", 15 ] ]
  ]
},{
  "type" : "recipe",
  "result": "tazer",
  "category": "CC_ELECTRONIC",
  "subcategory": "CSC_ELECTRONIC_TOOLS",
  "skill_used": "electronics",
  "difficulty": 3,
  "time": 25000,
  "reversible": true,
  "decomp_learn": 3,
  "book_learn": [[ "advanced_electronics", 2 ] , [ "textbook_electronics", 3 ] , [ "textbook_anarch", 3 ]],
  "using": [ [ "soldering_standard", 10 ] ],
  "qualities" : [ {"id":"SCREW","level":1} ],
  "components": [
    [ [ "amplifier", 1 ] ],
    [ [ "power_supply", 1 ] ],
    [ [ "scrap", 2 ] ]
  ]
},{
  "type" : "recipe",
  "result": "beeper",
  "category": "CC_ELECTRONIC",
  "subcategory": "CSC_ELECTRONIC_PARTS",
  "skill_used": "electronics",
  "difficulty": 2,
  "time": 11000,
  "reversible": true,
  "decomp_learn": 2,
  "book_learn": [[ "mag_electronics", 2 ]],
  "using": [ [ "soldering_standard", 6 ] ],
  "qualities" : [ {"id":"SCREW","level":1} ],
  "components": [
    [ [ "amplifier", 1 ] ],
    [ [ "scrap", 2 ] ],
    [ [ "cable", 4 ] ]
  ]
},{
  "type" : "recipe",
  "result": "two_way_radio",
  "category": "CC_ELECTRONIC",
  "subcategory": "CSC_ELECTRONIC_TOOLS",
  "skill_used": "electronics",
  "difficulty": 4,
  "time": 30000,
  "reversible": true,
  "decomp_learn": 4,
  "using": [ [ "soldering_standard", 14 ] ],
  "qualities" : [ {"id":"SCREW","level":1} ],
  "components": [
    [ [ "amplifier", 1 ] ],
    [ [ "transponder", 1 ] ],
    [ [ "receiver", 1 ] ],
    [ [ "antenna", 1 ] ],
    [ [ "scrap", 5 ] ],
    [ [ "cable", 10 ] ]
  ]
},{
  "type" : "recipe",
  "result": "electrohack",
  "category": "CC_ELECTRONIC",
  "subcategory": "CSC_ELECTRONIC_TOOLS",
  "skill_used": "electronics",
  "skills_required": [ "computer", 1 ],
  "difficulty": 4,
  "time": 35000,
  "reversible": true,
  "decomp_learn": 4,
  "book_learn": [[ "textbook_anarch", 3 ] , [ "advanced_electronics", 5 ]],
  "using": [ [ "soldering_standard", 10 ] ],
  "qualities" : [ {"id":"SCREW","level":1} ],
  "components": [
    [ [ "processor", 1 ] ],
    [ [ "RAM", 1 ] ],
    [ [ "scrap", 4 ] ],
    [ [ "cable", 10 ] ]
  ]
},{
  "type" : "recipe",
  "result": "mp3",
  "category": "CC_ELECTRONIC",
  "subcategory": "CSC_ELECTRONIC_TOOLS",
  "skill_used": "electronics",
  "skills_required": [ "computer", 1 ],
  "difficulty": 5,
  "time": 40000,
  "reversible": true,
  "note": "you might be able to reverse-engineer assembly, but not the music",
  "book_learn": [[ "textbook_electronics", 6 ] , [ "textbook_robots", 5 ]],
  "using": [ [ "soldering_standard", 5 ] ],
  "qualities" : [ {"id":"SCREW","level":1} ],
  "components": [
    [ [ "superglue", 1 ] ],
    [ [ "processor", 1 ] ],
    [ [ "RAM", 1 ] ],
    [ [ "amplifier", 1 ] ],
    [ [ "cable", 2 ] ]
  ]
},{
  "type" : "recipe",
  "result": "portable_game",
  "category": "CC_ELECTRONIC",
  "subcategory": "CSC_ELECTRONIC_TOOLS",
  "skill_used": "electronics",
  "skills_required": ["computer",  5],
  "difficulty": 8,
  "time": 60000,
  "reversible": true,
  "note": "as with mp3, no learning how to encode the software from taking it apart",
  "book_learn": [[ "textbook_electronics", 7 ] , [ "textbook_robots", 6 ]],
  "using": [ [ "soldering_standard", 10 ] ],
  "qualities" : [ {"id":"SCREW","level":1} ],
  "components": [
    [ ["superglue", 1] ],
    [ ["processor", 1] ],
    [ ["RAM", 2] ],
    [ ["amplifier", 1] ],
    [ ["cable", 2] ],
    [ ["plastic_chunk", 2] ],
    [ ["small_lcd_screen", 1] ]
  ]
},{
  "type" : "recipe",
  "result": "geiger_off",
  "category": "CC_ELECTRONIC",
  "subcategory": "CSC_ELECTRONIC_TOOLS",
  "skill_used": "electronics",
  "difficulty": 5,
  "time": 35000,
  "reversible": true,
  "decomp_learn": 5,
  "book_learn": [["advanced_electronics", 4] , ["textbook_electronics", 4] , ["atomic_survival", 3]],
  "using": [ [ "soldering_standard", 14 ] ],
  "qualities" : [ {"id":"SCREW","level":1} ],
  "components": [
    [ [ "power_supply", 1 ] ],
    [ [ "amplifier", 2 ] ],
    [ [ "scrap", 6 ] ],
    [ [ "cable", 10 ] ]
  ]
},{
  "type" : "recipe",
  "result": "rad_monitor",
  "category": "CC_ELECTRONIC",
  "subcategory": "CSC_ELECTRONIC_TOOLS",
  "skill_used": "electronics",
  "difficulty": 7,
  "time": 35000,
  "reversible": true,
  "decomp_learn": 7,
  "book_learn": [["advanced_electronics", 6] , ["textbook_electronics", 6] , ["atomic_survival", 5]],
  "using": [ [ "soldering_standard", 14 ] ],
  "qualities" : [ {"id":"SCREW","level":1} ],
  "components": [
    [ [ "processor", 1 ] ],
    [ [ "e_scrap", 1 ] ],
    [ [ "amplifier", 1 ] ],
    [ [ "plastic_chunk", 1 ] ]
  ]
},{
  "type" : "recipe",
  "result": "UPS_off",
  "category": "CC_ELECTRONIC",
  "subcategory": "CSC_ELECTRONIC_COMPONENTS",
  "skill_used": "electronics",
  "difficulty": 5,
  "time": 45000,
  "reversible": true,
  "decomp_learn": 4,
  "autolearn": true,
  "book_learn": [[ "advanced_electronics", 4] , [ "recipe_lab_elec", 4 ] , [ "textbook_anarch", 4]],
  "using": [ [ "soldering_standard", 24 ] ],
  "qualities" : [ {"id":"SCREW","level":1} ],
  "components": [
    [ [ "power_supply", 4 ] ],
    [ [ "small_storage_battery", 1 ] ],
    [ [ "amplifier", 3 ] ],
    [ [ "scrap", 4 ] ],
    [ [ "cable", 10 ] ]
  ]
},{
  "type" : "recipe",
  "result" : "adv_UPS_off",
  "category" : "CC_ELECTRONIC",
  "subcategory": "CSC_ELECTRONIC_COMPONENTS",
  "skill_used" : "electronics",
  "skills_required": [ "mechanics", 1 ],
  "difficulty" : 9,
  "time" : 85000,
  "reversible" : true,
  "decomp_learn" : 4,
  "book_learn": [[ "recipe_lab_elec", 7 ]],
  "using": [ [ "soldering_standard", 24 ] ],
  "qualities" : [ {"id":"SCREW","level":1} ],
  "components" : [
    [ [ "power_supply", 6 ] ],
    [ [ "amplifier", 5 ] ],
    [ [ "scrap", 4 ] ],
    [ [ "cable", 14 ] ],
    [ [ "plut_cell", 2 ] ]
  ]
},{
  "type" : "recipe",
  "result": "bio_armor_head",
  "category": "CC_ELECTRONIC",
  "subcategory": "CSC_ELECTRONIC_CBMS",
  "skill_used": "electronics",
  "skills_required": [ "firstaid", 5 ],
  "difficulty": 6,
  "time": 50000,
  "reversible": true,
  "decomp_learn": 5,
  "book_learn": [[ "recipe_lab_elec", 6 ] , [ "recipe_mil_augs", 5 ]],
  "using": [ [ "soldering_standard", 20 ] ],
  "qualities":[
    {"id":"HAMMER","level":3},
    {"id":"SCREW","level":1},
    {"id":"WRENCH","level":1}
  ],
  "components": [
    [
      [ "alloy_sheet", 4 ],
      [ "alloy_plate", 1 ]
    ],
    [ [ "burnt_out_bionic", 1 ] ]
  ]
},{
  "type" : "recipe",
  "result": "bio_armor_arms",
  "category": "CC_ELECTRONIC",
  "subcategory": "CSC_ELECTRONIC_CBMS",
  "skill_used": "electronics",
  "skills_required": [ "firstaid", 5 ],
  "difficulty": 6,
  "time": 50000,
  "reversible": true,
  "decomp_learn": 5,
  "book_learn": [[ "recipe_lab_elec", 6 ] , [ "recipe_mil_augs", 5 ]],
  "using": [ [ "soldering_standard", 20 ] ],
  "qualities":[
    {"id":"HAMMER","level":3},
    {"id":"SCREW","level":1},
    {"id":"WRENCH","level":1}
  ],
  "components": [
    [
      [ "alloy_sheet", 4 ],
      [ "alloy_plate", 1 ]
    ],
    [ [ "burnt_out_bionic", 1 ] ]
  ]
},{
  "type" : "recipe",
  "result": "bio_armor_torso",
  "category": "CC_ELECTRONIC",
  "subcategory": "CSC_ELECTRONIC_CBMS",
  "skill_used": "electronics",
  "skills_required": [ "firstaid", 5 ],
  "difficulty": 6,
  "time": 50000,
  "reversible": true,
  "decomp_learn": 5,
  "book_learn": [[ "recipe_lab_elec", 6 ] , [ "recipe_mil_augs", 5 ]],
  "using": [ [ "soldering_standard", 20 ] ],
  "qualities":[
    {"id":"HAMMER","level":3},
    {"id":"SCREW","level":1},
    {"id":"WRENCH","level":1}
  ],
  "components": [
    [
      [ "alloy_sheet", 4 ],
      [ "alloy_plate", 1 ]
    ],
    [ [ "burnt_out_bionic", 1 ] ]
  ]
},{
  "type" : "recipe",
  "result": "bio_armor_legs",
  "category": "CC_ELECTRONIC",
  "subcategory": "CSC_ELECTRONIC_CBMS",
  "skill_used": "electronics",
  "skills_required": [ "firstaid", 5 ],
  "difficulty": 6,
  "time": 50000,
  "reversible": true,
  "decomp_learn": 5,
  "book_learn": [[ "recipe_lab_elec", 6 ] , [ "recipe_mil_augs", 6 ]],
  "using": [ [ "soldering_standard", 20 ] ],
  "qualities":[
    {"id":"HAMMER","level":3},
    {"id":"SCREW","level":1},
    {"id":"WRENCH","level":1}
  ],
  "components": [
    [
      [ "alloy_sheet", 4 ],
      [ "alloy_plate", 1 ]
    ],
    [ [ "burnt_out_bionic", 1 ] ]
  ]
},{
  "type" : "recipe",
  "result": "recharge_station",
  "category": "CC_ELECTRONIC",
  "subcategory": "CSC_ELECTRONIC_PARTS",
  "skill_used": "electronics",
  "difficulty": 6,
  "time": 50000,
  "reversible": true,
  "decomp_learn": 6,
  "book_learn": [["textbook_mechanics", 8] , ["textbook_electronics", 7] , ["advanced_electronics", 7] , ["textbook_robots", 6]],
  "using": [ [ "soldering_standard", 35 ] ],
  "qualities" : [ {"id":"SCREW","level":1} ],
  "components": [
    [["power_supply", 2]],
    [["processor", 2]],
    [["scrap", 5]],
    [["cable", 8]]
  ]
},{
  "type" : "recipe",
  "result": "solarpack",
  "category": "CC_ELECTRONIC",
  "subcategory": "CSC_ELECTRONIC_OTHER",
  "skill_used": "electronics",
  "skills_required": [ [ "fabrication", 2 ], [ "mechanics", 2 ] ],
  "difficulty": 8,
  "time": 50000,
  "reversible": true,
  "decomp_learn": 5,
  "autolearn": true,
  "book_learn": [ [ "manual_electronics", 7 ], [ "textbook_electronics", 6 ], [ "advanced_electronics", 6 ] ],
  "using": [ [ "soldering_standard", 35 ], [ "welding_standard", 20 ] ],
  "qualities": [ { "id": "SCREW", "level": 1 }, { "id": "HAMMER", "level": 2 }, { "id": "SAW_M", "level": 2 } ],
  "components": [
    [ [ "power_supply", 2 ] ],
    [ [ "amplifier", 2 ] ],
    [ [ "solar_cell", 12 ], [ "solar_panel", 1 ] ],
    [ [ "cable", 20 ] ],
    [ [ "sheet_metal", 3 ] ],
    [ [ "rope_6", 1 ] ]
  ]
},{
  "type" : "recipe",
  "result": "q_solarpack",
  "category": "CC_ELECTRONIC",
  "subcategory": "CSC_ELECTRONIC_OTHER",
  "skill_used": "electronics",
  "skills_required": [ [ "fabrication", 2 ], [ "mechanics", 2 ] ],
  "difficulty": 10,
  "time": 50000,
  "reversible": true,
  "decomp_learn": 5,
  "autolearn": true,
  "book_learn": [ [ "recipe_augs" , 7 ], [ "recipe_lab_elec", 7 ], [ "advanced_electronics", 8 ] ],
  "using": [ [ "soldering_standard", 35 ], [ "welding_standard", 20 ] ],
  "qualities": [ { "id": "SCREW", "level": 1 }, { "id": "HAMMER", "level": 2 }, { "id": "SAW_M", "level": 2 } ],
  "components": [
    [ [ "power_supply", 2 ] ],
    [ [ "amplifier", 2 ] ],
    [ [ "cable", 20 ] ],
    [ [ "solar_panel_v3", 1 ] ],
    [ [ "sheet_metal", 3 ] ],
    [ [ "rope_6", 1 ] ]
  ]
},{
  "type" : "recipe",
  "result": "solar_panel",
  "category": "CC_ELECTRONIC",
  "subcategory": "CSC_ELECTRONIC_PARTS",
  "skill_used": "electronics",
  "difficulty": 8,
  "time": 50000,
  "reversible": true,
  "decomp_learn": 5,
  "autolearn": true,
  "book_learn": [["manual_electronics", 7] , ["textbook_electronics", 6] , ["advanced_electronics", 6]],
  "using": [ [ "soldering_standard", 35 ] ],
  "qualities" : [ {"id": "SCREW","level":1} ],
  "components": [
    [ [ "power_supply", 2 ] ],
    [ [ "amplifier", 2 ] ],
    [ [ "solar_cell", 12 ] ],
    [ [ "cable", 20 ] ]
  ]
},{
  "type" : "recipe",
  "result": "solar_panel_v2",
  "category": "CC_ELECTRONIC",
  "subcategory": "CSC_ELECTRONIC_PARTS",
  "skill_used": "electronics",
  "difficulty": 10,
  "time": 50000,
  "reversible": true,
  "decomp_learn": 5,
  "book_learn": [["textbook_robots", 8]],
  "using": [ [ "soldering_standard", 35 ] ],
  "qualities" : [ {"id":"SCREW","level":1} ],
  "components": [
    [ [ "power_supply", 2 ] ],
    [ [ "amplifier", 2 ] ],
    [ [ "solar_cell", 8 ] ],
    [ [ "cable", 10 ] ],
    [ [ "solar_panel", 1 ] ]
  ]
},{
  "type" : "recipe",
  "result": "kitchen_unit",
  "category": "CC_ELECTRONIC",
  "subcategory": "CSC_ELECTRONIC_PARTS",
  "skill_used": "mechanics",
  "difficulty": 4,
  "time": 60000,
  "reversible": true,
  "decomp_learn": 3,
  "autolearn": true,
  "using": [ [ "welding_standard", 10 ] ],
  "qualities":[
    {"id":"HAMMER","level":2},
    {"id":"SAW_M","level":1},
    {"id":"WRENCH","level":1}
  ],
  "components": [
    [[ "frame", 1 ]],
    [[ "hotplate", 1 ]],
    [[ "pot", 1 ], [ "pot_copper", 1 ]],
    [[ "pan", 1 ]],
    [[ "water_faucet", 1 ]],
    [[ "cable", 5 ]]
  ]
},{
  "type" : "recipe",
  "result": "forgerig",
  "category": "CC_ELECTRONIC",
  "subcategory": "CSC_ELECTRONIC_PARTS",
  "skill_used": "fabrication",
  "skills_required": ["electronics",4],
  "difficulty": 4,
  "time": 20000,
  "reversible": true,
  "decomp_learn": 4,
  "book_learn": [["textbook_mechanics", 6] , ["textbook_electronics", 8] , ["textbook_fabrication", 8] , ["welding_book", 5]],
  "using": [ [ "soldering_standard", 10 ] ],
  "qualities" : [ {"id":"SCREW","level":1} ],
  "components": [
    [ [ "power_supply", 2 ] ],
    [ [ "forge", 1 ] ],
    [ [ "cable", 5] ]
  ]
},{
  "type" : "recipe",
  "result": "kilnrig",
  "category": "CC_ELECTRONIC",
  "subcategory": "CSC_ELECTRONIC_PARTS",
  "skill_used": "fabrication",
  "skills_required": ["electronics",4],
  "difficulty": 4,
  "time": 20000,
  "reversible": true,
  "decomp_learn": 4,
  "book_learn": [["textbook_mechanics", 6] , ["textbook_electronics", 8] , ["textbook_fabrication", 8] , ["welding_book", 5]],
  "using": [ [ "soldering_standard", 10 ] ],
  "qualities" : [ {"id":"SCREW","level":1} ],
  "components": [
    [ [ "power_supply", 2 ] ],
    [ [ "kiln", 1 ] ],
    [ [ "cable", 5] ]
  ]
},{
  "type" : "recipe",
  "result": "weldrig",
  "category": "CC_ELECTRONIC",
  "subcategory": "CSC_ELECTRONIC_PARTS",
  "skill_used": "mechanics",
  "skills_required": ["electronics",4],
  "difficulty": 4,
  "time": 60000,
  "reversible": true,
  "decomp_learn": 4,
  "book_learn": [["textbook_mechanics", 6] , ["textbook_electronics", 8] , ["textbook_fabrication", 8] , ["welding_book", 5]],
  "using": [ [ "welding_standard", 10 ] ],
  "qualities":[
    {"id":"HAMMER","level":2},
    {"id":"SAW_M","level":1},
    {"id":"WRENCH","level":1}
  ],
  "components": [
    [ [ "frame", 1 ] ],
    [ ["soldering_iron", 1] ],
    [
      [ "welder", 1 ],
      [ "welder_crude", 2 ]
    ],
    [ ["cable", 5] ]
  ]
},{
  "type" : "recipe",
  "result": "craftrig",
  "category": "CC_ELECTRONIC",
  "subcategory": "CSC_ELECTRONIC_PARTS",
  "skill_used": "fabrication",
  "skills_required": ["electronics",3],
  "difficulty": 4,
  "time": 60000,
  "reversible": true,
  "decomp_learn": 3,
  "book_learn": [["textbook_fabrication", 3] , ["manual_fabrication", 3] , ["manual_electronics", 3] , ["manual_mechanics", 3]],
  "using": [ [ "welding_standard", 10 ] ],
  "qualities":[
    {"id":"HAMMER","level":2},
    {"id":"SAW_M","level":1},
    {"id":"WRENCH","level":1}
  ],
  "components": [
    [ [ "frame", 1 ] ],
    [ [ "vac_sealer", 1 ], [ "makeshift_sealer", 1 ] ],
    [ [ "dehydrator", 1 ] ],
    [ [ "water_purifier", 1 ] ],
    [ [ "food_processor", 1 ] ],
    [ [ "press", 1 ] ],
    [ [ "cable", 5 ] ]
  ]
},{
  "type" : "recipe",
  "result": "chemlab",
  "category": "CC_ELECTRONIC",
  "subcategory": "CSC_ELECTRONIC_PARTS",
  "skill_used": "fabrication",
  "skills_required": ["electronics",3],
  "difficulty": 4,
  "time": 60000,
  "reversible": true,
  "decomp_learn": 3,
  "book_learn": [["textbook_fabrication", 3] , ["manual_fabrication", 3] , ["manual_electronics", 3] , ["manual_mechanics", 3]],
  "using": [ [ "welding_standard", 10 ] ],
  "qualities":[
    {"id":"HAMMER","level":3},
    {"id":"SAW_M","level":1},
    {"id":"WRENCH","level":1}
  ],
  "components": [
    [ [ "frame", 1 ] ],
    [ [ "chemistry_set", 1 ] ],
    [ [ "water_faucet", 1 ] ],
    [ [ "power_supply", 1 ] ],
    [ [ "cable", 5 ] ]
  ]
},{
  "type" : "recipe",
  "result": "medium_storage_battery",
  "category": "CC_ELECTRONIC",
  "subcategory": "CSC_ELECTRONIC_PARTS",
  "skill_used": "electronics",
  "skills_required": [ "fabrication", 1 ],
  "difficulty": 3,
  "time": 10000,
  "reversible": true,
  "decomp_learn": 3,
  "book_learn": [[ "manual_electronics", 2 ] , [ "mag_electronics", 2 ] , [ "manual_mechanics", 3]],
  "using": [ [ "soldering_standard", 10 ] ],
  "qualities" : [ {"id":"SCREW","level":1} ],
  "components": [
    [ [ "small_storage_battery", 8 ] ],
    [ [ "scrap", 4 ] ],
    [ [ "cable", 5 ] ]
  ]
},{
  "type" : "recipe",
  "result": "storage_battery",
  "category": "CC_ELECTRONIC",
  "subcategory": "CSC_ELECTRONIC_PARTS",
  "skill_used": "electronics",
  "skills_required": [ "fabrication", 1 ],
  "difficulty": 3,
  "time": 20000,
  "reversible": true,
  "decomp_learn": 3,
  "book_learn": [[ "manual_electronics", 2 ] , [ "mag_electronics", 2 ] , [ "manual_mechanics", 3]],
  "using": [ [ "soldering_standard", 20 ] ],
  "qualities" : [ {"id":"SCREW","level":1} ],
  "components": [
    [ [ "medium_storage_battery", 4 ] ],
    [ [ "scrap", 8 ] ],
    [ [ "cable", 10 ] ]
  ]
},{
  "type" : "recipe",
  "result": "bot_turret",
  "category": "CC_ELECTRONIC",
  "subcategory": "CSC_ELECTRONIC_PARTS",
  "skill_used": "mechanics",
  "skills_required": [[ "electronics", 5 ], [ "computer", 5 ], [ "gun", 3 ]],
  "difficulty": 7,
  "time": 9000,
  "reversible": true,
  "decomp_learn": 8,
  "book_learn": [[ "recipe_lab_elec", 7 ] , [ "textbook_robots", 9 ]],
  "using": [ [ "soldering_standard", 14 ] ],
  "qualities" : [ {"id":"SCREW","level":1} ],
  "components": [
    [
      [ "uzi", 1 ],
      [ "tec9", 1 ],
      [ "calico", 1 ],
      [ "hk_mp5", 1 ]
    ],
    [ [ "processor", 2 ] ],
    [ [ "RAM", 2 ] ],
    [
      [ "power_supply", 1 ],
      [ "plut_cell", 1 ]
    ],
    [ [ "scrap", 10 ] ]
  ]
},{
  "type" : "recipe",
  "result": "bot_laserturret",
  "category": "CC_ELECTRONIC",
  "subcategory": "CSC_ELECTRONIC_PARTS",
  "skill_used": "mechanics",
  "skills_required": [[ "electronics", 8 ], [ "computer", 5 ], [ "gun", 3 ]],
  "difficulty": 8,
  "time": 12000,
  "reversible": true,
  "decomp_learn": 9,
  "book_learn": [[ "recipe_lab_elec", 8 ]],
  "using": [ [ "soldering_standard", 14 ] ],
  "qualities" : [ {"id":"SCREW","level":1} ],
  "components": [
    [
      [ "cerberus_laser", 3 ],
      [ "laser_rifle", 3 ],
      [ "v29_cheap", 3 ],
      [ "v29", 3 ]
    ],
    [
      [ "processor", 2 ]
    ],
    [ [ "RAM", 2 ] ],
    [ [ "motor", 1 ] ],
    [ [ "solar_cell", 4 ] ],
    [ [ "cable", 10 ] ],
    [
      [ "power_supply", 1 ],
      [ "plut_cell", 1 ]
    ],
    [ [ "scrap", 10 ] ]
  ]
},{
  "type" : "recipe",
  "result": "bot_rifleturret",
  "category": "CC_ELECTRONIC",
  "subcategory": "CSC_ELECTRONIC_PARTS",
  "skill_used": "mechanics",
  "skills_required": [[ "electronics", 5 ], [ "computer", 5 ], [ "gun", 3 ]],
  "difficulty": 8,
  "time": 9000,
  "reversible": true,
  "decomp_learn": 8,
  "book_learn": [[ "recipe_lab_elec", 7 ] , [ "textbook_robots", 9 ]],
  "using": [ [ "soldering_standard", 14 ] ],
  "qualities" : [ {"id":"SCREW","level":1} ],
  "components": [
    [ [ "m4a1", 1 ] ],
    [ [ "processor", 2 ] ],
    [ [ "RAM", 2 ] ],
    [
      [ "power_supply", 1 ],
      [ "plut_cell", 1 ]
    ],
    [ [ "scrap", 15 ] ]
  ]
},{
  "type" : "recipe",
  "result": "control_laptop",
  "category": "CC_ELECTRONIC",
  "subcategory": "CSC_ELECTRONIC_TOOLS",
  "skill_used": "electronics",
  "skills_required": [ "computer", 4 ],
  "difficulty": 7,
  "time": 25000,
  "book_learn": [[ "recipe_lab_elec", 7 ] , [ "textbook_robots", 7 ]],
  "using": [ [ "soldering_standard", 14 ] ],
  "qualities" : [ {"id":"SCREW","level":1} ],
  "tools": [
    [ [ "software_hacking", -1 ] ]
  ],
  "components": [
    [ [ "laptop", 1 ] ],
    [ [ "receiver", 2 ] ],
    [ [ "e_scrap", 2 ] ],
    [ [ "antenna", 1] ]
  ]
},{
  "type" : "recipe",
  "result": "dehydrator",
  "category": "CC_ELECTRONIC",
  "subcategory": "CSC_ELECTRONIC_TOOLS",
  "skill_used": "electronics",
  "difficulty": 4,
  "time": 36000,
  "reversible": true,
  "decomp_learn": 4,
  "autolearn": true,
  "book_learn": [["textbook_electronics", 3] , ["advanced_electronics", 3] , ["textbook_chemistry", 5]],
  "using": [ [ "soldering_standard", 20 ] ],
  "qualities" : [ {"id":"SCREW","level":1} ],
  "components": [
    [ [ "element", 2 ] ],
    [ [ "amplifier", 2 ] ],
    [ [ "power_supply", 1 ] ],
    [ [ "cable", 10 ] ],
    [ [ "pot", 1 ], [ "pot_copper", 1 ] ],
    [ [ "plastic_chunk", 18 ] ]
  ]
},{
  "type" : "recipe",
  "result": "atomic_light",
  "category": "CC_ELECTRONIC",
  "subcategory": "CSC_ELECTRONIC_LIGHTING",
  "skill_used": "electronics",
  "difficulty": 3,
  "time": 20000,
  "reversible": true,
  "book_learn": [[ "recipe_caseless", 6 ]],
  "qualities" : [ {"id":"SCREW","level":1} ],
  "components": [
    [ [ "plastic_chunk", 1 ] ],
    [ [ "superglue", 1 ] ],
    [ [ "power_supply", 1 ] ],
    [ [ "cable", 1 ] ],
    [ [ "plut_cell", 1 ] ]
  ]
},{
  "type" : "recipe",
  "result": "atomic_lamp",
  "category": "CC_ELECTRONIC",
  "subcategory": "CSC_ELECTRONIC_LIGHTING",
  "skill_used": "electronics",
  "difficulty": 3,
  "time": 30000,
  "reversible": true,
  "book_learn": [[ "recipe_caseless", 6 ]],
  "qualities" : [ {"id":"SCREW","level":1} ],
  "components": [
    [ [ "plastic_chunk", 2 ] ],
    [ [ "superglue", 1 ] ],
    [ [ "power_supply", 1 ] ],
    [ [ "cable", 2 ] ],
    [ [ "plut_cell", 2 ] ]
  ]
},{
  "type" : "recipe",
  "result": "atomic_coffeepot",
  "category": "CC_ELECTRONIC",
  "subcategory": "CSC_ELECTRONIC_TOOLS",
  "skill_used": "electronics",
  "difficulty": 4,
  "time": 3000,
  "reversible": true,
  "book_learn": [[ "recipe_caseless", 8 ]],
  "qualities" : [ {"id":"SCREW","level":1} ],
  "components": [
    [ [ "plastic_chunk", 5 ] ],
    [ [ "superglue", 1 ] ],
    [ [ "power_supply", 1 ] ],
    [ [ "element", 1 ] ],
    [ [ "scrap", 2 ] ],
    [ [ "plut_cell", 1 ] ]
  ]
},{
  "type" : "recipe",
  "result": "pipebomb_radio",
  "category": "CC_ELECTRONIC",
  "subcategory": "CSC_ELECTRONIC_TOOLS",
  "skill_used": "fabrication",
  "skills_required" : [ "electronics", 3 ],
  "book_learn": [["advanced_electronics", 3] , ["textbook_electronics", 3]],
  "using": [ [ "soldering_standard", 5 ] ],
  "difficulty": 4,
  "time": 750,
  "autolearn": true,
  "qualities" : [ {"id":"SCREW","level":1} ],
  "components": [
    [ [ "pipebomb", 1 ] ],
    [ [ "pilot_light", 1 ] ],
    [ [ "battery", 5 ] ],
    [ [ "antenna", 1 ] ],
    [ [ "amplifier", 1 ] ],
    [ [ "cable", 5 ] ]
  ]
},{
  "type" : "recipe",
  "result": "dynamite_radio",
  "category": "CC_ELECTRONIC",
  "subcategory": "CSC_ELECTRONIC_TOOLS",
  "skill_used": "fabrication",
  "skills_required" : [ "electronics", 3 ],
  "book_learn": [["advanced_electronics", 3] , ["textbook_electronics", 3]],
  "using": [ [ "soldering_standard", 5 ] ],
  "difficulty": 4,
  "time": 750,
  "autolearn": true,
  "qualities" : [ {"id":"SCREW","level":1} ],
  "components": [
    [ [ "dynamite", 1 ] ],
    [ [ "pilot_light", 1 ] ],
    [ [ "battery", 5 ] ],
    [ [ "antenna", 1 ] ],
    [ [ "amplifier", 1 ] ],
    [ [ "cable", 5 ] ]
  ]
},{
  "type" : "recipe",
  "result": "motor_small",
  "category": "CC_ELECTRONIC",
  "subcategory": "CSC_ELECTRONIC_PARTS",
  "skill_used": "electronics",
  "skills_required": [ "fabrication", 1 ],
  "difficulty": 3,
  "time": 20000,
  "reversible": true,
  "decomp_learn": 2,
  "book_learn": [[ "manual_electronics", 2 ] , [ "mag_electronics", 2 ] , [ "manual_mechanics", 2]],
  "using": [ [ "soldering_standard", 5 ] ],
  "qualities" : [
    {"id":"HAMMER","level":1},
    {"id":"SCREW","level":1}
  ],
  "components": [
    [ [ "steel_chunk", 2 ] ],
    [ [ "scrap", 2 ] ],
    [ [ "cable", 6 ] ]
  ]
},{
  "type" : "recipe",
  "result": "cable",
  "category": "CC_ELECTRONIC",
  "subcategory": "CSC_ELECTRONIC_COMPONENTS",
  "skill_used": "fabrication",
  "skills_required" : [ "electronics", 2 ],
  "difficulty": 5,
  "time": 40000,
  "autolearn": true,
  "qualities" : [
    {"id":"SAW_M","level":1},
    {"id":"CUT","level":1},
    {"id":"HAMMER","level":2}
  ],
  "tools": [ [ [ "boltcutters", -1 ], [ "toolset", -1 ] ] ],
  "components": [
    [ [ "copper", 100 ], [ "scrap_copper", 1 ] ],
    [ [ "duct_tape", 100 ] ]
  ]
},{
  "type" : "recipe",
  "result": "elec_jackhammer",
  "category": "CC_ELECTRONIC",
  "subcategory": "CSC_ELECTRONIC_TOOLS",
  "skill_used": "electronics",
  "difficulty": 5,
  "time": 25000,
  "reversible": true,
  "decomp_learn": 5,
  "book_learn": [["textbook_mechanics", 6] , ["textbook_carpentry", 6] , ["advanced_electronics", 5] , ["textbook_electronics", 5]],
  "using": [ [ "welding_standard", 10 ] ],
  "qualities":[
    {"id":"HAMMER","level":3},
    {"id":"SCREW","level":1},
    {"id":"WRENCH","level":1}
  ],
  "components": [
    [ [ "motor_small", 1 ] ],
    [ [ "cable", 12 ] ],
    [
      [ "rebar", 2 ],
      [ "steel_chunk", 4 ]
    ],
    [ [ "scrap", 3 ] ]
  ]
},{
  "type" : "recipe",
  "result": "elec_chainsaw_off",
  "category": "CC_ELECTRONIC",
  "subcategory": "CSC_ELECTRONIC_TOOLS",
  "skill_used": "electronics",
  "difficulty": 4,
  "time": 20000,
  "reversible": true,
  "decomp_learn": 4,
  "book_learn": [["textbook_mechanics", 4] , ["textbook_carpentry", 4] , ["advanced_electronics", 3] , ["textbook_electronics", 3]],
  "using": [ [ "welding_standard", 10 ] ],
  "qualities":[
    {"id":"HAMMER","level":2},
    {"id":"SCREW","level":1},
    {"id":"WRENCH","level":1}
  ],
  "components": [
    [ [ "motor_small", 1 ] ],
    [ [ "cable", 12 ] ],
    [ [ "chain", 1 ] ],
    [ [ "scrap", 3 ] ]
  ]
},{
  "type" : "recipe",
  "result": "remotevehcontrol",
  "category": "CC_ELECTRONIC",
  "subcategory": "CSC_ELECTRONIC_TOOLS",
  "skill_used": "electronics",
  "skills_required": [ "computer", 2 ],
  "difficulty": 7,
  "time": 60000,
  "reversible": true,
  "autolearn": true,
  "book_learn": [[ "recipe_lab_elec", 5 ] , [ "textbook_robots", 5 ]],
  "using": [ [ "soldering_standard", 14 ] ],
  "qualities" : [ {"id":"SCREW","level":1} ],
  "components": [
    [ [ "e_scrap", 5 ] ],
    [ [ "amplifier", 1 ] ],
    [ [ "receiver", 1 ] ],
    [ [ "antenna", 1 ] ],
    [ [ "processor", 1 ] ],
    [ [ "RAM", 1 ] ],
    [ ["small_lcd_screen", 1 ] ]
  ]
},{
  "type" : "recipe",
  "result": "drive_by_wire_controls",
  "category": "CC_ELECTRONIC",
  "subcategory": "CSC_ELECTRONIC_TOOLS",
  "skill_used": "mechanics",
  "skills_required": [ "electronics", 4 ],
  "difficulty": 8,
  "time": 120000,
  "reversible": true,
  "book_learn": [ ["textbook_mechanics", 8], [ "textbook_robots", 7 ] ],
  "using": [ [ "soldering_standard", 30 ], [ "welding_standard", 5 ] ],
  "qualities":[
      {"id":"HAMMER","level":2},
      {"id":"SAW_M","level":1},
      {"id":"WRENCH","level":1},
      {"id":"SCREW","level":1}
  ],
  "components": [
    [ [ "vehicle_controls", 1 ] ],
    [ [ "motor_small", 3 ] ],
    [ [ "receiver", 3 ] ],
    [ [ "processor", 3 ] ],
    [ [ "RAM", 3 ] ],
    [ [ "circuit", 3 ] ]
  ]
},{
  "type" : "recipe",
  "result": "electronics_controls",
  "category": "CC_ELECTRONIC",
  "subcategory": "CSC_ELECTRONIC_TOOLS",
  "skill_used": "electronics",
  "skills_required": [ "mechanics", 1 ],
  "difficulty": 3,
  "time": 60000,
  "reversible": true,
  "autolearn": true,
  "using": [ [ "soldering_standard", 150 ] ],
  "qualities":[
      {"id":"SCREW","level":1}
  ],
  "components": [
    [ [ "e_scrap", 5 ] ],
    [ [ "amplifier", 1 ] ],
    [ [ "cable", 5 ] ],
    [ [ "plastic_chunk", 5 ] ]
  ]
},{
  "type" : "recipe",
  "result": "camera_control",
  "category": "CC_ELECTRONIC",
  "subcategory": "CSC_ELECTRONIC_PARTS",
  "skill_used": "electronics",
  "skills_required": [ "computer", 2 ],
  "difficulty": 6,
  "time": 120000,
  "reversible": true,
  "autolearn": true,
  "using": [ [ "soldering_standard", 150 ] ],
  "qualities":[ {"id":"SCREW","level":1} ],
  "components": [
    [ [ "small_lcd_screen", 10 ] ],
    [ [ "processor", 3 ] ],
    [ [ "RAM", 2 ] ],
    [ [ "cable", 20 ] ]
  ]
},{
  "type" : "recipe",
  "result": "omnicamera",
  "category": "CC_ELECTRONIC",
  "subcategory": "CSC_ELECTRONIC_PARTS",
  "skill_used": "electronics",
  "skills_required": [ "computer", 3 ],
  "difficulty": 7,
  "time": 180000,
  "book_learn": [ [ "textbook_electronics", 6 ], ["advanced_electronics", 6 ] ],
  "using": [ [ "soldering_standard", 50 ] ],
  "qualities":[ {"id":"SCREW","level":1} ],
  "tools": [
    [ [ "mold_plastic", -1 ] ]
  ],
  "components": [
    [ [ "lens", 4 ] ],
    [ [ "e_scrap", 10 ] ],
    [ [ "amplifier", 4 ] ],
    [ [ "cable", 20 ] ],
    [ [ "plastic_chunk", 5 ] ]
  ]
},{
  "type" : "recipe",
  "result": "omnicamera",
  "id_suffix": "from-cameras",
  "category": "CC_ELECTRONIC",
  "subcategory": "CSC_ELECTRONIC_PARTS",
  "skill_used": "electronics",
  "skills_required": [ "computer", 1 ],
  "difficulty": 5,
  "time": 90000,
  "autolearn": true,
  "using": [ [ "soldering_standard", 10 ] ],
  "qualities":[
    {"id":"SCREW","level":1},
    {"id":"SAW_M","level":1}
  ],
  "components": [
    [ [ "camera", 2 ], [ "camera_pro", 2 ], [ "broken_eyebot", 2 ] ],
    [ [ "power_supply", 1 ] ],
    [ [ "cable", 5 ] ]
  ]
},{
  "type" : "recipe",
  "result": "makeshift_sealer",
  "category": "CC_ELECTRONIC",
  "subcategory": "CSC_ELECTRONIC_TOOLS",
  "skill_used": "electronics",
  "skills_required": [ "mechanics", 2 ],
  "difficulty": 4,
  "time": 40000,
  "reversible": true,
  "book_learn": [[ "advanced_electronics", 4 ] , [ "mag_electronics", 6 ] , [ "manual_electronics", 5 ]],
  "using": [ [ "soldering_standard", 10 ] ],
  "qualities" : [
    {"id":"SCREW","level":1}
  ],
  "components": [
    [
      [ "scrap", 4 ]
    ],
    [
      [ "plastic_chunk", 2 ]
    ],
    [
      [ "motor_small", 1 ]
    ],
    [
      [ "superglue", 2 ]
    ],
    [
      [ "element", 2 ]
    ],
    [
      [ "hose", 1 ]
    ],
    [
      [ "power_supply", 1 ]
    ]
  ]
},{
  "type" : "recipe",
  "result": "radio_repeater_mod",
  "category": "CC_ELECTRONIC",
  "subcategory": "CSC_ELECTRONIC_PARTS",
  "skill_used": "fabrication",
  "skills_required": [ "electronics", 5 ],
  "difficulty": 5,
  "time": 15000,
  "reversible": true,
  "decomp_learn": 4,
  "book_learn": [[ "repeater_mod_guide", 2 ]],
  "using": [ [ "soldering_standard", 15 ] ],
  "qualities" : [ {"id":"SCREW","level":1} ],
  "components": [
    [ [ "processor", 1 ] ],
    [ [ "scrap", 2 ] ],
    [ [ "wire", 5 ] ],
    [ [ "power_supply", 2 ] ],
    [ [ "transponder", 1 ] ],
    [ [ "e_scrap", 2 ] ],
    [ [ "amplifier", 2 ] ],
    [ [ "cable", 1 ] ],
    [ [ "battery_car", 1 ] ]
  ]
},{
  "type" : "recipe",
  "result": "elec_hairtrimmer",
  "category": "CC_ELECTRONIC",
  "subcategory": "CSC_ELECTRONIC_TOOLS",
  "skill_used": "fabrication",
  "skills_required" : [ "electronics", 1 ],
  "difficulty": 3,
  "time": 20000,
  "reversible": true,
  "book_learn": [["advanced_electronics", 4] , ["textbook_electronics", 3] , ["textbook_fabrication", 3] , ["manual_fabrication", 4]],
  "using": [ [ "soldering_standard", 10 ], [ "surface_heat", 10 ] ],
  "qualities" : [ {"id":"SCREW","level":1} ],
   "tools" : [
    [ ["mold_plastic", -1] ]
  ],
  "components" : [
    [ [ "razor_blade", 1 ] ],
    [ [ "motor_small", 1 ] ],
    [ [ "power_supply", 1 ] ],
    [ [ "plastic_chunk", 1 ] ]
  ]
},{
  "type" : "recipe",
  "result": "radio_mod",
  "category": "CC_ELECTRONIC",
  "subcategory": "CSC_ELECTRONIC_TOOLS",
  "skill_used": "electronics",
  "skills_required" : [ "fabrication", 2 ],
  "book_learn": [["advanced_electronics", 3] , ["textbook_electronics", 2]],
  "using": [ [ "soldering_standard", 5 ] ],
  "difficulty": 4,
  "time": 15000,
  "reversible": true,
  "autolearn": true,
  "qualities" : [ {"id":"SCREW","level":1} ],
  "components": [
    [ [ "antenna", 1 ] ],
    [ [ "pilot_light", 1 ] ],
    [ [ "battery", 10 ] ],
    [ [ "amplifier", 1 ] ],
    [ [ "cable", 2 ] ]
  ]
},{
  "type" : "recipe",
  "result": "electrolysis_kit",
  "category": "CC_ELECTRONIC",
  "subcategory": "CSC_ELECTRONIC_TOOLS",
  "skill_used": "electronics",
  "using": [ [ "soldering_standard", 10 ] ],
  "difficulty": 2,
  "time": 10000,
  "reversible": true,
  "autolearn": true,
  "qualities" : [ {"id":"CUT","level":1} ],
  "components": [
    [ [ "cable", 50 ], [ "jumper_cable", 1 ] ],
    [ [ "scrap", 2 ] ]
  ]
}
]
