[
  {
    "id": "crane_medium",
    "type": "vehicle_part",
    "name": "boom crane",
    "item": "cantilever_medium",
    "location": "structure",
    "symbol": "=",
    "broken_symbol": "*",
    "color": "light_gray",
    "broken_color": "light_blue",
    "difficulty": 5,
    "durability": 200,
    "description": "A rigid steel boom crane.  If it is in your line of sight and within two tiles of another vehicle, you will automatically use it when you want jack up the other vehicle to change the its wheels, or lift a heavy component like an engine that you are installing in or removing from the other vehicle.",
    "breaks_into": [ { "item": "pipe", "count": [ 8, 32 ] }, { "item": "scrap", "count": [ 8, 24 ] } ],
    "qualities": [ [ "LIFT", 40 ], [ "JACK", 40 ] ],
    "flags": [ "TOOL_WRENCH", "PROTRUSION" ]
  },
  {
    "id": "crane_small",
    "type": "vehicle_part",
    "name": "telescopic crane",
    "item": "cantilever_small",
    "location": "center",
    "symbol": "=",
    "broken_symbol": "*",
    "color": "light_gray",
    "broken_color": "light_blue",
    "difficulty": 2,
    "durability": 100,
    "description": "An extendable cantilever crane.  If it is in your line of sight and within two tiles of another vehicle, you will automatically use it when you want jack up the other vehicle to change the its wheels, or lift a heavy component like an engine that you are installing in or removing from the other vehicle.",
    "folded_volume": 12,
    "breaks_into": [ { "item": "pipe", "count": [ 2, 8 ] }, { "item": "scrap", "count": [ 2, 6 ] } ],
    "qualities": [ [ "LIFT", 7 ], [ "JACK", 7 ] ],
    "flags": [ "TOOL_WRENCH", "PROTRUSION", "FOLDABLE" ]
  },
  {
    "id": "crane_tiny",
    "type": "vehicle_part",
    "name": "pallet lifter",
    "item": "pallet_lifter",
    "location": "center",
    "symbol": "=",
    "broken_symbol": "*",
    "color": "light_gray",
    "broken_color": "light_blue",
    "difficulty": 2,
    "durability": 100,
    "description": "A small pallet lifter.  If it is in your line of sight and within two tiles of another vehicle, you will automatically use it when you want jack up the other vehicle to change the its wheels, or lift a heavy component like an engine that you are installing in or removing from the other vehicle.",
    "folded_volume": 12,
    "breaks_into": [ { "item": "pipe", "count": [ 1, 4 ] }, { "item": "scrap", "count": [ 2, 6 ] } ],
    "qualities": [ [ "LIFT", 1 ], [ "JACK", 1 ] ],
    "flags": [ "TOOL_WRENCH", "PROTRUSION", "FOLDABLE" ]
  },
  {
    "id": "forklift_fork",
    "type": "vehicle_part",
    "name": "forklift arm",
    "item": "frame",
    "location": "structure",
    "symbol": "|",
    "broken_symbol": "x",
    "color": "light_gray",
    "broken_color": "light_gray",
    "difficulty": 2,
    "damage_modifier": 200,
    "durability": 300,
    "description": "A pair of forklift arms.  If it is in your line of sight and within two tiles of another vehicle, you will automatically use it when you want jack up the other vehicle to change the its wheels, or lift a heavy component like an engine that you are installing in or removing from the other vehicle.",
    "size": 50,
    "breaks_into": [
      { "item": "steel_lump", "count": [ 4, 6 ] },
      { "item": "steel_chunk", "count": [ 4, 6 ] },
      { "item": "scrap", "count": [ 4, 6 ] }
    ],
    "qualities": [ [ "LIFT", 2 ], [ "JACK", 6 ] ],
    "flags": [ "CARGO", "PROTRUSION" ]
  },
  {
    "id": "rockwheel",
    "type": "vehicle_part",
    "name": "rockwheel",
    "item": "v_rockwheel_item",
    "location": "structure",
    "symbol": "&",
    "broken_symbol": "x",
    "color": "light_gray",
    "broken_color": "light_gray",
    "difficulty": 5,
    "damage_modifier": 100,
    "durability": 300,
    "description": "A large metal disc, powered by the vehicle's engines.  Use the vehicle controls to turn it on or off.  When turned on, it will stop the vehicle unless it has a strong engine.  When turned on, it will dig a shallow pit in dirt.  Mount it on the edge of your vehicle.",
    "folded_volume": 12,
    "power": -200,
    "breaks_into": [
      { "item": "steel_lump", "count": [ 4, 6 ] },
      { "item": "steel_chunk", "count": [ 4, 6 ] },
      { "item": "scrap", "count": [ 4, 6 ] }
    ],
    "flags": [ "FOLDABLE", "PROTRUSION", "EXTRA_DRAG", "ROCKWHEEL" ]
  }
]
