[
    {
        "id": "1st_aid",
        "type": "GENERIC",
        "category": "drugs",
        "name": "first aid kit",
        "description": "A full medical kit, with bandages, local anesthetics, and rapid healing agents.  Used for healing large amounts of damage.  Disassemble to get its content.",
        "weight": 1000,
        "volume": 6,
        "price": 3000,
        "material": "plastic",
        "symbol": "!",
        "color": "red",
        "use_action": "DISASSEMBLE"
    },
    {
        "id" : "adderall",
        "type" : "COMESTIBLE",
        "comestible_type" : "MED",
        "name" : "Adderall",
        "name_plural" : "Adderall",
        "description" : "Medical grade amphetamine salts mixed with Dextroamphetamine salts, commonly prescribed to treat hyperactive attention deficits.  It suppresses the appetite, and is quite addictive.",
        "weight" : 1,
        "volume" : 1,
        "price" : 14500,
        "charges" : 10,
        "stack_size" : 200,
        "symbol" : "!",
        "color" : "light_red",
        "stim" : 24,
        "fun" : 10,
        "addiction_potential" : 10,
        "addiction_type" : "amphetamine",
        "flags" : "NPC_SAFE"
    },
    {
        "id" : "adrenaline_injector",
        "type" : "COMESTIBLE",
        "comestible_type" : "MED",
        "name" : "syringe of adrenaline",
        "name_plural": "syringes of adrenaline",
        "description" : "A syringe filled with a shot of adrenaline.  It serves as a powerful stimulant when you inject yourself with it.  Asthmatics can use it in an emergency to clear their asthma.",
        "weight" : 10,
        "volume" : 1,
        "price" : 3400,
        "stack_size" : 10,
        "material" : "plastic",
        "symbol" : "!",
        "color" : "pink",
        "use_action" : "ADRENALINE_INJECTOR"
    },
    {
        "id" : "antibiotics",
        "type" : "COMESTIBLE",
        "comestible_type" : "MED",
        "name" : "antibiotic",
        "description" : "A prescription-strength antibacterial medication designed to prevent or stop the spread of infection.  It's the quickest and most reliable way to cure any infections you might have.  One dose lasts twelve hours.",
        "weight" : 1,
        "volume" : 1,
        "price" : 9000,
        "charges" : 15,
        "stack_size" : 200,
        "symbol" : "!",
        "color" : "white",
        "use_action" : "ANTIBIOTIC",
        "flags" : "NPC_SAFE"
    },
    {
        "id" : "antifungal",
        "type" : "COMESTIBLE",
        "comestible_type" : "MED",
        "name" : "antifungal drug",
        "description" : "Powerful chemical tablets designed to eliminate fungal infections in living creatures.",
        "weight" : 1,
        "volume" : 1,
        "price" : 1000,
        "charges" : 5,
        "stack_size" : 100,
        "material" : "powder",
        "symbol" : "!",
        "color" : "white",
        "use_action" : "ANTIFUNGAL",
        "flags" : "NPC_SAFE"
    },
    {
        "id" : "antiparasitic",
        "type" : "COMESTIBLE",
        "comestible_type" : "MED",
        "name" : "antiparasitic drug",
        "description" : "Broad spectrum chemical tablets designed to eliminate parasitic infestations in living creatures.  Though designed for use on pets and livestock, it will likely work on humans as well.",
        "weight" : 1,
        "volume" : 1,
        "price" : 3200,
        "charges" : 5,
        "stack_size" : 100,
        "material" : "powder",
        "symbol" : "!",
        "color" : "white",
        "healthy" : -5,
        "use_action" : "ANTIPARASITIC",
        "flags" : "NPC_SAFE"
    },
    {
        "id" : "aspirin",
        "type" : "COMESTIBLE",
        "comestible_type" : "MED",
        "name" : "aspirin",
        "description" : "Acetylsalicylic acid, a mild anti-inflammatory.  Take to relieve pain and swelling.",
        "weight" : 1,
        "volume" : 1,
        "price" : 500,
        "charges" : 20,
        "stack_size" : 200,
        "material" : "powder",
        "symbol" : "!",
        "color" : "white",
        "healthy" : -1,
        "use_action" : {
            "type" : "consume_drug",
            "activation_message" : "You take some aspirin.",
            "effects" : [ { "id" : "pkill1", "duration" : 120 } ]
        }
    },
    {
        "id" : "bandages",
        "type" : "COMESTIBLE",
        "comestible_type" : "MED",
        "name" : "bandage",
        "description" : "Simple cloth bandages.  Used for healing small amounts of damage.",
        "weight" : 70,
        "volume" : 1,
        "price" : 600,
        "material" : "cotton",
        "symbol" : "!",
        "color" : "white",
        "charges" : 3,
        "stack_size" : 9,
        "use_action" : {
            "type" : "heal",
            "bandages_power" : 4,
            "bleed" : 0.9,
            "move_cost" : 300
        }
    },
    {
        "id": "bandages_makeshift",
        "type": "COMESTIBLE",
        "name": "makeshift bandage",
        "copy-from": "bandages",
        "description": "Simple cloth bandages.  Better than nothing.",
        "use_action": { "type": "heal", "bandages_power": 2, "bleed": 0.9, "move_cost": 300 }
    },
    {
        "id": "bandages_makeshift_bleached",
        "type": "COMESTIBLE",
        "name": "bleached makeshift bandage",
        "copy-from": "bandages",
        "description": "Simple cloth bandages.  It is white, as real bandages should be.",
        "use_action": { "type": "heal", "bandages_power": 3, "bleed": 0.9, "move_cost": 300 }
    },
    {
        "id": "bandages_makeshift_boiled",
        "type": "COMESTIBLE",
        "name": "boiled makeshift bandage",
        "copy-from": "bandages",
        "description": "Simple cloth bandages.  It was boiled to make it more sterile.",
        "use_action": { "type": "heal", "bandages_power": 3, "bleed": 0.9, "move_cost": 300 }
    },
    {
        "id" : "bfipowder",
        "type" : "COMESTIBLE",
        "comestible_type" : "MED",
        "name" : "antiseptic powder",
        "name_plural" : "antiseptic powder",
        "description" : "A powdered form of chemical disinfectant, this bismuth formic iodide cleans wounds quickly and painlessly.",
        "weight" : 6,
        "volume" : 1,
        "price" : 900,
        "charges" : 4,
        "stack_size" : 40,
        "material" : "powder",
        "symbol" : "!",
        "color" : "white",
        "container" : "bottle_plastic_small",
        "use_action" : {
            "type" : "heal",
            "disinfectant_power" : 4,
            "bite" : 0.95,
            "move_cost" : 100
        }
    },
    {
        "id" : "caff_gum",
        "type" : "COMESTIBLE",
        "comestible_type" : "MED",
        "name" : "caffeinated chewing gum",
        "description" : "Chewing gum with added caffeine.  Sugary and bad for your teeth, but it's a nice pick-me-up.",
        "category" : "food",
        "weight" : 3,
        "volume" : 1,
        "price" : 140,
        "charges" : 10,
        "stack_size" : 100,
        "material" : "junk",
        "symbol" : "*",
        "color" : "white",
        "stim" : 10,
        "fun" : 1,
        "use_action" : "CHEW"
    },
    {
        "id" : "caffeine",
        "type" : "COMESTIBLE",
        "comestible_type" : "MED",
        "name" : "caffeine pill",
        "description" : "No-doz brand caffeine pills, maximum strength.  Useful in pulling an all-nighter, one pill is about equivalent to a strong cup of coffee.",
        "weight" : 1,
        "volume" : 1,
        "price" : 1000,
        "charges" : 10,
        "stack_size" : 200,
        "material" : "powder",
        "symbol" : "!",
        "color" : "cyan",
        "stim" : 12,
        "addiction_potential" : 3,
        "addiction_type" : "caffeine",
        "use_action" : "CAFF"
    },
    {
        "id" : "chaw",
        "type" : "COMESTIBLE",
        "comestible_type" : "MED",
        "name" : "chewing tobacco",
        "description" : "Mint flavored chewing tobacco.  While still absolutely terrible for your health, it was once a favorite amongst baseball players, cowboys, and other macho types.",
        "weight" : 4,
        "volume" : 1,
        "price" : 2000,
        "charges" : 20,
        "stack_size" : 60,
        "symbol" : "*",
        "color" : "green",
        "container" : "wrapper",
        "quench" : 1,
        "stim" : 2,
        "healthy" : -1,
        "fun" : 4,
        "addiction_potential" : 40,
        "addiction_type" : "nicotine",
        "use_action" : "CHEW"
    },
    {
        "id" : "chem_hydrogen_peroxide",
        "type" : "COMESTIBLE",
        "comestible_type" : "MED",
        "name" : "hydrogen peroxide",
        "name_plural" : "hydrogen peroxide",
        "description" : "Dilute hydrogen peroxide, for use as a disinfectant and for bleaching hair or textiles.  Foams a little when in contact with organic matter, but otherwise harmless.",
        "weight" : 275,
        "volume" : 1,
        "price" : 100,
        "symbol" : "~",
        "color" : "white",
        "phase" : "liquid",
        "container" : "bottle_plastic_small",
        "use_action" : {
            "type" : "heal",
            "disinfectant_power" : 4,
            "bite" : 0.95,
            "move_cost" : 100
        }
    },
    {
        "id" : "cig",
        "type" : "COMESTIBLE",
        "comestible_type" : "MED",
        "name" : "cigarette",
        "description" : "A mixture of dried tobacco leaf, pesticides, and chemical additives, rolled into a filtered paper tube.  Stimulates mental acuity and reduces appetite.  Highly addictive and hazardous to health.",
        "weight" : 1,
        "volume" : 1,
        "price" : 800,
        "charges" : 20,
        "stack_size" : 60,
        "symbol" : "!",
        "color" : "dark_gray",
        "container" : "box_cigarette",
        "stim" : 1,
        "healthy" : -2,
        "fun" : 5,
        "addiction_potential" : 50,
        "addiction_type" : "nicotine",
        "use_action" : "SMOKING"
    },
    {
        "id" : "cigar",
        "type" : "COMESTIBLE",
        "comestible_type" : "MED",
        "name" : "cigar",
        "description" : "Rolled, cured tobacco leaf, addictive and hazardous to health.\nA gentleman's vice, cigars set the civil man apart from the savage.",
        "weight" : 3,
        "volume" : 1,
        "price" : 1000,
        "charges" : 5,
        "symbol" : "!",
        "color" : "brown",
        "stim" : 1,
        "healthy" : -1,
        "fun" : 15,
        "addiction_potential" : 50,
        "addiction_type" : "nicotine",
        "use_action" : "SMOKING"
    },
    {
        "id" : "chloroform_rag",
        "type" : "COMESTIBLE",
        "comestible_type" : "MED",
        "name" : "chloroform soaked rag",
        "description" : "A debug item that lets you put NPCs (or yourself) to sleep.",
        "weight" : 240,
        "volume" : 1,
        "price" : 3000,
        "material" : "cotton",
        "symbol" : "!",
        "color" : "red",
        "use_action" : {
            "type" : "consume_drug",
            "move_cost" : 100,
            "effects" : [
                {
                    "id" : "sleep",
                    "duration" : 1000
                }
            ],
            "used_up_item" : "rag"
        }
    },
    {
        "id" : "codeine",
        "type" : "COMESTIBLE",
        "comestible_type" : "MED",
        "name" : "codeine",
        "name_plural" : "codeine",
        "description" : "A mild opiate used in the suppression of pain, cough, and other ailments.  While relatively weak for a narcotic, it is still addictive, with a potential for overdose.",
        "weight" : 1,
        "volume" : 1,
        "price" : 1200,
        "charges" : 10,
        "stack_size" : 200,
        "symbol" : "!",
        "color" : "cyan",
        "stim" : -2,
        "fun" : 10,
        "addiction_potential" : 10,
        "addiction_type" : "opiate",
        "use_action" : {
            "type" : "consume_drug",
            "activation_message" : "You take some codeine.",
            "effects" : [
                { "id" : "pkill2", "duration" : 180 },
                { "id" : "cough_suppress", "duration" : 1000 }
            ]
        }
    },
    {
        "id" : "coke",
        "type" : "COMESTIBLE",
        "comestible_type" : "MED",
        "name" : "cocaine",
        "name_plural" : "cocaine",
        "description" : "Crystalline extract of the coca leaf, or at least, a white powder with some of that in it.  A topical analgesic, it is more commonly used for its stimulatory properties.  Highly addictive.",
        "weight" : 1,
        "volume" : 1,
        "price" : 10000,
        "charges" : 8,
        "stack_size" : 100,
        "material" : "powder",
        "symbol" : "!",
        "color" : "white",
        "container" : "bag_plastic",
        "stim" : 20,
        "healthy" : -2,
        "fun" : 25,
        "addiction_potential" : 50,
        "addiction_type" : "cocaine",
        "use_action" : "COKE"
    },
    {
        "id" : "contacts",
        "type" : "COMESTIBLE",
        "comestible_type" : "MED",
        "name" : "pair of contact lenses",
        "name_plural" : "pairs of contact lenses",
        "description" : "A pair of extended wear contacts with soft lenses designed to be discarded after a week of use.  They are a great replacement to wearing glasses and sit comfortably on the surface of the eye.",
        "weight" : 1,
        "volume" : 1,
        "price" : 2600,
        "charges" : 6,
        "stack_size" : 36,
        "material" : "plastic",
        "symbol" : "[",
        "color" : "cyan",
        "use_action" : "CONTACTS",
        "flags" : "NPC_SAFE"
    },
    {
        "id" : "cotton_ball",
        "type" : "COMESTIBLE",
        "comestible_type" : "MED",
        "name" : "cotton balls",
        "name_plural" : "cotton balls",
        "description" : "Fluffy balls of clean white cotton.  Can serve as makeshift bandages in an emergency.",
        "category" : "spare_parts",
        "weight" : 22,
        "volume" : 1,
        "price" : 500,
        "charges" : 2,
        "material" : "cotton",
        "symbol" : "*",
        "color" : "white",
        "container" : "bag_plastic",
        "use_action" : {
            "type" : "heal",
            "bandages_power" : 2,
            "bleed" : 0.9,
            "move_cost" : 300
        }
    },
    {
        "id" : "crack",
        "type" : "COMESTIBLE",
        "comestible_type" : "MED",
        "name" : "crack",
        "name_plural" : "crack",
        "description" : "Deprotonated cocaine crystals, incredibly addictive and deleterious to brain chemistry.",
        "weight" : 1,
        "volume" : 1,
        "price" : 72000,
        "charges" : 4,
        "stack_size" : 100,
        "material" : "powder",
        "symbol" : "!",
        "color" : "white",
        "container" : "bag_plastic",
        "stim" : 40,
        "healthy" : -2,
        "fun" : 50,
        "addiction_potential" : 80,
        "addiction_type" : "crack",
        "use_action" : {
            "type" : "consume_drug",
            "activation_message" : "You smoke your crack rocks.  Mother would be proud.",
            "effects" : [ { "id" : "high", "duration" : 15 } ],
            "stat_adjustments" : {"hunger" : -10},
            "fields_produced" : {"fd_cracksmoke" : 2},
            "charges_needed" : { "fire" : 1 },
            "tools_needed" : { "apparatus" : -1 }
        }
    },
    {
        "id" : "dayquil",
        "type" : "COMESTIBLE",
        "comestible_type" : "MED",
        "name" : "non-drowsy cough syrup",
        "name_plural" : "non-drowsy cough syrup",
        "description" : "Daytime cold and flu medication.  Non-drowsy formula.  Will suppress coughing, aching, headaches and runny noses, but you'll still need lots of fluids and rest.",
        "weight" : 48,
        "volume" : 1,
        "price" : 800,
        "charges" : 5,
        "symbol" : "~",
        "color" : "yellow",
        "phase" : "liquid",
        "container" : "bottle_plastic_small",
        "use_action" : "FLUMED",
        "flags" : "NPC_SAFE"
    },
    {
        "id" : "disinfectant",
        "type" : "COMESTIBLE",
        "comestible_type" : "MED",
        "name" : "disinfectant",
        "description" : "A powerful disinfectant commonly used for contaminated wounds.",
        "weight" : 27,
        "volume" : 1,
        "price" : 1500,
        "charges" : 10,
        "symbol" : "~",
        "color" : "light_cyan",
        "phase" : "liquid",
        "container" : "bottle_plastic_small",
        "use_action" : {
            "type" : "heal",
            "disinfectant_power" : 4,
            "bite" : 0.95,
            "move_cost" : 100
        }
    },
    {
        "id": "disinfectant_makeshift",
        "type": "COMESTIBLE",
        "name": "makeshift disinfectant",
        "copy-from": "disinfectant",
        "description": "Makeshift disinfectant made from ethanol.  Can be used to disinfect a wound.",
        "use_action": { "type": "heal", "disinfectant_power": 3, "bite" : 0.95, "move_cost": 100 }
    },
    {
        "id" : "diazepam",
        "type" : "COMESTIBLE",
        "comestible_type" : "MED",
        "name" : "diazepam",
        "name_plural" : "diazepam",
        "description" : "A strong benzodiazepine drug used to treat muscle spasms, anxiety, seizures, and panic attacks.",
        "weight" : 1,
        "volume" : 1,
        "price" : 15000,
        "charges" : 10,
        "stack_size" : 100,
        "symbol" : "!",
        "color" : "white",
        "stim" : -8,
        "healthy" : -1,
        "fun" : 8,
        "addiction_potential" : 20,
        "addiction_type" : "diazepam",
        "use_action" : "ANTICONVULSANT"
    },
    {
        "id" : "ecig",
        "type" : "COMESTIBLE",
        "comestible_type" : "MED",
        "name" : "electronic cigarette",
        "description" : "This battery-operated device vaporizes a liquid that contains flavorings and nicotine.  A less harmful alternative to traditional cigarettes, but it's still addictive.  It can't be reused once it's empty.",
        "weight" : 1,
        "volume" : 1,
        "price" : 3000,
        "charges" : 40,
        "stack_size" : 40,
        "symbol" : "!",
        "color" : "dark_gray",
        "stim" : 1,
        "fun" : 8,
        "addiction_potential" : 50,
        "addiction_type" : "nicotine",
        "use_action" : "ECIG"
    },
    {
        "id" : "eyedrops",
        "type" : "COMESTIBLE",
        "comestible_type" : "MED",
        "name" : "saline eye drop",
        "name_plural" : "saline eye drops",
        "description" : "Sterile saline eye drops.  Can be used to treat dry eyes, or to wash out contaminants.",
        "weight" : 18,
        "price" : 300,
        "charges" : 10,
        "symbol" : "!",
        "color" : "light_blue",
        "use_action" : "EYEDROPS",
        "flags" : "NPC_SAFE"
    },
    {
        "id" : "flu_shot",
        "type" : "COMESTIBLE",
        "comestible_type" : "MED",
        "name" : "flu shot",
        "description" : "Pharmaceutical flu shot designed for mass vaccinations, still in the packaging.  Purported to provide immunity to influenza.",
        "weight" : 10,
        "volume" : 1,
        "price" : 5000, "//" : "Yeah, kinda guessing at these ones.",
        "stack_size" : 40,
        "material" : "plastic",
        "symbol" : "!",
        "color" : "magenta",
        "use_action" : "FLU_VACCINE",
        "flags" : "NPC_SAFE"
    },
    {
        "id" : "gum",
        "type" : "COMESTIBLE",
        "comestible_type" : "MED",
        "name" : "chewing gum",
        "name_plural" : "chewing gum",
        "description" : "Bright pink chewing gum.  Sugary, sweet, and bad for your teeth.",
        "category" : "food",
        "weight" : 3,
        "volume" : 1,
        "price" : 100,
        "charges" : 10,
        "stack_size" : 100,
        "material" : "junk",
        "symbol" : "*",
        "color" : "pink",
        "stim" : 1,
        "fun" : 2,
        "use_action" : "CHEW"
    },
    {
        "id" : "handrolled_cig",
        "type" : "COMESTIBLE",
        "comestible_type" : "MED",
        "name" : "hand-rolled cigarette",
        "description" : "A roll-your-own made from tobacco and rolling paper.  Stimulates mental acuity and reduces appetite.  Despite being hand crafted, it's still highly addictive and hazardous to health.",
        "weight" : 1,
        "volume" : 1,
        "price" : 90, "//" : "Tougher to market a hand rolled, could be anything in there.",
        "stack_size" : 60,
        "symbol" : "!",
        "color" : "dark_gray",
        "stim" : 1,
        "healthy" : -2,
        "fun" : 5,
        "addiction_potential" : 50,
        "addiction_type" : "nicotine",
        "use_action" : "SMOKING"
    },
    {
        "id" : "heroin",
        "type" : "COMESTIBLE",
        "comestible_type" : "MED",
        "name" : "heroin",
        "name_plural" : "heroin",
        "description" : "An extremely strong opioid narcotic derived from morphine.  Incredibly addictive, the risk of overdose is extreme, and the drug is contraindicated for nearly all medical purposes.",
        "weight" : 1,
        "volume" : 1,
        "price" : 14000,
        "charges" : 4,
        "stack_size" : 100,
        "material" : "powder",
        "symbol" : "!",
        "color" : "light_gray",
        "container" : "bag_plastic",
        "stim" : -10,
        "healthy" : -5,
        "fun" : 50,
        "addiction_potential" : 75,
        "addiction_type" : "opiate",
        "use_action" : {
            "type" : "consume_drug",
            "activation_message" : "You shoot up.",
            "tools_needed" : { "syringe" : 1 },
            "effects" : [
                { "id" : "pkill3", "duration" : 80 },
                { "id" : "pkill2", "duration" : 200 },
                { "id" : "cough_suppress", "duration" : 1000 }
            ]
        }
    },
    {
        "id" : "iodine",
        "type" : "COMESTIBLE",
        "comestible_type" : "MED",
        "name" : "potassium iodide tablet",
        "description" : "Potassium iodide tablets.  If taken prior to exposure, they help to mitigate injury caused by radiation absorption.",
        "weight" : 1,
        "volume" : 1,
        "price" : 1000,
        "charges" : 10,
        "stack_size" : 200,
        "symbol" : "!",
        "color" : "white",
        "use_action" : {
            "type" : "consume_drug",
            "activation_message" : "You take some potassium iodide.",
            "effects" : [ { "id" : "iodine", "duration" : 7200 } ]
        }
    },
    {
        "id" : "joint",
        "type" : "COMESTIBLE",
        "comestible_type" : "MED",
        "name" : "joint",
        "description" : "Marijuana, cannabis, pot.  Whatever you want to call it, it's rolled up in a piece of paper and ready for smokin'.",
        "weight" : 1,
        "volume" : 1,
        "price" : 500,
        "stack_size" : 100,
        "symbol" : "!",
        "color" : "green",
        "quench" : -5,
        "stim" : -10,
        "healthy" : -1,
        "fun" : 15,
        "addiction_potential" : 5,
        "use_action" : "SMOKING"
    },
    {
        "id" : "lsd",
        "type" : "COMESTIBLE",
        "comestible_type" : "MED",
        "name" : "pink tablet",
        "description" : "Tiny pink candies shaped like hearts, already dosed with some sort of drug.  Really only useful for entertainment.  Will cause hallucinations.",
        "weight" : 1,
        "volume" : 1,
        "price" : 10000,
        "charges" : 5,
        "stack_size" : 100,
        "symbol" : "!",
        "color" : "pink",
        "stim" : 20,
        "fun" : 25,
        "use_action" : {
            "type" : "consume_drug",
            "activation_message" : "You eat the pink tablet.",
            "effects" : [ { "id" : "hallu", "duration" : 3600  } ]
        }
    },
    {
        "id" : "medical_gauze",
        "type" : "COMESTIBLE",
        "comestible_type" : "MED",
        "name" : "medical gauze",
        "description" : "This is decent sized piece of cotton, sterilized and sealed.  It's designed for medical purposes.",
        "weight" : 90,
        "price" : 350,
        "material" : "cotton",
        "symbol" : ",",
        "color" : "white",
        "use_action" : {
            "type" : "heal",
            "bandages_power" : 4,
            "bleed" : 0.5,
            "move_cost" : 200
        }
    },
    {
        "id" : "meth",
        "type" : "COMESTIBLE",
        "comestible_type" : "MED",
        "name" : "low-grade methamphetamine",
        "name_plural" : "low-grade methamphetamine",
        "description" : "A profoundly addictive and powerful stimulant.  While extremely effective at enhancing alertness, it is hazardous to health and the risk of an adverse reaction is great.",
        "weight" : 1,
        "volume" : 1,
        "price" : 15000,
        "charges" : 6,
        "stack_size" : 100,
        "material" : "powder",
        "symbol" : "!",
        "color" : "light_cyan",
        "container" : "bag_plastic",
        "quench" : -2,
        "stim" : 20,
        "healthy" : -7,
        "fun" : 30,
        "addiction_potential" : 50,
        "addiction_type" : "amphetamine",
        "use_action" : "METH"
    },
    {
        "id" : "morphine",
        "type" : "COMESTIBLE",
        "comestible_type" : "MED",
        "name" : "morphine",
        "description" : "A very strong semi-synthetic narcotic used to treat intense pain in hospital settings.  This injectable drug is very addictive.",
        "weight" : 1,
        "volume" : 1,
        "price" : 4000,
        "charges" : 4,
        "stack_size" : 100,
        "material" : "powder",
        "symbol" : "!",
        "color" : "light_gray",
        "stim" : -5,
        "healthy" : -3,
        "fun" : 25,
        "addiction_potential" : 25,
        "addiction_type" : "opiate",
        "use_action" : {
            "type" : "consume_drug",
            "activation_message" : "You shoot up.",
            "tools_needed" : { "syringe" : 1 },
            "effects" : [ { "id" : "pkill3", "duration" : 20 },
                { "id" : "pkill2", "duration" : 200 } ]
        }
    },
    {
        "id" : "mugwort_oil",
        "type" : "COMESTIBLE",
        "comestible_type" : "MED",
        "name" : "mugwort oil",
        "description" : "Some essential oil made from mugwort, which may kill parasites when ingested.  Consume it with water!",
        "weight" : 40,
        "volume" : 1,
        "price" : 0,
        "material" : "oil",
        "symbol" : "~",
        "color" : "yellow",
        "phase" : "liquid",
        "quench" : -50,
        "fun" : -5,
        "spoils_in" : 672,
        "use_action" : "ANTIPARASITIC",
        "flags" : "NPC_SAFE"
    },
    {
        "id" : "nic_gum",
        "type" : "COMESTIBLE",
        "comestible_type" : "MED",
        "name" : "nicotine gum",
        "description" : "Mint flavored nicotine chewing gum.  For smokers who desire to quit.",
        "weight" : 4,
        "volume" : 1,
        "price" : 1000,
        "charges" : 10,
        "stack_size" : 100,
        "symbol" : "*",
        "color" : "yellow",
        "stim" : 2,
        "fun" : 1,
        "addiction_type" : "nicotine",
        "use_action" : "CHEW"
    },
    {
        "id" : "nyquil",
        "type" : "COMESTIBLE",
        "comestible_type" : "MED",
        "name" : "cough syrup",
        "name_plural" : "cough syrup",
        "description" : "Nighttime cold and flu medication.  Useful when trying to sleep with a head full of virions.  Will cause drowsiness.",
        "weight" : 48,
        "volume" : 1,
        "price" : 800,
        "charges" : 5,
        "symbol" : "~",
        "color" : "blue",
        "phase" : "liquid",
        "container" : "bottle_plastic_small",
        "stim" : -7,
        "addiction_potential" : 20,
        "addiction_type" : "sleeping pill",
        "use_action" : "FLUSLEEP"
    },
    {
        "id" : "oxycodone",
        "type" : "COMESTIBLE",
        "comestible_type" : "MED",
        "name" : "oxycodone",
        "description" : "A strong semi-synthetic narcotic used in the treatment of intense pain.  Highly addictive.",
        "weight" : 1,
        "volume" : 1,
        "price" : 55000,"//" : "Fairly controlled substance as they go.",
        "charges" : 10,
        "stack_size" : 200,
        "symbol" : "!",
        "color" : "light_green",
        "healthy" : -1,
        "stim" : -4,
        "fun" : 18,
        "addiction_potential" : 16,
        "addiction_type" : "opiate",
        "use_action" : {
            "type" : "consume_drug",
            "activation_message" : "You take some oxycodone.",
            "effects" : [ { "id" : "pkill3", "duration" : 20 },
                { "id" : "pkill2", "duration" : 200 } ]
        }
    },
    {
        "id" : "pills_sleep",
        "type" : "COMESTIBLE",
        "comestible_type" : "MED",
        "name" : "Ambien",
        "description" : "A habit-forming tranquilizer with a variety of psychoactive side effects.  Used in the treatment of insomnia.  Its generic name is zolpidem tartrate.",
        "weight" : 1,
        "volume" : 1,
        "price" : 3000,
        "charges" : 10,
        "stack_size" : 200,
        "material" : "powder",
        "symbol" : "!",
        "color" : "light_red",
        "stim" : -8,
        "fun" : 5,
        "addiction_potential" : 40,
        "addiction_type" : "sleeping pill",
        "use_action" : "SLEEP"
    },
    {
        "id" : "poppy_pain",
        "type" : "COMESTIBLE",
        "comestible_type" : "MED",
        "name" : "poppy painkiller",
        "description" : "Potent opioid palliative produced by the refining of the mutated poppy.  Notably devoid of euphoric or sedative effects, as an opiate it may still be addictive.",
        "weight" : 1,
        "volume" : 1,
        "price" : 3000,
        "charges" : 10,
        "stack_size" : 100,
        "material" : "powder",
        "symbol" : "!",
        "color" : "pink",
        "healthy" : -2,
        "addiction_potential" : 10,
        "addiction_type" : "opiate",
        "use_action" : {
            "type" : "consume_drug",
            "activation_message" : "You take some poppy painkiller.",
            "effects" : [ { "id" : "pkill2", "duration" : 180 } ]
        }
    },
    {
        "id" : "poppy_sleep",
        "type" : "COMESTIBLE",
        "comestible_type" : "MED",
        "name" : "poppy sleep",
        "description" : "A potent sleep aid extracted from mutated poppy seeds.  Effective, but as an opiate, it may be addictive.",
        "weight" : 1,
        "volume" : 1,
        "price" : 2000,
        "charges" : 10,
        "stack_size" : 100,
        "material" : "powder",
        "symbol" : "!",
        "color" : "magenta",
        "healthy" : -2,
        "addiction_type" : "opiate",
        "use_action" : "SLEEP"
    },
    {
        "id" : "poppysyrup",
        "type" : "COMESTIBLE",
        "comestible_type" : "MED",
        "name" : "poppy cough syrup",
        "name_plural" : "poppy cough syrup",
        "description" : "Cough syrup made from mutated poppy.  Will make you sleepy.",
        "weight" : 48,
        "volume" : 1,
        "price" : 2500,
        "charges" : 5,
        "symbol" : "~",
        "color" : "magenta",
        "phase" : "liquid",
        "container" : "bottle_plastic_small",
        "stim" : -3,
        "healthy" : -1,
        "addiction_potential" : 15,
        "addiction_type" : "sleeping pill",
        "use_action" : "FLUSLEEP"
    },
    {
        "id" : "prozac",
        "type" : "COMESTIBLE",
        "comestible_type" : "MED",
        "name" : "Prozac",
        "description" : "A common and popular antidepressant.  It will elevate mood, and can profoundly affect the action of other drugs.  It is only rarely habit-forming, though adverse reactions are not uncommon.  Its generic name is fluoxetine.",
        "weight" : 1,
        "volume" : 1,
        "price" : 9000, "//" : "Don't have a cite for this one.",
        "charges" : 15,
        "stack_size" : 200,
        "symbol" : "!",
        "color" : "light_green",
        "stim" : -5,
        "addiction_potential" : 5,
        "addiction_type" : "amphetamine",
        "use_action" : "PROZAC"
    },
    {
        "id" : "prussian_blue",
        "type" : "COMESTIBLE",
        "comestible_type" : "MED",
        "name" : "Prussian blue tablet",
        "description" : "Tablets containing oxidized ferrous ferrocyanide salts.  Capable of purging nuclear contaminants from the body if taken after radiation exposure.",
        "weight" : 1,
        "volume" : 1,
        "price" : 3000,
        "charges" : 10,
        "stack_size" : 200,
        "material" : "powder",
        "flags" : "NPC_SAFE",
        "symbol" : "!",
        "color" : "blue",
        "use_action" : {
            "type" : "consume_drug",
            "activation_message" : "You take some Prussian blue.",
            "effects" : [ { "id" : "pblue", "duration" : 3600 } ]
        }
    },
    {
        "id" : "quikclot",
        "type" : "COMESTIBLE",
        "comestible_type" : "MED",
        "name" : "hemostatic powder",
        "name_plural" : "hemostatic powder",
        "description" : "A powdered antihemorrhagic compound that reacts with blood to immediately form a gel-like substance that stops bleeding.",
        "weight" : 5,
        "volume" : 1,
        "price" : 550,
        "charges" : 6,
        "stack_size" : 60,
        "material" : "powder",
        "symbol" : "!",
        "color" : "light_gray",
        "container" : "bag_plastic",
        "use_action" : {
            "type" : "heal",
            "bleed" : 0.9,
            "move_cost" : 100
        }
    },
    {
        "id" : "saline",
        "type" : "COMESTIBLE",
        "comestible_type" : "MED",
        "name" : "saline solution",
        "description" : "A solution of sterilized water and salt for intravenous infusion or washing contaminants from one's eyes.",
        "weight" : 51,
        "volume" : 1,
        "price" : 500,
        "charges" : 5,
        "symbol" : "~",
        "color" : "light_cyan",
        "phase" : "liquid",
        "container" : "bottle_plastic_small",
        "use_action" : "EYEDROPS",
        "flags" : "NPC_SAFE"
    },
    {
        "id" : "thorazine",
        "type" : "COMESTIBLE",
        "comestible_type" : "MED",
        "name" : "Thorazine",
        "description" : "Anti-psychotic medication.  Used to stabilize brain chemistry, it can arrest hallucinations and other symptoms of psychosis.  Carries a sedative effect.  Its generic name is chlorpromazine.",
        "weight" : 1,
        "volume" : 1,
        "price" : 5000,
        "charges" : 10,
        "stack_size" : 200,
        "symbol" : "!",
        "color" : "light_red",
        "stim" : -30,
        "use_action" : "THORAZINE"
    },
    {
        "id" : "thyme_oil",
        "type" : "COMESTIBLE",
        "comestible_type" : "MED",
        "name" : "thyme oil",
        "description" : "Some essential oil made from thyme, which can act as a mildly irritating disinfectant.",
        "weight" : 40,
        "volume" : 1,
        "price" : 0,
        "material" : "oil",
        "symbol" : "~",
        "color" : "yellow",
        "phase" : "liquid",
        "spoils_in" : 672,
        "use_action" : {
            "type" : "heal",
            "disinfectant_power" : 3,
            "bite" : 0.95,
            "move_cost" : 100
        }
    },
    {
        "id" : "tobacco",
        "type" : "COMESTIBLE",
        "comestible_type" : "MED",
        "name" : "rolling tobacco",
        "description" : "Loose, fine-cut tobacco leaves.  Popular in Europe and among hipsters.  Highly addictive and hazardous to health.\nCan either be rolled into a cigarette with some rolling papers or smoked through a pipe.",
        "weight" : 1,
        "volume" : 1,
        "price" : 1100,
        "charges" : 20,
        "stack_size" : 60,
        "symbol" : "!",
        "color" : "brown",
        "container" : "bag_plastic",
        "stim" : 1,
        "healthy" : -2,
        "fun" : 5,
        "addiction_potential" : 50,
        "addiction_type" : "nicotine",
        "use_action" : {
            "type" : "consume_drug",
            "activation_message" : "You smoke some tobacco.",
            "effects" : [ { "id" : "cig", "duration" : 200 } ],
            "stat_adjustments" : { "hunger" : -2, "thirst" : 1 },
            "fields_produced" : { "fd_cigsmoke" : 2 },
            "charges_needed" : { "fire" : 1 },
            "tools_needed" : { "apparatus" : -1 },
            "moves" : 250
        }
    },
    {
        "id" : "tramadol",
        "type" : "COMESTIBLE",
        "comestible_type" : "MED",
        "name" : "tramadol",
        "description" : "A painkiller used to manage moderate pain.  The effects last for several hours, but are relatively subdued for an opioid.",
        "weight" : 1,
        "volume" : 1,
        "price" : 24500,
        "charges" : 10,
        "stack_size" : 200,
        "symbol" : "!",
        "color" : "yellow",
        "fun" : 6,
        "addiction_potential" : 6,
        "addiction_type" : "opiate",
        "use_action" : {
            "type" : "consume_drug",
            "activation_message" : "You take some tramadol.",
            "effects" : [ { "id" : "pkill_l", "duration" : 4500 } ]
        }
    },
    {
        "id" : "vaccine_shot",
        "type" : "COMESTIBLE",
        "comestible_type" : "MED",
        "name" : "gamma globulin shot",
        "description" : "This immunoglobulin booster contains concentrated antibodies prepared for intravenous injection to temporarily strengthen the immune system.  It is still in its original packaging.",
        "weight" : 10,
        "volume" : 1,
        "price" : 5000, "//" : "Yeah, kinda guessing at these ones.",
        "stack_size" : 40,
        "material" : "plastic",
        "symbol" : "!",
        "color" : "magenta",
        "use_action" : "VACCINE",
        "flags" : [ "NPC_SAFE", "TRADER_AVOID" ]
    },
    {
        "id" : "vitamins",
        "type" : "COMESTIBLE",
        "comestible_type" : "MED",
        "name" : "multivitamin",
        "description" : "Essential dietary nutrients conveniently packaged in pill form.  An option of last resort when a balanced diet is not possible.  Excess use can cause hypervitaminosis.",
        "weight" : 1,
        "volume" : 1,
        "price" : 500,
        "price_postapoc": 5000,
        "charges" : 20,
        "stack_size" : 20,
        "symbol" : "!",
        "color" : "magenta",
        "use_action" : {
            "type" : "consume_drug",
            "activation_message" : "You take the %s.",
            "vitamins": [
                [ "calcium", 24, 48 ],
                [ "iron", 24, 48 ],
                [ "vitA", 24, 48 ],
                [ "vitB", 24, 48 ],
                [ "vitC", 24, 48 ]
            ]
        }
    },
    {
        "id" : "calcium_tablet",
        "type" : "COMESTIBLE",
        "comestible_type" : "MED",
        "name" : "calcium tablet",
        "description" : "White calcium tablets.  Widely used by elderly people with osteoporosis as a method to supplement calcium before the apocalypse.",
        "weight" : 1,
        "volume" : 1,
        "price" : 400,
        "price_postapoc": 4000,
        "charges" : 20,
        "stack_size" : 20,
        "symbol" : "!",
        "color" : "magenta",
        "use_action" : {
            "type" : "consume_drug",
            "activation_message" : "You take the %s.",
            "vitamins": [
                [ "calcium", 75 ]
            ]
        }
    },
    {
        "id" : "gummy_vitamins",
        "copy-from": "vitamins",
        "type" : "COMESTIBLE",
        "name" : "gummy vitamin",
        "description" : "Essential dietary nutrients conveniently packaged in a fruit-flavored chewy candy form.  An option of last resort when a balanced diet is not possible.  Excess use can cause hypervitaminosis.",
        "fun" : 4,
        "charges" : 10,
        "stack_size" : 10
    },
    {
        "id" : "inj_vitb",
        "type" : "COMESTIBLE",
        "comestible_type" : "MED",
        "name" : "injectable vitamin B",
        "description" : "Small vials of pale yellow liquid containing soluble vitamin B for injection.",
        "weight" : 40,
        "volume" : 1,
        "price" : 150,
        "price_postapoc": 1500,
        "charges" : 2,
        "stack_size" : 10,
        "symbol" : "!",
        "color" : "magenta",
        "use_action" : {
            "type" : "consume_drug",
            "activation_message" : "You inject some vitamin B.",
            "tools_needed" : { "syringe" : -1 },
            "vitamins": [ [ "vitB", 100 ] ]
        }
    },
    {
        "id" : "inj_iron",
        "type" : "COMESTIBLE",
        "comestible_type" : "MED",
        "name" : "injectable iron",
        "description" : "Small vials of dark yellow liquid containing soluble iron for injection.",
        "weight" : 40,
        "volume" : 1,
        "price" : 2000,
        "price_postapoc": 2500,
        "charges" : 2,
        "stack_size" : 10,
        "symbol" : "!",
        "color" : "magenta",
        "use_action" : {
            "type" : "consume_drug",
            "activation_message" : "You inject some iron.",
            "tools_needed" : { "syringe" : -1 },
            "vitamins": [ [ "iron", 100 ] ]
        }
    },
    {
        "id" : "weed",
        "type" : "COMESTIBLE",
        "comestible_type" : "MED",
        "name" : "marijuana",
        "name_plural" : "marijuana",
        "description" : "The dried flower buds and leaves harvested from a psychoactive variety of hemp plant.  Used to reduce nausea, stimulate appetite and elevate mood.  It can be habit-forming, and adverse reactions are possible.",
        "weight" : 1,
        "volume" : 1,
        "price" : 2500,
        "charges" : 5,
        "stack_size" : 100,
        "symbol" : "!",
        "color" : "green",
        "quench" : -5,
        "stim" : -10,
        "healthy" : -1,
        "fun" : 15,
        "addiction_potential" : 5,
        "use_action" : {
            "type" : "consume_drug",
            "activation_message" : "You smoke some weed.  Good stuff, man!",
            "effects" : [ { "id" : "weed_high", "duration" : 90 },
                { "id" : "pkill1", "duration" : 60 } ],
            "stat_adjustments" : { "hunger" : 4, "thirst" : 6 },
            "fields_produced" : {"fd_weedsmoke" : 2},
            "charges_needed" : { "fire" : 1 },
            "tools_needed" : { "apparatus" : -1 },
            "moves" : 40
        }
    },
    {
        "id" : "xanax",
        "type" : "COMESTIBLE",
        "comestible_type" : "MED",
        "name" : "Xanax",
        "name_plural" : "Xanax",
        "description" : "Anti-anxiety agent with a powerful sedative effect.  May cause dissociation and loss of memory.  It is dangerously addictive, and withdrawal from regular use should be gradual.  Its generic name is alprazolam.",
        "weight" : 1,
        "volume" : 1,
        "price" : 6000, "//" : "Yeah, kinda guessing at these ones, but generic is cheaper.",
        "charges" : 10,
        "stack_size" : 200,
        "symbol" : "!",
        "color" : "cyan",
        "stim" : -4,
        "healthy" : -2,
        "fun" : 20,
        "addiction_potential" : 40,
        "addiction_type" : "sleeping pill",
        "use_action" : "XANAX"
    },
    {
        "id" : "disinrag",
        "type" : "COMESTIBLE",
        "comestible_type" : "MED",
        "name" : "disinfectant soaked rag",
        "name_plural" : "disinfectant soaked rags",
        "description" : "A rag soaked in disinfectant.",
        "weight" : 80, "//" : "Can't copy-from rag, it breaks the stacking for some reason!",
        "volume" : 1,
        "price" : 250,
        "material": "cotton",
        "symbol": ",",
        "color": "white",
        "use_action" : {
            "type" : "heal",
            "disinfectant_power" : 4,
            "bite" : 0.75,
            "move_cost" : 200,
            "used_up_item" : { "id": "rag", "quantity": 1, "flags": [ "FILTHY" ] }
        }
    },
    {
        "id" : "disincotton_ball",
        "copy-from" : "cotton_ball",
        "type" : "COMESTIBLE",
        "name" : "disinfectant soaked cotton balls",
        "name_plural" : "disinfectant soaked cotton balls",
        "description" : "Fluffy balls of clean white cotton.  Now soaked with disinfectant, they are useful to disinfect a wound.",
        "category" : "drugs",
        "price" : 1000,
        "charges" : 1,
        "use_action" : {
            "type" : "heal",
            "disinfectant_power" : 4,
            "bite" : 0.95,
            "move_cost" : 300,
            "used_up_item" : { "id": "cotton_ball", "quantity": 1, "charges": 1, "flags": [ "FILTHY" ] }
        }
    },
    {
        "id" : "weak_antibiotic",
        "type" : "COMESTIBLE",
        "comestible_type" : "MED",
        "name" : "Atreyupan",
        "name_plural" : "Atreyupan",
        "description" : "A broad-spectrum antibiotic used to suppress infections and prevent them from setting in.  It isn't strong enough to purge infections outright, but it boosts the body's resistance against them.  One dose lasts twelve hours.",
        "weight" : 15,
        "volume" : 1,
        "price" : 1500,
        "charges" : 5,
        "stack_size" : 200,
        "material" : "plastic",
        "symbol" : "!",
        "color" : "white",
        "healthy" : -2,
        "use_action" : "WEAK_ANTIBIOTIC",
        "flags" : "NPC_SAFE"
    },
    {
        "id" : "panacea",
        "type" : "COMESTIBLE",
        "comestible_type" : "MED",
        "name" : "Panaceus",
        "name_plural" : "Panaceii",
        "description" : "An apple-red gel capsule the size of your thumbnail, filled with a thick oily liquid that shifts from black to purple at unpredictable intervals, flecked with tiny gray dots.  Given the place you got it from, it's either very potent, or highly experimental.  Holding it, all the little aches and pains seem to fade, just for a moment...",
        "weight" : 15,
        "volume" : 1,
        "price" : 1000000,
        "stack_size" : 5,
        "material" : "plastic",
        "symbol" : "!",
        "color" : "red",
        "healthy" : 25,
        "use_action" : "PANACEA",
        "flags" : "NPC_SAFE"
    }
]
