[
  {
    "method": "json",
    "object": {
      "place_item": [
        { "item": "pipe_glass", "repeat": 1, "x": 12, "y": 6 },
        { "item": "pipe_glass", "repeat": 1, "x": 13, "y": 6 },
        { "item": "joint_lit", "repeat": 1, "x": 14, "y": 6 },
        { "item": "lighter", "repeat": 1, "x": 14, "y": 6 },
        { "item": "matches", "repeat": 1, "x": 13, "y": 7 },
        { "item": "pipe_tobacco", "repeat": 1, "x": 15, "y": 7 },
        { "item": "seed_weed", "repeat": 2, "x": 9, "y": 11 },
        { "item": "cannabis", "repeat": 1, "x": 14, "y": 11 },
        { "item": "seed_weed", "repeat": 1, "x": 9, "y": 12 },
        { "item": "cannabis", "repeat": 1, "x": 19, "y": 12 },
        { "item": "cannabis", "repeat": 1, "x": 16, "y": 13 },
        { "item": "cannabis", "repeat": 1, "x": 20, "y": 13 },
        { "item": "seed_weed", "repeat": 1, "x": 9, "y": 14 },
        { "item": "cannabis", "repeat": 1, "x": 11, "y": 14 },
        { "item": "cannabis", "repeat": 1, "x": 19, "y": 14 },
        { "item": "joint_lit", "repeat": 1, "x": 9, "y": 15 },
        { "item": "cannabis", "repeat": 1, "x": 11, "y": 15 },
        { "item": "cannabis", "repeat": 1, "x": 20, "y": 15 }
      ],
      "furniture": {
        "#": "f_null",
        "&": "f_toilet",
        "+": "f_null",
        "-": "f_null",
        ".": "f_null",
        "4": "f_null",
        "B": "f_bench",
        "C": "f_chair",
        "D": "f_displaycase",
        "H": "f_armchair",
        "S": "f_sink",
        "^": "f_indoor_plant",
        "_": "f_null",
        "a": "f_desk",
        "b": "f_bench",
        "c": "f_counter",
        "d": "f_null",
        "e": "f_null",
        "p": "f_null",
        "s": "f_null",
        "t": "f_trashcan",
        "u": "f_null",
        "{": "f_fridge",
        "|": "f_null"
      },
      "place_items": [
        { "chance": 25, "item": "tools_earthworking", "x": 13, "y": 17 },
        { "chance": 25, "item": "tools_earthworking", "x": 16, "y": 15 },
        { "chance": 25, "item": "tools_earthworking", "x": 14, "y": 14 },
        { "chance": 25, "item": "tools_earthworking", "x": 19, "y": 9 },
        { "chance": 25, "item": "snacks", "x": 3, "y": 11 },
        { "chance": 5, "item": "snacks", "x": 9, "y": 13 },
        { "chance": 80, "item": "fridgesnacks", "x": 3, "y": 12 },
        { "chance": 50, "item": "smoke_shop", "x": 15, "y": 6 }
      ],
      "place_toilets": [ { "x": 3, "y": 3 } ],
      "rows": [
        "ssssssssssssssssssssssss",
        "ssssssssssssssssssssssss",
        "__|||||||--e--||||---|__",
        "__|&.+..bb...bbb^|.C.-__",
        "_#|S.|...........|aa.-u_",
        "_#||||...........|.C.-u_",
        "_#|t.....cccDDDD.+...|__",
        "_u|..........C.D.|^.^|#_",
        "__||+|||||||||||||||||u_",
        "_#|H..|......C.......|#_",
        "__|...|..............|__",
        "_u|c..|..c|....|c....|#_",
        "__|{..|..c|....|c....|__",
        "_#|...+..c|....|.....|__",
        "__|b..|..c|...c|.....|__",
        "_#|b..|..c|...c|.....|#_",
        "_#|b..|..............|__",
        "_#|...|..............|#_",
        "__||+|||||||||||||||||#_",
        "___pppppddBBdddu___uu___",
        "___pppppdddddd#__4____#_",
        "___ppppp__________#u4u__",
        "________________u___#___",
        "________________________"
      ],
      "terrain": {
        "#": "t_underbrush_harvested_summer",
        "&": "t_floor",
        "+": "t_door_c",
        "-": "t_wall_glass",
        ".": "t_floor",
        "4": "t_tree_pine",
        "B": "t_dirt",
        "C": "t_floor",
        "D": "t_floor",
        "H": "t_floor",
        "S": "t_floor",
        "^": "t_floor",
        "_": "t_grass",
        "a": "t_floor",
        "b": "t_floor",
        "c": "t_floor",
        "d": "t_dirt",
        "e": "t_door_glass_c",
        "p": "t_pavement",
        "s": "t_sidewalk",
        "t": "t_floor",
        "u": "t_underbrush",
        "{": "t_floor",
        "|": "t_wall"
      }
    },
    "om_terrain": "dispensary",
    "type": "mapgen",
    "weight": 100
  },
  {
    "method": "json",
    "object": {
      "place_item": [
        { "item": "joint_roach", "repeat": 1, "x": 4, "y": 2 },
        { "item": "cannabis", "repeat": 1, "x": 13, "y": 11 },
        { "item": "cannabis", "repeat": 1, "x": 15, "y": 11 },
        { "item": "cannabis", "repeat": 1, "x": 19, "y": 11 },
        { "item": "cannabis", "repeat": 1, "x": 19, "y": 13 },
        { "item": "cannabis", "repeat": 1, "x": 16, "y": 14 },
        { "item": "cannabis", "repeat": 1, "x": 19, "y": 14 },
        { "item": "cannabis", "repeat": 1, "x": 16, "y": 15 },
        { "item": "cannabis", "repeat": 1, "x": 19, "y": 15 },
        { "item": "joint_lit", "repeat": 1, "x": 8, "y": 16 },
        { "item": "withered", "repeat": 1, "x": 11, "y": 16 },
        { "item": "cannabis", "repeat": 1, "x": 2, "y": 17 },
        { "item": "cannabis", "repeat": 1, "x": 5, "y": 17 },
        { "item": "cannabis", "repeat": 1, "x": 6, "y": 17 },
        { "item": "joint_lit", "repeat": 1, "x": 8, "y": 17 },
        { "item": "seed_weed", "repeat": 1, "x": 11, "y": 17 },
        { "item": "cannabis", "repeat": 1, "x": 19, "y": 17 },
        { "item": "withered", "repeat": 1, "x": 2, "y": 18 },
        { "item": "cannabis", "repeat": 1, "x": 3, "y": 18 },
        { "item": "seed_weed", "repeat": 1, "x": 5, "y": 18 },
        { "item": "cannabis", "repeat": 1, "x": 6, "y": 18 },
        { "item": "joint_lit", "repeat": 1, "x": 8, "y": 18 },
        { "item": "seed_weed", "repeat": 1, "x": 11, "y": 18 },
        { "item": "cannabis", "repeat": 1, "x": 13, "y": 18 },
        { "item": "cannabis", "repeat": 1, "x": 16, "y": 18 },
        { "item": "cannabis", "repeat": 1, "x": 17, "y": 18 },
        { "item": "cannabis", "repeat": 1, "x": 18, "y": 18 }
      ],
      "furniture": {
        "#": "f_counter",
        "&": "f_trashcan",
        "+": "f_null",
        "-": "f_null",
        ".": "f_null",
        "4": "f_null",
        "B": "f_bench",
        "C": "f_chair",
        "D": "f_null",
        "S": "f_sink",
        "T": "f_trashcan",
        "^": "f_indoor_plant",
        "_": "f_null",
        "b": "f_bench",
        "c": "f_counter",
        "d": "f_null",
        "p": "f_null",
        "s": "f_null",
        "t": "f_table",
        "{": "f_rack",
        "|": "f_null"
      },
      "place_items": [
        { "chance": 35, "item": "trash", "x": 17, "y": 9 },
        { "chance": 35, "item": "trash", "x": 10, "y": 9 },
        { "chance": 25, "item": "misc_smoking", "x": 5, "y": 10 },
        { "chance": 45, "item": "stoner", "x": 11, "y": [ 11, 12 ] },
        { "chance": 45, "item": "stoner", "x": 9, "y": 10 },
        { "chance": 45, "item": "stoner", "x": 6, "y": 10 },
        { "chance": 45, "item": "stoner", "x": 10, "y": 7 }
      ],
      "rows": [
        "......ss.d.............d",
        "......ss................",
        "..d...ss..........d.d...",
        "......ss...d.......d4d..",
        "......sssssss.d.....d...",
        ".|---|++|--|sppppp......",
        ".|^_______^-sppppp...d..",
        "d|b_______b-spBBpp......",
        ".|b_______b-spttpp......",
        ".|________&-spBBpT......",
        ".||D|#####|||||||||||...",
        ".|______C_Cc|_______|..d",
        "d|_________c|S______|...",
        ".|__|||||||||c______|...",
        ".|__________________|...",
        ".|__________________|...",
        ".|__|__|{__{|_______|...",
        ".|__|__|{__{|_______|...",
        ".|__|__|{__{|_______|...",
        ".||||||||||||||||||||..d",
        "...d............d.......",
        "........d...............",
        ".d..................d...",
        "...........d............"
      ],
      "terrain": {
        "#": "t_wall",
        "&": "t_floor",
        "+": "t_door_glass_c",
        "-": "t_wall_glass",
        ".": "t_grass",
        "4": "t_tree_pine",
        "B": "t_pavement",
        "C": "t_floor",
        "D": "t_door_c",
        "S": "t_floor",
        "T": "t_pavement",
        "^": "t_floor",
        "_": "t_floor",
        "b": "t_floor",
        "c": "t_floor",
        "d": "t_dirt",
        "p": "t_pavement",
        "s": "t_sidewalk",
        "t": "t_pavement",
        "{": "t_floor",
        "|": "t_wall"
      }
    },
    "om_terrain": "dispensary",
    "type": "mapgen",
    "weight": 100
  },
  {
    "method": "json",
    "object": {
      "place_item": [
        { "item": "joint_roach", "repeat": 1, "x": 11, "y": 4 },
        { "item": "joint_lit", "repeat": 1, "x": 11, "y": 11 },
        { "item": "pipe_glass", "repeat": 1, "x": 10, "y": 15 },
        { "item": "withered", "repeat": 1, "x": 17, "y": 15 },
        { "item": "withered", "repeat": 1, "x": 8, "y": 17 },
        { "item": "withered", "repeat": 1, "x": 6, "y": 18 },
        { "item": "cannabis", "repeat": 1, "x": 9, "y": 18 },
        { "item": "cannabis", "repeat": 1, "x": 11, "y": 18 },
        { "item": "withered", "repeat": 1, "x": 13, "y": 19 },
        { "item": "cannabis", "repeat": 1, "x": 6, "y": 20 },
        { "item": "cannabis", "repeat": 1, "x": 8, "y": 20 },
        { "item": "cannabis", "repeat": 1, "x": 10, "y": 20 },
        { "item": "cannabis", "repeat": 1, "x": 12, "y": 20 },
        { "item": "cannabis", "repeat": 1, "x": 15, "y": 21 },
        { "item": "cannabis", "repeat": 1, "x": 18, "y": 21 }
      ],
      "furniture": {
        "#": "f_null",
        "&": "f_trashcan",
        "+": "f_null",
        "-": "f_null",
        ".": "f_null",
        "4": "f_null",
        "C": "f_counter",
        "D": "f_null",
        "^": "f_indoor_plant",
        "_": "f_null",
        "a": "f_null",
        "b": "f_bench",
        "c": "f_counter",
        "d": "f_chair",
        "e": "f_null",
        "f": "f_null",
        "g": "f_null",
        "s": "f_null",
        "t": "f_table",
        "w": "f_null",
        "{": "f_vending_c",
        "|": "f_null"
      },
      "place_items": [
        { "chance": 50, "item": "vending_drink", "x": 13, "y": 3 },
        { "chance": 45, "item": "trash", "x": 5, "y": 15 },
        { "chance": 45, "item": "trash", "x": 8, "y": 12 },
        { "chance": 45, "item": "trash", "x": 5, "y": 8 },
        { "chance": 50, "item": "vending_food", "x": 12, "y": 3 },
        { "chance": 45, "item": "stoner", "x": 15, "y": 15 },
        { "chance": 45, "item": "stoner", "x": 11, "y": 15 },
        { "chance": 45, "item": "stoner", "x": 19, "y": 13 },
        { "chance": 45, "item": "stoner", "x": [ 17, 19 ], "y": 12 }
      ],
      "rows": [
        "_.._..___sss...__..__...",
        ".........sss........_...",
        "........_sssss_..#._4_._",
        "..._.._..sss{{.._..__...",
        "_...|www|sss|www|..._#..",
        "_.._|^ff|sss|ff^|#._#.._",
        "...#wbff|+|+|ffbw..._...",
        "...#wbfffffffffbw#._4_..",
        ".._.wbfffffffffbw__._.._",
        "....wfffffffffff|#._..._",
        "...#wfffbbffffff|##.#.._",
        "_..#|ff||||CCCC||||||...",
        "....|ff|&fffdfff|ccc|#..",
        "....|ff|fffffffffffc|_..",
        "._.#|ffDffffffffffff|...",
        "..._|&f|ffttdffc|fff|_..",
        "_...||||||||||||||D||.._",
        "_._.-...__.._...e...-...",
        "...#-_._________g...-...",
        "_...-.._______..eaaa-_._",
        "..._-_._____...__.._-.._",
        "._..-..__...._._.._.-._.",
        "....-----------------...",
        "._....._..__..__.._._..."
      ],
      "terrain": {
        "#": "t_underbrush",
        "&": "t_floor",
        "+": "t_door_glass_c",
        "-": "t_brick_wall",
        ".": "t_grass",
        "4": "t_tree_pine",
        "C": "t_wall",
        "D": "t_door_c",
        "^": "t_floor",
        "_": "t_dirt",
        "a": "t_chainfence_h",
        "b": "t_floor",
        "c": "t_floor",
        "d": "t_floor",
        "e": "t_chainfence_v",
        "f": "t_floor",
        "g": "t_chaingate_c",
        "s": "t_sidewalk",
        "t": "t_floor",
        "w": "t_wall_glass",
        "{": "t_sidewalk",
        "|": "t_wall"
      }
    },
    "om_terrain": "dispensary",
    "type": "mapgen",
    "weight": 100
  },
  {
    "type": "mapgen",
    "method": "json",
    "om_terrain": [ "dispensary" ],
    "weight": 100,
    "object": {
      "rows": [
        "ssssssssssssssssssssssss",
        "ssssssssssssssssssssssss",
        "__|||||||--e--||||---|__",
        "__|&.+..bb...bbb^|.C.-__",
        "_#|S.|...........|aa.-u_",
        "_#||||...........|.C.-u_",
        "_#|t.....cccDDDD.+...|__",
        "_u|..........C.D.|^.^|#_",
        "__||+|||||||||||||||||u_",
        "_#|H..|......C.......|#_",
        "__|...|..............|__",
        "_u|c..|..c|....|c....|#_",
        "__|{..|..c|....|c....|__",
        "_#|...+..c|....|.....|__",
        "__|b..|..c|...c|.....|__",
        "_#|b..|..c|...c|.....|#_",
        "_#|b..|..............|__",
        "_#|...|..............|#_",
        "__||+|||||||||||||||||#_",
        "___pppppddBBdddu___uu___",
        "___pppppdddddd#__4____#_",
        "___ppppp__________#u4u__",
        "________________u___#___",
        "________________________"
      ],
      "terrain": {
        "#": "t_underbrush_harvested_summer",
        "&": "t_floor",
        "+": "t_door_c",
        "-": "t_wall_glass",
        ".": "t_floor",
        "4": "t_tree_pine",
        "B": "t_dirt",
        "C": "t_floor",
        "D": "t_floor",
        "H": "t_floor",
        "S": "t_floor",
        "^": "t_floor",
        "_": "t_grass",
        "a": "t_floor",
        "b": "t_floor",
        "c": "t_floor",
        "d": "t_dirt",
        "e": "t_door_glass_c",
        "p": "t_pavement",
        "s": "t_sidewalk",
        "t": "t_floor",
        "u": "t_underbrush",
        "{": "t_floor",
        "|": "t_wall"
      },
      "furniture": {
        "&": "f_toilet",
        "B": "f_bench",
        "C": "f_chair",
        "D": "f_displaycase",
        "H": "f_armchair",
        "S": "f_sink",
        "^": "f_indoor_plant",
        "a": "f_desk",
        "b": "f_bench",
        "c": "f_counter",
        "t": "f_trashcan",
        "{": "f_fridge"
      },
      "toilets": { "&": {  } },
      "place_items": [
        { "item": "tools_earthworking", "x": 13, "y": 17, "chance": 25 },
        { "item": "tools_earthworking", "x": 16, "y": 15, "chance": 25 },
        { "item": "tools_earthworking", "x": 14, "y": 14, "chance": 25 },
        { "item": "tools_earthworking", "x": 19, "y": 9, "chance": 25 },
        { "item": "snacks", "x": 3, "y": 11, "chance": 25 },
        { "item": "snacks", "x": 9, "y": 13, "chance": 5 },
        { "item": "fridgesnacks", "x": 3, "y": 12, "chance": 80 },
        { "item": "smoke_shop", "x": 15, "y": 6, "chance": 50 }
      ],
      "place_item": [
        { "item": "pipe_glass", "x": 12, "y": 6 },
        { "item": "pipe_glass", "x": 13, "y": 6 },
        { "item": "joint", "x": 14, "y": 6 },
        { "item": "lighter", "x": 14, "y": 6 },
        { "item": "matches", "x": 13, "y": 7 },
        { "item": "pipe_tobacco", "x": 15, "y": 7 },
        { "item": "seed_weed", "x": 9, "y": 11, "repeat": 2 },
        { "item": "cannabis", "x": 14, "y": 11 },
        { "item": "seed_weed", "x": 9, "y": 12 },
        { "item": "cannabis", "x": 19, "y": 12 },
        { "item": "cannabis", "x": 16, "y": 13 },
        { "item": "cannabis", "x": 20, "y": 13 },
        { "item": "seed_weed", "x": 9, "y": 14 },
        { "item": "cannabis", "x": 11, "y": 14 },
        { "item": "cannabis", "x": 19, "y": 14 },
        { "item": "joint", "x": 9, "y": 15 },
        { "item": "cannabis", "x": 11, "y": 15 },
        { "item": "cannabis", "x": 20, "y": 15 }
      ]
    }
  }
]
