[
  {
    "type": "palette",
    "id": "baseballfield",
    "terrain": {
      " ": "t_floor",
      "+": "t_door_c",
      ",": "t_dirtfloor",
      "-": "t_wall_h",
      ".": "t_grass",
      "1": "t_window",
      "2": "t_sidewalk",
      "3": "t_tree_young",
      "4": "t_chaingate_l",
      "5": "t_wall_wood",
      "6": "t_chainfence_h",
      "7": "t_chainfence_v",
      "A": "t_floor",
      "B": "t_sidewalk",
      "C": "t_floor",
      "D": "t_floor",
      "E": "t_dirtfloor",
      "F": "t_floor",
      "G": "t_dirtfloor",
      "H": "t_floor",
      "I": "t_floor",
      "r": "t_pavement",
      "y": "t_pavement_y",
      "|": "t_wall_v"
    },
    "furniture": {
      "A": "f_rack",
      "B": "f_trashcan",
      "C": "f_counter",
      "D": "f_sink",
      "E": "f_sink",
      "F": "f_chair",
      "G": "f_locker",
      "H": "f_table",
      "I": "f_bench"
    }
  },
  {
    "type": "mapgen",
    "method": "json",
    "om_terrain": [ "s_baseballfield_a1" ],
    "weight": 500,
    "object": {
      "rows": [
        "rrrrrrrrrrrrr...7.22....",
        "yrrryrrryrrry...72222...",
        "yrrryrrryrrry...72222...",
        "yrrryrrryrrry...72222222",
        "yrrryrrryrrry...72222...",
        "yrrryrrryrrry...72222...",
        "yyyyyyyyyyyyy66672222...",
        "222222222222222222222...",
        "....3..33..33.3..22.....",
        "...........----2222.....",
        "...........|  +2222.....",
        "...........|  |.........",
        "66666666666----.........",
        "7.......................",
        "7......................,",
        "7.....................,.",
        "7....................,..",
        "7...................,...",
        "7..................,....",
        "7.................,.....",
        "7................,......",
        "7...............,.......",
        "7..............y........",
        "7...............,......."
      ],
      "palettes": [ "baseballfield" ],
      "place_monsters": [ { "monster": "GROUP_ZOMBIE", "x": [ 2, 21 ], "y": [ 2, 21 ], "repeat": [ 1, 2 ] } ]
    }
  },
  {
    "id": "baseball_equip",
    "type": "item_group",
    "items": [
      [ "bat", 55 ],
      [ "baseball", 80 ],
      [ "armguard_hard", 55 ],
      [ "legguard_hard", 55 ],
      [ "hat_ball", 75 ],
      [ "helmet_ball", 65 ]
    ]
  },
  {
    "type": "mapgen",
    "method": "json",
    "om_terrain": [ "s_baseballfield_a2" ],
    "weight": 500,
    "object": {
      "rows": [
        "...666666666666666666667",
        "...........2BIIIIIIIII27",
        "...........2222222222227",
        "2222222222222IIIIIIIII27",
        "..6666666666...........7",
        "..7...,....7..--------.7",
        "....,,,,,,....| IIIII|.7",
        "...,,y,y,,,,,,,,,,,,,..7",
        "....,yyy,..............7",
        "....,...,..............7",
        "...,.....,.............7",
        "..,.......,............7",
        ".,....y....,...........7",
        ",...........,..........7",
        ".............,.........7",
        "..............y........7",
        ".............,.........7",
        "............,..........7",
        "...........,...........7",
        "..........,............7",
        ".........,.............7",
        "........,..............7",
        ".......,...............7",
        "......,................7"
      ],
      "palettes": [ "baseballfield" ],
      "place_loot": [
        { "group": "baseball_equip", "x": [ 16, 19 ], "y": 6, "chance": 80, "repeat": [ 1, 3 ] },
        { "group": "trash_cart", "x": 12, "y": 1, "chance": 90, "repeat": [ 2, 4 ] },
        { "group": "fast_food", "x": [ 13, 21 ], "y": [ 1, 3 ], "chance": 80, "repeat": [ 2, 4 ] }
      ],
      "place_monsters": [ { "monster": "GROUP_ZOMBIE", "x": [ 2, 21 ], "y": [ 2, 21 ], "repeat": [ 1, 2 ] } ]
    }
  },
  {
    "type": "mapgen",
    "method": "json",
    "om_terrain": [ "s_baseballfield_b1" ],
    "weight": 500,
    "object": {
      "rows": [
        "7................,......",
        "7.................,.....",
        "7..................,....",
        "7...................,...",
        "7....................,..",
        "7.....................,.",
        "7......................y",
        "7.......................",
        "7.......................",
        "7.......................",
        "7.......................",
        "7.......................",
        "7.......................",
        "7.......................",
        "7.......................",
        "7.......................",
        "7.......................",
        "7.......................",
        "7.......................",
        "7.......................",
        "7.......................",
        "7.......................",
        "7.......................",
        "666666666666666666666666"
      ],
      "palettes": [ "baseballfield" ],
      "place_loot": [ { "item": "baseball", "x": [ 1, 21 ], "y": [ 7, 22 ], "chance": 90 } ],
      "place_monsters": [ { "monster": "GROUP_ZOMBIE", "x": [ 2, 21 ], "y": [ 2, 21 ], "repeat": [ 1, 2 ] } ]
    }
  },
  {
    "type": "mapgen",
    "method": "json",
    "om_terrain": [ "s_baseballfield_b2" ],
    "weight": 500,
    "object": {
      "rows": [
        ".....,.................7",
        "....,..................7",
        "...,...................7",
        "..,....................7",
        ".,.....................7",
        ",......................7",
        ".......................7",
        ".......................7",
        ".......................7",
        ".......................7",
        ".......................7",
        ".......................7",
        ".......................7",
        ".......................7",
        ".......................7",
        ".......................7",
        ".......................7",
        ".......................7",
        ".......................7",
        ".......................7",
        ".......................7",
        ".......................7",
        ".......................7",
        "666666666666666666666666"
      ],
      "palettes": [ "baseballfield" ],
      "place_monsters": [ { "monster": "GROUP_ZOMBIE", "x": [ 2, 21 ], "y": [ 2, 21 ], "repeat": [ 1, 2 ] } ]
    }
  }
]
