[
  {
    "type": "mapgen",
    "method": "json",
    "om_terrain": [ "small_office" ],
    "weight": 100,
    "object": {
      "rows": [
        "________________________",
        "________________________",
        "||------||____||------||",
        "|H.ssst.#|____|&..l...^|",
        "-t......#|-DD-|..dd.#d.-",
        "-H.tt...#-#ff#-...#..d.-",
        "-^.tt....-#ff#-......l.-",
        "-H.......D.ff.D..d#..d.-",
        "-........-.aa.-^.d..#d.-",
        "|FCC....&-.ff.-&.......|",
        "||||+||+|||||||||||+||||",
        "gg|..|&..........&|..|_g",
        "gg|..|............|..h_g",
        "gg|..|....|b|b|+|+|..|_g",
        "||||+|SSSi|T|T|T|T|+||||",
        "|&...||||||||||||||..#j|",
        "|.............^|{....#v|",
        "|.#.#.#.#.#....|{..d#.F|",
        "|...........d#.|{.#d..#|",
        "|.#.#.#.#.#.d..|{....dc|",
        "|^............&|{..dccc|",
        "|||--||||--||||||+||||||",
        "ggggggggggkee_______gggg",
        "ggggggggggg_________gggg"
      ],
      "terrain": {
        "#": "t_linoleum_white",
        "&": "t_linoleum_white",
        "+": "t_door_c",
        "-": "t_wall_glass",
        ".": "t_linoleum_white",
        "C": "t_linoleum_white",
        "D": "t_door_glass_c",
        "F": "t_linoleum_white",
        "H": "t_linoleum_white",
        "S": "t_linoleum_gray",
        "T": "t_linoleum_gray",
        "^": "t_linoleum_white",
        "_": "t_sidewalk",
        "a": "t_floor_red",
        "b": "t_door_o",
        "c": "t_linoleum_white",
        "d": "t_linoleum_white",
        "e": "t_sidewalk",
        "f": "t_floor_red",
        "g": "t_grass",
        "h": "t_door_metal_c",
        "i": "t_linoleum_gray",
        "j": "t_linoleum_white",
        "k": "t_grass",
        "l": "t_linoleum_gray",
        "s": "t_linoleum_white",
        "t": "t_linoleum_white",
        "v": "t_linoleum_white",
        "{": "t_linoleum_white",
        "|": "t_wall"
      },
      "furniture": {
        "#": "f_chair",
        "&": "f_trashcan",
        "C": "f_counter",
        "F": "f_fridge",
        "H": "f_armchair",
        "S": "f_sink",
        "T": "f_toilet",
        "^": "f_indoor_plant",
        "a": "f_desk",
        "c": "f_cupboard",
        "d": "f_desk",
        "e": "f_dumpster",
        "i": "f_trashcan",
        "j": "f_dryer",
        "k": "f_dumpster",
        "s": "f_sofa",
        "t": "f_table",
        "v": "f_vending_o",
        "{": "f_locker"
      },
      "toilets": { "T": {  } },
      "place_items": [
        { "item": "office", "x": 12, "y": 19, "chance": 50 },
        { "item": "office", "x": 8, "y": 17, "chance": 50 },
        { "item": "office", "x": 21, "y": 8, "chance": 50 },
        { "item": "office", "x": 21, "y": 5, "chance": 50 },
        { "item": "snacks", "x": 3, "y": 6, "chance": 25 },
        { "item": "magazines", "x": 17, "y": 7, "chance": 75 },
        { "item": "magazines", "x": 6, "y": 3, "chance": 75 },
        { "item": "trash", "x": 14, "y": 20, "chance": 10 },
        { "item": "trash", "x": 15, "y": 9, "chance": 10 },
        { "item": "supplies_electronics", "x": 21, "y": 17, "chance": 10 },
        { "item": "fridge", "x": 1, "y": 9, "chance": 10 },
        { "item": "kitchen", "x": [ 2, 3 ], "y": 9, "chance": 50 }
      ],
      "place_monsters": [
        { "monster": "GROUP_PUBLICWORKERS", "x": 5, "y": 18, "chance": 2 },
        { "monster": "GROUP_PUBLICWORKERS", "x": 20, "y": 6, "chance": 2 }
      ]
    }
  }
]
