[
  {
    "id": "petstore_misc",
    "type": "item_group",
    "items": [ [ "dogfood", 35 ], [ "catfood", 35 ], [ "birdfood", 15 ], [ "dog_whistle", 15 ], [ "flashlight", 5 ] ]
  },
  {
    "id": "petstore_shelves",
    "type": "item_group",
    "items": [ [ "dogfood", 30 ], [ "catfood", 30 ], [ "birdfood", 15 ], [ "can_tuna", 15 ], [ "can_chicken", 15 ] ]
  },
  {
    "type": "mapgen",
    "method": "json",
    "om_terrain": [ "s_petstore" ],
    "weight": 500,
    "object": {
      "rows": [
        "...........2rrrrrrrrrrrr",
        ".|--6666--|2yrrryrrryrrr",
        ".| 8      |2yrrryrrryrrr",
        ".|--  CC  72yrrryrrryrrr",
        ".| 8  CC  72yrrryrrryrrr",
        ".|--  CC  72yrrryrrryrrr",
        ".| 8      |2yyyyyyyyyyyy",
        ".|--    --|2222222222222",
        ".|      8 |....322223...",
        ".--+-11----------gg-|...",
        ".|ooo       CCC7 oo |...",
        ".|     A  A    7 oo |...",
        ".|  A  A  A  A -6gg6|...",
        ".1  A  A  A  A   oo |...",
        ".|  A  A         oo 1...",
        ".|        CCCC  CCCC1...",
        ".1 K K L  C FC  CF C|...",
        ".| K K L            ---.",
        ".|          CC  CC  AA|.",
        ".|+--+--              |.",
        ".| B| A|  KAAAAAAAAAAA|.",
        ".|------+-------------|.",
        ".....rrrrrrrrrrrrrrr....",
        ".....rrrrrrrrrrrrrrr...."
      ],
      "terrain": {
        " ": "t_floor",
        "+": "t_door_c",
        "-": "t_wall_h",
        ".": "t_grass",
        "1": "t_window",
        "2": "t_sidewalk",
        "3": "t_tree_young",
        "4": "t_chaingate_l",
        "5": "t_wall_wood",
        "6": "t_wall_glass_h",
        "7": "t_wall_glass_v",
        "8": "t_chainfence_v",
        "9": "t_chainfence_h",
        "A": "t_floor",
        "B": "t_floor",
        "C": "t_floor",
        "D": "t_floor",
        "E": "t_dirtfloor",
        "F": "t_floor",
        "G": "t_dirtfloor",
        "H": "t_floor",
        "I": "t_floor",
        "J": "t_floor",
        "K": "t_floor",
        "L": "t_floor",
        "g": "t_door_glass_c",
        "o": "t_floor",
        "r": "t_pavement",
        "y": "t_pavement_y",
        "|": "t_wall_v"
      },
      "furniture": {
        "A": "f_rack",
        "C": "f_counter",
        "D": "f_sink",
        "E": "f_sink",
        "F": "f_chair",
        "G": "f_locker",
        "H": "f_table",
        "I": "f_sofa",
        "J": "f_oven",
        "K": "f_counter",
        "L": "f_counter"
      },
      "toilets": { "B": {  } },
      "place_items": [
        { "item": "petstore_shelves", "x": 6, "y": [ 3, 5 ], "chance": 20, "repeat": [ 1, 4 ] },
        { "item": "petstore_shelves", "x": 7, "y": [ 3, 5 ], "chance": 20, "repeat": [ 1, 4 ] },
        { "item": "petstore_misc", "x": [ 11, 21 ], "y": 20, "chance": 20, "repeat": [ 1, 12 ] },
        { "item": "petstore_misc", "x": [ 12, 13 ], "y": 19, "chance": 20, "repeat": [ 1, 3 ] },
        { "item": "petstore_misc", "x": [ 16, 17 ], "y": 19, "chance": 20, "repeat": [ 1, 3 ] },
        { "item": "petstore_misc", "x": [ 20, 21 ], "y": 19, "chance": 20, "repeat": [ 1, 3 ] },
        { "item": "petstore_shelves", "x": 4, "y": [ 14, 16 ], "chance": 20, "repeat": [ 1, 4 ] },
        { "item": "petstore_shelves", "x": 7, "y": [ 13, 16 ], "chance": 20, "repeat": [ 1, 5 ] },
        { "item": "petstore_shelves", "x": 10, "y": [ 13, 15 ], "chance": 20, "repeat": [ 1, 5 ] },
        { "item": "petstore_shelves", "x": 13, "y": [ 14, 15 ], "chance": 20, "repeat": [ 1, 3 ] },
        { "item": "petstore_misc", "x": [ 12, 14 ], "y": 12, "chance": 20, "repeat": [ 1, 4 ] }
      ]
    }
  },
  {
    "method": "json",
    "object": {
      "place_item": [
        { "item": "catfood", "repeat": 1, "x": 8, "y": 7 },
        { "item": "catfood", "repeat": 1, "x": 8, "y": 8 },
        { "item": "pet_carrier", "repeat": 1, "x": 21, "y": 9 },
        { "item": "dogfood", "repeat": 1, "x": 8, "y": 10 },
        { "item": "pet_carrier", "repeat": 1, "x": 21, "y": 10 },
        { "item": "dogfood", "repeat": 1, "x": 8, "y": 11 },
        { "item": "dogfood", "repeat": 1, "x": 15, "y": 12 },
        { "item": "catfood", "repeat": 1, "x": 16, "y": 12 },
        { "item": "catfood", "repeat": 1, "x": 17, "y": 12 },
        { "item": "pet_carrier", "repeat": 1, "x": 8, "y": 14 }
      ],
      "furniture": {
        "#": "f_counter",
        "&": "f_sink",
        "+": "f_null",
        "-": "f_null",
        ".": "f_null",
        "C": "f_null",
        "D": "f_null",
        "W": "f_null",
        "^": "f_indoor_plant",
        "_": "f_null",
        "a": "f_null",
        "b": "f_null",
        "c": "f_null",
        "d": "f_null",
        "s": "f_null",
        "w": "f_null",
        "{": "f_rack",
        "|": "f_null"
      },
      "place_items": [
        { "chance": 15, "item": "vet_softdrug", "x": 21, "y": 6 },
        { "chance": 30, "item": "vet_utility", "x": [ 20, 21 ], "y": 3 }
      ],
      "place_monster": [
        { "monster": "mon_cat", "x": 2, "y": 3 },
        { "monster": "mon_rabbit", "x": 2, "y": 7 },
        { "monster": "mon_rabbit", "x": 3, "y": 7 },
        { "monster": "mon_dog_zombie_rot", "x": 2, "y": 9 },
        { "monster": "mon_dog", "x": 2, "y": 13 },
        { "monster": "mon_dog", "x": 2, "y": 15 },
        { "monster": "mon_dog_zombie_rot", "x": 10, "y": 19 }
      ],
      "rows": [
        "ssssssssssssssssssssssss",
        "ssssssssssssssssssssssss",
        "_||||www||ss||wwww|||||_",
        "_|CCW...^|ss|^.....-..|_",
        "_|CC+....|++|......#..|_",
        "_|---..............#..|_",
        "_|CCW..............#..|_",
        "_|CC+...{..........-D-|_",
        "_|---...{.............|_",
        "_|CCW...{.............|_",
        "_|CCW...{.............|_",
        "_|CC+...{.............|_",
        "_|---...{......{{{{{{{|_",
        "_|CCW...{.....--------|_",
        "_|CCW.................|_",
        "_|CC+.................|_",
        "_||||||||||||||||-...-|_",
        "___c_________cdd|.....|_",
        "___c___d___ddadd|....&|_",
        "___c_ddddddddadd|.....|_",
        "___c__d__d_d_cddb....&|_",
        "___c_________cdd|.....|_",
        "___ccccccccccccc|||||||_",
        "________________________"
      ],
      "terrain": {
        "#": "t_floor",
        "&": "t_floor",
        "+": "t_door_glass_c",
        "-": "t_wall",
        ".": "t_floor",
        "C": "t_concrete",
        "D": "t_door_c",
        "W": "t_wall_glass",
        "^": "t_floor",
        "_": "t_grass",
        "a": "t_chaingate_c",
        "b": "t_door_locked",
        "c": "t_chainfence_v",
        "d": "t_dirt",
        "s": "t_sidewalk",
        "w": "t_wall_glass_alarm",
        "{": "t_floor",
        "|": "t_brick_wall"
      }
    },
    "om_terrain": "s_pet_store",
    "type": "mapgen",
    "weight": 100
  },
  {
    "method": "json",
    "object": {
      "furniture": {
        "#": "f_counter",
        "&": "f_trashcan",
        "+": "f_null",
        "-": "f_null",
        ".": "f_null",
        "C": "f_null",
        "D": "f_null",
        "H": "f_sofa",
        "S": "f_sink",
        "^": "f_indoor_plant",
        "_": "f_null",
        "a": "f_chair",
        "b": "f_bench",
        "c": "f_null",
        "d": "f_null",
        "e": "f_null",
        "l": "f_locker",
        "s": "f_null",
        "t": "f_toilet",
        "u": "f_null",
        "w": "f_null",
        "{": "f_rack",
        "|": "f_null"
      },
      "place_items": [
        { "chance": 35, "item": "clothing_outdoor_torso", "x": [ 5, 6 ], "y": 21 },
        { "chance": 30, "item": "vet_softdrug", "x": 2, "y": [ 8, 10 ] },
        { "chance": 55, "item": "trash", "x": 6, "y": 14 },
        { "chance": 55, "item": "trash", "x": 12, "y": 5 },
        { "chance": 20, "item": "vet_hardrug", "x": 2, "y": 11 },
        { "chance": 45, "item": "vet_utility", "x": 14, "y": 14 },
        { "chance": 45, "item": "vet_utility", "x": 14, "y": 12 },
        { "chance": 45, "item": "vet_utility", "x": 11, "y": [ 11, 12 ] },
        { "chance": 40, "item": "magazines", "x": 7, "y": 11 }
      ],
      "place_monster": [
        { "monster": "mon_dog_zombie_rot", "x": 21, "y": 7 },
        { "monster": "mon_dog_skeleton", "x": 22, "y": 7 },
        { "monster": "mon_dog", "x": 22, "y": 10 },
        { "monster": "mon_dog", "x": 22, "y": 11 },
        { "monster": "mon_cat", "x": 21, "y": 13 },
        { "monster": "mon_cat", "x": 22, "y": 13 },
        { "monster": "mon_dog_zombie_rot", "x": 14, "y": 19 },
        { "monster": "mon_dog_zombie_rot", "x": 20, "y": 21 }
      ],
      "place_toilets": [ { "x": 2, "y": 19 } ],
      "rows": [
        "______________ss________",
        "______________ss________",
        "______________ss_|||--||",
        "____duduuudu__ss_|HH..^|",
        "_||----------|++||.....|",
        "_|....^|^...&-..-......|",
        "_|.....|.....-..-...||||",
        "_|.....#.....|++|...-..|",
        "_|l.|.a#............+..|",
        "_|l.|..#............||||",
        "_|l.|..#............-..|",
        "_|l.|..#...{..{..b..+..|",
        "_||||..|...{..{..b..||||",
        "_|.....|...{..{.....-..|",
        "_|....&|...{..{..b..+..|",
        "_||D||||...{..{..b..||||",
        "_|....................S|",
        "_|....................#|",
        "_||D||e|||||||||||||||||",
        "_|t.|...a&..|ddd_d____dC",
        "_|..|.......Ddddd__d___C",
        "_|#S|ll.....|dd_d_d__d_C",
        "_||||||||w|||ccccccccccc",
        "________________________"
      ],
      "terrain": {
        "#": "t_floor",
        "&": "t_floor",
        "+": "t_door_glass_c",
        "-": "t_wall_glass",
        ".": "t_floor",
        "C": "t_chainfence_v",
        "D": "t_door_c",
        "H": "t_floor",
        "S": "t_floor",
        "^": "t_floor",
        "_": "t_grass",
        "a": "t_floor",
        "b": "t_floor",
        "c": "t_chainfence_h",
        "d": "t_dirt",
        "e": "t_door_c_peep",
        "l": "t_floor",
        "s": "t_sidewalk",
        "t": "t_floor",
        "u": "t_underbrush",
        "w": "t_window",
        "{": "t_floor",
        "|": "t_wall"
      }
    },
    "om_terrain": "pet_store",
    "type": "mapgen",
    "weight": 100
  }
]
