[
  {
    "type": "mapgen",
    "method": "json",
    "om_terrain": [ "pond_field" ],
    "weight": 100,
    "object": {
      "fill_ter": "t_dirt",
      "rows": [
        "                        ",
        "                        ",
        "     ????????????????   ",
        "   ???????????????????  ",
        "   ?**]]]]]*]***]]]]??  ",
        "  ???**************]??  ",
        "  ???*************]]??  ",
        "  ????***[[[*******]??  ",
        "  ???***[[[[[[[[**]]??  ",
        "  ???***[[[[[[[[**]]??  ",
        "  ???***[[[~~~[[**]]??  ",
        "  ??****[[[~~~[[***]??  ",
        "  ??]***[[~~~~[[***]??  ",
        "  ??]***[[~~~~[[**]]??  ",
        "  ??]***[[~[[[[[**]]??  ",
        "  ??]***[[[[[[[[**]]??  ",
        "  ??]*****[[******]]??  ",
        "  ??]**************]??  ",
        "  ??]**************]??  ",
        "  ????]??]]]]]]]]]]]??  ",
        "  ????????]]]????????   ",
        "  ?????????????????     ",
        "                        ",
        "                        "
      ],
      "set": [
        { "point": "furniture", "id": "f_rubble_rock", "x": [ 1, 22 ], "y": [ 1, 22 ], "chance": 8, "repeat": [ 1, 5 ] },
        { "point": "furniture", "id": "f_boulder_small", "x": [ 1, 22 ], "y": [ 1, 22 ], "chance": 8, "repeat": [ 1, 5 ] },
        { "point": "furniture", "id": "f_boulder_medium", "x": [ 1, 22 ], "y": [ 1, 22 ], "chance": 8, "repeat": [ 1, 5 ] },
        { "point": "furniture", "id": "f_boulder_large", "x": [ 1, 22 ], "y": [ 1, 22 ], "chance": 8, "repeat": [ 1, 5 ] }
      ],
      "terrain": {
        " ": [ "t_water_sh", "t_dirt", "t_dirt", "t_dirt", "t_dirt", "t_dirt", "t_dirt", "t_dirt", "t_grass", "t_grass", "t_grass", "t_grass", "t_grass", "t_grass", "t_grass", "t_grass", "t_grass", "t_grass", "t_grass", "t_grass", "t_underbrush", "t_underbrush" ],
        "*": "t_water_sh",
        "?": [ "t_water_sh", "t_water_sh", "t_dirt", "t_dirt", "t_dirt", "t_dirt", "t_dirt", "t_dirt", "t_dirt", "t_grass", "t_grass", "t_grass", "t_grass", "t_grass", "t_grass", "t_grass", "t_grass", "t_grass", "t_grass", "t_grass", "t_grass", "t_grass", "t_shrub", "t_tree" ],
        "[": [ "t_water_dp", "t_water_dp", "t_water_sh", "t_water_sh", "t_water_sh" ],
        "]": [ "t_water_sh", "t_water_sh", "t_water_sh", "t_water_sh", "t_water_sh", "t_water_sh", "t_dirt", "t_grass" ],
        "~": "t_water_dp"
      },
      "place_monsters": [
        { "monster": "GROUP_SAFE", "x": [ 0, 23 ], "y": [ 0, 23 ], "chance": 5 },
        { "monster": "GROUP_FISH", "x": [ 0, 23 ], "y": [ 0, 23 ], "chance": 4, "repeat": [ 1, 2 ] },
        { "monster": "GROUP_DOMESTIC", "x": [ 0, 23 ], "y": [ 0, 23 ], "chance": 5 }
      ]
    }
  },
  {
    "type": "mapgen",
    "method": "json",
    "om_terrain": [ "pond_field" ],
    "weight": 200,
    "object": {
      "fill_ter": "t_dirt",
      "rows": [
        "                        ",
        "         ??             ",
        "         ???            ",
        "          ???? ?        ",
        "          ?????         ",
        "        ]]]**]]]]       ",
        "        ]]*****]]]      ",
        "       ]***[******]     ",
        "      ]]***[[[[****]    ",
        "     ]]***[[[[*****]    ",
        "     ?**[[~~~~[****]]   ",
        "     ]**[[~~~~[****]]   ",
        "    ]]***[~~~~[***]]]   ",
        "    ]]***[~~~~[[]]]     ",
        "    ]]****[[[[**]???    ",
        "     ]]***[[***]]???    ",
        "     ]]]]*****]]  ? ?   ",
        "       ??]]****]        ",
        "           **           ",
        "                        ",
        "                        ",
        "                        ",
        "                        ",
        "                        "
      ],
      "set": [
        { "point": "furniture", "id": "f_rubble_rock", "x": [ 1, 22 ], "y": [ 1, 22 ], "chance": 9, "repeat": [ 1, 5 ] },
        { "point": "furniture", "id": "f_boulder_small", "x": [ 1, 22 ], "y": [ 1, 22 ], "chance": 9, "repeat": [ 1, 5 ] },
        { "point": "furniture", "id": "f_boulder_medium", "x": [ 1, 22 ], "y": [ 1, 22 ], "chance": 9, "repeat": [ 1, 5 ] },
        { "point": "furniture", "id": "f_boulder_large", "x": [ 1, 22 ], "y": [ 1, 22 ], "chance": 9, "repeat": [ 1, 5 ] }
      ],
      "terrain": {
        " ": [ "t_water_sh", "t_dirt", "t_dirt", "t_dirt", "t_dirt", "t_dirt", "t_dirt", "t_dirt", "t_dirt", "t_grass", "t_grass", "t_grass", "t_grass", "t_grass", "t_grass", "t_grass", "t_grass", "t_grass", "t_grass", "t_grass", "t_grass", "t_grass", "t_underbrush", "t_underbrush" ],
        "*": "t_water_sh",
        "?": [ "t_water_sh", "t_water_sh", "t_dirt", "t_dirt", "t_dirt", "t_dirt", "t_dirt", "t_dirt", "t_dirt", "t_grass", "t_grass", "t_grass", "t_grass", "t_grass", "t_grass", "t_grass", "t_grass", "t_grass", "t_grass", "t_grass", "t_grass", "t_grass", "t_shrub", "t_tree" ],
        "[": [ "t_water_dp", "t_water_dp", "t_water_sh", "t_water_sh", "t_water_sh" ],
        "]": [ "t_water_sh", "t_water_sh", "t_water_sh", "t_water_sh", "t_water_sh", "t_water_sh", "t_dirt", "t_grass" ],
        "~": "t_water_dp"
      },
      "place_monsters": [
        { "monster": "GROUP_SAFE", "x": [ 0, 23 ], "y": [ 0, 23 ], "chance": 5 },
        { "monster": "GROUP_FISH", "x": [ 0, 23 ], "y": [ 0, 23 ], "chance": 5, "repeat": [ 1, 2 ] },
        { "monster": "GROUP_DOMESTIC", "x": [ 0, 23 ], "y": [ 0, 23 ], "chance": 5 }
      ]
    }
  },
  {
    "type": "mapgen",
    "method": "json",
    "om_terrain": [ "pond_forest" ],
    "weight": 100,
    "object": {
      "fill_ter": "t_dirt",
      "rows": [
        "                        ",
        "                        ",
        "     ????????????????   ",
        "   ???????????????????  ",
        "   ?**]]]]]*]***]]]]??  ",
        "  ???**************]??  ",
        "  ???*************]]??  ",
        "  ????***[[[*******]??  ",
        "  ???***[[[[[[[[**]]??  ",
        "  ???***[[[[[[[[**]]??  ",
        "  ???***[[[~~~[[**]]??  ",
        "  ??****[[[~~~[[***]??  ",
        "  ??]***[[~~~~[[***]??  ",
        "  ??]***[[~~~~[[**]]??  ",
        "  ??]***[[~[[[[[**]]??  ",
        "  ??]***[[[[[[[[**]]??  ",
        "  ??]*****[[******]]??  ",
        "  ??]**************]??  ",
        "  ??]**************]??  ",
        "  ????]??]]]]]]]]]]]??  ",
        "  ????????]]]????????   ",
        "  ?????????????????     ",
        "                        ",
        "                        "
      ],
      "set": [
        { "point": "furniture", "id": "f_rubble_rock", "x": [ 1, 22 ], "y": [ 1, 22 ], "chance": 8, "repeat": [ 1, 5 ] },
        { "point": "furniture", "id": "f_boulder_small", "x": [ 1, 22 ], "y": [ 1, 22 ], "chance": 8, "repeat": [ 1, 5 ] },
        { "point": "furniture", "id": "f_boulder_medium", "x": [ 1, 22 ], "y": [ 1, 22 ], "chance": 8, "repeat": [ 1, 5 ] },
        { "point": "furniture", "id": "f_boulder_large", "x": [ 1, 22 ], "y": [ 1, 22 ], "chance": 8, "repeat": [ 1, 5 ] }
      ],
      "terrain": {
        " ": [ "t_dirt", "t_dirt", "t_dirt", "t_grass", "t_grass", "t_grass", "t_shrub", "t_tree_young", "t_tree_young", "t_tree", "t_tree" ],
        "*": "t_water_sh",
        "?": [ "t_water_sh", "t_water_sh", "t_water_sh", "t_dirt", "t_dirt", "t_dirt", "t_dirt", "t_dirt", "t_grass", "t_grass", "t_grass", "t_grass", "t_grass", "t_grass", "t_shrub", "t_shrub", "t_tree_young", "t_tree", "t_tree", "t_tree_willow" ],
        "[": [ "t_water_dp", "t_water_dp", "t_water_sh", "t_water_sh", "t_water_sh" ],
        "]": [ "t_water_sh", "t_water_sh", "t_water_sh", "t_water_sh", "t_water_sh", "t_water_sh", "t_water_sh", "t_water_sh", "t_dirt", "t_grass" ],
        "~": "t_water_dp"
      },
      "place_monsters": [
        { "monster": "GROUP_SAFE", "x": [ 0, 23 ], "y": [ 0, 23 ], "chance": 5 },
        { "monster": "GROUP_FISH", "x": [ 0, 23 ], "y": [ 0, 23 ], "chance": 4, "repeat": [ 1, 2 ] },
        { "monster": "GROUP_FOREST", "x": [ 0, 23 ], "y": [ 0, 23 ], "chance": 5 }
      ]
    }
  },
  {
    "type": "mapgen",
    "method": "json",
    "om_terrain": [ "pond_forest" ],
    "weight": 200,
    "object": {
      "fill_ter": "t_dirt",
      "rows": [
        "                        ",
        "         ??             ",
        "         ???            ",
        "          ???? ?        ",
        "          ?????         ",
        "        ]]]**]]]]       ",
        "        ]]*****]]]      ",
        "       ]***[******]     ",
        "      ]]***[[[[****]    ",
        "     ]]***[[[[*****]    ",
        "     ?**[[~~~~[****]]   ",
        "     ]**[[~~~~[****]]   ",
        "    ]]***[~~~~[***]]]   ",
        "    ]]***[~~~~[[]]]     ",
        "    ]]****[[[[**]???    ",
        "     ]]***[[***]]???    ",
        "     ]]]]*****]]  ? ?   ",
        "       ??]]****]        ",
        "           **           ",
        "                        ",
        "                        ",
        "                        ",
        "                        ",
        "                        "
      ],
      "set": [
        { "point": "furniture", "id": "f_rubble_rock", "x": [ 1, 22 ], "y": [ 1, 22 ], "chance": 9, "repeat": [ 1, 5 ] },
        { "point": "furniture", "id": "f_boulder_small", "x": [ 1, 22 ], "y": [ 1, 22 ], "chance": 9, "repeat": [ 1, 5 ] },
        { "point": "furniture", "id": "f_boulder_medium", "x": [ 1, 22 ], "y": [ 1, 22 ], "chance": 9, "repeat": [ 1, 5 ] },
        { "point": "furniture", "id": "f_boulder_large", "x": [ 1, 22 ], "y": [ 1, 22 ], "chance": 9, "repeat": [ 1, 5 ] }
      ],
      "terrain": {
        " ": [ "t_dirt", "t_dirt", "t_dirt", "t_grass", "t_grass", "t_grass", "t_shrub", "t_tree_young", "t_tree_young", "t_tree" ],
        "*": "t_water_sh",
        "?": [ "t_water_sh", "t_water_sh", "t_water_sh", "t_dirt", "t_dirt", "t_dirt", "t_dirt", "t_dirt", "t_grass", "t_grass", "t_grass", "t_grass", "t_grass", "t_grass", "t_grass", "t_grass", "t_shrub", "t_tree_young", "t_tree", "t_tree", "t_tree_willow" ],
        "[": [ "t_water_dp", "t_water_dp", "t_water_sh", "t_water_sh", "t_water_sh" ],
        "]": [ "t_water_sh", "t_water_sh", "t_water_sh", "t_water_sh", "t_water_sh", "t_water_sh", "t_water_sh", "t_water_sh", "t_dirt", "t_grass" ],
        "~": "t_water_dp"
      },
      "place_monsters": [
        { "monster": "GROUP_SAFE", "x": [ 0, 23 ], "y": [ 0, 23 ], "chance": 5 },
        { "monster": "GROUP_FISH", "x": [ 0, 23 ], "y": [ 0, 23 ], "chance": 5, "repeat": [ 1, 2 ] },
        { "monster": "GROUP_FOREST", "x": [ 0, 23 ], "y": [ 0, 23 ], "chance": 5 }
      ]
    }
  },
  {
    "type": "mapgen",
    "method": "json",
    "om_terrain": [ "pond_swamp" ],
    "weight": 100,
    "object": {
      "fill_ter": "t_dirt",
      "rows": [
        "                        ",
        "                        ",
        "     ????????????????   ",
        "   ???????????????????  ",
        "   ?**]]]]]*]***]]]]??  ",
        "  ???**************]??  ",
        "  ???*************]]??  ",
        "  ????***[[[*******]??  ",
        "  ???***[[[[[[[[**]]??  ",
        "  ???***[[[[[[[[**]]??  ",
        "  ???***[[[~~~[[**]]??  ",
        "  ??****[[[~~~[[***]??  ",
        "  ??]***[[~~~~[[***]??  ",
        "  ??]***[[~~~~[[**]]??  ",
        "  ??]***[[~[[[[[**]]??  ",
        "  ??]***[[[[[[[[**]]??  ",
        "  ??]*****[[******]]??  ",
        "  ??]**************]??  ",
        "  ??]**************]??  ",
        "  ????]??]]]]]]]]]]]??  ",
        "  ????????]]]????????   ",
        "  ?????????????????     ",
        "                        ",
        "                        "
      ],
      "set": [
        { "point": "furniture", "id": "f_rubble_rock", "x": [ 1, 22 ], "y": [ 1, 22 ], "chance": 8, "repeat": [ 1, 5 ] },
        { "point": "furniture", "id": "f_boulder_small", "x": [ 1, 22 ], "y": [ 1, 22 ], "chance": 8, "repeat": [ 1, 5 ] },
        { "point": "furniture", "id": "f_boulder_medium", "x": [ 1, 22 ], "y": [ 1, 22 ], "chance": 8, "repeat": [ 1, 5 ] },
        { "point": "furniture", "id": "f_boulder_large", "x": [ 1, 22 ], "y": [ 1, 22 ], "chance": 8, "repeat": [ 1, 5 ] },
        { "point": "furniture", "id": "f_cattails", "x": [ 1, 22 ], "y": [ 1, 22 ], "chance": 3, "repeat": [ 1, 5 ] },
        { "point": "furniture", "id": "f_cattails", "x": [ 1, 22 ], "y": [ 1, 22 ], "chance": 3, "repeat": [ 1, 5 ] }
      ],
      "terrain": {
        " ": [ "t_swater_dp", "t_swater_dp", "t_swater_sh", "t_swater_sh", "t_swater_sh", "t_dirt", "t_dirt", "t_dirt", "t_dirt", "t_grass", "t_grass", "t_grass", "t_grass", "t_grass", "t_grass", "t_shrub", "t_underbrush", "t_tree_young", "t_tree", "t_tree_willow" ],
        "*": [ "t_swater_sh", "t_swater_sh", "t_swater_sh", "t_swater_sh", "t_swater_sh", "t_swater_sh", "t_swater_sh", "t_swater_sh", "t_dirt", "t_grass", "t_underbrush", "t_tree_willow" ],
        "?": [ "t_swater_sh", "t_swater_sh", "t_swater_sh", "t_dirt", "t_dirt", "t_dirt", "t_dirt", "t_dirt", "t_grass", "t_grass", "t_grass", "t_grass", "t_grass", "t_grass", "t_shrub", "t_tree_young", "t_tree", "t_tree_willow" ],
        "[": [ "t_swater_dp", "t_swater_dp", "t_swater_dp", "t_swater_dp", "t_swater_sh", "t_swater_sh", "t_swater_sh", "t_swater_sh", "t_underbrush" ],
        "]": [ "t_swater_sh", "t_swater_sh", "t_swater_sh", "t_swater_sh", "t_swater_sh", "t_swater_sh", "t_swater_sh", "t_swater_sh", "t_dirt", "t_grass", "t_tree_willow" ],
        "~": [ "t_swater_dp", "t_swater_dp", "t_swater_dp", "t_swater_dp", "t_swater_dp", "t_swater_dp", "t_swater_dp", "t_swater_dp", "t_dirt", "t_grass", "t_underbrush", "t_tree_willow" ]
      },
      "place_monsters": [
        { "monster": "GROUP_SAFE", "x": [ 0, 23 ], "y": [ 0, 23 ], "chance": 5 },
        { "monster": "GROUP_FISH", "x": [ 0, 23 ], "y": [ 0, 23 ], "chance": 10, "repeat": [ 1, 2 ] },
        { "monster": "GROUP_SWAMP", "x": [ 0, 23 ], "y": [ 0, 23 ], "chance": 5 }
      ]
    }
  },
  {
    "type": "mapgen",
    "method": "json",
    "om_terrain": [ "pond_swamp" ],
    "weight": 200,
    "object": {
      "fill_ter": "t_dirt",
      "rows": [
        "                        ",
        "         ??             ",
        "         ???            ",
        "          ???? ?        ",
        "          ?????         ",
        "        ]]]**]]]]       ",
        "        ]]*****]]]      ",
        "       ]***[******]     ",
        "      ]]***[[[[****]    ",
        "     ]]***[[[[*****]    ",
        "     ?**[[~~~~[****]]   ",
        "     ]**[[~~~~[****]]   ",
        "    ]]***[~~~~[***]]]   ",
        "    ]]***[~~~~[[]]]     ",
        "    ]]****[[[[**]???    ",
        "     ]]***[[***]]???    ",
        "     ]]]]*****]]  ? ?   ",
        "       ??]]****]        ",
        "           **           ",
        "                        ",
        "                        ",
        "                        ",
        "                        ",
        "                        "
      ],
      "set": [
        { "point": "furniture", "id": "f_rubble_rock", "x": [ 1, 22 ], "y": [ 1, 22 ], "chance": 9, "repeat": [ 1, 5 ] },
        { "point": "furniture", "id": "f_boulder_small", "x": [ 1, 22 ], "y": [ 1, 22 ], "chance": 9, "repeat": [ 1, 5 ] },
        { "point": "furniture", "id": "f_boulder_medium", "x": [ 1, 22 ], "y": [ 1, 22 ], "chance": 9, "repeat": [ 1, 5 ] },
        { "point": "furniture", "id": "f_boulder_large", "x": [ 1, 22 ], "y": [ 1, 22 ], "chance": 9, "repeat": [ 1, 5 ] },
        { "point": "furniture", "id": "f_cattails", "x": [ 1, 22 ], "y": [ 1, 22 ], "chance": 3, "repeat": [ 1, 5 ] },
        { "point": "furniture", "id": "f_cattails", "x": [ 1, 22 ], "y": [ 1, 22 ], "chance": 3, "repeat": [ 1, 5 ] }
      ],
      "terrain": {
        " ": [ "t_swater_dp", "t_swater_dp", "t_swater_sh", "t_swater_sh", "t_swater_sh", "t_dirt", "t_dirt", "t_dirt", "t_dirt", "t_grass", "t_grass", "t_grass", "t_grass", "t_grass", "t_grass", "t_shrub", "t_shrub", "t_underbrush", "t_tree_young", "t_tree", "t_tree_willow" ],
        "*": [ "t_swater_sh", "t_swater_sh", "t_swater_sh", "t_swater_sh", "t_swater_sh", "t_swater_sh", "t_swater_sh", "t_swater_sh", "t_dirt", "t_grass", "t_underbrush", "t_tree_willow" ],
        "?": [ "t_swater_sh", "t_swater_sh", "t_swater_sh", "t_dirt", "t_dirt", "t_dirt", "t_dirt", "t_dirt", "t_grass", "t_grass", "t_grass", "t_grass", "t_grass", "t_grass", "t_shrub", "t_shrub", "t_tree_young", "t_tree", "t_tree_willow" ],
        "[": [ "t_swater_dp", "t_swater_dp", "t_swater_dp", "t_swater_dp", "t_swater_sh", "t_swater_sh", "t_swater_sh", "t_swater_sh", "t_underbrush" ],
        "]": [ "t_swater_sh", "t_swater_sh", "t_swater_sh", "t_swater_sh", "t_swater_sh", "t_swater_sh", "t_swater_sh", "t_swater_sh", "t_dirt", "t_grass", "t_tree_willow" ],
        "~": [ "t_swater_dp", "t_swater_dp", "t_swater_dp", "t_swater_dp", "t_swater_dp", "t_swater_dp", "t_swater_dp", "t_swater_dp", "t_dirt", "t_grass", "t_underbrush", "t_tree_willow" ]
      },
      "place_monsters": [
        { "monster": "GROUP_SAFE", "x": [ 0, 23 ], "y": [ 0, 23 ], "chance": 5 },
        { "monster": "GROUP_FISH", "x": [ 0, 23 ], "y": [ 0, 23 ], "chance": 10, "repeat": [ 1, 2 ] },
        { "monster": "GROUP_SWAMP", "x": [ 0, 23 ], "y": [ 0, 23 ], "chance": 5 }
      ]
    }
  }
]
