[
  {
    "type": "mapgen",
    "method": "json",
    "om_terrain": [ "pwr_large_entrance" ],
    "weight": 10,
    "object": {
      "fill_ter": "t_concrete",
      "rows": [
        "  |     ---------------|",
        "  |     |              |",
        " T|  T  |  ThB         |",
        "  |     |         {Bh} |",
        "  |     |     T  s8    |",
        "  |     |              |",
        "  |     |         {Bh} |",
        "  |     |     T  s8    |",
        "  |     |              |",
        "  |     |         {Bh} |",
        "  |     |     T  s8    |",
        "  |     |              |",
        "  +     -----------+---|",
        "  |                    |",
        "  |                    |",
        "  |                    |",
        "wwwwWWWWwwww           |",
        "CCCCCccccccv           |",
        "***********d           |",
        "***********v       --+-|",
        "***********v       |   |",
        "wwwwWWWWwwww       |   |",
        "  |                |   |",
        "---------------------+--"
      ],
      "terrain": {
        " ": "t_concrete",
        "*": "t_floor",
        "+": "t_chaingate_c",
        "-": "t_chainfence_h",
        "8": "t_potential_trans",
        "B": "t_oil_circ_brkr_l",
        "C": "t_console_broken",
        "T": "t_support_l",
        "W": "t_window",
        "c": "t_floor",
        "d": "t_door_locked",
        "h": "t_station_disc",
        "s": "t_switchgear_s",
        "v": "t_wall",
        "w": "t_wall",
        "x": "t_chainfence_posts",
        "{": "t_current_trans",
        "|": "t_chainfence_v",
        "}": "t_lgtn_arrest"
      },
      "furniture": { "c": "f_counter" },
      "place_loot": [
        { "group": "supplies_electronics", "x": [ 5, 10 ], "y": 17, "chance": 60, "repeat": [ 1, 3 ] },
        { "group": "tools_lighting_industrial", "x": [ 5, 10 ], "y": 17, "chance": 30, "repeat": [ 1, 2 ] },
        { "group": "tools_common", "x": [ 5, 10 ], "y": 17, "chance": 50, "repeat": [ 1, 3 ] },
        { "group": "clothing_work_set", "x": [ 5, 10 ], "y": 17, "chance": 35 }
      ]
    }
  },
  {
    "type": "mapgen",
    "method": "json",
    "om_terrain": [ "pwr_large_2" ],
    "weight": 10,
    "object": {
      "fill_ter": "t_concrete",
      "rows": [
        "|         |             ",
        "|         |         888 ",
        "|       T | T   hST 888 ",
        "|         |         888 ",
        "|         |             ",
        "|         |             ",
        "|         |             ",
        "|         |             ",
        "|         |             ",
        "|         |             ",
        "|         |             ",
        "|         |             ",
        "|         |             ",
        "|         |             ",
        "|         |             ",
        "|         |             ",
        "|         |     wwwwWWWW",
        "|         |     vccccccC",
        "|         +     d*******",
        "|         |     v*******",
        "|         |     v*******",
        "|         |     wwwwWWWW",
        "|         |             ",
        "------------------------"
      ],
      "terrain": {
        " ": "t_concrete",
        "*": "t_floor",
        "+": "t_chaingate_c",
        "-": "t_chainfence_h",
        "8": "t_potential_trans",
        "C": "t_console_broken",
        "S": "t_switchgear_l",
        "T": "t_support_l",
        "W": "t_window",
        "c": "t_floor",
        "d": "t_door_locked",
        "h": "t_station_disc",
        "v": "t_wall",
        "w": "t_wall",
        "x": "t_chainfence_posts",
        "|": "t_chainfence_v"
      },
      "furniture": { "c": "f_counter" },
      "place_loot": [
        { "group": "supplies_electronics", "x": [ 17, 22 ], "y": 17, "chance": 60, "repeat": [ 1, 3 ] },
        { "group": "tools_lighting_industrial", "x": [ 17, 22 ], "y": 17, "chance": 30, "repeat": [ 1, 2 ] },
        { "group": "tools_common", "x": [ 17, 22 ], "y": 17, "chance": 50, "repeat": [ 1, 3 ] },
        { "group": "clothing_work_set", "x": [ 17, 22 ], "y": 17, "chance": 35 }
      ]
    }
  },
  {
    "type": "mapgen",
    "method": "json",
    "om_terrain": [ "pwr_large_3" ],
    "weight": 10,
    "object": {
      "fill_ter": "t_concrete",
      "rows": [
        "------------------------",
        "|         |             ",
        "|    }    |             ",
        "|    h    |             ",
        "|    B    |             ",
        "|    {    |             ",
        "|    h    |             ",
        "|    T    |             ",
        "|         |             ",
        "|         |             ",
        "|         |             ",
        "|    T    |             ",
        "|    {B   |             ",
        "|   S8    |             ",
        "|         |             ",
        "|    T    |             ",
        "|         |             ",
        "|         |         888 ",
        "|       T | T   hST 888 ",
        "|         |         888 ",
        "|         |             ",
        "|         |             ",
        "|       T |             ",
        "|         |             "
      ],
      "terrain": {
        " ": "t_concrete",
        "-": "t_chainfence_h",
        "8": "t_potential_trans",
        "B": "t_oil_circ_brkr_l",
        "S": "t_switchgear_l",
        "T": "t_support_l",
        "h": "t_station_disc",
        "x": "t_chainfence_posts",
        "{": "t_current_trans",
        "|": "t_chainfence_v",
        "}": "t_lgtn_arrest"
      }
    }
  },
  {
    "type": "mapgen",
    "method": "json",
    "om_terrain": [ "pwr_large_4" ],
    "weight": 10,
    "object": {
      "fill_ter": "t_concrete",
      "rows": [
        "------------------------",
        "  |     |              |",
        "  |     |  }    }   }  |",
        "  |     |  h    h   h  |",
        "  |     |  B    B   B  |",
        "  |     |  {8  8{  8{  |",
        "  |     |   s  s   s   |",
        "  |     |              |",
        "  |     |   T      T   |",
        "  |     |      hB      |",
        "  |     |      T       |",
        "  |     |              |",
        "  |     -----------+---|",
        "  |                    |",
        "  |            T       |",
        "  |                    |",
        "  |                    |",
        "  |                    |",
        " T|  T    T    T       |",
        "  |                    |",
        "  |                    |",
        "  |                    |",
        "  |                    |",
        "  |                    |"
      ],
      "terrain": {
        " ": "t_concrete",
        "+": "t_chaingate_c",
        "-": "t_chainfence_h",
        "8": "t_potential_trans",
        "B": "t_oil_circ_brkr_l",
        "T": "t_support_l",
        "h": "t_station_disc",
        "s": "t_switchgear_s",
        "x": "t_chainfence_posts",
        "{": "t_current_trans",
        "|": "t_chainfence_v",
        "}": "t_lgtn_arrest"
      }
    }
  }
]
