[
  {
    "id": "plumbing_bulk",
    "type": "item_group",
    "items": [
      [ "pipe", 100 ],
      [ "cu_pipe", 100 ],
      [ "hose", 100 ],
      [ "mop", 20 ],
      [ "shovel", 40 ],
      [ "hammer_sledge", 5 ],
      [ "metal_tank_little", 50 ],
      [ "jerrycan", 10 ]
    ]
  },
  {
    "type": "mapgen",
    "method": "json",
    "om_terrain": [ "s_hardware" ],
    "weight": 300,
    "object": {
      "rows": [
        "________________________",
        "________________________",
        "~~~~~~~~~~~_____________",
        "~~~~~~~~~~~_____________",
        "*|-----++-|_____________",
        "*|[[[[...]|_____________",
        "*|.......]O_____________",
        "*|[.[....]|-----------|*",
        "*|[.[......[[[[[[[[[[[|*",
        "*|[.[.................|*",
        "*|[.[.#%###...........|*",
        "*|[...#l.....[[[[[[[[[|*",
        "*|---------.----------|*",
        "*****|]]]]].]]]]]]]]|***",
        "*****|..............|***",
        "*****|]]]]].]]]]]]]]|***",
        "*****|..............|***",
        "*****|dh............O___",
        "*****|dd..@@@@......;___",
        "*****|O-------------|___",
        "*****************_______",
        "*****************_______",
        "*****************_______",
        "************************"
      ],
      "terrain": {
        "#": "t_floor",
        "%": "t_console_broken",
        "*": "t_grass",
        "+": "t_door_c",
        "-": "t_wall",
        ".": "t_floor",
        ";": "t_door_locked",
        "@": "t_floor",
        "O": "t_window",
        "[": "t_floor",
        "]": "t_floor",
        "_": "t_pavement",
        "d": "t_floor",
        "h": "t_floor",
        "l": "t_floor",
        "|": "t_wall",
        "~": "t_sidewalk"
      },
      "furniture": { "#": "f_counter", "@": "f_locker", "[": "f_bookcase", "]": "f_rack", "d": "f_desk", "h": "f_chair", "l": "f_stool" },
      "place_items": [
        { "item": "plumbing_bulk", "x": [ 6, 10 ], "y": 13, "chance": 35, "repeat": [ 2, 4 ] },
        { "item": "plumbing_bulk", "x": [ 12, 19 ], "y": 13, "chance": 35, "repeat": [ 2, 6 ] },
        { "item": "plumbing_bulk", "x": [ 6, 10 ], "y": 15, "chance": 35, "repeat": [ 2, 4 ] },
        { "item": "plumbing_bulk", "x": [ 12, 19 ], "y": 15, "chance": 35, "repeat": [ 2, 6 ] },
        { "item": "hardware_plumbing", "x": [ 2, 5 ], "y": 5, "chance": 45, "repeat": [ 1, 3 ] },
        { "item": "hardware_plumbing", "x": [ 11, 21 ], "y": 8, "chance": 45, "repeat": [ 3, 8 ] },
        { "item": "hardware_plumbing", "x": [ 13, 21 ], "y": 11, "chance": 45, "repeat": [ 3, 6 ] },
        { "item": "hardware_plumbing", "x": 2, "y": [ 7, 11 ], "chance": 45, "repeat": [ 2, 4 ] },
        { "item": "hardware_plumbing", "x": 4, "y": [ 7, 10 ], "chance": 45, "repeat": [ 2, 3 ] },
        { "item": "hardware_plumbing", "x": 9, "y": [ 5, 7 ], "chance": 45, "repeat": [ 1, 2 ] },
        { "item": "plumber_gear", "x": [ 10, 13 ], "y": 18, "chance": 60, "repeat": [ 1, 3 ] },
        { "item": "hardware", "x": [ 14, 19 ], "y": [ 16, 18 ], "chance": 30, "repeat": [ 1, 2 ] },
        { "item": "office", "x": 6, "y": [ 17, 18 ], "chance": 50 }
      ]
    }
  },
  {
    "type": "mapgen",
    "method": "json",
    "om_terrain": [ "s_hardware" ],
    "weight": 500,
    "object": {
      "rows": [
        "ppppp~~~~~~~~~~~~~~~~~~~",
        "ppppp###---##++##---###~",
        "ppppp#b.........v....P#'",
        "ppppp#b.b.b.r..r.o.o.P#'",
        "ppppp#b.b.b.c..c.o.o.P#'",
        "ppppp#..v.........v..P#'",
        "ppppp#.llllll..hhhhh.P#'",
        "ppppp#v..............P#'",
        "ppppp#lllllll..hhhhhvP#'",
        "ppppp########++########'",
        "ppppp#HHHHHHH__HHHHHHH#'",
        "pVppp#_____T_____T____#'",
        "ppppp#HHHHHHH__HHHHHHH#'",
        "ppppp#__T________T____#'",
        "ppppp#HHHH#HHT_HH#HHHH#'",
        "pppppwppppppppppppppppw'",
        "pppppwHHHHHHHppHHHHHHHw'",
        "ppppp|ppppppppppppppppw'",
        "ppppp|pppppppppHpHpHpHw'",
        "pppppwMpMpMpMppHpHpHpHw'",
        "pppppwpppppppppHpHpHpHw'",
        "'D'D'wMpMpMpMppHpHpHpHw'",
        "'''''WWWWWWWWWWWWWWWWWW'",
        "''''''''''''''''''''''''"
      ],
      "terrain": {
        "#": "t_wall",
        "'": [ "t_grass", "t_grass", "t_dirt" ],
        "+": "t_door_glass_c",
        "-": "t_wall_glass",
        ".": "t_floor",
        "D": "t_dirt",
        "H": "t_pavement",
        "M": "t_pavement",
        "P": "t_floor",
        "T": "t_floor",
        "V": "t_pavement",
        "W": "t_chainfence_h",
        "_": "t_floor",
        "b": "t_floor",
        "c": "t_floor",
        "h": "t_floor",
        "l": "t_floor",
        "o": "t_floor",
        "p": "t_pavement",
        "r": "t_console_broken",
        "v": "t_floor",
        "w": "t_chainfence_v",
        "|": "t_chaingate_c",
        "~": "t_sidewalk"
      },
      "furniture": {
        "D": "f_dumpster",
        "H": "f_rack",
        "P": "f_rack",
        "b": "f_rack",
        "c": "f_counter",
        "h": "f_rack",
        "l": "f_rack",
        "o": "f_rack"
      },
      "items": {
        "D": [
          { "item": "trash", "chance": 50 },
          { "item": "trash", "chance": 50 },
          { "item": "trash", "chance": 50 },
          { "item": "trash", "chance": 50 },
          { "item": "trash", "chance": 50 },
          { "item": "trash", "chance": 50 },
          { "item": "trash", "chance": 50 }
        ],
        "H": { "item": "hardware_bulk", "chance": 35 },
        "P": { "item": "paint", "chance": 35 },
        "b": { "item": "tools_construction", "chance": 15 },
        "h": { "item": "hardware", "chance": 35 },
        "l": { "item": "cleaning", "chance": 35 },
        "o": { "item": "home_hw", "chance": 15 }
      },
      "item": { "M": { "item": "lawnmower", "chance": 5 } },
      "vehicles": {
        "T": { "vehicle": "handjack", "chance": 2, "status": 1 },
        "V": { "vehicle": "flatbed_truck", "chance": 50, "status": 1, "rotation": 270 },
        "v": { "vehicle": "shopping_cart", "chance": 10, "status": 1 }
      }
    }
  },
  {
    "type": "mapgen",
    "method": "json",
    "om_terrain": [ "s_hardware" ],
    "weight": 300,
    "object": {
      "rows": [
        "~~~~~~~~~~~~~~~~~~~~~~~~",
        "*W^^^WW|-=--:---:---:-|*",
        "*w~~~%~|..............|*",
        "*w~~~v~|..............|*",
        "*w~~~v~|..l%..l%..l%..|*",
        "*w~~~~~|...#...#...#..|*",
        "*w~~~~~|...#...#...#..|*",
        "*w~~~~~|..............|*",
        "*w~~~~~:..............|*",
        "*w~~~~~:..............|*",
        "*w~~~~~|...]..]..]..].|*",
        "*wr~~r~|...]..]..]..].|*",
        "*wr~~r~|...]..]..]..].|*",
        "*wr~~r~|...]..]..]..].|*",
        "*wr~~r~|...]..]..]..].|*",
        "*w~~~~~|..............|*",
        "*wr~~r~|..............|*",
        "*wr~~r~|.###..]..]..].|*",
        "*wr~~r~+...#..]..]..].|*",
        "*wr~~r~|---|..]..]..].|*",
        "*wr~~r~|tsu|..]..]..].|*",
        "*w~~~~~|...+..........|*",
        "*WWWWWW|---|----------|*",
        "************************"
      ],
      "terrain": {
        "#": "t_floor",
        "%": "t_console_broken",
        "*": "t_grass",
        "+": "t_door_c",
        "-": "t_wall",
        ".": "t_floor",
        ":": "t_door_glass_c",
        "=": "t_wall_glass",
        "W": "t_chainfence_h",
        "]": "t_floor",
        "^": "t_chaingate_c",
        "l": "t_floor",
        "r": "t_sidewalk",
        "s": "t_floor",
        "t": "t_floor",
        "u": "t_floor",
        "v": "t_sidewalk",
        "w": "t_chainfence_v",
        "|": "t_wall",
        "~": "t_sidewalk"
      },
      "furniture": { "#": "f_counter", "]": "f_rack", "l": "f_stool", "r": "f_rack", "s": "f_sink", "u": "f_trashcan", "v": "f_counter" },
      "place_vendingmachines": [ { "x": 8, "y": 2 }, { "x": 8, "y": 3 } ],
      "toilets": { "t": {  } },
      "place_items": [
        { "item": "hardware_bulk", "x": 2, "y": [ 2, 7 ], "chance": 50, "repeat": [ 1, 3 ] },
        { "item": "tools_carpentry", "x": 20, "y": [ 10, 14 ], "chance": 50, "repeat": [ 1, 4 ] },
        { "item": "paint", "x": 17, "y": [ 10, 14 ], "chance": 40, "repeat": [ 1, 4 ] },
        { "item": "hardware", "x": 14, "y": [ 10, 14 ], "chance": 50, "repeat": [ 1, 4 ] },
        { "item": "cleaning", "x": 11, "y": [ 10, 14 ], "chance": 50, "repeat": [ 1, 4 ] },
        { "item": "hardware", "x": 20, "y": [ 17, 20 ], "chance": 50, "repeat": [ 1, 4 ] },
        { "item": "tools_construction", "x": 17, "y": [ 17, 20 ], "chance": 50, "repeat": [ 1, 4 ] },
        { "item": "construction_worker", "x": 14, "y": [ 17, 20 ], "chance": 40, "repeat": [ 1, 4 ] },
        { "item": "farming_seeds", "x": 2, "y": [ 11, 14 ], "chance": 50, "repeat": [ 1, 2 ] },
        { "item": "tools_earthworking", "x": 2, "y": [ 16, 20 ], "chance": 35, "repeat": [ 1, 4 ] },
        { "item": "farming_seeds", "x": 5, "y": [ 11, 14 ], "chance": 50, "repeat": [ 1, 2 ] },
        { "item": "supplies_farming", "x": 5, "y": [ 16, 20 ], "chance": 35, "repeat": [ 1, 4 ] },
        { "item": "trash", "x": 10, "y": 20, "chance": 75 }
      ],
      "place_vehicles": [
        { "vehicle": "wheelbarrow", "x": [ 3, 4 ], "y": [ 5, 9 ], "chance": 40 },
        { "vehicle": "shopping_cart", "x": [ 21, 22 ], "y": [ 3, 22 ], "chance": 25 },
        { "vehicle": "shopping_cart", "x": [ 18, 19 ], "y": [ 7, 22 ], "chance": 25 },
        { "vehicle": "shopping_cart", "x": [ 15, 16 ], "y": [ 7, 22 ], "chance": 25 },
        { "vehicle": "shopping_cart", "x": [ 12, 13 ], "y": [ 7, 22 ], "chance": 25 },
        { "vehicle": "shopping_cart", "x": [ 8, 10 ], "y": [ 5, 16 ], "chance": 25 }
      ]
    }
  },
  {
    "type": "mapgen",
    "method": "json",
    "om_terrain": [ "s_hardware" ],
    "weight": 500,
    "object": {
      "rows": [
        "~~~~~~~~~~~~~~~~~~~~~~~~",
        "~~~WWWWWWWWW^^WWWWWWW~~~",
        "***w~~~~~~~~~~~~~~~~w***",
        "***w~~~~~~~~~~~~~~~~w***",
        "***w~~~~~~~~~~~~~~~~w***",
        "***-=----===-++---=--***",
        "***|...............]|***",
        "***|.]]]..[[...[[..]|***",
        "***|...............]|***",
        "***|...........]]..]|***",
        "***|.]]].###.......]|***",
        "***|.......#...]]..]|***",
        "***|.....#l%.......]|***",
        "***|.]]].###...]]..]|***",
        "***|...............]|***",
        "***|...............]|***",
        "***|.]]]]]...]..]..]|***",
        "***|.........]..]..]|***",
        "***|----------------|***",
        "************************",
        "************************",
        "************************",
        "************************",
        "************************"
      ],
      "terrain": {
        "#": "t_floor",
        "%": "t_console_broken",
        "*": "t_grass",
        "+": "t_door_c",
        "-": "t_wall",
        ".": "t_floor",
        "=": "t_wall_glass",
        "W": "t_chainfence_h",
        "[": "t_floor",
        "]": "t_floor",
        "^": "t_chaingate_c",
        "l": "t_floor",
        "w": "t_chainfence_v",
        "|": "t_wall",
        "~": "t_sidewalk"
      },
      "furniture": { "#": "f_counter", "[": "f_table", "]": "f_rack", "l": "f_stool" },
      "place_signs": [ { "signage": "the name is gone but a slogan remains: 'We'll repair you all the way'", "x": 15, "y": 4 } ],
      "place_items": [
        { "item": "hardware_bulk", "x": [ 4, 11 ], "y": 4, "chance": 35, "repeat": [ 1, 6 ] },
        { "item": "cleaning", "x": [ 5, 7 ], "y": 7, "chance": 40, "repeat": [ 1, 2 ] },
        { "item": "cleaning", "x": [ 5, 7 ], "y": 10, "chance": 40, "repeat": [ 1, 2 ] },
        { "item": "tools_construction", "x": [ 5, 7 ], "y": 13, "chance": 40, "repeat": [ 1, 2 ] },
        { "item": "mischw", "x": [ 5, 9 ], "y": 16, "chance": 40, "repeat": [ 1, 3 ] },
        { "item": "paint", "x": [ 10, 11 ], "y": 7, "chance": 50, "repeat": [ 1, 2 ] },
        { "item": "paint", "x": [ 15, 16 ], "y": 7, "chance": 50, "repeat": [ 1, 2 ] },
        { "item": "home_hw", "x": [ 15, 16 ], "y": 9, "chance": 30, "repeat": [ 1, 2 ] },
        { "item": "home_hw", "x": [ 15, 16 ], "y": 11, "chance": 30, "repeat": [ 1, 2 ] },
        { "item": "snacks", "x": [ 15, 16 ], "y": 13, "chance": 60, "repeat": [ 1, 2 ] },
        { "item": "hardware", "x": 13, "y": [ 16, 17 ], "chance": 40, "repeat": [ 1, 2 ] },
        { "item": "hardware", "x": 16, "y": [ 16, 17 ], "chance": 40, "repeat": [ 1, 2 ] },
        { "item": "tools_carpentry", "x": 19, "y": [ 6, 17 ], "chance": 50, "repeat": [ 1, 9 ] }
      ],
      "place_vehicles": [
        { "vehicle": "wheelbarrow", "x": 4, "y": 2, "chance": 25 },
        { "vehicle": "wheelbarrow", "x": 5, "y": 2, "chance": 25 },
        { "vehicle": "wheelbarrow", "x": 6, "y": 2, "chance": 25 },
        { "vehicle": "wheelbarrow", "x": 7, "y": 2, "chance": 25 },
        { "vehicle": "wheelbarrow", "x": 8, "y": 2, "chance": 25 }
      ]
    }
  }
]
