[
    {
        "type" : "COMESTIBLE",
        "id" : "brew_whiskey",
        "name" : "whiskey wort",
        "description" : "Unfermented whiskey.  The base of a fine drink.  Not the traditional preparation, but you don't have the time.",
        "weight" : 33,
        "color" : "brown",
        "container" : "bottle_glass",
        "flags" : "TRADER_AVOID",
        "symbol" : "~",
        "calories" : 17,
        "quench" : 4,
        "fun" : -15,
        "price" : 0,
        "volume" : 1,
        "charges" : 7,
        "phase" : "liquid",
        "comestible_type" : "DRINK",
        "brewable" : {
            "time" : 7200,
            "results" : [ "wash_whiskey", "yeast" ]
        }
    },
    {
        "type" : "COMESTIBLE",
        "id" : "wash_whiskey",
        "name" : "whiskey wash",
        "name_plural" : "whiskey washes",
        "description" : "Fermented, but not distilled whiskey.  No longer tastes sweet.",
        "weight" : 33,
        "color" : "brown",
        "addiction_type" : "alcohol",
        "addiction_potential" : 1,
        "use_action" : "ALCOHOL_WEAK",
        "stim" : -2,
        "container" : "jug_plastic",
        "symbol" : "~",
        "calories" : 9,
        "quench" : 2,
        "healthy" : -2,
        "fun" : 2,
        "material" : [ "water", "alcohol" ],
        "volume" : 1,
        "charges" : 7,
        "phase" : "liquid",
        "comestible_type" : "DRINK"
    },
    {
        "type" : "COMESTIBLE",
        "id" : "brew_vodka",
        "name" : "vodka wort",
        "description" : "Unfermented vodka.  Water with sugar from enzymatic breakdown of malted grains or just added in pure form.",
        "weight" : 50,
        "color" : "light_cyan",
        "container" : "bottle_glass",
        "symbol" : "~",
        "calories" : 17,
        "quench" : 4,
        "fun" : -5,
        "price" : 0,
        "volume" : 1,
        "charges" : 7,
        "phase" : "liquid",
        "comestible_type" : "DRINK",
        "brewable" : {
            "time" : 3600,
            "results" : [ "wash_vodka", "yeast" ]
        }
    },
    {
        "type" : "COMESTIBLE",
        "id" : "wash_vodka",
        "name" : "vodka wash",
        "name_plural" : "vodka washes",
        "description" : "Fermented, but not distilled vodka.  No longer tastes sweet.",
        "weight" : 33,
        "color" : "light_cyan",
        "addiction_type" : "alcohol",
        "addiction_potential" : 1,
        "use_action" : "ALCOHOL_WEAK",
        "stim" : -2,
        "container" : "jug_plastic",
        "symbol" : "~",
        "calories" : 9,
        "quench" : 2,
        "healthy" : -2,
        "fun" : 2,
        "material" : [ "water", "alcohol" ],
        "volume" : 1,
        "charges" : 7,
        "phase" : "liquid",
        "comestible_type" : "DRINK"
    },
    {
        "type" : "COMESTIBLE",
        "id" : "brew_rum",
        "name" : "rum wort",
        "description" : "Unfermented rum.  Sugar caramel or molasses brewed into sweet water.  Basically a saccharine soup.",
        "weight" : 33,
        "color" : "light_cyan",
        "container" : "bottle_glass",
        "flags" : "TRADER_AVOID",
        "symbol" : "~",
        "calories" : 17,
        "quench" : 4,
        "fun" : -5,
        "price" : 0,
        "volume" : 1,
        "charges" : 7,
        "phase" : "liquid",
        "comestible_type" : "DRINK",
        "brewable" : {
            "time" : 7200,
            "results" : [ "wash_rum", "yeast" ]
        }
    },
    {
        "type" : "COMESTIBLE",
        "id" : "wash_rum",
        "name" : "rum wash",
        "name_plural" : "rum washes",
        "description" : "Fermented, but not distilled rum.  No longer tastes sweet.",
        "weight" : 50,
        "color" : "light_cyan",
        "addiction_type" : "alcohol",
        "addiction_potential" : 1,
        "use_action" : "ALCOHOL_WEAK",
        "stim" : -2,
        "container" : "jug_plastic",
        "symbol" : "~",
        "calories" : 9,
        "quench" : 2,
        "healthy" : -2,
        "fun" : 2,
        "material" : [ "water", "alcohol" ],
        "volume" : 1,
        "charges" : 7,
        "phase" : "liquid",
        "comestible_type" : "DRINK"
    },
    {
        "type" : "COMESTIBLE",
        "id" : "brew_fruit_wine",
        "name" : "fruit wine must",
        "description" : "Unfermented fruit wine.  A sweet, boiled juice made from berries or fruit.",
        "weight" : 46,
        "color" : "light_red",
        "container" : "bottle_glass",
        "flags" : "TRADER_AVOID",
        "symbol" : "~",
        "calories" : 17,
        "quench" : 6,
        "fun" : -5,
        "price" : 0,
        "material" : ["fruit", "water"],
        "volume" : 1,
        "charges" : 7,
        "phase" : "liquid",
        "comestible_type" : "DRINK",
        "brewable" : {
            "time" : 7200,
            "results" : [ "fruit_wine", "yeast" ]
        }
    },
    {
        "type" : "COMESTIBLE",
        "id" : "brew_mead",
        "name" : "spiced mead must",
        "description" : "Unfermented spiced mead.  Diluted honey and yeast.",
        "weight" : 38,
        "color" : "yellow",
        "container" : "bottle_glass",
        "flags" : "TRADER_AVOID",
        "symbol" : "~",
        "calories" : 35,
        "quench" : 6,
        "fun" : -15,
        "price" : 0,
        "material" : "honey",
        "volume" : 1,
        "charges" : 7,
        "phase" : "liquid",
        "comestible_type" : "DRINK",
        "brewable" : {
            "time" : 72000,
            "results" : [ "mead", "yeast" ]
        }
    },
    {
        "type" : "COMESTIBLE",
        "id" : "brew_dandelion_wine",
        "name" : "dandelion wine must",
        "description" : "Unfermented dandelion wine.  A sticky mixture of water, sugar, yeast, and dandelion petals.",
        "weight" : 38,
        "color" : "yellow",
        "container" : "bottle_glass",
        "symbol" : "~",
        "calories" : 35,
        "quench" : 6,
        "fun" : -15,
        "price" : 0,
        "volume" : 1,
        "charges" : 7,
        "phase" : "liquid",
        "comestible_type" : "DRINK",
        "brewable" : {
            "time" : 22000,
            "results" : [ "dandelion_wine", "yeast" ]
        }
    },
    {
        "type" : "COMESTIBLE",
        "id" : "brew_pine_wine",
        "name" : "pine wine must",
        "description" : "Unfermented pine wine.  A sticky mixture of water, sugar, yeast, and pine resins.",
        "weight" : 38,
        "color" : "green",
        "container" : "bottle_glass",
        "symbol" : "~",
        "calories" : 35,
        "quench" : 6,
        "fun" : -20,
        "price" : 0,
        "volume" : 1,
        "charges" : 7,
        "phase" : "liquid",
        "comestible_type" : "DRINK",
        "brewable" : {
            "time" : 24500,
            "results" : [ "pine_wine", "yeast" ]
        }
    },
    {
        "type" : "COMESTIBLE",
        "id" : "brew_hb_beer",
        "name" : "beer wort",
        "description" : "Unfermented homebrew beer.  A boiled and chilled mash of malted barley, spiced with some fine hops.",
        "weight" : 249,
        "color" : "brown",
        "container" : "jug_plastic",
        "flags" : "TRADER_AVOID",
        "symbol" : "~",
        "calories" : 35,
        "quench" : 4,
        "fun" : -20,
        "price" : 0,
        "volume" : 1,
        "phase" : "liquid",
        "comestible_type" : "DRINK",
        "brewable" : {
            "time" : 5400,
            "results" : [ "hb_beer", "yeast" ]
        }
    },
    {
        "type" : "COMESTIBLE",
        "id" : "brew_moonshine",
        "name" : "moonshine mash",
        "name_plural" : "moonshine mashes",
        "description" : "Unfermented moonshine.  Just some water, sugar and corn, like good ol' aunt's recipe.",
        "weight" : 50,
        "color" : "brown",
        "container" : "jug_plastic",
        "flags" : "TRADER_AVOID",
        "symbol" : "~",
        "calories" : 104,
        "quench" : 2,
        "fun" : -5,
        "material" : [ "water", "junk" ],
        "volume" : 1,
        "charges" : 7,
        "phase" : "liquid",
        "comestible_type" : "DRINK",
        "brewable" : {
            "time" : 3600,
            "results" : [ "wash_moonshine", "yeast" ]
        }
    },
    {
        "type" : "COMESTIBLE",
        "id" : "wash_moonshine",
        "name" : "moonshine wash",
        "name_plural" : "moonshine washes",
        "description" : "Fermented, but not distilled moonshine.  Contains all the contaminants you don't want in your moonshine.",
        "weight" : 50,
        "color" : "brown",
        "addiction_type" : "alcohol",
        "addiction_potential" : 1,
        "use_action" : "ALCOHOL_WEAK",
        "stim" : -3,
        "container" : "jug_plastic",
        "symbol" : "~",
        "calories" : 9,
        "quench" : -2,
        "healthy" : -10,
        "fun" : -20,
        "material" : [ "water", "alcohol" ],
        "volume" : 1,
        "charges" : 7,
        "phase" : "liquid",
        "comestible_type" : "DRINK"
    },
    {
        "type" : "COMESTIBLE",
        "id" : "brew_milk_curdled",
        "name" : "curdling milk",
        "weight" : 236,
        "color" : "white",
        "spoils_in" : 672,
        "container" : "waterskin",
        "comestible_type" : "DRINK",
        "symbol" : "~",
        "quench" : 8,
        "calories" : 35,
        "description" : "Milk with vinegar and natural rennet added.  Used for making cheese if left in a fermenting vat for some time.",
        "price" : 10,
        "material" : "milk",
        "volume" : 1,
        "phase" : "liquid",
        "fun" : -12,
        "brewable" : {
            "time" : 2400,
            "results" : [ "milk_curdled" ]
        }
    },
    {
        "type" : "COMESTIBLE",
        "id" : "brew_vinegar",
        "name" : "unfermented vinegar",
        "description" : "Mixture of water, alcohol and fruit juice that will eventually become vinegar.",
        "weight" : 127,
        "color" : "yellow",
        "container" : "jug_plastic",
        "symbol" : "~",
        "calories" : 35,
        "quench" : 6,
        "fun" : -15,
        "price" : 0,
        "volume" : 1,
        "charges" : 2,
        "phase" : "liquid",
        "comestible_type" : "DRINK",
        "brewable" : {
            "time" : 4200,
            "results" : [ "vinegar" ]
        }
    }
]
