[
  {
    "id": "brazier",
    "type": "TOOL",
    "name": "brazier",
    "description": "A large metal stand used to contain a fire.  Fires set in a brazier will not spread to surrounding flammable objects.",
    "weight": 5000,
    "volume": 10,
    "price": 5000,
    "to_hit": -4,
    "bashing": 7,
    "material": [ "steel" ],
    "symbol": ";",
    "color": "light_gray",
    "use_action": { "type": "deploy_furn", "furn_type": "f_brazier" }
  },
  {
    "id": "metal_butcher_rack",
    "type": "TOOL",
    "name": "metal butchering rack",
    "description": "Metal butchering rack designed to hang a carcass in the air.  It is folded for easy transportation and can be deployed as a furniture.",
    "weight": 5000,
    "volume": 40,
    "price": 5000,
    "to_hit": -4,
    "bashing": 7,
    "material": [ "steel" ],
    "symbol": "=",
    "color": "light_gray",
    "use_action": { "type": "deploy_furn", "furn_type": "f_metal_butcher_rack" }
  },
  {
    "id": "tourist_table",
    "type": "TOOL",
    "name": "tourist table",
    "description": "Metal tourist table for off-road trips.  It is folded for easy transportation and can be deployed as a furniture.",
    "weight": 6000,
    "volume": 100,
    "price": 5000,
    "to_hit": -3,
    "bashing": 5,
    "material": [ "steel" ],
    "symbol": "=",
    "color": "light_gray",
    "use_action": { "type": "deploy_furn", "furn_type": "f_tourist_table" }
  },
  {
    "id": "leather_tarp",
    "type": "TOOL",
    "name": "leather tarp",
    "description": "A large sheet of sewn leather that can be deployed instead of a picnic blanket, but it's more valuable as a butchery appliance as it does not soak in blood.  It's rolled and ready for carrying.",
    "weight": 2000,
    "volume": 10,
    "price": 5000,
    "to_hit": -3,
    "bashing": 2,
    "material": [ "leather" ],
    "symbol": "*",
    "color": "brown",
    "use_action": { "type": "deploy_furn", "furn_type": "f_leather_tarp" }
  }
]
