[
  {
    "id": "2_shot_special",
    "type": "GUN",
    "reload_noise_volume": 10,
    "name": "2 Shot Special",
    "name_plural": "2 Shot Specials",
    "//": "It's hard to say just how big this is, although it's (very large) pistol sized. But it is a handmade weapon.",
    "description": "A crudely made double barrel pistol firing 38 special ammo.  Unfortunately, the name is less about the double barrels and more about the number of shots you'll get before it breaks down on you.",
    "weight": 750,
    "volume": 4,
    "price": 2000,
    "to_hit": -1,
    "bashing": 3,
    "material": [ "steel" ],
    "symbol": "(",
    "color": "brown",
    "ammo": "38",
    "skill": "pistol",
    "ranged_damage": -1,
    "dispersion": 480,
    "durability": 3,
    "clip_size": 2,
    "reload": 200,
    "valid_mod_locations": [ [ "accessories", 4 ], [ "grip", 1 ], [ "sights", 1 ], [ "underbarrel", 1 ] ],
    "flags": [ "RELOAD_ONE", "RELOAD_EJECT" ]
  },
  {
    "id": "cop_38",
    "copy-from": "pistol_base",
    "type": "GUN",
    "name": "COP .38",
    "name_plural": "COP .38",
    "description": "The COP .38 is a small, chubby derringer pistol that bears a slight resemblance to the Mossberg Brownie.  It has four barrels arranged in a square formation.",
    "weight": 857,
    "volume": 2,
    "price": 120000,
    "to_hit": -1,
    "bashing": 5,
    "material": [ "steel", "wood" ],
    "ammo": "38",
    "range": 3,
    "dispersion": 520,
    "durability": 6,
    "clip_size": 4,
    "valid_mod_locations": [ [ "accessories", 2 ], [ "barrel", 1 ], [ "bore", 1 ], [ "grip", 1 ], [ "mechanism", 4 ], [ "rail", 1 ], [ "sights", 1 ], [ "stock", 1 ], [ "underbarrel", 1 ] ],
    "flags": [ "RELOAD_ONE", "NEVER_JAMS", "RELOAD_EJECT" ]
  },
  {
    "id": "ruger_lcr_38",
    "copy-from": "pistol_revolver",
    "type": "GUN",
    "name": "Ruger LCR .38",
    "name_plural": "Ruger LCR .38",
    "description": "A compact, double-action-only revolver designed for easy concealment, with a stainless steel cylinder and aluminum frame.",
    "weight": 382,
    "volume": 1,
    "price": 54500,
    "to_hit": -2,
    "bashing": 8,
    "material": [ "steel", "aluminum", "plastic" ],
    "symbol": "(",
    "color": "dark_gray",
    "ammo": "38",
    "ranged_damage": -2,
    "dispersion": 480,
    "durability": 10,
    "clip_size": 5,
    "valid_mod_locations": [ [ "accessories", 2 ], [ "barrel", 1 ], [ "bore", 1 ], [ "grip", 1 ], [ "mechanism", 4 ], [ "rail", 1 ], [ "sights", 1 ], [ "stock", 1 ], [ "underbarrel", 1 ] ]
  },
  {
    "id": "sw_619",
    "copy-from": "pistol_revolver",
    "type": "GUN",
    "name": "S&W 619",
    "name_plural": "S&W 619",
    "description": "A seven-round .38 revolver sold by Smith & Wesson.  It features a fixed rear sight and a reinforced frame.",
    "weight": 1074,
    "volume": 2,
    "price": 62000,
    "to_hit": -2,
    "bashing": 9,
    "material": [ "steel", "plastic" ],
    "symbol": "(",
    "color": "light_gray",
    "ammo": "38",
    "dispersion": 320,
    "durability": 10,
    "clip_size": 7,
    "magazines": [ [ "38", [ "38_speedloader" ] ] ],
    "valid_mod_locations": [ [ "accessories", 2 ], [ "barrel", 1 ], [ "bore", 1 ], [ "grip", 1 ], [ "mechanism", 4 ], [ "rail", 1 ], [ "sights", 1 ], [ "stock", 1 ], [ "underbarrel", 1 ] ]
  },
  {
    "id": "taurus_38",
    "type": "GUN",
    "reload_noise_volume": 10,
    "name": "Taurus Pro .38",
    "name_plural": "Taurus Pro .38",
    "description": "A popular .38 pistol.  Designed with numerous safety features and built from high-quality, durable materials.",
    "weight": 515,
    "volume": 2,
    "price": 64000,
    "to_hit": -2,
    "bashing": 8,
    "material": [ "steel", "plastic" ],
    "symbol": "(",
    "color": "dark_gray",
    "ammo": "38",
    "skill": "pistol",
    "dispersion": 480,
    "durability": 7,
    "valid_mod_locations": [ [ "accessories", 2 ], [ "barrel", 1 ], [ "bore", 1 ], [ "grip", 1 ], [ "mechanism", 4 ], [ "muzzle", 1 ], [ "rail", 1 ], [ "sights", 1 ], [ "stock", 1 ], [ "underbarrel", 1 ] ],
    "magazine_well": 1,
    "magazines": [
      [ "38", [ "taurus38mag" ] ],
      [ "22", [ "ruger1022bigmag", "ruger1022mag" ] ],
      [ "45", [ "m1911mag", "m1911bigmag" ] ],
      [ "46", [ "hk46mag", "hk46bigmag" ] ],
      [ "57", [ "fn57mag" ] ],
      [ "9mm", [ "glockmag", "glockbigmag", "glock17_17", "glock17_22" ] ]
    ]
  }
]
