[
  {
    "id": "coilgun",
    "copy-from": "gun_base",
    "type": "GUN",
    "name": "coilgun",
    "//": "Hard to make, plentiful and cheap ammo, and silent - people will want this thing.",
    "description": "A homemade gun, using electromagnets to accelerate a ferromagnetic projectile to high velocity.  Powered by UPS.",
    "weight": 3341,
    "volume": 11,
    "price": 75000,
    "to_hit": -2,
    "bashing": 10,
    "material": [ "copper", "steel" ],
    "ammo": "nail",
    "skill": "rifle",
    "range": 12,
    "ranged_damage": 4,
    "pierce": 20,
    "dispersion": 180,
    "durability": 5,
    "ups_charges": 5,
    "valid_mod_locations": [ [ "accessories", 4 ], [ "grip", 1 ], [ "sights", 1 ], [ "stock", 1 ] ],
    "magazines": [ [ "nail", [ "nailmag" ] ] ]
  },
  {
    "id": "nailgun",
    "type": "GUN",
    "reload_noise_volume": 10,
    "name": "nail gun",
    "description": "A tool used to drive nails into wood or other material.  It could also be used as a ad-hoc weapon.",
    "weight": 3904,
    "volume": 3,
    "price": 13000,
    "to_hit": -2,
    "bashing": 6,
    "material": [ "plastic", "steel" ],
    "symbol": "(",
    "color": "yellow",
    "ammo": "nail",
    "skill": "pistol",
    "dispersion": 800,
    "durability": 8,
    "loudness": 5,
    "clip_size": 20,
    "reload": 50
  },
  {
    "id": "nailrifle",
    "copy-from": "nailgun",
    "type": "GUN",
    "name": "nail rifle",
    "description": "This is a nailgun that has been extensively modified with the addition of a short barrel, stock and hand guard.  It can be reloaded using detachable magazines and is an overall much more effective weapon.",
    "to_hit": -1,
    "bashing": 12,
    "skill": "rifle",
    "burst": 10,
    "clip_size": 0,
    "valid_mod_locations": [ [ "accessories", 4 ], [ "barrel", 1 ], [ "grip", 1 ], [ "sights", 1 ], [ "stock", 1 ] ],
    "magazines": [ [ "nail", [ "nailmag" ] ] ],
    "relative": { "weight": 1000, "volume": 6, "range": 3, "ranged_damage": 4 },
    "proportional": { "price": 3, "dispersion": 0.5 }
  }
]
