[
  {
    "type": "recipe",
    "result": "meat_cooked",
    "id_suffix": "npc",
    "category": "CC_FOOD",
    "subcategory": "CSC_FOOD_MEAT",
    "skill_used": "cooking",
    "time": 18750,
    "autolearn": false,
    "never_learn": true,
    "components": [ [ [ "meat", 1 ] ], [ [ "charcoal", 7 ], [ "lamp_oil", 7 ], [ "splinter", 5 ] ] ]
  },
  {
    "type": "recipe",
    "result": "fish_cooked",
    "id_suffix": "npc",
    "category": "CC_FOOD",
    "subcategory": "CSC_FOOD_MEAT",
    "skill_used": "cooking",
    "time": 18750,
    "autolearn": false,
    "never_learn": true,
    "components": [ [ [ "fish", 1 ] ], [ [ "charcoal", 7 ], [ "lamp_oil", 7 ], [ "splinter", 5 ] ] ]
  },
  {
    "type": "recipe",
    "result": "veggy_cooked",
    "id_suffix": "npc",
    "category": "CC_FOOD",
    "subcategory": "CSC_FOOD_VEGGI",
    "skill_used": "cooking",
    "time": 5000,
    "autolearn": false,
    "never_learn": true,
    "components": [ [ [ "veggy", 1 ] ], [ [ "charcoal", 5 ], [ "lamp_oil", 5 ], [ "splinter", 4 ] ] ]
  },
  {
    "type": "recipe",
    "result": "offal_cooked",
    "id_suffix": "npc",
    "category": "CC_FOOD",
    "subcategory": "CSC_FOOD_MEAT",
    "skill_used": "cooking",
    "time": 22500,
    "autolearn": false,
    "never_learn": true,
    "components": [ [ [ "offal", 1 ] ], [ [ "charcoal", 7 ], [ "lamp_oil", 7 ], [ "splinter", 5 ] ] ]
  },
  {
    "type": "recipe",
    "result": "boiled_egg",
    "id_suffix": "npc",
    "category": "CC_FOOD",
    "subcategory": "CSC_FOOD_OTHER",
    "skill_used": "cooking",
    "difficulty": 1,
    "time": 12500,
    "autolearn": false,
    "never_learn": true,
    "components": [
      [ [ "egg_bird", 1 ], [ "egg_reptile", 1 ] ],
      [ [ "water", 1 ], [ "water_clean", 1 ] ],
      [ [ "charcoal", 3 ], [ "lamp_oil", 3 ], [ "splinter", 2 ] ]
    ]
  },
  {
    "type": "recipe",
    "result": "starch",
    "id_suffix": "npc",
    "category": "CC_FOOD",
    "subcategory": "CSC_FOOD_VEGGI",
    "skill_used": "cooking",
    "difficulty": 1,
    "time": 25000,
    "autolearn": false,
    "never_learn": true,
    "qualities": [ { "id": "HAMMER", "level": 1 } ],
    "components": [ [ [ "dahlia_root", 2 ], [ "potato_raw", 2 ], [ "potato_irradiated", 2 ], [ "cattail_stalk", 4 ] ] ]
  },
  {
    "type": "recipe",
    "result": "flatbread",
    "id_suffix": "npc",
    "category": "CC_FOOD",
    "subcategory": "CSC_FOOD_BREAD",
    "skill_used": "cooking",
    "difficulty": 1,
    "time": 18750,
    "autolearn": false,
    "never_learn": true,
    "components": [
      [ [ "flour", 3 ] ],
      [ [ "water", 2 ], [ "water_clean", 2 ] ],
      [ [ "charcoal", 8 ], [ "lamp_oil", 8 ], [ "splinter", 6 ] ]
    ]
  },
  {
    "type": "recipe",
    "result": "veggy_wild_cooked",
    "id_suffix": "npc",
    "category": "CC_FOOD",
    "subcategory": "CSC_FOOD_VEGGI",
    "skill_used": "cooking",
    "time": 5000,
    "autolearn": false,
    "never_learn": true,
    "components": [ [ [ "veggy_wild", 1 ] ], [ [ "charcoal", 5 ], [ "lamp_oil", 5 ], [ "splinter", 4 ] ] ]
  },
  {
    "type": "recipe",
    "result": "salt",
    "id_suffix": "npc",
    "category": "CC_FOOD",
    "subcategory": "CSC_FOOD_OTHER",
    "skill_used": "cooking",
    "time": 112500,
    "autolearn": false,
    "never_learn": true,
    "components": [ [ [ "salt_water", 10 ], [ "saline", 50 ] ], [ [ "charcoal", 10 ], [ "lamp_oil", 10 ], [ "splinter", 7 ] ] ]
  },
  {
    "type": "recipe",
    "result": "bread",
    "id_suffix": "npc",
    "category": "CC_FOOD",
    "subcategory": "CSC_FOOD_BREAD",
    "skill_used": "cooking",
    "difficulty": 2,
    "time": 25000,
    "autolearn": false,
    "never_learn": true,
    "components": [
      [ [ "flour", 3 ] ],
      [ [ "yeast", 1 ] ],
      [ [ "water", 2 ], [ "water_clean", 2 ] ],
      [ [ "charcoal", 8 ], [ "lamp_oil", 8 ], [ "splinter", 6 ] ]
    ]
  },
  {
    "type": "recipe",
    "result": "fruit_leather",
    "id_suffix": "npc",
    "category": "CC_FOOD",
    "subcategory": "CSC_FOOD_VEGGI",
    "skill_used": "cooking",
    "difficulty": 1,
    "time": 22500,
    "autolearn": false,
    "never_learn": true,
    "components": [
      [ [ "sweet_fruit", 1, "LIST" ] ],
      [
        [ "sugar", 5 ],
        [ "honeycomb", 1 ],
        [ "honey_bottled", 1 ],
        [ "honey_glassed", 1 ],
        [ "syrup", 1 ],
        [ "beet_syrup", 1 ],
        [ "molasses", 1 ]
      ],
      [ [ "charcoal", 8 ], [ "lamp_oil", 8 ], [ "splinter", 6 ] ]
    ]
  },
  {
    "type": "recipe",
    "result": "jerky",
    "id_suffix": "npc",
    "category": "CC_FOOD",
    "subcategory": "CSC_FOOD_MEAT",
    "skill_used": "cooking",
    "difficulty": 3,
    "time": 75000,
    "autolearn": false,
    "never_learn": true,
    "components": [
      [
        [ "salt_water", 1 ],
        [ "saline", 5 ],
        [ "salt", 5 ],
        [ "soysauce", 1 ],
        [ "seasoning_salt", 5 ],
        [ "pepper", 10 ],
        [ "chem_saltpetre", 2 ]
      ],
      [ [ "meat", 1 ] ],
      [ [ "charcoal", 10 ], [ "lamp_oil", 10 ], [ "splinter", 7 ] ]
    ]
  },
  {
    "type": "recipe",
    "result": "mushroom_cooked",
    "id_suffix": "npc",
    "category": "CC_FOOD",
    "subcategory": "CSC_FOOD_VEGGI",
    "skill_used": "cooking",
    "time": 18750,
    "autolearn": false,
    "never_learn": true,
    "components": [ [ [ "mushroom", 1 ] ], [ [ "charcoal", 7 ], [ "lamp_oil", 7 ], [ "splinter", 5 ] ] ]
  },
  {
    "type": "recipe",
    "result": "lard",
    "id_suffix": "npc",
    "byproducts": [ [ "cracklins" ] ],
    "category": "CC_FOOD",
    "subcategory": "CSC_FOOD_MEAT",
    "skill_used": "cooking",
    "difficulty": 3,
    "time": 12500,
    "autolearn": false,
    "never_learn": true,
    "components": [ [ [ "fat", 2 ] ], [ [ "charcoal", 7 ], [ "lamp_oil", 7 ], [ "splinter", 5 ] ] ]
  },
  {
    "type": "recipe",
    "result": "cornmeal",
    "id_suffix": "npc",
    "category": "CC_FOOD",
    "subcategory": "CSC_FOOD_OTHER",
    "skill_used": "cooking",
    "difficulty": 2,
    "time": 56250,
    "autolearn": false,
    "never_learn": true,
    "tools": [ [ [ "rock_quern", -1 ], [ "clay_quern", -1 ] ] ],
    "components": [ [ [ "corn", 2 ], [ "irradiated_corn", 2 ] ], [ [ "charcoal", 5 ], [ "lamp_oil", 5 ], [ "splinter", 4 ] ] ]
  },
  {
    "type": "recipe",
    "result": "pie_meat",
    "id_suffix": "npc",
    "category": "CC_FOOD",
    "subcategory": "CSC_FOOD_MEAT",
    "skill_used": "cooking",
    "difficulty": 3,
    "time": 31250,
    "autolearn": false,
    "never_learn": true,
    "components": [
      [ [ "flour", 2 ] ],
      [
        [ "meat", 1 ],
        [ "rehydrated_meat", 1 ],
        [ "dry_meat", 1 ],
        [ "meat_canned", 1 ],
        [ "can_chicken", 1 ],
        [ "fish", 2 ],
        [ "rehydrated_fish", 2 ],
        [ "dry_fish", 2 ],
        [ "fish_canned", 2 ],
        [ "can_tuna", 2 ]
      ],
      [ [ "water", 1 ], [ "water_clean", 1 ] ],
      [ [ "charcoal", 8 ], [ "lamp_oil", 8 ], [ "splinter", 6 ] ]
    ]
  },
  {
    "type": "recipe",
    "result": "meat_smoked",
    "id_suffix": "npc",
    "category": "CC_FOOD",
    "subcategory": "CSC_FOOD_MEAT",
    "skill_used": "cooking",
    "difficulty": 3,
    "time": 75000,
    "autolearn": false,
    "never_learn": true,
    "components": [ [ [ "meat", 3 ] ], [ [ "charcoal", 15 ] ] ]
  },
  {
    "type": "recipe",
    "result": "pie_veggy",
    "id_suffix": "npc",
    "category": "CC_FOOD",
    "subcategory": "CSC_FOOD_VEGGI",
    "skill_used": "cooking",
    "difficulty": 3,
    "time": 31250,
    "autolearn": false,
    "never_learn": true,
    "components": [
      [ [ "flour", 2 ] ],
      [
        [ "broccoli", 2 ],
        [ "irradiated_broccoli", 2 ],
        [ "tomato", 2 ],
        [ "irradiated_tomato", 2 ],
        [ "pumpkin", 2 ],
        [ "irradiated_pumpkin", 2 ],
        [ "zucchini", 2 ],
        [ "irradiated_zucchini", 2 ],
        [ "celery", 2 ],
        [ "irradiated_celery", 2 ],
        [ "cabbage", 2 ],
        [ "irradiated_cabbage", 2 ],
        [ "sauerkraut", 4 ],
        [ "potato_raw", 2 ],
        [ "potato_irradiated", 2 ],
        [ "onion", 2 ],
        [ "irradiated_onion", 2 ],
        [ "carrot", 12 ],
        [ "irradiated_carrot", 12 ],
        [ "veggy", 2 ],
        [ "dry_veggy", 2 ],
        [ "rehydrated_veggy", 2 ],
        [ "veggy_wild", 2 ],
        [ "plant_sac", 6 ],
        [ "dandelion_cooked", 2 ],
        [ "wild_herbs", 40 ]
      ],
      [ [ "water", 1 ], [ "water_clean", 1 ] ],
      [ [ "charcoal", 8 ], [ "lamp_oil", 8 ], [ "splinter", 6 ] ]
    ]
  },
  {
    "type": "recipe",
    "result": "fish_smoked",
    "id_suffix": "npc",
    "category": "CC_FOOD",
    "subcategory": "CSC_FOOD_MEAT",
    "skill_used": "cooking",
    "difficulty": 3,
    "time": 75000,
    "autolearn": false,
    "never_learn": true,
    "components": [ [ [ "fish", 6 ] ], [ [ "charcoal", 15 ] ] ]
  },
  {
    "type": "recipe",
    "result": "sugar",
    "id_suffix": "npc",
    "category": "CC_FOOD",
    "subcategory": "CSC_FOOD_OTHER",
    "skill_used": "cooking",
    "time": 112500,
    "autolearn": false,
    "never_learn": true,
    "components": [ [ [ "sweet_water", 10 ] ], [ [ "charcoal", 10 ], [ "lamp_oil", 10 ], [ "splinter", 7 ] ] ]
  },
  {
    "type": "recipe",
    "result": "dry_mushroom",
    "id_suffix": "npc",
    "category": "CC_FOOD",
    "subcategory": "CSC_FOOD_DRY",
    "skill_used": "cooking",
    "difficulty": 2,
    "time": 22500,
    "autolearn": false,
    "never_learn": true,
    "components": [ [ [ "mushroom", 4 ], [ "mushroom_morel", 4 ] ], [ [ "charcoal", 25 ] ] ]
  },
  {
    "type": "recipe",
    "result": "dry_fruit",
    "id_suffix": "npc",
    "category": "CC_FOOD",
    "subcategory": "CSC_FOOD_DRY",
    "skill_used": "cooking",
    "difficulty": 2,
    "time": 22500,
    "autolearn": false,
    "never_learn": true,
    "components": [ [ [ "sweet_fruit", 2, "LIST" ], [ "coconut", 2 ], [ "can_coconut", 2 ] ], [ [ "charcoal", 25 ] ] ]
  },
  {
    "type": "recipe",
    "result": "sausage",
    "id_suffix": "npc",
    "category": "CC_FOOD",
    "subcategory": "CSC_FOOD_MEAT",
    "skill_used": "cooking",
    "difficulty": 4,
    "time": 75000,
    "autolearn": false,
    "never_learn": true,
    "components": [
      [ [ "meat", 3 ], [ "rehydrated_meat", 6 ], [ "meat_canned", 6 ], [ "can_chicken", 6 ] ],
      [ [ "fat", 3 ], [ "tallow", 3 ], [ "lard", 3 ] ],
      [
        [ "salt", 10 ],
        [ "soysauce", 1 ],
        [ "seasoning_italian", 10 ],
        [ "wild_herbs", 10 ],
        [ "seasoning_salt", 10 ],
        [ "pepper", 10 ]
      ],
      [ [ "charcoal", 10 ] ]
    ]
  },
  {
    "type": "recipe",
    "result": "hardtack",
    "id_suffix": "npc",
    "category": "CC_FOOD",
    "subcategory": "CSC_FOOD_BREAD",
    "skill_used": "cooking",
    "difficulty": 3,
    "time": 112500,
    "autolearn": false,
    "never_learn": true,
    "components": [
      [ [ "flour", 2 ] ],
      [ [ "salt", 10 ], [ "soysauce", 1 ], [ "seasoning_salt", 10 ] ],
      [ [ "water", 2 ], [ "water_clean", 2 ] ],
      [ [ "charcoal", 16 ], [ "lamp_oil", 16 ], [ "splinter", 12 ] ]
    ]
  },
  {
    "type": "recipe",
    "result": "sausage_wasteland",
    "id_suffix": "npc",
    "category": "CC_FOOD",
    "subcategory": "CSC_FOOD_MEAT",
    "skill_used": "cooking",
    "difficulty": 4,
    "time": 87500,
    "autolearn": false,
    "never_learn": true,
    "components": [
      [ [ "offal", 4 ] ],
      [ [ "stomach", 2 ], [ "stomach_large", 1 ] ],
      [
        [ "salt_water", 4 ],
        [ "saline", 20 ],
        [ "salt", 20 ],
        [ "soysauce", 4 ],
        [ "seasoning_salt", 20 ],
        [ "pepper", 40 ],
        [ "chem_saltpetre", 8 ]
      ],
      [ [ "charcoal", 10 ] ]
    ]
  },
  {
    "type": "recipe",
    "result": "veggy_pickled",
    "id_suffix": "jarred_npc",
    "container": "jar_glass_sealed",
    "category": "CC_FOOD",
    "subcategory": "CSC_FOOD_VEGGI",
    "skill_used": "cooking",
    "difficulty": 5,
    "time": 37500,
    "result_mult": 2,
    "autolearn": false,
    "never_learn": true,
    "//": "Canned tomatoes aren't an option as they've already been preserved.",
    "components": [
      [ [ "water", 1 ], [ "water_clean", 1 ], [ "salt_water", 1 ], [ "saline", 5 ] ],
      [ [ "jar_glass", 1 ] ],
      [
        [ "veggy", 2 ],
        [ "veggy_wild", 2 ],
        [ "mushroom", 2 ],
        [ "tomato", 2 ],
        [ "irradiated_tomato", 2 ],
        [ "broccoli", 2 ],
        [ "irradiated_broccoli", 2 ],
        [ "zucchini", 2 ],
        [ "irradiated_zucchini", 2 ],
        [ "cucumber", 2 ],
        [ "irradiated_cucumber", 2 ],
        [ "potato_raw", 2 ],
        [ "potato_irradiated", 2 ],
        [ "corn", 2 ],
        [ "irradiated_corn", 2 ],
        [ "onion", 2 ],
        [ "irradiated_onion", 2 ],
        [ "garlic", 2 ],
        [ "seed_garlic", 12 ],
        [ "irradiated_carrot", 12 ],
        [ "carrot", 12 ]
      ],
      [ [ "vinegar", 1 ] ],
      [ [ "charcoal", 20 ], [ "lamp_oil", 20 ], [ "splinter", 14 ] ]
    ]
  },
  {
    "type": "recipe",
    "result": "cheese_hard",
    "id_suffix": "npc",
    "category": "CC_FOOD",
    "subcategory": "CSC_FOOD_OTHER",
    "skill_used": "cooking",
    "difficulty": 5,
    "skills_required": [ "survival", 4 ],
    "time": 75000,
    "autolearn": false,
    "never_learn": true,
    "tools": [ [ [ "rag", -1 ] ] ],
    "components": [
      [ [ "milk_curdled", 6 ] ],
      [ [ "salt_water", 1 ], [ "saline", 5 ], [ "salt", 5 ], [ "seasoning_salt", 5 ] ],
      [ [ "charcoal", 4 ], [ "lamp_oil", 4 ], [ "splinter", 3 ] ]
    ]
  },
  {
    "type": "recipe",
    "result": "pemmican",
    "id_suffix": "npc",
    "category": "CC_FOOD",
    "subcategory": "CSC_FOOD_MEAT",
    "skill_used": "cooking",
    "difficulty": 5,
    "time": 56250,
    "autolearn": false,
    "never_learn": true,
    "components": [
      [ [ "tallow", 2 ], [ "lard", 2 ] ],
      [
        [ "jerky", 6 ],
        [ "dry_meat", 2 ],
        [ "meat_smoked", 2 ],
        [ "dry_fish", 3 ],
        [ "salted_fish", 6 ],
        [ "fish_smoked", 3 ]
      ],
      [
        [ "dry_veggy", 2 ],
        [ "dry_fruit", 2 ],
        [ "dry_mushroom", 2 ],
        [ "juice_pulp", 4 ],
        [ "irradiated_strawberries", 1 ],
        [ "strawberries", 1 ],
        [ "irradiated_blueberries", 1 ],
        [ "blueberries", 1 ],
        [ "irradiated_cherries", 1 ],
        [ "cherries", 1 ],
        [ "irradiated_cranberries", 3 ],
        [ "cranberries", 3 ],
        [ "irradiated_raspberries", 1 ],
        [ "raspberries", 1 ],
        [ "irradiated_blackberries", 1 ],
        [ "blackberries", 1 ]
      ],
      [ [ "charcoal", 20 ], [ "lamp_oil", 20 ], [ "splinter", 14 ] ]
    ]
  },
  {
    "type": "recipe",
    "result": "veggy_aspic",
    "id_suffix": "npc",
    "category": "CC_FOOD",
    "subcategory": "CSC_FOOD_VEGGI",
    "skill_used": "cooking",
    "difficulty": 5,
    "//": "Gelatin from bones is just boiling them long enough.  Gelatin from pectin is harder.  Instead of duping the ingredients, *1.5 them for aforementioned pectin.",
    "time": 50000,
    "autolearn": false,
    "never_learn": true,
    "components": [
      [
        [ "veggy", 2 ],
        [ "veggy_cooked", 2 ],
        [ "veggy_wild", 2 ],
        [ "veggy_wild_cooked", 2 ],
        [ "can_tomato", 3 ],
        [ "tomato", 3 ],
        [ "irradiated_tomato", 3 ],
        [ "pumpkin", 3 ],
        [ "irradiated_pumpkin", 3 ],
        [ "broccoli", 3 ],
        [ "irradiated_broccoli", 3 ],
        [ "zucchini", 3 ],
        [ "irradiated_zucchini", 3 ],
        [ "celery", 9 ],
        [ "irradiated_celery", 9 ],
        [ "potato_raw", 3 ],
        [ "potato_irradiated", 3 ],
        [ "potato_baked", 3 ],
        [ "can_corn", 3 ],
        [ "corn", 3 ],
        [ "irradiated_corn", 3 ],
        [ "onion", 9 ],
        [ "irradiated_onion", 9 ],
        [ "cabbage", 3 ],
        [ "irradiated_cabbage", 3 ],
        [ "irradiated_carrot", 9 ],
        [ "carrot", 9 ]
      ],
      [ [ "water_clean", 2 ], [ "water", 2 ] ],
      [ [ "charcoal", 7 ], [ "lamp_oil", 7 ], [ "splinter", 5 ] ]
    ]
  },
  {
    "type": "recipe",
    "result": "meat_canned",
    "id_suffix": "jarred_npc",
    "container": "jar_glass_sealed",
    "category": "CC_FOOD",
    "subcategory": "CSC_FOOD_MEAT",
    "skill_used": "cooking",
    "difficulty": 4,
    "time": 37500,
    "result_mult": 2,
    "autolearn": false,
    "never_learn": true,
    "components": [
      [ [ "water", 1 ], [ "water_clean", 1 ] ],
      [ [ "jar_glass", 1 ] ],
      [ [ "meat", 2 ] ],
      [ [ "charcoal", 10 ], [ "lamp_oil", 10 ], [ "splinter", 7 ] ]
    ]
  },
  {
    "type": "recipe",
    "result": "meat_aspic",
    "id_suffix": "npc",
    "category": "CC_FOOD",
    "subcategory": "CSC_FOOD_MEAT",
    "skill_used": "cooking",
    "difficulty": 4,
    "time": 50000,
    "autolearn": false,
    "never_learn": true,
    "components": [
      [ [ "bone", 4 ] ],
      [
        [ "meat", 1 ],
        [ "meat_cooked", 1 ],
        [ "can_salmon", 1 ],
        [ "can_herring", 1 ],
        [ "fish", 2 ],
        [ "fish_cooked", 2 ],
        [ "can_tuna", 2 ],
        [ "can_sardine", 2 ],
        [ "can_clams", 2 ],
        [ "meat_canned", 1 ],
        [ "fish_canned", 2 ]
      ],
      [ [ "water_clean", 1 ], [ "water", 1 ] ],
      [ [ "charcoal", 7 ], [ "lamp_oil", 7 ], [ "splinter", 5 ] ]
    ]
  },
  {
    "type": "recipe",
    "result": "scrap_copper",
    "id_suffix": "npc",
    "category": "CC_OTHER",
    "subcategory": "CSC_OTHER_MATERIALS",
    "skill_used": "fabrication",
    "time": 3000,
    "autolearn": false,
    "never_learn": true,
    "components": [ [ [ "copper", 100 ] ], [ [ "charcoal", 10 ] ] ]
  },
  {
    "type": "recipe",
    "result": "charcoal",
    "byproducts": [ [ "charcoal", 12 ] ],
    "id_suffix": "npc",
    "category": "CC_OTHER",
    "subcategory": "CSC_OTHER_MATERIALS",
    "skill_used": "fabrication",
    "time": 300000,
    "autolearn": false,
    "never_learn": true,
    "components": [ [ [ "log", 2 ], [ "stick", 16 ], [ "splinter", 80 ] ] ]
  },
  {
    "type": "recipe",
    "result": "spike",
    "id_suffix": "npc",
    "category": "CC_OTHER",
    "subcategory": "CSC_OTHER_MATERIALS",
    "skill_used": "fabrication",
    "time": 4000,
    "autolearn": false,
    "never_learn": true,
    "components": [ [ [ "steel_chunk", 2 ], [ "scrap", 5 ] ] ]
  },
  {
    "type": "recipe",
    "result": "steel_chunk",
    "id_suffix": "npc",
    "category": "CC_OTHER",
    "subcategory": "CSC_OTHER_MATERIALS",
    "skill_used": "fabrication",
    "difficulty": 1,
    "time": 20000,
    "autolearn": false,
    "never_learn": true,
    "components": [ [ [ "scrap", 5 ] ], [ [ "charcoal", 20 ] ] ]
  },
  {
    "type": "recipe",
    "result": "copper_knife",
    "id_suffix": "npc",
    "category": "CC_WEAPON",
    "subcategory": "CSC_WEAPON_PIERCING",
    "skill_used": "fabrication",
    "difficulty": 1,
    "time": 6000,
    "autolearn": false,
    "never_learn": true,
    "components": [
      [ [ "rag", 1 ], [ "felt_patch", 1 ], [ "duct_tape", 50 ], [ "cordage_short", 2, "LIST" ], [ "filament", 50, "LIST" ] ],
      [ [ "scrap_copper", 2 ], [ "copper", 200 ] ],
      [ [ "charcoal", 10 ] ]
    ]
  },
  {
    "type": "recipe",
    "result": "sword_crude",
    "id_suffix": "npc",
    "category": "CC_WEAPON",
    "subcategory": "CSC_WEAPON_PIERCING",
    "skill_used": "fabrication",
    "difficulty": 2,
    "time": 50000,
    "autolearn": false,
    "never_learn": true,
    "qualities": [ { "id": "CUT", "level": 1 } ],
    "components": [ [ [ "2x4", 2 ], [ "stick", 4 ] ], [ [ "scrap", 4 ] ] ]
  },
  {
    "type": "recipe",
    "result": "pot_copper",
    "id_suffix": "npc",
    "category": "CC_OTHER",
    "subcategory": "CSC_OTHER_TOOLS",
    "skill_used": "fabrication",
    "difficulty": 2,
    "time": 120000,
    "autolearn": false,
    "never_learn": true,
    "components": [
      [ [ "scrap_copper", 5 ], [ "copper", 500 ] ],
      [ [ "tin", 30 ] ],
      [ [ "clay_lump", 4 ] ],
      [ [ "wax", 2 ] ],
      [ [ "charcoal", 10 ] ]
    ]
  },
  {
    "type": "recipe",
    "result": "anvil",
    "id_suffix": "npc",
    "category": "CC_OTHER",
    "subcategory": "CSC_OTHER_TOOLS",
    "skill_used": "fabrication",
    "difficulty": 3,
    "time": 300000,
    "autolearn": false,
    "never_learn": true,
    "components": [ [ [ "steel_chunk", 160 ], [ "steel_lump", 40 ], [ "frame", 4 ], [ "hdframe", 2 ] ], [ [ "charcoal", 150 ] ] ]
  },
  {
    "type": "recipe",
    "result": "steel_lump",
    "id_suffix": "npc",
    "category": "CC_OTHER",
    "subcategory": "CSC_OTHER_MATERIALS",
    "skill_used": "fabrication",
    "difficulty": 2,
    "time": 80000,
    "autolearn": false,
    "never_learn": true,
    "components": [ [ [ "steel_chunk", 4 ], [ "scrap", 20 ] ], [ [ "charcoal", 80 ] ] ]
  },
  {
    "type": "recipe",
    "result": "bolt_steel",
    "id_suffix": "npc",
    "category": "CC_AMMO",
    "subcategory": "CSC_AMMO_ARROWS",
    "skill_used": "fabrication",
    "difficulty": 5,
    "time": 13000,
    "autolearn": false,
    "never_learn": true,
    "components": [ [ [ "steel_chunk", 2 ] ], [ [ "scrap", 6 ] ], [ [ "charcoal", 80 ] ] ]
  },
  {
    "type": "recipe",
    "result": "armor_scrapsuit",
    "id_suffix": "npc",
    "category": "CC_ARMOR",
    "subcategory": "CSC_ARMOR_SUIT",
    "skill_used": "fabrication",
    "difficulty": 3,
    "time": 130000,
    "autolearn": false,
    "never_learn": true,
    "using": [ [ "cordage", 2 ] ],
    "qualities": [ { "id": "CUT", "level": 1 } ],
    "components": [ [ [ "scrap", 190 ] ] ]
  },
  {
    "type": "recipe",
    "result": "copper_ax",
    "id_suffix": "npc",
    "category": "CC_OTHER",
    "subcategory": "CSC_OTHER_TOOLS",
    "skill_used": "fabrication",
    "difficulty": 4,
    "time": 80000,
    "autolearn": false,
    "never_learn": true,
    "using": [ [ "cordage", 2 ] ],
    "qualities": [ { "id": "CUT", "level": 1 } ],
    "components": [
      [ [ "stick", 1 ], [ "2x4", 1 ] ],
      [ [ "scrap_copper", 10 ], [ "copper", 1000 ] ],
      [ [ "clay_lump", 4 ] ],
      [ [ "wax", 2 ] ],
      [ [ "cordage_short", 2, "LIST" ], [ "filament", 40, "LIST" ], [ "duct_tape", 40 ] ],
      [ [ "charcoal", 10 ] ]
    ]
  },
  {
    "type": "recipe",
    "result": "spear_copper",
    "id_suffix": "npc",
    "category": "CC_WEAPON",
    "subcategory": "CSC_WEAPON_PIERCING",
    "skill_used": "fabrication",
    "difficulty": 3,
    "time": 3000,
    "autolearn": false,
    "never_learn": true,
    "qualities": [ { "id": "CUT", "level": 1 } ],
    "components": [
      [ [ "stick_long", 1 ], [ "broom", 1 ], [ "2x4", 1 ], [ "pool_cue", 1 ], [ "pointy_stick", 1 ] ],
      [ [ "scrap_copper", 10 ], [ "copper", 1000 ] ],
      [ [ "rag", 1 ], [ "felt_patch", 1 ], [ "leather", 1 ], [ "fur", 1 ] ],
      [ [ "duct_tape", 20 ], [ "cordage_short", 1, "LIST" ], [ "filament", 20, "LIST" ] ],
      [ [ "scrap_copper", 3 ], [ "copper", 300 ] ],
      [ [ "charcoal", 10 ] ]
    ]
  },
  {
    "type": "recipe",
    "result": "chisel",
    "id_suffix": "npc",
    "category": "CC_OTHER",
    "subcategory": "CSC_OTHER_TOOLS",
    "skill_used": "fabrication",
    "difficulty": 4,
    "time": 55000,
    "autolearn": false,
    "never_learn": true,
    "qualities": [ { "id": "HAMMER", "level": 3 } ],
    "tools": [ [ [ "tongs", -1 ] ] ],
    "components": [ [ [ "steel_lump", 1 ], [ "steel_chunk", 4 ], [ "scrap", 20 ] ], [ [ "charcoal", 80 ] ] ]
  },
  {
    "type": "recipe",
    "result": "hammer",
    "id_suffix": "npc",
    "category": "CC_OTHER",
    "subcategory": "CSC_OTHER_TOOLS",
    "skill_used": "fabrication",
    "difficulty": 5,
    "time": 150000,
    "autolearn": false,
    "never_learn": true,
    "tools": [ [ [ "tongs", -1 ] ] ],
    "components": [
      [ [ "steel_lump", 1 ], [ "steel_chunk", 4 ], [ "scrap", 20 ] ],
      [ [ "2x4", 1 ], [ "stick", 2 ] ],
      [ [ "charcoal", 250 ] ]
    ]
  },
  {
    "type": "recipe",
    "result": "tongs",
    "id_suffix": "npc",
    "category": "CC_OTHER",
    "subcategory": "CSC_OTHER_TOOLS",
    "skill_used": "fabrication",
    "difficulty": 3,
    "time": 40000,
    "autolearn": false,
    "never_learn": true,
    "components": [ [ [ "steel_lump", 1 ], [ "steel_chunk", 4 ], [ "scrap", 12 ], [ "pipe", 3 ] ], [ [ "charcoal", 150 ] ] ]
  },
  {
    "type": "recipe",
    "result": "nail",
    "id_suffix": "npc",
    "category": "CC_OTHER",
    "subcategory": "CSC_OTHER_MATERIALS",
    "skill_used": "fabrication",
    "difficulty": 1,
    "time": 240000,
    "autolearn": false,
    "never_learn": true,
    "tools": [ [ [ "tongs", -1 ] ], [ [ "swage", -1 ] ] ],
    "components": [ [ [ "steel_chunk", 1 ], [ "scrap", 3 ] ], [ [ "charcoal", 50 ] ] ]
  },
  {
    "type": "recipe",
    "result": "wire",
    "id_suffix": "npc",
    "category": "CC_OTHER",
    "subcategory": "CSC_OTHER_MATERIALS",
    "skill_used": "fabrication",
    "difficulty": 3,
    "time": 40000,
    "autolearn": false,
    "never_learn": true,
    "qualities": [ { "id": "HAMMER", "level": 3 }, { "id": "CHISEL", "level": 3 } ],
    "tools": [ [ [ "tongs", -1 ] ] ],
    "components": [ [ [ "scrap", 1 ] ], [ [ "charcoal", 50 ] ] ]
  },
  {
    "type": "recipe",
    "result": "swage",
    "id_suffix": "npc",
    "category": "CC_OTHER",
    "subcategory": "CSC_OTHER_TOOLS",
    "skill_used": "fabrication",
    "difficulty": 5,
    "time": 150000,
    "autolearn": false,
    "never_learn": true,
    "qualities": [ { "id": "HAMMER", "level": 3 }, { "id": "CHISEL", "level": 3 } ],
    "tools": [ [ [ "tongs", -1 ] ] ],
    "components": [ [ [ "steel_lump", 2 ], [ "steel_chunk", 8 ], [ "scrap", 24 ] ], [ [ "charcoal", 250 ] ] ]
  },
  {
    "type": "recipe",
    "result": "blade",
    "id_suffix": "npc",
    "category": "CC_OTHER",
    "subcategory": "CSC_OTHER_TOOLS",
    "skill_used": "fabrication",
    "difficulty": 2,
    "time": 80000,
    "autolearn": false,
    "never_learn": true,
    "components": [ [ [ "steel_chunk", 1 ], [ "scrap", 3 ] ], [ [ "charcoal", 100 ] ] ]
  },
  {
    "type": "recipe",
    "result": "bearing",
    "id_suffix": "npc",
    "category": "CC_AMMO",
    "subcategory": "CSC_AMMO_OTHER",
    "skill_used": "fabrication",
    "difficulty": 2,
    "time": 55000,
    "autolearn": false,
    "never_learn": true,
    "tools": [ [ [ "press", -1 ] ] ],
    "components": [
      [
        [ "lead", 50 ],
        [ "gold_small", 50 ],
        [ "silver_small", 50 ],
        [ "tin", 50 ],
        [ "bismuth", 50 ],
        [ "solder_wire", 50 ]
      ],
      [ [ "charcoal", 100 ] ]
    ]
  },
  {
    "type": "recipe",
    "result": "caltrops",
    "id_suffix": "npc",
    "category": "CC_OTHER",
    "subcategory": "CSC_OTHER_TRAPS",
    "skill_used": "fabrication",
    "skills_required": [ "traps", 1 ],
    "difficulty": 2,
    "time": 125000,
    "autolearn": false,
    "never_learn": true,
    "components": [ [ [ "steel_chunk", 1 ], [ "scrap", 3 ] ], [ [ "charcoal", 50 ] ] ]
  },
  {
    "type": "recipe",
    "result": "hand_drill",
    "id_suffix": "npc",
    "category": "CC_OTHER",
    "subcategory": "CSC_OTHER_TOOLS",
    "skill_used": "fabrication",
    "difficulty": 5,
    "time": 170000,
    "autolearn": false,
    "never_learn": true,
    "components": [
      [ [ "steel_lump", 2 ], [ "steel_chunk", 6 ], [ "scrap", 18 ] ],
      [ [ "2x4", 1 ], [ "stick", 2 ], [ "splinter", 6 ] ],
      [ [ "charcoal", 250 ] ]
    ]
  },
  {
    "type": "recipe",
    "result": "sheet_metal",
    "id_suffix": "npc",
    "category": "CC_OTHER",
    "subcategory": "CSC_OTHER_MATERIALS",
    "skill_used": "fabrication",
    "difficulty": 4,
    "time": 280000,
    "autolearn": false,
    "never_learn": true,
    "components": [ [ [ "steel_lump", 2 ], [ "steel_chunk", 8 ], [ "scrap", 24 ] ], [ [ "charcoal", 100 ] ] ]
  },
  {
    "type": "recipe",
    "result": "chain",
    "id_suffix": "npc",
    "category": "CC_OTHER",
    "subcategory": "CSC_OTHER_MATERIALS",
    "skill_used": "fabrication",
    "difficulty": 6,
    "time": 580000,
    "autolearn": false,
    "never_learn": true,
    "components": [ [ [ "steel_lump", 8 ], [ "steel_chunk", 24 ] ], [ [ "charcoal", 450 ] ] ]
  },
  {
    "type": "recipe",
    "result": "shovel",
    "id_suffix": "npc",
    "category": "CC_OTHER",
    "subcategory": "CSC_OTHER_TOOLS",
    "skill_used": "fabrication",
    "difficulty": 4,
    "time": 320000,
    "autolearn": false,
    "never_learn": true,
    "components": [
      [ [ "steel_lump", 2 ], [ "steel_chunk", 8 ], [ "scrap", 24 ] ],
      [ [ "2x4", 2 ], [ "stick", 4 ] ],
      [ [ "charcoal", 200 ] ]
    ]
  },
  {
    "type": "recipe",
    "result": "rebar",
    "id_suffix": "npc",
    "category": "CC_OTHER",
    "subcategory": "CSC_OTHER_MATERIALS",
    "skill_used": "fabrication",
    "difficulty": 2,
    "time": 120000,
    "autolearn": false,
    "never_learn": true,
    "components": [ [ [ "scrap", 3 ] ], [ [ "charcoal", 50 ] ] ]
  },
  {
    "type": "recipe",
    "result": "ring",
    "id_suffix": "npc",
    "category": "CC_ARMOR",
    "subcategory": "CSC_ARMOR_OTHER",
    "skill_used": "fabrication",
    "difficulty": 6,
    "time": 150000,
    "autolearn": false,
    "never_learn": true,
    "components": [ [ [ "gold_small", 3 ] ], [ [ "charcoal", 50 ] ] ]
  },
  {
    "type": "recipe",
    "result": "hammer_sledge",
    "id_suffix": "npc",
    "category": "CC_OTHER",
    "subcategory": "CSC_OTHER_TOOLS",
    "skill_used": "fabrication",
    "difficulty": 6,
    "time": 460000,
    "autolearn": false,
    "never_learn": true,
    "components": [ [ [ "steel_lump", 8 ], [ "steel_chunk", 24 ] ], [ [ "2x4", 3 ], [ "stick", 6 ] ], [ [ "charcoal", 300 ] ] ]
  },
  {
    "type": "recipe",
    "result": "knife_combat",
    "id_suffix": "npc",
    "category": "CC_WEAPON",
    "subcategory": "CSC_WEAPON_PIERCING",
    "skill_used": "fabrication",
    "difficulty": 6,
    "time": 420000,
    "autolearn": false,
    "never_learn": true,
    "components": [
      [ [ "steel_lump", 1 ], [ "steel_chunk", 4 ], [ "scrap", 12 ] ],
      [ [ "fur", 2 ], [ "leather", 2 ] ],
      [ [ "charcoal", 300 ] ]
    ]
  },
  {
    "type": "recipe",
    "result": "spear_steel",
    "id_suffix": "npc",
    "category": "CC_WEAPON",
    "subcategory": "CSC_WEAPON_PIERCING",
    "skill_used": "fabrication",
    "difficulty": 4,
    "time": 80000,
    "autolearn": false,
    "never_learn": true,
    "using": [ [ "filament", 100 ] ],
    "components": [
      [ [ "steel_lump", 1 ], [ "steel_chunk", 4 ], [ "scrap", 20 ] ],
      [ [ "2x4", 3 ], [ "stick", 6 ] ],
      [ [ "rag", 2 ], [ "felt_patch", 2 ], [ "leather", 2 ], [ "fur", 2 ] ],
      [ [ "charcoal", 20 ] ]
    ]
  },
  {
    "type": "recipe",
    "result": "machete",
    "id_suffix": "npc",
    "category": "CC_WEAPON",
    "subcategory": "CSC_WEAPON_CUTTING",
    "skill_used": "fabrication",
    "difficulty": 4,
    "time": 420000,
    "autolearn": false,
    "never_learn": true,
    "components": [
      [ [ "steel_lump", 2 ], [ "steel_chunk", 8 ], [ "scrap", 24 ] ],
      [ [ "2x4", 1 ], [ "stick", 2 ] ],
      [ [ "fur", 2 ], [ "leather", 2 ] ],
      [ [ "charcoal", 200 ] ]
    ]
  },
  {
    "type": "recipe",
    "result": "pipe",
    "id_suffix": "npc",
    "category": "CC_OTHER",
    "subcategory": "CSC_OTHER_MATERIALS",
    "skill_used": "fabrication",
    "difficulty": 4,
    "time": 120000,
    "autolearn": false,
    "never_learn": true,
    "components": [ [ [ "scrap", 7 ] ], [ [ "charcoal", 50 ] ] ]
  },
  {
    "type": "recipe",
    "result": "screwdriver",
    "id_suffix": "npc",
    "category": "CC_OTHER",
    "subcategory": "CSC_OTHER_TOOLS",
    "skill_used": "fabrication",
    "difficulty": 6,
    "time": 220000,
    "autolearn": false,
    "never_learn": true,
    "components": [ [ [ "steel_chunk", 1 ], [ "scrap", 5 ] ], [ [ "plastic_chunk", 1 ] ], [ [ "charcoal", 50 ] ] ]
  },
  {
    "type": "recipe",
    "result": "throwing_axe",
    "id_suffix": "npc",
    "category": "CC_WEAPON",
    "subcategory": "CSC_WEAPON_RANGED",
    "skill_used": "fabrication",
    "difficulty": 3,
    "time": 240000,
    "autolearn": false,
    "never_learn": true,
    "qualities": [ { "id": "CUT", "level": 1 } ],
    "components": [ [ [ "steel_chunk", 3 ], [ "scrap", 9 ] ], [ [ "2x4", 1 ], [ "stick", 1 ] ], [ [ "charcoal", 150 ] ] ]
  },
  {
    "type": "recipe",
    "result": "wrench",
    "id_suffix": "npc",
    "category": "CC_OTHER",
    "subcategory": "CSC_OTHER_TOOLS",
    "skill_used": "fabrication",
    "difficulty": 4,
    "time": 340000,
    "autolearn": false,
    "never_learn": true,
    "components": [ [ [ "steel_lump", 1 ], [ "steel_chunk", 4 ], [ "scrap", 12 ] ], [ [ "charcoal", 200 ] ] ]
  },
  {
    "type": "recipe",
    "result": "hatchet",
    "id_suffix": "npc",
    "category": "CC_WEAPON",
    "subcategory": "CSC_WEAPON_CUTTING",
    "skill_used": "fabrication",
    "difficulty": 6,
    "time": 360000,
    "autolearn": false,
    "never_learn": true,
    "components": [
      [ [ "steel_lump", 1 ], [ "steel_chunk", 4 ], [ "scrap", 12 ] ],
      [ [ "2x4", 1 ], [ "stick", 2 ] ],
      [ [ "charcoal", 300 ] ]
    ]
  },
  {
    "type": "recipe",
    "result": "throwing_knife",
    "id_suffix": "npc",
    "category": "CC_WEAPON",
    "subcategory": "CSC_WEAPON_RANGED",
    "skill_used": "fabrication",
    "difficulty": 4,
    "time": 300000,
    "autolearn": false,
    "never_learn": true,
    "components": [ [ [ "steel_chunk", 2 ], [ "scrap", 6 ] ], [ [ "charcoal", 200 ] ] ]
  },
  {
    "type": "recipe",
    "result": "crowbar",
    "id_suffix": "npc",
    "category": "CC_WEAPON",
    "subcategory": "CSC_WEAPON_BASHING",
    "skill_used": "fabrication",
    "difficulty": 3,
    "time": 160000,
    "autolearn": false,
    "never_learn": true,
    "components": [ [ [ "steel_lump", 2 ], [ "steel_chunk", 8 ], [ "scrap", 40 ] ], [ [ "charcoal", 160 ] ] ]
  },
  {
    "type": "recipe",
    "result": "pot",
    "id_suffix": "npc",
    "category": "CC_OTHER",
    "subcategory": "CSC_OTHER_TOOLS",
    "skill_used": "fabrication",
    "difficulty": 2,
    "time": 130000,
    "autolearn": false,
    "never_learn": true,
    "components": [ [ [ "steel_lump", 2 ], [ "steel_chunk", 8 ], [ "scrap", 24 ] ], [ [ "charcoal", 100 ] ] ]
  },
  {
    "type": "recipe",
    "result": "hoe",
    "id_suffix": "npc",
    "category": "CC_OTHER",
    "subcategory": "CSC_OTHER_TOOLS",
    "skill_used": "fabrication",
    "difficulty": 5,
    "time": 360000,
    "autolearn": false,
    "never_learn": true,
    "components": [
      [ [ "steel_lump", 2 ], [ "steel_chunk", 8 ], [ "scrap", 24 ] ],
      [ [ "2x4", 2 ], [ "stick", 4 ] ],
      [ [ "charcoal", 100 ] ]
    ]
  },
  {
    "type": "recipe",
    "result": "pliers",
    "id_suffix": "npc",
    "category": "CC_OTHER",
    "subcategory": "CSC_OTHER_TOOLS",
    "skill_used": "fabrication",
    "difficulty": 2,
    "time": 340000,
    "autolearn": false,
    "never_learn": true,
    "components": [ [ [ "steel_chunk", 1 ], [ "scrap", 3 ] ], [ [ "plastic_chunk", 1 ] ], [ [ "charcoal", 100 ] ] ]
  },
  {
    "type": "recipe",
    "result": "halberd",
    "id_suffix": "npc",
    "category": "CC_WEAPON",
    "subcategory": "CSC_WEAPON_CUTTING",
    "skill_used": "fabrication",
    "difficulty": 7,
    "time": 400000,
    "autolearn": false,
    "never_learn": true,
    "components": [
      [ [ "steel_lump", 3 ], [ "steel_chunk", 12 ], [ "scrap", 36 ] ],
      [ [ "2x4", 4 ], [ "stick", 8 ] ],
      [ [ "fur", 2 ], [ "leather", 2 ] ],
      [ [ "charcoal", 350 ] ]
    ]
  },
  {
    "type": "recipe",
    "result": "cuirass_lightplate",
    "id_suffix": "npc",
    "category": "CC_ARMOR",
    "subcategory": "CSC_ARMOR_TORSO",
    "skill_used": "fabrication",
    "difficulty": 8,
    "time": 240000,
    "autolearn": false,
    "never_learn": true,
    "components": [
      [ [ "steel_lump", 8 ], [ "steel_chunk", 32 ] ],
      [ [ "fur", 6 ], [ "tanned_pelt", 1 ], [ "leather", 6 ], [ "tanned_hide", 1 ] ],
      [ [ "charcoal", 150 ] ]
    ]
  },
  {
    "type": "recipe",
    "result": "pockknife",
    "id_suffix": "npc",
    "category": "CC_WEAPON",
    "subcategory": "CSC_WEAPON_PIERCING",
    "skill_used": "fabrication",
    "difficulty": 7,
    "time": 320000,
    "autolearn": false,
    "never_learn": true,
    "components": [ [ [ "steel_lump", 1 ], [ "steel_chunk", 4 ], [ "scrap", 12 ] ], [ [ "plastic_chunk", 1 ] ], [ [ "charcoal", 350 ] ] ]
  },
  {
    "type": "recipe",
    "result": "warhammer",
    "id_suffix": "npc",
    "category": "CC_WEAPON",
    "subcategory": "CSC_WEAPON_BASHING",
    "skill_used": "fabrication",
    "difficulty": 7,
    "time": 540000,
    "autolearn": false,
    "never_learn": true,
    "components": [
      [ [ "steel_lump", 2 ], [ "steel_chunk", 8 ], [ "scrap", 24 ] ],
      [ [ "2x4", 1 ], [ "stick", 2 ] ],
      [ [ "charcoal", 350 ] ]
    ]
  },
  {
    "type": "recipe",
    "result": "helmet_plate",
    "id_suffix": "npc",
    "category": "CC_ARMOR",
    "subcategory": "CSC_ARMOR_HEAD",
    "skill_used": "fabrication",
    "difficulty": 7,
    "time": 620000,
    "autolearn": false,
    "never_learn": true,
    "components": [
      [ [ "steel_lump", 14 ], [ "steel_chunk", 56 ], [ "scrap", 280 ] ],
      [ [ "fur", 4 ], [ "leather", 4 ] ],
      [ [ "charcoal", 350 ] ]
    ]
  },
  {
    "type": "recipe",
    "result": "armor_lightplate",
    "id_suffix": "npc",
    "category": "CC_ARMOR",
    "subcategory": "CSC_ARMOR_SUIT",
    "skill_used": "fabrication",
    "difficulty": 8,
    "time": 650000,
    "autolearn": false,
    "never_learn": true,
    "components": [
      [ [ "steel_lump", 20 ], [ "steel_chunk", 80 ] ],
      [ [ "fur", 20 ], [ "tanned_pelt", 3 ], [ "leather", 20 ], [ "tanned_hide", 3 ] ],
      [ [ "charcoal", 400 ] ]
    ]
  },
  {
    "type": "recipe",
    "result": "broadsword",
    "id_suffix": "npc",
    "category": "CC_WEAPON",
    "subcategory": "CSC_WEAPON_CUTTING",
    "skill_used": "fabrication",
    "difficulty": 8,
    "time": 500000,
    "autolearn": false,
    "never_learn": true,
    "components": [
      [ [ "steel_lump", 3 ], [ "steel_chunk", 12 ], [ "scrap", 36 ] ],
      [ [ "2x4", 1 ], [ "stick", 2 ] ],
      [ [ "fur", 1 ], [ "leather", 1 ] ],
      [ [ "charcoal", 400 ] ]
    ]
  },
  {
    "type": "recipe",
    "result": "scimitar",
    "id_suffix": "npc",
    "category": "CC_WEAPON",
    "subcategory": "CSC_WEAPON_CUTTING",
    "skill_used": "fabrication",
    "difficulty": 8,
    "time": 480000,
    "autolearn": false,
    "never_learn": true,
    "components": [
      [ [ "steel_lump", 3 ], [ "steel_chunk", 12 ], [ "scrap", 36 ] ],
      [ [ "2x4", 1 ], [ "stick", 2 ] ],
      [ [ "fur", 1 ], [ "leather", 1 ] ],
      [ [ "charcoal", 450 ] ]
    ]
  },
  {
    "type": "recipe",
    "result": "fire_ax",
    "id_suffix": "npc",
    "category": "CC_WEAPON",
    "subcategory": "CSC_WEAPON_CUTTING",
    "skill_used": "fabrication",
    "difficulty": 9,
    "time": 480000,
    "autolearn": false,
    "never_learn": true,
    "components": [
      [ [ "steel_lump", 4 ], [ "steel_chunk", 12 ], [ "scrap", 36 ] ],
      [ [ "2x4", 2 ], [ "stick", 4 ] ],
      [ [ "charcoal", 450 ] ]
    ]
  },
  {
    "type": "recipe",
    "result": "hacksaw",
    "id_suffix": "npc",
    "category": "CC_OTHER",
    "subcategory": "CSC_OTHER_TOOLS",
    "skill_used": "fabrication",
    "difficulty": 4,
    "time": 380000,
    "autolearn": false,
    "never_learn": true,
    "components": [ [ [ "steel_lump", 1 ], [ "steel_chunk", 4 ], [ "scrap", 12 ] ], [ [ "plastic_chunk", 1 ] ], [ [ "charcoal", 200 ] ] ]
  },
  {
    "type": "recipe",
    "result": "saw",
    "id_suffix": "npc",
    "category": "CC_OTHER",
    "subcategory": "CSC_OTHER_TOOLS",
    "skill_used": "fabrication",
    "difficulty": 7,
    "time": 480000,
    "autolearn": false,
    "never_learn": true,
    "components": [
      [ [ "steel_lump", 2 ], [ "steel_chunk", 6 ], [ "scrap", 18 ] ],
      [ [ "2x4", 2 ], [ "stick", 4 ] ],
      [ [ "charcoal", 350 ] ]
    ]
  },
  {
    "type": "recipe",
    "result": "pike",
    "id_suffix": "npc",
    "category": "CC_WEAPON",
    "subcategory": "CSC_WEAPON_PIERCING",
    "skill_used": "fabrication",
    "difficulty": 7,
    "time": 420000,
    "autolearn": false,
    "never_learn": true,
    "components": [
      [ [ "steel_lump", 2 ], [ "steel_chunk", 8 ], [ "scrap", 24 ] ],
      [ [ "2x4", 4 ], [ "stick", 8 ] ],
      [ [ "fur", 2 ], [ "leather", 2 ] ],
      [ [ "charcoal", 350 ] ]
    ]
  },
  {
    "type": "recipe",
    "result": "rapier",
    "id_suffix": "npc",
    "category": "CC_WEAPON",
    "subcategory": "CSC_WEAPON_PIERCING",
    "skill_used": "fabrication",
    "difficulty": 9,
    "time": 500000,
    "autolearn": false,
    "never_learn": true,
    "components": [
      [ [ "steel_lump", 2 ], [ "steel_chunk", 8 ], [ "scrap", 24 ] ],
      [ [ "2x4", 1 ], [ "stick", 2 ] ],
      [ [ "fur", 2 ], [ "leather", 2 ] ],
      [ [ "charcoal", 450 ] ]
    ]
  },
  {
    "type": "recipe",
    "result": "halligan",
    "id_suffix": "npc",
    "category": "CC_WEAPON",
    "subcategory": "CSC_WEAPON_BASHING",
    "skill_used": "fabrication",
    "difficulty": 8,
    "time": 500000,
    "autolearn": false,
    "never_learn": true,
    "components": [ [ [ "steel_lump", 3 ], [ "steel_chunk", 12 ], [ "scrap", 60 ] ], [ [ "charcoal", 400 ] ] ]
  },
  {
    "type": "recipe",
    "result": "zweihander",
    "id_suffix": "npc",
    "category": "CC_WEAPON",
    "subcategory": "CSC_WEAPON_CUTTING",
    "skill_used": "fabrication",
    "difficulty": 9,
    "time": 580000,
    "autolearn": false,
    "never_learn": true,
    "components": [
      [ [ "steel_lump", 4 ], [ "steel_chunk", 16 ], [ "scrap", 48 ] ],
      [ [ "2x4", 2 ], [ "stick", 4 ] ],
      [ [ "fur", 2 ], [ "leather", 2 ] ],
      [ [ "charcoal", 450 ] ]
    ]
  },
  {
    "type": "recipe",
    "result": "pickaxe",
    "id_suffix": "npc",
    "category": "CC_OTHER",
    "subcategory": "CSC_OTHER_TOOLS",
    "skill_used": "fabrication",
    "difficulty": 7,
    "time": 500000,
    "autolearn": false,
    "never_learn": true,
    "components": [
      [ [ "steel_lump", 2 ], [ "steel_chunk", 8 ], [ "scrap", 40 ] ],
      [ [ "2x4", 2 ], [ "stick", 4 ] ],
      [ [ "charcoal", 450 ] ]
    ]
  },
  {
    "type": "recipe",
    "result": "sheet_metal",
    "id_suffix": "npc_drop",
    "category": "CC_OTHER",
    "subcategory": "CSC_OTHER_MATERIALS",
    "skill_used": "fabrication",
    "difficulty": 4,
    "time": 140000,
    "autolearn": false,
    "never_learn": true,
    "components": [ [ [ "steel_lump", 2 ], [ "steel_chunk", 8 ], [ "scrap", 24 ] ], [ [ "charcoal", 200 ] ] ]
  },
  {
    "type": "recipe",
    "result": "chain",
    "id_suffix": "npc_drop",
    "category": "CC_OTHER",
    "subcategory": "CSC_OTHER_MATERIALS",
    "skill_used": "fabrication",
    "difficulty": 6,
    "time": 290000,
    "autolearn": false,
    "never_learn": true,
    "components": [ [ [ "steel_lump", 8 ], [ "steel_chunk", 24 ] ], [ [ "charcoal", 700 ] ] ]
  },
  {
    "type": "recipe",
    "result": "nail",
    "id_suffix": "npc_drop",
    "category": "CC_OTHER",
    "subcategory": "CSC_OTHER_MATERIALS",
    "skill_used": "fabrication",
    "difficulty": 1,
    "time": 120000,
    "autolearn": false,
    "never_learn": true,
    "tools": [ [ [ "tongs", -1 ] ], [ [ "swage", -1 ] ] ],
    "components": [ [ [ "steel_chunk", 1 ], [ "scrap", 3 ] ], [ [ "charcoal", 100 ] ] ]
  },
  {
    "type": "recipe",
    "result": "wire",
    "id_suffix": "npc_drop",
    "category": "CC_OTHER",
    "subcategory": "CSC_OTHER_MATERIALS",
    "skill_used": "fabrication",
    "difficulty": 3,
    "time": 20000,
    "autolearn": false,
    "never_learn": true,
    "qualities": [ { "id": "HAMMER", "level": 3 }, { "id": "CHISEL", "level": 3 } ],
    "tools": [ [ [ "tongs", -1 ] ] ],
    "components": [ [ [ "scrap", 1 ] ], [ [ "charcoal", 100 ] ] ]
  },
  {
    "type": "recipe",
    "result": "pipe",
    "id_suffix": "npc_drop",
    "category": "CC_OTHER",
    "subcategory": "CSC_OTHER_MATERIALS",
    "skill_used": "fabrication",
    "difficulty": 4,
    "time": 60000,
    "autolearn": false,
    "never_learn": true,
    "components": [ [ [ "scrap", 7 ] ], [ [ "charcoal", 100 ] ] ]
  },
  {
    "type": "recipe",
    "result": "rebar",
    "id_suffix": "npc_drop",
    "category": "CC_OTHER",
    "subcategory": "CSC_OTHER_MATERIALS",
    "skill_used": "fabrication",
    "difficulty": 2,
    "time": 60000,
    "autolearn": false,
    "never_learn": true,
    "components": [ [ [ "scrap", 3 ] ], [ [ "charcoal", 100 ] ] ]
  }
]
