[
  {
    "type": "mapgen",
    "method": "json",
    "om_terrain": [ "state_park_0_1" ],
    "weight": 100,
    "object": {
      "rows": [
        "|...#..___.....##.......",
        "|..#.#.___#...7...4..#..",
        "|##7#..___..#...1....T..",
        "|..#..4___..1..#.#.t.S..",
        "|.B...#___#....7....#..#",
        "|..#...___...#...4#...4.",
        "|.t..7____.7...f.#..1...",
        "|.....____#.t...###.....",
        "|#..#.____7......#.#..7.",
        "|#...4______##..t..B.u..",
        "|.f.#_____cbbc..s......#",
        "|.u.._____caac_..###.4..",
        "|....___4.caac__#4______",
        "|.#14___..cbbc__________",
        "|....___T.cccc__________",
        "|7.#.___.B...4____.&dd_.",
        "|...T____.4..____.....4.",
        "|.t...__________....e...",
        "|.#s.4________4..#.1.#..",
        "|.##...______.......#...",
        "|..1..g..___T.#.7..f..1.",
        "|........44....s.....#..",
        "|.#.f.#...#.#.t..4.##...",
        "||||||||||||||||||||||||"
      ],
      "terrain": {
        "#": "t_underbrush",
        "&": "t_dirt",
        ".": "t_grass",
        "1": "t_tree_young",
        "4": "t_tree_pine",
        "7": "t_tree",
        "B": "t_grass",
        "S": "t_shrub_strawberry_harvested",
        "T": "t_tree_hickory",
        "_": "t_dirt",
        "a": "t_concrete",
        "b": "t_concrete",
        "c": "t_concrete",
        "d": "t_dirt",
        "e": "t_shrub",
        "f": "t_grass",
        "g": "t_tree_apple_harvested",
        "s": "t_shrub_blueberry",
        "t": "t_tree_deadpine",
        "u": "t_underbrush",
        "|": "t_chainfence_h"
      },
      "furniture": { "&": "f_trashcan", "B": "f_bluebell", "a": "f_table", "b": "f_bench", "d": "f_bench", "f": "f_dandelion" },
      "add": [
        { "item": "log", "x": 16, "y": 4 },
        { "item": "rock", "x": 1, "y": 7 },
        { "item": "log", "x": 2, "y": 12 },
        { "item": "log", "x": 17, "y": 19 },
        { "item": "rock", "x": 13, "y": 21 }
      ]
    }
  }
]
