[
  {
    "result": "spaghetti_cooked",
    "type": "recipe",
    "category": "CC_FOOD",
    "subcategory": "CSC_FOOD_PASTA",
    "skill_used": "cooking",
    "time": 10000,
    "autolearn": true,
    "qualities": [ { "id": "COOK", "level": 3 } ],
    "tools": [ [ [ "surface_heat", 4, "LIST" ] ] ],
    "components": [
      [ [ "spaghetti_raw", 1 ], [ "macaroni_raw", 1 ], [ "noodles_fast", 1 ], [ "lasagne_raw", 1 ] ],
      [ [ "water", 1 ], [ "water_clean", 1 ] ]
    ]
  },
  {
    "result": "macaroni_cooked",
    "type": "recipe",
    "category": "CC_FOOD",
    "subcategory": "CSC_FOOD_PASTA",
    "skill_used": "cooking",
    "difficulty": 1,
    "time": 10000,
    "autolearn": true,
    "qualities": [ { "id": "COOK", "level": 3 } ],
    "tools": [ [ [ "surface_heat", 4, "LIST" ] ] ],
    "components": [
      [ [ "spaghetti_raw", 1 ], [ "macaroni_raw", 1 ], [ "noodles_fast", 1 ] ],
      [ [ "cheese", 1 ], [ "cheese_hard", 1 ], [ "can_cheese", 1 ] ],
      [ [ "water", 1 ], [ "water_clean", 1 ] ]
    ]
  },
  {
    "result": "spaghetti_bolognese",
    "type": "recipe",
    "category": "CC_FOOD",
    "subcategory": "CSC_FOOD_PASTA",
    "skill_used": "cooking",
    "difficulty": 4,
    "time": 20000,
    "book_learn": [ [ "cookbook_italian", 3 ] ],
    "qualities": [
      { "id": "CUT", "level": 1 },
      { "id": "COOK", "level": 3 }
    ],
    "tools": [ [ [ "surface_heat", 6, "LIST" ] ] ],
    "components": [
      [ [ "spaghetti_raw", 1 ] ],
      [ [ "water", 1 ], [ "water_clean", 1 ] ],
      [ [ "seasoning_italian", 5 ], [ "sauce_red", 1 ], [ "tomato", 2 ], [ "irradiated_tomato", 2 ], [ "can_tomato", 2 ], [ "wild_herbs", 10 ] ],
      [ [ "meat", 2 ], [ "meat_canned", 2 ], [ "can_chicken", 1 ], [ "rehydrated_meat", 2 ], [ "dry_meat", 2 ] ]
    ]
  },
  {
    "result": "lasagne",
    "type": "recipe",
    "category": "CC_FOOD",
    "subcategory": "CSC_FOOD_PASTA",
    "skill_used": "cooking",
    "difficulty": 4,
    "time": 20000,
    "book_learn": [ [ "cookbook_italian", 3 ] ],
    "qualities": [
      { "id": "CUT", "level": 1 },
      { "id": "COOK", "level": 2 }
    ],
    "tools": [ [ [ "surface_heat", 6, "LIST" ] ] ],
    "components": [
      [ [ "lasagne_raw", 1 ] ],
      [ [ "water", 1 ], [ "water_clean", 1 ] ],
      [ [ "seasoning_italian", 5 ], [ "sauce_red", 1 ], [ "tomato", 2 ], [ "irradiated_tomato", 2 ], [ "can_tomato", 2 ], [ "wild_herbs", 10 ] ],
      [ [ "meat", 2 ], [ "meat_canned", 2 ], [ "can_chicken", 1 ], [ "rehydrated_meat", 2 ], [ "dry_meat", 2 ] ]
    ]
  },
  {
    "result": "luigilasagne",
    "type": "recipe",
    "category": "CC_FOOD",
    "subcategory": "CSC_FOOD_PASTA",
    "skill_used": "cooking",
    "difficulty": 4,
    "time": 20000,
    "book_learn": [ [ "cookbook_human", 3 ] ],
    "qualities": [
      { "id": "CUT", "level": 1 },
      { "id": "COOK", "level": 2 }
    ],
    "tools": [ [ [ "surface_heat", 6, "LIST" ] ] ],
    "components": [
      [ [ "lasagne_raw", 1 ] ],
      [ [ "water", 1 ], [ "water_clean", 1 ] ],
      [ [ "seasoning_italian", 5 ], [ "sauce_red", 1 ], [ "tomato", 2 ], [ "irradiated_tomato", 2 ], [ "can_tomato", 2 ], [ "wild_herbs", 10 ] ],
      [ [ "human_flesh", 2 ], [ "human_canned", 1 ], [ "rehydrated_hflesh", 2 ], [ "dry_hflesh", 2 ] ]
    ]
  },
  {
    "result": "spaghetti_human",
    "type": "recipe",
    "category": "CC_FOOD",
    "subcategory": "CSC_FOOD_PASTA",
    "skill_used": "cooking",
    "difficulty": 4,
    "time": 20000,
    "book_learn": [ [ "cookbook_human", 4 ] ],
    "qualities": [
      { "id": "CUT", "level": 1 },
      { "id": "COOK", "level": 3 }
    ],
    "tools": [ [ [ "surface_heat", 6, "LIST" ] ] ],
    "components": [
      [ [ "spaghetti_raw", 1 ] ],
      [ [ "water", 1 ], [ "water_clean", 1 ] ],
      [ [ "seasoning_italian", 5 ], [ "sauce_red", 1 ], [ "tomato", 2 ], [ "irradiated_tomato", 2 ], [ "can_tomato", 2 ], [ "wild_herbs", 10 ] ],
      [ [ "human_flesh", 2 ], [ "human_canned", 1 ], [ "rehydrated_hflesh", 2 ], [ "dry_hflesh", 2 ] ]
    ]
  },
  {
    "result": "spaghetti_pesto",
    "type": "recipe",
    "category": "CC_FOOD",
    "subcategory": "CSC_FOOD_PASTA",
    "skill_used": "cooking",
    "difficulty": 4,
    "time": 20000,
    "book_learn": [ [ "cookbook_italian", 3 ] ],
    "qualities": [
      { "id": "CUT", "level": 1 },
      { "id": "COOK", "level": 3 }
    ],
    "tools": [ [ [ "surface_heat", 4, "LIST" ] ] ],
    "components": [
      [ [ "spaghetti_raw", 1 ] ],
      [ [ "water", 1 ], [ "water_clean", 1 ] ],
      [ [ "seasoning_italian", 5 ], [ "sauce_pesto", 1 ], [ "wild_herbs", 10 ] ],
      [ [ "veggy", 2 ], [ "veggy_wild", 2 ], [ "rehydrated_veggy", 2 ], [ "dry_veggy", 2 ], [ "mushroom", 2 ], [ "mushroom_cooked", 2 ], [ "morel_cooked", 2 ], [ "dry_mushroom", 2 ] ]
    ]
  },
  {
    "result": "noodles_fast",
    "type": "recipe",
    "category": "CC_FOOD",
    "subcategory": "CSC_FOOD_PASTA",
    "skill_used": "cooking",
    "difficulty": 4,
    "time": 30000,
    "autolearn": true,
    "tools": [
      [ [ "surface_heat", 25, "LIST" ] ],
      [ [ "pastaextruder", -1 ] ]
    ],
    "components": [
      [ [ "flour", 4 ] ],
      [ [ "water", 1 ], [ "water_clean", 1 ] ]
    ]
  },
  {
    "result": "spaghetti_raw",
    "type": "recipe",
    "category": "CC_FOOD",
    "subcategory": "CSC_FOOD_PASTA",
    "skill_used": "cooking",
    "difficulty": 4,
    "time": 30000,
    "autolearn": true,
    "tools": [
      [ [ "surface_heat", 25, "LIST" ] ],
      [ [ "pastaextruder", -1 ] ]
    ],
    "components": [
      [ [ "flour", 4 ] ],
      [ [ "water", 1 ], [ "water_clean", 1 ] ]
    ]
  },
  {
    "result": "lasagne_raw",
    "type": "recipe",
    "category": "CC_FOOD",
    "subcategory": "CSC_FOOD_PASTA",
    "skill_used": "cooking",
    "difficulty": 4,
    "time": 30000,
    "autolearn": true,
    "tools": [
      [ [ "surface_heat", 25, "LIST" ] ],
      [ [ "pastaextruder", -1 ] ]
    ],
    "components": [
      [ [ "flour", 4 ] ],
      [ [ "water", 1 ], [ "water_clean", 1 ] ]
    ]
  },
  {
    "result": "macaroni_raw",
    "type": "recipe",
    "category": "CC_FOOD",
    "subcategory": "CSC_FOOD_PASTA",
    "skill_used": "cooking",
    "difficulty": 4,
    "time": 30000,
    "autolearn": true,
    "tools": [
      [ [ "surface_heat", 25, "LIST" ] ],
      [ [ "pastaextruder", -1 ] ]
    ],
    "components": [
      [ [ "flour", 4 ] ],
      [ [ "water", 1 ], [ "water_clean", 1 ] ]
    ]
  },
  {
    "result": "macaroni_helper",
    "type": "recipe",
    "category": "CC_FOOD",
    "subcategory": "CSC_FOOD_PASTA",
    "skill_used": "cooking",
    "difficulty": 1,
    "time": 10000,
    "autolearn": true,
    "qualities": [ { "id": "COOK", "level": 3 } ],
    "tools": [ [ [ "surface_heat", 4, "LIST" ] ] ],
    "components": [
      [ [ "spaghetti_raw", 1 ], [ "macaroni_raw", 1 ], [ "noodles_fast", 1 ] ],
      [ [ "meat", 1 ], [ "rehydrated_meat", 1 ], [ "dry_meat", 1 ], [ "can_chicken", 2 ], [ "meat_canned", 1 ], [ "fish", 1 ], [ "dry_fish", 1 ], [ "rehydrated_fish", 1 ], [ "fish_canned", 1 ], [ "can_salmon", 2 ], [ "can_tuna", 2 ], [ "bacon", 2 ], [ "can_spam", 1 ], [ "sausage", 1 ] ],
      [ [ "cheese", 1 ], [ "cheese_hard", 1 ], [ "can_cheese", 1 ] ],
      [ [ "water", 1 ], [ "water_clean", 1 ] ]
    ]
  },
  {
    "result": "hobo_helper",
    "type": "recipe",
    "category": "CC_FOOD",
    "subcategory": "CSC_FOOD_PASTA",
    "skill_used": "cooking",
    "difficulty": 1,
    "time": 10000,
    "book_learn": [ [ "cookbook_human", 1 ] ],
    "qualities": [ { "id": "COOK", "level": 3 } ],
    "tools": [ [ [ "surface_heat", 4, "LIST" ] ] ],
    "components": [
      [ [ "spaghetti_raw", 1 ], [ "macaroni_raw", 1 ], [ "noodles_fast", 1 ] ],
      [ [ "human_flesh", 1 ], [ "dry_hflesh", 2 ], [ "rehydrated_hflesh", 2 ] ],
      [ [ "cheese", 1 ], [ "cheese_hard", 1 ], [ "can_cheese", 1 ] ],
      [ [ "water", 1 ], [ "water_clean", 1 ] ]
    ]
  }
]
