[
  {
    "result": "seed_pumpkin",
    "type": "recipe",
    "category": "CC_FOOD",
    "subcategory": "CSC_FOOD_SEEDS",
    "skill_used": "survival",
    "difficulty": 2,
    "time": 5000,
    "autolearn": true,
    "qualities": [ { "id": "CUT", "level": 1 } ],
    "components": [ [ [ "pumpkin", 1 ] ] ]
  },
  {
    "result": "seed_cucumber",
    "type": "recipe",
    "category": "CC_FOOD",
    "subcategory": "CSC_FOOD_SEEDS",
    "skill_used": "survival",
    "difficulty": 2,
    "time": 5000,
    "autolearn": true,
    "qualities": [ { "id": "CUT", "level": 1 } ],
    "components": [ [ [ "cucumber", 1 ] ] ]
  },
  {
    "result": "seed_oats",
    "type": "recipe",
    "category": "CC_FOOD",
    "subcategory": "CSC_FOOD_SEEDS",
    "skill_used": "survival",
    "autolearn": true,
    "components": [ [ [ "oats", 1 ] ] ]
  },
  {
    "result": "seed_corn",
    "type": "recipe",
    "category": "CC_FOOD",
    "subcategory": "CSC_FOOD_SEEDS",
    "skill_used": "survival",
    "difficulty": 2,
    "time": 5000,
    "autolearn": true,
    "qualities": [ { "id": "CUT", "level": 1 } ],
    "components": [ [ [ "corn", 1 ] ] ]
  },
  {
    "result": "seed_zucchini",
    "type": "recipe",
    "category": "CC_FOOD",
    "subcategory": "CSC_FOOD_SEEDS",
    "skill_used": "survival",
    "difficulty": 2,
    "time": 5000,
    "autolearn": true,
    "qualities": [ { "id": "CUT", "level": 1 } ],
    "components": [ [ [ "zucchini", 1 ] ] ]
  },
  {
    "result": "seed_barley",
    "type": "recipe",
    "category": "CC_FOOD",
    "subcategory": "CSC_FOOD_SEEDS",
    "skill_used": "survival",
    "autolearn": true,
    "components": [ [ [ "barley", 1 ] ] ]
  },
  {
    "result": "seed_tomato",
    "type": "recipe",
    "category": "CC_FOOD",
    "subcategory": "CSC_FOOD_SEEDS",
    "skill_used": "survival",
    "difficulty": 2,
    "time": 5000,
    "autolearn": true,
    "qualities": [ { "id": "CUT", "level": 1 } ],
    "components": [ [ [ "tomato", 1 ] ] ]
  },
  {
    "result": "seed_cranberries",
    "type": "recipe",
    "category": "CC_FOOD",
    "subcategory": "CSC_FOOD_SEEDS",
    "skill_used": "survival",
    "difficulty": 2,
    "time": 5000,
    "autolearn": true,
    "qualities": [ { "id": "CUT", "level": 1 } ],
    "components": [ [ [ "cranberries", 1 ] ] ]
  },
  {
    "result": "seed_blackberries",
    "type": "recipe",
    "category": "CC_FOOD",
    "subcategory": "CSC_FOOD_SEEDS",
    "skill_used": "survival",
    "difficulty": 2,
    "time": 5000,
    "autolearn": true,
    "qualities": [ { "id": "CUT", "level": 1 } ],
    "components": [ [ [ "blackberries", 1 ] ] ]
  },
  {
    "result": "seed_blueberries",
    "type": "recipe",
    "category": "CC_FOOD",
    "subcategory": "CSC_FOOD_SEEDS",
    "skill_used": "survival",
    "difficulty": 2,
    "time": 5000,
    "autolearn": true,
    "qualities": [ { "id": "CUT", "level": 1 } ],
    "components": [ [ [ "blueberries", 1 ] ] ]
  },
  {
    "result": "seed_raspberries",
    "type": "recipe",
    "category": "CC_FOOD",
    "subcategory": "CSC_FOOD_SEEDS",
    "skill_used": "survival",
    "difficulty": 2,
    "time": 5000,
    "autolearn": true,
    "qualities": [ { "id": "CUT", "level": 1 } ],
    "components": [ [ [ "raspberries", 1 ] ] ]
  },
  {
    "result": "seed_strawberries",
    "type": "recipe",
    "category": "CC_FOOD",
    "subcategory": "CSC_FOOD_SEEDS",
    "skill_used": "survival",
    "difficulty": 2,
    "time": 5000,
    "autolearn": true,
    "qualities": [ { "id": "CUT", "level": 1 } ],
    "components": [ [ [ "strawberries", 1 ] ] ]
  },
  {
    "result": "seed_chili_pepper",
    "type": "recipe",
    "category": "CC_FOOD",
    "subcategory": "CSC_FOOD_SEEDS",
    "skill_used": "survival",
    "difficulty": 2,
    "time": 5000,
    "autolearn": true,
    "qualities": [ { "id": "CUT", "level": 1 } ],
    "components": [ [ [ "chili_pepper", 1 ] ] ]
  },
  {
    "result": "seed_wheat",
    "type": "recipe",
    "category": "CC_FOOD",
    "subcategory": "CSC_FOOD_SEEDS",
    "skill_used": "survival",
    "autolearn": true,
    "components": [ [ [ "wheat", 1 ] ] ]
  },
  {
    "result": "seed_bee_balm",
    "type": "recipe",
    "category": "CC_FOOD",
    "subcategory": "CSC_FOOD_SEEDS",
    "skill_used": "survival",
    "difficulty": 2,
    "time": 5000,
    "autolearn": true,
    "qualities": [ { "id": "CUT", "level": 1 } ],
    "components": [ [ [ "bee_balm", 1 ] ] ]
  },
  {
    "result": "seed_buckwheat",
    "type": "recipe",
    "category": "CC_FOOD",
    "subcategory": "CSC_FOOD_SEEDS",
    "skill_used": "survival",
    "difficulty": 2,
    "time": 5000,
    "autolearn": true,
    "qualities": [ { "id": "CUT", "level": 1 } ],
    "components": [ [ [ "buckwheat", 1 ] ] ]
  },
  {
    "result": "seed_dogbane",
    "type": "recipe",
    "category": "CC_FOOD",
    "subcategory": "CSC_FOOD_SEEDS",
    "skill_used": "survival",
    "difficulty": 2,
    "time": 5000,
    "autolearn": true,
    "qualities": [ { "id": "CUT", "level": 1 } ],
    "components": [ [ [ "dogbane", 1 ] ] ]
  },
  {
    "result": "seed_garlic",
    "type": "recipe",
    "category": "CC_FOOD",
    "subcategory": "CSC_FOOD_SEEDS",
    "skill_used": "survival",
    "difficulty": 2,
    "time": 5000,
    "autolearn": true,
    "qualities": [ { "id": "CUT", "level": 1 } ],
    "components": [ [ [ "garlic", 1 ] ] ]
  },
  {
    "result": "seed_mugwort",
    "type": "recipe",
    "category": "CC_FOOD",
    "subcategory": "CSC_FOOD_SEEDS",
    "skill_used": "survival",
    "difficulty": 2,
    "time": 5000,
    "autolearn": true,
    "qualities": [ { "id": "CUT", "level": 1 } ],
    "components": [ [ [ "mugwort", 1 ] ] ]
  },
  {
    "result": "seed_mushroom",
    "type": "recipe",
    "category": "CC_FOOD",
    "subcategory": "CSC_FOOD_SEEDS",
    "skill_used": "survival",
    "difficulty": 4,
    "time": 5000,
    "autolearn": true,
    "qualities": [ { "id": "CUT", "level": 1 } ],
    "components": [ [ [ "mushroom", 1 ] ] ]
  },
  {
    "result": "seed_mushroom_magic",
    "type": "recipe",
    "category": "CC_FOOD",
    "subcategory": "CSC_FOOD_SEEDS",
    "skill_used": "survival",
    "difficulty": 4,
    "time": 5000,
    "autolearn": true,
    "qualities": [ { "id": "CUT", "level": 1 } ],
    "components": [ [ [ "mushroom_magic", 1 ] ] ]
  },
  {
    "result": "seed_mushroom_morel",
    "type": "recipe",
    "category": "CC_FOOD",
    "subcategory": "CSC_FOOD_SEEDS",
    "skill_used": "survival",
    "difficulty": 5,
    "time": 5000,
    "autolearn": true,
    "qualities": [ { "id": "CUT", "level": 1 } ],
    "components": [ [ [ "mushroom_morel", 1 ] ] ]
  },
  {
    "result": "seed_mushroom_poison",
    "type": "recipe",
    "category": "CC_FOOD",
    "subcategory": "CSC_FOOD_SEEDS",
    "skill_used": "survival",
    "difficulty": 4,
    "time": 5000,
    "autolearn": true,
    "qualities": [ { "id": "CUT", "level": 1 } ],
    "components": [ [ [ "mushroom_poison", 1 ] ] ]
  },
  {
    "result": "seed_raw_dandelion",
    "type": "recipe",
    "category": "CC_FOOD",
    "subcategory": "CSC_FOOD_SEEDS",
    "skill_used": "survival",
    "difficulty": 2,
    "time": 5000,
    "autolearn": true,
    "components": [ [ [ "raw_dandelion", 4 ] ] ]
  },
  {
    "result": "seed_rhubarb",
    "type": "recipe",
    "category": "CC_FOOD",
    "subcategory": "CSC_FOOD_SEEDS",
    "skill_used": "survival",
    "difficulty": 2,
    "time": 5000,
    "autolearn": true,
    "qualities": [ { "id": "CUT", "level": 1 } ],
    "components": [ [ [ "rhubarb", 4 ] ] ]
  },
  {
    "result": "seed_thyme",
    "type": "recipe",
    "category": "CC_FOOD",
    "subcategory": "CSC_FOOD_SEEDS",
    "skill_used": "survival",
    "difficulty": 2,
    "time": 5000,
    "autolearn": true,
    "qualities": [ { "id": "CUT", "level": 1 } ],
    "components": [ [ [ "thyme", 1 ] ] ]
  },
  {
    "result": "seed_veggy_wild",
    "type": "recipe",
    "category": "CC_FOOD",
    "subcategory": "CSC_FOOD_SEEDS",
    "skill_used": "survival",
    "difficulty": 2,
    "time": 5000,
    "autolearn": true,
    "qualities": [ { "id": "CUT", "level": 1 } ],
    "components": [ [ [ "veggy_wild", 1 ] ] ]
  },
  {
    "result": "seed_wild_herbs",
    "type": "recipe",
    "category": "CC_FOOD",
    "subcategory": "CSC_FOOD_SEEDS",
    "skill_used": "survival",
    "difficulty": 2,
    "time": 5000,
    "autolearn": true,
    "qualities": [ { "id": "CUT", "level": 1 } ],
    "components": [ [ [ "wild_herbs", 20 ] ] ]
  },
  {
    "result": "seed_potato_raw",
    "type": "recipe",
    "category": "CC_FOOD",
    "subcategory": "CSC_FOOD_SEEDS",
    "skill_used": "survival",
    "difficulty": 2,
    "time": 5000,
    "autolearn": true,
    "qualities": [ { "id": "CUT", "level": 1 } ],
    "components": [ [ [ "potato_raw", 1 ] ] ]
  }
]
