[
  {
    "result": "45_acp",
    "type": "uncraft",
    "time": 500,
    "qualities": [ { "id": "PULL", "level": 1 } ],
    "components": [
      [ [ "lead", 3 ] ],
      [ [ "45_casing", 1 ] ],
      [ [ "lgpistol_primer", 1 ] ],
      [ [ "gunpowder", 4 ] ]
    ],
    "flags": [ "UNCRAFT_SINGLE_CHARGE" ]
  },
  {
    "result": "45_jhp",
    "type": "uncraft",
    "time": 500,
    "qualities": [ { "id": "PULL", "level": 1 } ],
    "components": [
      [ [ "lead", 3 ] ],
      [ [ "45_casing", 1 ] ],
      [ [ "lgpistol_primer", 1 ] ],
      [ [ "gunpowder", 4 ] ]
    ],
    "flags": [ "UNCRAFT_SINGLE_CHARGE" ]
  },
  {
    "result": "45_super",
    "type": "uncraft",
    "time": 500,
    "qualities": [ { "id": "PULL", "level": 1 } ],
    "components": [
      [ [ "lead", 3 ] ],
      [ [ "45_casing", 1 ] ],
      [ [ "lgpistol_primer", 1 ] ],
      [ [ "gunpowder", 5 ] ]
    ],
    "flags": [ "UNCRAFT_SINGLE_CHARGE" ]
  }
]
