[
    {
        "type":"GENERIC",
        "id": "flyer",
        "category": "books",
        "symbol": ",",
        "color": "white",
        "name": "flyer",
        "name_plural": "flyers",
        "snippet_category": "flier",
        "description": "A scrap of paper.",
        "price": 0,
        "material": "paper",
        "weight": 3,
        "volume": 0
    },
    {
        "type":"GENERIC",
        "id": "survnote",
        "category": "books",
        "symbol": ",",
        "color": "white",
        "name": "survivor's note",
        "name_plural": "survivor's notes",
        "snippet_category": "note",
        "description": "A scrap of paper.  Something's written on it, scrawled in bad handwriting.",
        "price": 0,
        "material": "paper",
        "flags": "TRADER_AVOID",
        "weight": 3,
        "volume": 0
    },
        {
        "type":"GENERIC",
        "id": "newest_newspaper",
        "category": "books",
        "symbol": ",",
        "color": "white",
        "name": "newspaper page",
        "name_plural": "newspaper pages",
        "snippet_category": "newest_news",
        "description": "A single sheet of newspaper broadsheet.  It is possibly one of the last issues printed before New England was overwhelmed.  Most of the information on there is terribly trivial, or out of date, but one thing catches your eye briefly.",
        "price": 0,
        "material": "paper",
        "weight": 3,
        "volume": 0
    },
        {
        "type":"GENERIC",
        "id": "many_years_old_newspaper",
        "category": "books",
        "symbol": ",",
        "color": "white",
        "name": "newspaper page",
        "name_plural": "newspaper pages",
        "snippet_category": "many_years_old_news",
        "description": "A single sheet of newspaper broadsheet.  It seems to date from several years ago, and you've NO idea how it lasted this long.  Most of the information on there is terribly trivial, or out of date, but one thing catches your eye briefly.",
        "price": 0,
        "material": "paper",
        "weight": 3,
        "volume": 0
    },
        {
        "type":"GENERIC",
        "id": "years_old_newspaper",
        "category": "books",
        "symbol": ",",
        "color": "white",
        "name": "newspaper page",
        "name_plural": "newspaper pages",
        "snippet_category": "years_old_news",
        "description": "A single sheet of newspaper broadsheet.  It seems to date from a few years ago--amazing it has lasted this long.  Most of the information on there is terribly trivial, or out of date, but one thing catches your eye briefly.",
        "price": 0,
        "material": "paper",
        "weight": 3,
        "volume": 0
    },
        {
        "type":"GENERIC",
        "id": "one_year_old_newspaper",
        "category": "books",
        "symbol": ",",
        "color": "white",
        "name": "newspaper page",
        "name_plural": "newspaper pages",
        "snippet_category": "one_year_old_news",
        "description": "A single sheet of newspaper broadsheet.  It was printed more than a year ago.  Most of the information on there is terribly trivial, or out of date, but one thing catches your eye briefly.",
        "price": 0,
        "material": "paper",
        "weight": 3,
        "volume": 0
    },
        {
        "type":"GENERIC",
        "id": "months_old_newspaper",
        "category": "books",
        "symbol": ",",
        "color": "white",
        "name": "newspaper page",
        "name_plural": "newspaper pages",
        "snippet_category": "months_old_news",
        "description": "A single sheet of newspaper broadsheet.  It was printed in the months leading up to the Cataclysm.  Most of the information on there is terribly trivial, or out of date, but one thing catches your eye briefly.",
        "price": 0,
        "material": "paper",
        "weight": 3,
        "volume": 0
    },
        {
        "type":"GENERIC",
        "id": "weeks_old_newspaper",
        "category": "books",
        "symbol": ",",
        "color": "white",
        "name": "newspaper page",
        "name_plural": "newspaper pages",
        "snippet_category": "weeks_old_news",
        "description": "A single sheet of newspaper broadsheet.  It was printed in the weeks leading up to the Cataclysm.  Most of the information on there is terribly trivial, or out of date, but one thing catches your eye briefly.",
        "price": 0,
        "material": "paper",
        "weight": 3,
        "volume": 0
    },
        {
        "type":"GENERIC",
        "id": "necropolis_leaflet",
        "category": "books",
        "symbol": ",",
        "color": "white",
        "name": "vault leaflet",
        "name_plural": "vault leaflets",
        "snippet_category": "necropolis_intro",
        "description": "A folded glossy handout that appears to be an introduction to living in a massive underground complex.",
        "price": 0,
        "material": "paper",
        "weight": 1,
        "volume": 0
    }
    ]
