[
    {
        "type":"GENERIC",
        "id" : "foldframe",
        "name" : "foldable-light frame",
        "description" : "A small foldable lightweight frame made from pipework.",
        "weight" : 5000,
        "to_hit" : -3,
        "color" : "light_gray",
        "symbol" : "]",
        "material" : ["steel"],
        "techniques" : ["DEF_DISARM"],
        "volume" : 40,
        "bashing" : 15,
        "category" : "veh_parts",
        "price" : 4000
    },
    {
        "type":"GENERIC",
        "id" : "foldwoodframe",
        "name" : "foldable wooden frame",
        "description" : "A small foldable frame made from scrap wood.",
        "weight" : 4000,
        "to_hit" : -3,
        "color" : "brown",
        "symbol" : "]",
        "material" : ["wood"],
        "techniques" : ["DEF_DISARM"],
        "volume" : 50,
        "bashing" : 15,
        "category" : "veh_parts",
        "price" : 4000
    },
    {
        "type":"GENERIC",
        "id" : "xlframe",
        "name" : "extra-light frame",
        "description" : "A small lightweight frame made from pipework.  Useful for crafting.",
        "weight" : 5000,
        "to_hit" : -3,
        "color" : "light_gray",
        "symbol" : "]",
        "material" : ["aluminum"],
        "techniques" : ["DEF_DISARM"],
        "volume" : 40,
        "bashing" : 15,
        "category" : "veh_parts",
        "price" : 4000
    },
    {
        "type":"GENERIC",
        "id" : "frame",
        "name" : "steel frame",
        "description" : "A large frame made of steel.  Useful for crafting.",
        "weight" : 20000,
        "to_hit" : -5,
        "color" : "cyan",
        "symbol" : "]",
        "material" : ["steel"],
        "techniques" : ["DEF_DISARM"],
        "volume" : 60,
        "bashing" : 20,
        "category" : "veh_parts",
        "price" : 5500
    },
    {
        "type":"GENERIC",
        "id" : "basket",
        "name" : "wire basket",
        "description" : "A large wire basket from a shopping cart.",
        "weight" : 6000,
        "to_hit" : -5,
        "color" : "cyan",
        "symbol" : "]",
        "material" : ["steel"],
        "techniques" : ["DEF_DISARM"],
        "volume" : 90,
        "bashing" : 20,
        "category" : "veh_parts",
        "price" : 10000
    },
    {
        "type":"GENERIC",
        "id" : "folding_basket",
        "name" : "folding wire basket",
        "description" : "A large wire basket from a shopping cart, modified to be foldable.",
        "weight" : 7000,
        "to_hit" : -5,
        "color" : "cyan",
        "symbol" : "]",
        "material" : ["steel"],
        "techniques" : ["DEF_DISARM"],
        "volume" : 90,
        "bashing" : 20,
        "category" : "veh_parts",
        "price" : 10000
    },
    {
        "type":"GENERIC",
        "id" : "bike_basket",
        "name" : "bike basket",
        "description" : "A simple bike basket.  It is small and foldable.",
        "weight" : 1200,
        "to_hit" : -5,
        "color" : "cyan",
        "symbol" : "]",
        "material" : ["steel"],
        "techniques" : ["DEF_DISARM"],
        "volume" : 20,
        "bashing" : 20,
        "category" : "veh_parts",
        "price" : 3500
    },
    {
        "type":"GENERIC",
        "id" : "frame_wood",
        "name" : "wooden frame",
        "description" : "A large frame made of wood.  Useful for crafting.",
        "weight" : 8000,
        "to_hit" : -5,
        "color" : "brown",
        "symbol" : "]",
        "material" : ["wood"],
        "techniques" : ["DEF_DISARM"],
        "volume" : 60,
        "bashing" : 16,
        "cutting" : 4,
        "category" : "veh_parts",
        "price" : 3500
    },
    {
        "type":"GENERIC",
        "id" : "frame_wood_light",
        "name" : "light wooden frame",
        "description" : "A small frame made of few pieces of wood, held together by rope.  Useful for crafting.",
        "weight" : 4000,
        "to_hit" : -5,
        "color" : "brown",
        "symbol" : "]",
        "material" : ["wood"],
        "techniques" : ["DEF_DISARM"],
        "volume" : 35,
        "bashing" : 8,
        "cutting" : 1,
        "category" : "veh_parts",
        "price" : 1000
    },
    {
        "type":"GENERIC",
        "id" : "hdframe",
        "name" : "heavy duty frame",
        "description" : "A large, reinforced steel frame, used in military vehicle construction.",
        "weight" : 100000,
        "to_hit" : -6,
        "color" : "green",
        "symbol" : "]",
        "material" : ["hardsteel", "steel"],
        "techniques" : ["DEF_DISARM"],
        "volume" : 80,
        "bashing" : 25,
        "category" : "veh_parts",
        "price" : 12000
    },
    {
        "type":"GENERIC",
        "id" : "seat",
        "name" : "seat",
        "description" : "A soft car seat covered with leather.",
        "weight" : 9071,
        "to_hit" : -4,
        "color" : "red",
        "symbol" : "0",
        "material" : ["leather", "aluminum"],
        "volume" : 30,
        "bashing" : 4,
        "category" : "veh_parts",
        "price" : 25000
    },
    {
        "type":"GENERIC",
        "id" : "v_table",
        "name" : "fancy table",
        "description" : "A very fancy table from a very fancy RV.  If times were better it might be useful for something more than firewood.",
        "weight" : 9071,
        "to_hit" : -8,
        "color" : "red",
        "symbol" : "0",
        "material" : ["wood"],
        "flags" : "TRADER_AVOID",
        "volume" : 42,
        "bashing" : 6,
        "category" : "veh_parts",
        "price" : 20000
    },{
        "type":"GENERIC",
        "id" : "w_table",
        "name" : "wooden table",
        "description" : "A crude wooden table.",
        "weight" : 10071,
        "to_hit" : -8,
        "color" : "red",
        "symbol" : "0",
        "material" : ["wood"],
        "volume" : 42,
        "bashing" : 6,
        "category" : "veh_parts",
        "price" : 20000
    },
    {
        "type":"GENERIC",
        "id" : "saddle",
        "name" : "saddle",
        "description" : "A leather-covered seat designed to be straddled.",
        "weight" : 300,
        "to_hit" : -4,
        "color" : "red",
        "symbol" : "0",
        "material" : ["plastic", "aluminum"],
        "volume" : 5,
        "bashing" : 2,
        "category" : "veh_parts",
        "price" : 2500
    },
    {
        "type":"GENERIC",
        "id" : "muffler",
        "name" : "muffler",
        "description" : "A muffler from a car.  Very unwieldy as a weapon.  Useful in a few crafting recipes.",
        "weight" : 9525,
        "to_hit" : -10,
        "color" : "light_gray",
        "symbol" : "/",
        "material" : ["steel"],
        "techniques" : ["WBLOCK_1"],
        "volume" : 14,
        "bashing" : 19,
        "category" : "veh_parts",
        "price" : 3000
    },
    {
        "type":"GENERIC",
        "id" : "vehicle_controls",
        "name" : "vehicle controls",
        "name_plural" : "sets of vehicle controls",
        "description" : "A set of various vehicle controls.  Useful for crafting.",
        "weight" : 2721,
        "to_hit" : -4,
        "color" : "light_cyan",
        "symbol" : "$",
        "material" : ["plastic", "steel"],
        "volume" : 12,
        "bashing" : 2,
        "category" : "veh_parts",
        "price" : 40000
    },
    {
        "type":"GENERIC",
        "id" : "vehicle_dashboard",
        "name" : "dashboard",
        "description" : "A vehicle instrument panel with various gauges and switches.  Useful for crafting.",
        "weight" : 6000,
        "to_hit" : -2,
        "color" : "cyan",
        "symbol" : "$",
        "material" : ["plastic", "steel"],
        "volume" : 40,
        "bashing" : 1,
        "category" : "veh_parts",
        "price" : 8000
    },
    {
        "type":"GENERIC",
        "id" : "electronics_controls",
        "name" : "electronics control unit",
        "description" : "A vehicle instrument panel with various gauges and switches.  Useful for crafting.",
        "weight" : 1311,
        "to_hit" : -4,
        "color" : "cyan",
        "symbol" : "$",
        "material" : ["plastic"],
        "volume" : 6,
        "bashing" : 1,
        "category" : "veh_parts",
        "price" : 4000
    },
    {
        "type":"GENERIC",
        "id" : "motor",
        "name" : "electric motor",
        "description" : "A powerful electric motor.  Useful for crafting.",
        "weight" : 9071,
        "color" : "light_cyan",
        "symbol" : ",",
        "material" : ["steel"],
        "volume" : 6,
        "bashing" : 4,
        "category" : "veh_parts",
        "price" : 12000
    },
    {
        "type":"GENERIC",
        "id" : "motor_enhanced",
        "name" : "enhanced electric motor",
        "description" : "A very powerful and yet lightweight electric motor.  Useful for crafting.",
        "weight" : 20000,
        "color" : "light_cyan",
        "symbol" : ",",
        "material" : ["superalloy"],
        "volume" : 12,
        "bashing" : 4,
        "category" : "veh_parts",
        "price" : 68000
    },
    {
        "type":"GENERIC",
        "id" : "motor_large",
        "name" : "large electric motor",
        "description" : "A large and very powerful electric motor.  Useful for crafting.",
        "weight" : 60000,
        "to_hit" : -3,
        "color" : "light_cyan",
        "symbol" : ":",
        "material" : ["steel"],
        "volume" : 15,
        "bashing" : 9,
        "category" : "veh_parts",
        "price" : 22000
    },
    {
        "type":"GENERIC",
        "id" : "motor_small",
        "name" : "small electric motor",
        "description" : "A small electric motor.  Useful for crafting.",
        "weight" : 1500,
        "color" : "light_cyan",
        "symbol" : ",",
        "material" : ["steel"],
        "volume" : 1,
        "bashing" : 1,
        "category" : "veh_parts",
        "price" : 2000
    },
    {
        "type": "GENERIC",
        "id": "motor_tiny",
        "name": "tiny electric motor",
        "description": "A tiny electric motor.  Useful for crafting.",
        "weight": 800,
        "color": "light_cyan",
        "symbol": ",",
        "material": [ "steel", "plastic"],
        "volume": 2,
        "category": "veh_parts",
        "price": 2000
    },
    {
        "type":"GENERIC",
        "id" : "foot_crank",
        "name" : "foot crank",
        "description" : "The pedal and gear assembly from a bicycle.",
        "weight" : 816,
        "to_hit" : -2,
        "color" : "light_gray",
        "symbol" : ":",
        "material" : ["steel"],
        "volume" : 2,
        "bashing" : 8,
        "cutting" : 2,
        "category" : "veh_parts",
        "price" : 9000
    },
    {
        "type":"GENERIC",
        "id" : "hand_rims",
        "name" : "set of hand rims",
        "name_plural" : "sets of hand rims",
        "description" : "Hand rims for use on a wheelchair.",
        "weight" : 816,
        "to_hit" : -1,
        "color" : "light_gray",
        "symbol" : ":",
        "material" : ["steel"],
        "volume" : 2,
        "bashing" : 10,
        "category" : "veh_parts",
        "price" : 9000
    },
    {
        "type":"GENERIC",
        "id" : "headlight_reinforced",
        "name" : "reinforced headlight",
        "description" : "A vehicle headlight with a cage built around it to protect it from damage without reducing its effectiveness.",
        "weight" : 1200,
        "to_hit" : -2,
        "color" : "light_cyan",
        "symbol" : ",",
        "material" : ["steel", "plastic"],
        "volume" : 4,
        "bashing" : 4,
        "category" : "veh_parts",
        "price" : 40000
    },
    {
        "type":"GENERIC",
        "id" : "it_battery_mount",
        "name" : "storage battery case",
        "name_plural" : "storage battery cases",
        "description" : "An empty case that can hold a storage battery.  Complete with charging controller chip and connecting wires.",
        "weight" : 1231,
        "to_hit" : -3,
        "color" : "light_gray",
        "symbol" : ":",
        "material" : ["plastic", "steel"],
        "volume" : 9,
        "bashing" : 1,
        "category" : "veh_parts",
        "price" : 1000
    },
    {
        "type": "TOOL",
        "id": "black_box",
        "category": "other",
        "name": "military black box",
        "name_plural": "military black boxes",
        "description": "This is a black box, seemingly pulled from some sort of military vehicle wreckage.  If you can find a system to analyze this you may find something of interest.",
        "weight": 4535,
        "volume": 2,
        "price": 0,
        "to_hit": -1,
        "bashing": 4,
        "material": ["steel"],
        "symbol": ";",
        "color": "light_gray"
    },
    {
        "type": "TOOL",
        "id" : "minireactor",
        "name" : "minireactor",
        "description" : "A small portable plutonium reactor.  Handle with great care!",
        "weight" : 27215,
        "to_hit" : -4,
        "color" : "light_cyan",
        "symbol" : ":",
        "material" : ["superalloy", "ceramic"],
        "volume" : 6,
        "bashing" : 7,
        "category" : "veh_parts",
        "price" : 90000,
        "ammo": "plutonium",
        "max_charges": 10000
    },
    {
        "type":"GENERIC",
        "id" : "solar_panel",
        "name" : "solar panel",
        "description" : "Electronic device that can convert solar radiation into electric power.  Useful for a vehicle.",
        "weight" : 14000,
        "to_hit" : -4,
        "color" : "yellow",
        "symbol" : "]",
        "material" : ["glass"],
        "volume" : 12,
        "bashing" : 1,
        "category" : "veh_parts",
        "price" : 90000
    },
    {
        "type":"GENERIC",
        "id" : "reinforced_solar_panel",
        "name" : "reinforced solar panel",
        "description" : "A solar panel that has been covered with a pane of reinforced glass to protect the delicate solar cells from zombies or errant baseballs.  The glass causes this panel to produce slightly less power than a normal panel.  Useful for a vehicle.",
        "weight" : 24153,
        "to_hit" : -4,
        "color" : "light_blue",
        "symbol" : "]",
        "material" : ["glass", "steel"],
        "volume" : 26,
        "bashing" : 1,
        "category" : "veh_parts",
        "price" : 120000
    },
    {
        "type":"GENERIC",
        "id" : "solar_panel_v2",
        "name" : "upgraded solar panel",
        "description" : "Electronic device that can convert solar radiation into electric power.  This panel has been upgraded to convert more sunlight into power.  Useful for a vehicle.",
        "weight" : 18494,
        "to_hit" : -4,
        "color" : "yellow",
        "symbol" : "]",
        "material" : ["glass"],
        "volume" : 18,
        "bashing" : 1,
        "category" : "veh_parts",
        "price" : 900
    },
    {
        "type":"GENERIC",
        "id" : "reinforced_solar_panel_v2",
        "name" : "upgraded reinforced solar panel",
        "description" : "An upgraded solar panel that has been covered with a pane of reinforced glass to protect the delicate solar cells from zombies or errant baseballs.  The glass causes this panel to produce slightly less power than a normal upgraded panel.  Useful for a vehicle.",
        "weight" : 29062,
        "to_hit" : -5,
        "color" : "light_blue",
        "symbol" : "]",
        "material" : ["glass", "steel"],
        "volume" : 30,
        "bashing" : 1,
        "category" : "veh_parts",
        "price" : 900
    },
    {
        "type":"GENERIC",
        "id" : "solar_panel_v3",
        "name" : "quantum solar panel",
        "description" : "This solar panel is obviously cutting-edge technology and given where you found it, should probably provide a LOT of power.  It's covered in strange-looking material, but the covering looks rather fragile; it doesn't look like it could support a reinforcing sheet, either.",
        "weight" : 14000,
        "to_hit" : -5,
        "color" : "yellow",
        "symbol" : "]",
        "material" : ["glass", "steel"],
        "volume" : 18,
        "bashing" : 1,
        "category" : "veh_parts",
        "price" : 9000
    },
    {
        "type": "GENERIC",
        "id": "minifridge",
        "name": "minifridge",
        "description": "A very small fridge for keeping food cool.  Provides some insulation from outside weather.",
        "weight": 31752,
        "to_hit": -8,
        "color": "light_blue",
        "symbol": "]",
        "material": "steel",
        "volume": 20,
        "bashing": 8,
        "category" : "veh_parts",
        "price": 60000,
        "insulation": 2
    },
    {
        "type": "GENERIC",
        "id": "minifreezer",
        "name": "minifreezer",
        "description": "Compact version of a chest freezer, designed as a mobile solution for freezing food.  Provides insulation from the elements.",
        "weight": 31752,
        "to_hit": -8,
        "color": "light_blue",
        "symbol": "]",
        "material": "steel",
        "volume": 20,
        "bashing": 8,
        "category" : "veh_parts",
        "price": 70000,
        "insulation": 4
    },
    {
        "type": "GENERIC",
        "id": "washing_machine",
        "name": "washing machine",
        "description": "A very small washing machine designed for use in vehicles.",
        "weight": 31752,
        "to_hit": -8,
        "color": "light_blue",
        "symbol": "]",
        "material": "steel",
        "volume": 20,
        "bashing": 8,
        "category" : "veh_parts",
        "price": 60000
    },
    {
        "type":"GENERIC",
        "id" : "solar_cell",
        "name" : "solar cell",
        "description" : "A small electronic device that can convert solar radiation into electric power.  Useful for crafting.",
        "weight" : 500,
        "to_hit" : -4,
        "color" : "yellow",
        "symbol" : ";",
        "material" : ["glass"],
        "volume" : 1,
        "bashing" : 1,
        "category" : "veh_parts",
        "price" : 5000
    },
    {
        "type":"GENERIC",
        "id" : "sheet_metal",
        "name" : "sheet metal",
        "description" : "A thin sheet of metal.",
        "//" : "Roughly in the 70cm×70cm×1.5mm to 1m×1m×0.75mm range. Has to be folded / rolled up when in inventory, so 75% density compared to solid block.",
        "weight" : 6000,
        "to_hit" : -2,
        "color" : "light_cyan",
        "symbol" : "]",
        "material" : ["steel"],
        "volume" : 4,
        "bashing" : 5,
        "category" : "veh_parts",
        "price" : 6000
    },
    {
        "type":"GENERIC",
        "id" : "sheet_metal_lit",
        "name" : "wired sheet metal",
        "description" : "Sheet metal that has had light housing wired into it.",
        "weight" : 6200, 
        "to_hit" : -2,
        "color" : "light_cyan",
        "symbol" : "]",
        "material" : ["steel", "plastic"],
        "volume" : 5,
        "bashing" : 5,
        "category" : "veh_parts",
        "price" : 7500
    },
    {
        "type":"GENERIC",
        "id" : "wood_plate",
        "name" : "wooden armor kit",
        "description" : "A bundle of two by fours prepared to be used as vehicle armor.",
        "weight" : 5600,
        "to_hit" : -8,
        "color" : "brown",
        "symbol" : "]",
        "material" : ["wood"],
        "volume" : 12,
        "bashing" : 10,
        "category" : "veh_parts",
        "price" : 12000
    },
    {
        "type":"GENERIC",
        "id" : "steel_plate",
        "name" : "steel plating",
        "description" : "A piece of armor plating made of steel.",
        "weight" : 12880,
        "to_hit" : -1,
        "color" : "light_cyan",
        "symbol" : "]",
        "material" : ["steel"],
        "volume" : 12,
        "bashing" : 6,
        "category" : "veh_parts",
        "price" : 12000
    },
    {
        "type":"GENERIC",
        "id" : "alloy_plate",
        "name" : "superalloy plating",
        "description" : "A piece of armor plating made of sturdy superalloy.",
        "weight" : 10800,
        "to_hit" : -1,
        "color" : "light_cyan",
        "symbol" : "]",
        "material" : ["superalloy"],
        "volume" : 12,
        "bashing" : 6,
        "category" : "veh_parts",
        "price" : 18500
    },
    {
        "type":"GENERIC",
        "id" : "alloy_sheet",
        "name" : "superalloy sheet",
        "description" : "A sheet of sturdy superalloy, incredibly hard, yet incredibly malleable.",
        "weight" : 900,
        "to_hit" : -2,
        "color" : "light_cyan",
        "symbol" : ",",
        "material" : ["superalloy"],
        "volume" : 2,
        "category" : "veh_parts",
        "price" : 8500
    },
    {
        "type":"GENERIC",
        "id" : "spiked_plate",
        "name" : "spiked plating",
        "description" : "A piece of armor plating made of steel.  It is covered with menacing spikes.",
        "weight" : 12240,
        "to_hit" : -1,
        "color" : "light_cyan",
        "symbol" : "]",
        "material" : ["steel"],
        "volume" : 14,
        "bashing" : 6,
        "cutting" : 3,
        "flags" : ["STAB"],
        "category" : "veh_parts",
        "price" : 18500
    },
    {
        "type":"GENERIC",
        "id" : "hard_plate",
        "name" : "hard plating",
        "description" : "A piece of very thick armor plating made of steel.",
        "weight" : 32640,
        "to_hit" : -1,
        "color" : "light_cyan",
        "symbol" : "]",
        "material" : ["hardsteel"],
        "volume" : 12,
        "bashing" : 6,
        "category" : "veh_parts",
        "price" : 16000
    },
    {
        "type":"GENERIC",
        "id" : "mil_plate",
        "name" : "military composite plating",
        "description" : "A thick sheet of military grade armor, best bullet stopper you can stick on a vehicle.",
        "weight" : 16500,
        "to_hit" : -1,
        "color" : "green",
        "symbol" : "]",
        "material" : ["hardsteel", "ceramic"],
        "volume" : 12,
        "bashing" : 8,
        "category" : "veh_parts",
        "price" : 16000
    },
    {
        "type":"GENERIC",
        "id" : "water_faucet",
        "name" : "water faucet",
        "description" : "A metal faucet that can be attached to a water tank for easy access.",
        "weight" : 900,
        "to_hit" : -1,
        "color" : "light_gray",
        "symbol" : ";",
        "material" : ["steel"],
        "volume" : 3,
        "bashing" : 2,
        "category" : "veh_parts",
        "price" : 3000
    },
    {
        "type":"GENERIC",
        "id": "veh_tracker",
        "name": "vehicle tracking device",
        "description": "A vehicle tracking device.  When installed on a vehicle it allows you track the vehicle.",
        "weight": 400,
        "color": "red",
        "symbol": ";",
        "material": ["plastic", "aluminum"],
        "volume": 2,
        "bashing": 1,
        "category" : "veh_parts",
        "price": 80000
    },
   {
        "type":"GENERIC",
        "id": "beeper",
        "name": "back-up beeper",
        "description": "This is a safety device intended to warn passersby of a vehicle moving in reverse, but the usage of it now seems terribly unwise.",
        "weight": 360,
        "symbol": ";",
        "color": "light_gray",
        "material": ["plastic", "aluminum"],
        "volume": 1,
        "to_hit": -1,
        "bashing": 2,
        "category": "veh_parts",
        "price": 6000
    },
    {
        "type":"GENERIC",
        "id": "light_emergency_red",
        "name": "emergency vehicle light (red)",
        "name_plural": "emergency vehicle lights (red)",
        "description": "One of the red-colored lights from the top of an emergency services vehicle.  When turned on, the lights rotate to shine in all directions.",
        "weight": 500,
        "to_hit": 1,
        "color": "red",
        "symbol": ";",
        "material": ["plastic", "steel"],
        "volume": 4,
        "bashing": 1,
        "category" : "veh_parts",
        "price": 40000
    },
    {
        "type":"GENERIC",
        "id": "light_emergency_blue",
        "name": "emergency vehicle light (blue)",
        "name_plural": "emergency vehicle lights (blue)",
        "description": "One of the blue-colored lights from the top of an emergency services vehicle.  When turned on, the lights rotate to shine in all directions.",
        "weight": 500,
        "to_hit": 1,
        "color": "blue",
        "symbol": ";",
        "material": ["plastic", "steel"],
        "volume": 4,
        "bashing": 1,
        "category" : "veh_parts",
        "price": 40000
    },
    {
        "type":"GENERIC",
        "id" : "cargo_rack",
        "name" : "cargo carrier",
        "description" : "A heavy frame outfitted with tie-downs and attachment points for carrying cargo.",
        "weight" : 80000,
        "to_hit" : -4,
        "color" : "cyan",
        "symbol" : "]",
        "material" : ["steel", "plastic"],
        "volume" : 200,
        "bashing" : 2,
        "category" : "veh_parts",
        "price" : 40000
    },
    {
      "id": "livestock_carrier",
      "type": "GENERIC",
      "name": "livestock carrier",
      "description": "A heavy frame outfitted with tie-downs and attachment points for carrying cargo, with additional railings to keep a large animal in place.  It is meant to hold large animals for transport.  Use it on a suitable animal to capture, use it on an empty tile to release.",
      "weight": 96000,
      "volume": 250,
      "price": 48000,
      "category": "veh_parts",
      "material": [ "steel", "plastic" ],
      "symbol": "]",
      "color": "light_gray",
      "looks_like": "cargo_rack",
      "properties": [ [ "monster_size_capacity", "LARGE" ] ],
      "use_action": "CAPTURE_MONSTER_VEH",
      "flags": [ "TRADER_AVOID", "USE_PART_ITEM" ]
    },
    {
      "id": "animal_locker",
      "type": "GENERIC",
      "name": "animal locker",
      "description": "A locker used to contain animals safely during transportation if installed properly.  There is room for animal food and other animal care goods.  It is meant to hold medium or smaller animals for transport.  Use it on a suitable animal to capture, use it on an empty tile to release.",
      "weight": 10000,
      "volume": 125,
      "price": 16000,
      "category": "veh_parts",
      "material": [ "steel", "plastic" ],
      "symbol": "]",
      "color": "light_gray",
      "properties": [ [ "monster_size_capacity", "MEDIUM" ] ],
      "use_action": "CAPTURE_MONSTER_VEH",
      "flags": [ "TRADER_AVOID", "USE_PART_ITEM" ]
    },
    {
      "id": "bike_rack",
      "type": "GENERIC",
      "name": "bike rack",
      "description": "A collection of pipes, cams, and straps, mounted on the edge of a vehicle and used to support another vehicle for transport.  It must be mounted on a vehicle to be used.",
      "weight": 4000,
      "volume": 25,
      "price": 16000,
      "category": "veh_parts",
      "material": [ "steel", "plastic" ],
      "symbol": "]",
      "color": "light_gray",
      "looks_like": "foldframe",
      "flags": [ "TRADER_AVOID" ]
    },
    {
        "type":"GENERIC",
        "id": "floodlight",
        "name": "floodlight",
        "description": "A large and heavy light designed to illuminate wide areas.",
        "weight": 2500,
        "to_hit": 1,
        "color": "white",
        "symbol": ";",
        "material": ["plastic", "steel"],
        "volume": 8,
        "bashing": 5,
        "category" : "veh_parts",
        "price": 90000
    },
    {
        "type":"GENERIC",
        "id": "recharge_station",
        "name": "UPS-compatible recharging station",
        "description": "A Unified Power System recharging station designed to operate on vehicle power.  Once installed in a vehicle storage space and turned on from vehicle controls, it will slowly charge all tools with rechargeable batteries in that space.  The system can only be installed in existing storage compartments.",
        "weight": 10000,
        "to_hit": 1,
        "color": "light_blue",
        "symbol": "-",
        "material": ["steel", "plastic"],
        "volume": 20,
        "bashing": 5,
        "category" : "veh_parts",
        "price": 90000
    },
    {
        "type":"GENERIC",
        "id" : "stereo",
        "name" : "stereo system",
        "description" : "A stereo system with speakers.  It is capable of being hooked up to a vehicle.",
        "weight" : 800,
        "to_hit" : -2,
        "color" : "red",
        "symbol" : "&",
        "material" : ["steel"],
        "volume" : 14,
        "category" : "veh_parts",
        "price" : 800
    },
    {
        "type":"GENERIC",
        "id" : "chimes",
        "name" : "chime loudspeakers",
        "name_plural" : "chime loudspeakers",
        "description" : "A stereo system with loudspeakers and a built-in set of simple melodies that it will play.  Commonly used by ice cream trucks to draw the attention of children in the days when children wanted ice cream more than brains.",
        "weight" : 2600,
        "to_hit" : -2,
        "color" : "blue",
        "symbol" : "&",
        "material" : ["steel"],
        "volume" : 16,
        "category" : "veh_parts",
        "price" : 5000
    },
    {
        "type":"TOOL",
        "id": "jumper_cable",
        "name": "jumper cable",
        "description": "A jumper cable, like you've seen many times before: it's a short multi-stranded copper cable with power leads on either end, whose purpose is to share power between vehicles.",
        "to_hit": 1,
        "color": "light_blue",
        "symbol": "&",
        "material": ["steel", "plastic"],
        "volume": 2,
        "weight": 75,
        "bashing": 2,
        "category": "tools",
        "price": 1,
        "max_charges": 3,
        "initial_charges": 3,
        "use_action": "CABLE_ATTACH",
        "flags": [ "CABLE_SPOOL" ]
    },
    {
        "type":"TOOL",
        "id": "jumper_cable_heavy",
        "name": "heavy-duty cable",
        "description": "A long, thick, heavy-duty cable with power leads on either end.  It looks like you could use it to hook up two vehicles to each other, though you expect the power loss would be noticeable.",
        "to_hit": 1,
        "color": "light_blue",
        "symbol": "&",
        "material": ["steel", "plastic"],
        "volume": 6,
        "weight": 750,
        "bashing": 2,
        "category": "tools",
        "price": 1,
        "max_charges": 20,
        "initial_charges": 20,
        "use_action": "CABLE_ATTACH",
        "flags": [ "CABLE_SPOOL" ]
    },
    {
        "type":"TOOL",
        "id": "jumper_cable_debug",
        "name": "shiny cable",
        "description": "This is the cable of the gods: 50 meters long, no power loss, light as a feather and fits in a matchbook.  You're sure this wasn't supposed to exist, and the way it shimmers makes you uneasy.",
        "weight": 1,
        "to_hit": 1,
        "color": "light_blue",
        "symbol": "&",
        "material": ["steel", "plastic"],
        "volume": 0,
        "bashing": 2,
        "category": "tools",
        "price": 1,
        "max_charges": 50,
        "initial_charges": 50,
        "use_action": "CABLE_ATTACH",
        "flags": [ "CABLE_SPOOL" ]
    },
    {
        "type":"GENERIC",
        "id": "chitin_plate",
        "symbol": "]",
        "color": "yellow",
        "name": "chitin armor kit",
        "description": "Light chitin plating made for a vehicle.",
        "price": 1200,
        "material": ["chitin"],
        "weight": 2000,
        "volume": 22,
        "bashing": 8,
        "to_hit": -4,
        "category": "veh_parts"
    },
    {
        "type":"GENERIC",
        "id": "acidchitin_plate",
        "copy-from": "chitin_plate",
        "name": "biosilicified chitin armor kit",
        "description": "Durable silica-coated chitin plating made for a vehicle.",
        "material": ["acidchitin"],
        "proportional": { "price": 1.333, "weight": 1.2, "volume": 1.18, "bashing": 1.25 }
    },
    {
        "type":"GENERIC",
        "id": "bone_plate",
        "symbol": "]",
        "color": "white",
        "name": "bone armor kit",
        "description": "Bone plating made for a vehicle.",
        "price": 1200,
        "material": ["bone"],
        "weight": 4000,
        "volume": 38,
        "bashing": 8,
        "to_hit": -4,
        "category": "veh_parts"
    },
    {
        "type":"GENERIC",
        "id": "drive_by_wire_controls",
        "name": "drive by wire controls",
        "name_plural" : "sets of drive by wire controls",
        "description": "Fully electronic vehicle control system.  You could control it remotely if you had proper tools.",
        "weight": 3000,
        "to_hit": -4,
        "color": "red",
        "symbol": "$",
        "material": ["plastic", "steel"],
        "volume": 15,
        "bashing": 1,
        "category" : "veh_parts",
        "price": 200000
    },
    {
        "type":"GENERIC",
        "id" : "camera_control",
        "name" : "camera display",
        "description" : "A set of small monitors.  Required to view cameras' output.",
        "weight" : 11234,
        "to_hit" : -3,
        "color" : "light_blue",
        "symbol" : "#",
        "material" : ["plastic"],
        "volume" : 16,
        "category" : "veh_parts",
        "price" : 10000
    },
    {
        "type":"GENERIC",
        "id" : "omnicamera",
        "name" : "security camera",
        "description" : "A security camera you could connect to a display.  Image quality is quite low, but the field of vision is great.",
        "weight" : 1100,
        "to_hit" : -3,
        "color" : "light_blue",
        "symbol" : "+",
        "material" : ["plastic"],
        "volume" : 8,
        "category" : "veh_parts",
        "price" : 10000
    },
    {
        "type":"GENERIC",
        "id": "robot_controls",
        "name": "robot driving unit",
        "name_plural" : "robot driving units",
        "description": "A set of servos, microcontrollers and other devices, together capable of driving an unmanned vehicle.  Its AI is not functional, but it should still have some sort of maintenance mode.",
        "weight": 2000,
        "to_hit": -4,
        "color": "white",
        "symbol": "&",
        "material": ["plastic", "steel"],
        "volume": 20,
        "bashing": 1,
        "category" : "veh_parts",
        "price": 20000
    },
    {
        "type":"GENERIC",
        "id":"v_scoop_item",
        "name":"vehicle scoop",
        "symbol":"u",
        "color":"light_gray",
        "name_plural":"vehicle scoops",
        "description":"An assembly of motors and sheet metal that allows a vehicle to clean the road surface by removing debris and contaminants.",
        "weight":22666,
        "bashing":1,
        "material":"steel",
        "category": "veh_parts",
        "price": 3500,
        "volume":28
    },
    {
        "type":"GENERIC",
        "id":"v_planter_item",
        "symbol":"8",
        "name":"seed drill",
        "name_plural":"seed drills",
        "color":"light_gray",
        "description":"An assembly of tubes, spikes, and wheels, that when dragged along the ground, allows a vehicle to plant seeds automatically in suitably tilled land.",
        "weight":22666,
        "bashing":1,
        "material":["steel","plastic"],
        "category": "veh_parts",
        "price":3500,
        "volume":28
    },{
        "type":"GENERIC",
        "id":"v_reaper_item",
        "symbol":"/",
        "name":"reaper",
        "name_plural":"reapers",
        "color":"light_gray",
        "description":"An assembly of a blade, wheels, and a small lever for engaging/disengaging used to cut down crops prior to picking them up.",
        "weight":22666,
        "bashing":1,
        "material":["steel","plastic"],
        "category": "veh_parts",
        "price":3500,
        "volume":28
    },{
        "type":"GENERIC",
        "id":"v_reaper_item_advanced",
        "symbol":"/",
        "name":"advanced reaper",
        "name_plural":"advanced reapers",
        "color":"light_gray",
        "description":"An advanced electronic device used to cut down, collect and store crops.",
        "weight":25000,
        "bashing":1,
        "material":["steel","plastic"],
        "category": "veh_parts",
        "price":50000,
        "volume":36
    },{
        "type":"GENERIC",
        "id":"v_planter_item_advanced",
        "symbol":"8",
        "name":"advanced seed drill",
        "name_plural":"advanced seed drills",
        "color":"dark_gray",
        "description":"An assembly of tubes, spikes, and wheels, that when dragged along the ground, allows a vehicle to plant seeds automatically in suitably tilled land.  This one is equipped with an electronic control system and will avoid damaging itself when used on untilled land.",
        "weight":32666,
        "bashing":1,
        "material":["steel","plastic"],
        "category": "veh_parts",
        "price":50000,
        "volume":29
    },{
        "type":"GENERIC",
        "id":"v_plow_item",
        "symbol":"&",
        "name":"plow",
        "name_plural":"plows",
        "color":"dark_gray",
        "description":"A heavy assembly of wheels and steel blades that turn up the ground.",
        "weight":32666,
        "bashing":1,
        "material":["steel","plastic"],
        "category": "veh_parts",
        "price":3500,
        "volume":29
    },{
        "id": "car_headlight",
        "type":"GENERIC",
        "name": "car headlight",
        "description": "A vehicle headlight to light up the way.",
        "symbol": ";",
        "color": "white",
        "material": "plastic",
        "category": "veh_parts",
        "weight": 1000,
        "volume": 4,
        "price": 3000
    },{
        "id": "cargo_lock",
        "type":"GENERIC",
        "name": "cargo lock set",
        "description": "A set of locks designed to be installed on a vehicle.",
        "symbol": "+",
        "color": "dark_gray",
        "material": "steel",
        "category": "veh_parts",
        "weight": 500,
        "volume": 1,
        "price": 800
    },{
        "id": "turret_mount",
        "type":"GENERIC",
        "name": "turret mount",
        "description": "A universal mount for weapons intended to be installed as turrets.",
        "color": "cyan",
        "symbol": "X",
        "material": "steel",
        "category": "veh_parts",
        "weight": 10000,
        "volume": 10,
        "price": 5500
  },
  {
    "id": "fuel_bunker",
    "type": "MAGAZINE",
    "name": "fuel bunker",
    "description": "A bin for holding solid fuel.",
    "symbol": "]",
    "color": "white",
    "looks_like": "cargo_rack",
    "material": "steel",
    "category": "veh_parts",
    "weight": 80000,
    "volume": 220,
    "capacity": 2000,
    "reliability": 10,
    "//": "mods will need to expand",
    "ammo_type": "charcoal",
    "price": 3000
  }
]
