[
  {
    "id": "bandolier_pistol",
    "type": "ARMOR",
    "name": "pistol bandolier",
    "description" : "An embroidered leather bandolier for keeping pistol cartridges close to hand.  If this doesn't make you feel like a cowboy nothing will.",
    "weight": 140,
    "volume": 1,
    "price": 1900,
    "material": "leather",
    "symbol": "[",
    "color": "dark_gray",
    "covers": [ "TORSO" ],
    "coverage": 10,
    "encumbrance": 3,
    "material_thickness": 1,
    "use_action": {
        "type": "bandolier",
        "capacity": 18,
        "ammo": [ "32", "762x25", "38", "40", "44", "45", "9x18", "9mm", "454", "500" ],
        "draw_cost": 20
    },
    "flags": [ "WATER_FRIENDLY", "WAIST", "OVERSIZE", "FANCY" ]
  },
  {
    "id": "bandolier_rifle",
    "type": "ARMOR",
    "name": "rifle bandolier",
    "description" : "A leather bandolier for keeping rifle cartridges close to hand.",
    "weight": 140,
    "volume": 1,
    "price": 1900,
    "material": "leather",
    "symbol": "[",
    "color": "dark_gray",
    "covers": [ "TORSO" ],
    "coverage": 10,
    "encumbrance": 3,
    "material_thickness": 1,
    "use_action": {
        "type": "bandolier",
        "capacity": 16,
        "ammo": [ "22", "223", "5x50", "545x39", "3006", "308", "300", "762", "762R", "8x40mm" ],
        "draw_cost": 20
    },
    "flags": [ "WATER_FRIENDLY", "WAIST", "OVERSIZE" ]
  },
  {
    "id": "bandolier_shotgun",
    "type": "ARMOR",
    "name": "shotgun bandolier",
    "description" : "A leather bandolier for keeping shotgun shells close to hand.",
    "weight": 140,
    "volume": 1,
    "price": 1900,
    "material": "leather",
    "symbol": "[",
    "color": "dark_gray",
    "covers": [ "TORSO" ],
    "coverage": 10,
    "encumbrance": 3,
    "material_thickness": 1,
    "use_action": {
        "type": "bandolier",
        "capacity": 12,
        "ammo": [ "shot", "20x66mm" ],
        "draw_cost": 20
    },
    "flags": [ "WATER_FRIENDLY", "WAIST", "OVERSIZE" ]
  },
  {
    "id": "flintlock_pouch",
    "type": "ARMOR",
    "name": "paper cartridge pouch",
    "name_plural": "paper cartridge pouches",
    "description": "A covered leather pouch, worn at the waist to store and protect prepared blackpowder cartridges.",
    "weight": 160,
    "volume": 2,
    "price": 4900,
    "material": "leather",
    "symbol": "[",
    "color": "dark_gray",
    "covers": [ "TORSO" ],
    "coverage": 10,
    "encumbrance": 5,
    "material_thickness": 1,
    "use_action": {
      "type": "bandolier",
      "capacity": 14,
      "ammo": [ "flintlock", "36paper", "44paper", "blunderbuss" ],
      "draw_cost": 20
    },
    "flags": [ "WATER_FRIENDLY", "WAIST", "OVERSIZE" ]
  },
  {
    "id": "bandolier_wrist",
    "type": "ARMOR",
    "name": "wrist bandolier",
    "description" : "A small fabric bandolier for rifle cartridges designed to be worn around the wrist.",
    "weight": 30,
    "volume": 1,
    "price": 2900,
    "material": "cotton",
    "symbol": "[",
    "color": "dark_gray",
    "covers": [ "HAND_EITHER" ],
    "coverage": 5,
    "encumbrance": 4,
    "material_thickness": 1,
    "use_action": {
        "type": "bandolier",
        "capacity": 4,
        "ammo": [ "22", "223", "5x50", "545x39", "3006", "308", "300", "762", "762R", "8x40mm" ],
        "draw_cost": 20
    },
    "flags": [ "WATER_FRIENDLY", "BELTED", "ALLOWS_NATURAL_ATTACKS" ]
  },
  {
    "id": "grenade_pouch",
    "type": "ARMOR",
    "name": "grenade pouch",
    "name_plural": "grenade pouches",
    "description" : "A small pouch for storing cartridge grenades with straps for attaching it to your belt or other webbing.",
    "weight": 90,
    "volume": 1,
    "price": 5900,
    "material": [ "cotton", "plastic" ],
    "symbol": "[",
    "color": "dark_gray",
    "covers": [ "LEG_EITHER" ],
    "coverage": 10,
    "encumbrance": 4,
    "material_thickness": 1,
    "use_action": {
        "type": "bandolier",
        "capacity": 4,
        "ammo": [ "40mm" ],
        "draw_cost": 20
    },
    "flags": [ "WATER_FRIENDLY", "BELTED", "OVERSIZE" ]
  },
  {
    "id": "grenadebandolier",
    "type": "ARMOR",
    "name": "large grenade pouch",
    "name_plural": "large grenade pouches",
    "description": "A pouch for holding up to four full-sized grenades of various types.",
    "weight": 600,
    "volume": 5,
    "price": 3000,
    "rigid": false,
    "material": "cotton",
    "symbol": "[",
    "color": "dark_gray",
    "covers": [ "TORSO" ],
    "coverage": 15,
    "material_thickness": 2,
    "use_action": {
      "type": "holster",
      "holster_prompt": "Stash grenades",
      "holster_msg": "You stash your %s.",
      "multi": 4,
      "max_volume": 3,
      "draw_cost": 30,
      "flags": [ "GRENADE" ]
    },
      "flags": [ "WATER_FRIENDLY", "BELTED" ]
	}
]
