[
  {
    "abstract": "engine_combustion",
    "type": "ENGINE",
    "category": "veh_parts",
    "name": "internal combustion engine",
    "material": "iron",
    "symbol": ":",
    "color": "light_cyan"
  },
  {
    "abstract": "engine_diesel",
    "copy-from": "engine_combustion",
    "type": "ENGINE",
    "name": "base diesel engine",
    "faults": [
      "fault_engine_belt_drive",
      "fault_engine_filter_air",
      "fault_engine_filter_fuel",
      "fault_engine_glow_plug",
      "fault_engine_immobiliser",
      "fault_engine_pump_diesel",
      "fault_engine_pump_water",
      "fault_engine_starter"
    ]
  },
  {
    "abstract": "engine_gasoline",
    "copy-from": "engine_combustion",
    "type": "ENGINE",
    "name": "base gasoline engine",
    "faults": [
      "fault_engine_belt_drive",
      "fault_engine_filter_air",
      "fault_engine_filter_fuel",
      "fault_engine_immobiliser",
      "fault_engine_pump_fuel",
      "fault_engine_pump_water",
      "fault_engine_starter"
    ]
  },
  {
    "abstract": "engine_steam",
    "copy-from": "engine_combustion",
    "type": "ENGINE",
    "name": "base steam engine",
    "looks_like": "v12_diesel",
    "faults": [ "fault_engine_belt_drive", "fault_engine_filter_air", "fault_engine_pump_water", "fault_engine_starter" ]
  },
  {
    "id": "1cyl_combustion",
    "copy-from": "engine_gasoline",
    "type": "ENGINE",
    "name": "1-cylinder engine",
    "description": "A single-cylinder 4-stroke combustion engine.",
    "weight": 20000,
    "volume": 6,
    "price": 10000,
    "displacement": 60,
    "faults": [ "fault_engine_starter" ]
  },
  {
    "id": "1cyl_combustion_small",
    "copy-from": "engine_gasoline",
    "type": "ENGINE",
    "name": "small 1-cylinder engine",
    "description": "A small single-cylinder 2-stroke combustion engine.",
    "weight": 10000,
    "volume": 3,
    "price": 6000,
    "displacement": 30,
    "faults": [  ]
  },
  {
    "id": "i4_combustion",
    "copy-from": "engine_gasoline",
    "type": "ENGINE",
    "name": "Inline-4 engine",
    "description": "A small, yet powerful 4-cylinder combustion engine.",
    "weight": 130000,
    "volume": 14,
    "price": 15000,
    "displacement": 250
  },
  {
    "id": "i6_diesel",
    "copy-from": "engine_diesel",
    "type": "ENGINE",
    "name": "I6 diesel engine",
    "description": "A powerful straight-6 diesel engine.",
    "weight": 185000,
    "volume": 28,
    "price": 27000,
    "displacement": 600
  },
  {
    "id": "v2_combustion",
    "copy-from": "engine_gasoline",
    "type": "ENGINE",
    "name": "V-twin engine",
    "description": "A 2-cylinder 4-stroke combustion engine.",
    "weight": 45000,
    "volume": 8,
    "price": 10000,
    "displacement": 100
  },
  {
    "id": "v6_combustion",
    "copy-from": "engine_gasoline",
    "type": "ENGINE",
    "name": "V6 engine",
    "description": "A powerful 6-cylinder combustion engine.",
    "weight": 180000,
    "volume": 19,
    "price": 18000,
    "displacement": 400
  },
  {
    "id": "v6_diesel",
    "copy-from": "engine_diesel",
    "type": "ENGINE",
    "name": "V6 diesel engine",
    "description": "A powerful 6-cylinder diesel engine.",
    "weight": 190000,
    "volume": 20,
    "price": 20000,
    "displacement": 400
  },
  {
    "id": "v8_combustion",
    "copy-from": "engine_gasoline",
    "type": "ENGINE",
    "name": "V8 engine",
    "description": "A large and very powerful 8-cylinder combustion engine.",
    "weight": 250000,
    "volume": 30,
    "price": 25000,
    "displacement": 650
  },
  {
    "id": "v8_diesel",
    "copy-from": "engine_diesel",
    "type": "ENGINE",
    "name": "V8 diesel engine",
    "description": "A powerful 8-cylinder diesel engine.",
    "weight": 255000,
    "volume": 32,
    "price": 26500,
    "displacement": 650
  },
  {
    "id": "v12_combustion",
    "copy-from": "engine_gasoline",
    "type": "ENGINE",
    "name": "V12 engine",
    "description": "A massive and extremely powerful V12 engine, usually built into high end sports cars.",
    "weight": 300000,
    "volume": 58,
    "price": 36000,
    "displacement": 1200
  },
  {
    "id": "v12_diesel",
    "copy-from": "engine_diesel",
    "type": "ENGINE",
    "name": "V12 diesel engine",
    "description": "A massive and extremely powerful V12 engine, usually built into heavy trucks.",
    "weight": 310000,
    "volume": 60,
    "price": 32000,
    "displacement": 1200
  },
  {
    "id": "steam_watts_small",
    "copy-from": "engine_steam",
    "type": "ENGINE",
    "name": "makeshift steam engine",
    "description": "A small, primitive, steam engine.  An integrated boiler burns coal to heat water into steam, driving a reciprocating shaft.  A condenser recaptures the water, making this a closed cycle system.",
    "weight": 225000,
    "volume": 250,
    "price": 225000,
    "price_postapoc": 300000
  },
  {
    "id": "steam_triple_small",
    "copy-from": "engine_steam",
    "type": "ENGINE",
    "name": "small steam engine",
    "description": "A small steam engine.  An integrated boiler burns coal to heat water into steam, driving a reciprocating shaft.  A condenser recaptures the water, making this a closed cycle system.",
    "weight": 180000,
    "volume": 150,
    "price": 555000,
    "price_postapoc": 1110000
  },
  {
    "id": "steam_triple_medium",
    "copy-from": "engine_steam",
    "type": "ENGINE",
    "name": "medium steam engine",
    "description": "A medium sized steam engine.  An integrated boiler burns coal to heat water into steam, driving a reciprocating shaft.  A condenser recaptures the water, making this a closed cycle system.",
    "weight": 280000,
    "volume": 230,
    "price": 870000,
    "price_postapoc": 1740000
  },
  {
    "id": "engine_block_massive",
    "copy-from": "spare_part",
    "type": "GENERIC",
    "name": "massive engine block",
    "description": "The beginnings of a massive gas or diesel engine.  It's not good for much of anything on its own.",
    "material": "iron",
    "weight": 280000,
    "volume": 25,
    "price": 30000
  },
  {
    "id": "engine_block_large",
    "copy-from": "spare_part",
    "type": "GENERIC",
    "name": "large engine block",
    "description": "The beginnings of a large gas or diesel engine.  It's not good for much of anything on its own.",
    "material": "iron",
    "weight": 190000,
    "volume": 20,
    "price": 20000
  },
  {
    "id": "engine_block_medium",
    "copy-from": "spare_part",
    "type": "GENERIC",
    "name": "medium engine block",
    "description": "The beginnings of a medium gas or diesel engine.  It's not good for much of anything on its own.",
    "material": "iron",
    "weight": 90000,
    "volume": 10,
    "price": 10000
  },
  {
    "id": "engine_block_small",
    "copy-from": "spare_part",
    "type": "GENERIC",
    "name": "small engine block",
    "description": "The beginnings of a small gas or diesel engine.  It's not good for much of anything on its own.",
    "material": "iron",
    "weight": 40000,
    "volume": 5,
    "price": 5000
  },
  {
    "id": "engine_block_tiny",
    "copy-from": "spare_part",
    "type": "GENERIC",
    "name": "tiny engine block",
    "description": "The beginnings of a tiny gas or diesel engine.  It's not good for much of anything on its own.",
    "material": "iron",
    "weight": 8000,
    "volume": 2,
    "price": 3500
  }
]
