[
  {
    "id": "wheel",
    "type": "WHEEL",
    "category": "veh_parts",
    "name": "wheel",
    "description": "A car wheel.",
    "weight": 8845,
    "volume": 40,
    "price": 10000,
    "bashing": 12,
    "to_hit": -1,
    "material": [ "steel", "plastic" ],
    "symbol": "]",
    "color": "dark_gray",
    "diameter": 17,
    "width": 9
  },
  {
    "type": "WHEEL",
    "id": "wheel_armor",
    "category": "veh_parts",
    "name": "armored wheel",
    "description": "A wide military grade wheel.",
    "weight": 24500,
    "volume": 70,
    "price": 34000,
    "bashing": 17,
    "to_hit": -1,
    "material": [ "hardsteel", "ceramic" ],
    "symbol": "]",
    "color": "green",
    "diameter": 32,
    "width": 20
  },
  {
    "id": "wheel_barrow",
    "type": "WHEEL",
    "category": "veh_parts",
    "name": "wheelbarrow wheel",
    "description": "A small wheel from a common garden wheelbarrow.",
    "weight": 2722,
    "volume": 9,
    "price": 2000,
    "bashing": 10,
    "to_hit": -1,
    "material": [ "steel", "plastic" ],
    "symbol": "]",
    "color": "dark_gray",
    "diameter": 8,
    "width": 3
  },
  {
    "id": "wheel_bicycle",
    "type": "WHEEL",
    "category": "veh_parts",
    "name": "bicycle wheel",
    "description": "A bicycle wheel.",
    "weight": 1500,
    "volume": 28,
    "price": 4000,
    "bashing": 8,
    "to_hit": -1,
    "material": [ "steel", "plastic" ],
    "symbol": "]",
    "color": "dark_gray",
    "diameter": 10,
    "width": 2
  },
  {
    "id": "wheel_caster",
    "category": "veh_parts",
    "type": "WHEEL",
    "name": "set of casters",
    "name_plural": "sets of casters",
    "description": "A set of casters, like on a shopping cart.",
    "weight": 1500,
    "volume": 5,
    "price": 14000,
    "bashing": 6,
    "to_hit": -1,
    "material": [ "steel", "plastic" ],
    "symbol": "]",
    "color": "dark_gray",
    "diameter": 4,
    "width": 1
  },
  {
    "id": "wheel_metal",
    "category": "veh_parts",
    "type": "WHEEL",
    "name": "metal wheel",
    "description": "A simple metal wheel.",
    "weight": 18239,
    "volume": 35,
    "price": 1200,
    "bashing": 8,
    "to_hit": -4,
    "material": [ "steel" ],
    "symbol": "]",
    "color": "light_gray",
    "diameter": 20,
    "width": 4
  },
  {
    "id": "wheel_motorbike",
    "type": "WHEEL",
    "category": "veh_parts",
    "name": "motorbike wheel",
    "description": "A motorbike wheel.",
    "weight": 5443,
    "volume": 33,
    "price": 14000,
    "bashing": 10,
    "to_hit": -1,
    "material": [ "steel", "plastic" ],
    "symbol": "]",
    "color": "dark_gray",
    "diameter": 11,
    "width": 4
  },
  {
    "id": "hd_steel_drum",
    "type": "WHEEL",
    "category": "veh_parts",
    "name": "large steel drum",
    "description": "A large cylinder fashioned out of thick plates of hardened steel, that is normally found on road rollers.  Numerous massive spokes, attached to a central axis, reinforce its structure even further, making it an unstoppable force once it starts rolling.",
    "weight": 750000,
    "volume": 800,
    "price": 50000,
    "bashing": 60,
    "to_hit": -2,
    "material": [ "steel" ],
    "symbol": "m",
    "color": "light_gray",
    "diameter": 60,
    "width": 60
  },
  {
    "id": "wheel_small",
    "type": "WHEEL",
    "category": "veh_parts",
    "name": "small wheel",
    "description": "A pretty small wheel.  Probably from one of those Segway things.  It is not very menacing.",
    "weight": 2722,
    "volume": 9,
    "price": 14000,
    "bashing": 10,
    "to_hit": -1,
    "material": [ "steel", "plastic" ],
    "symbol": "]",
    "color": "dark_gray",
    "diameter": 10,
    "width": 3
  },
  {
    "id": "wheel_wheelchair",
    "type": "WHEEL",
    "category": "veh_parts",
    "name": "pair of wheelchair wheels",
    "name_plural": "pairs of wheelchair wheels",
    "description": "A pair of wheels for a wheelchair.",
    "weight": 3000,
    "volume": 50,
    "price": 8000,
    "bashing": 8,
    "to_hit": -1,
    "material": [ "steel", "plastic" ],
    "symbol": "]",
    "color": "dark_gray",
    "diameter": 20,
    "width": 2
  },
  {
    "id": "wheel_wide",
    "type": "WHEEL",
    "category": "veh_parts",
    "name": "wide wheel",
    "description": "A wide wheel.  \\o/ This wide.",
    "weight": 22600,
    "volume": 70,
    "price": 34000,
    "bashing": 17,
    "to_hit": -1,
    "material": [ "steel", "plastic" ],
    "symbol": "]",
    "color": "dark_gray",
    "diameter": 24,
    "width": 14
  },
  {
    "id": "wheel_wood",
    "type": "WHEEL",
    "category": "veh_parts",
    "name": "wooden cart wheel",
    "description": "A wooden cart wheel, hand made.",
    "weight": 4500,
    "volume": 35,
    "price": 1200,
    "bashing": 8,
    "to_hit": -4,
    "material": [ "wood" ],
    "symbol": "]",
    "color": "brown",
    "diameter": 20,
    "width": 3
  },
  {
    "id": "wheel_wood_b",
    "copy-from": "wheel_wood",
    "type": "WHEEL",
    "name": "banded wooden cart wheel",
    "description": "A wooden cart wheel with metal bands for durability, hand made.",
    "relative": { "weight": 500 }
  }
]
