[
  {
    "id": "belt40mm",
    "type": "MAGAZINE",
    "name": "grenade belt",
    "description": "An ammo belt consisting of metal linkages which disintegrate upon firing.  This one holds 40mm grenades and is too bulky to be worn like other ammo belts.",
    "volume": 0,
    "price": 0,
    "rigid": false,
    "material": "steel",
    "symbol": "#",
    "color": "light_gray",
    "ammo_type": "40mm",
    "capacity": 50,
    "count": 25,
    "reliability": 6,
    "linkage": "ammolink40mm",
    "flags": [ "MAG_BELT", "MAG_DESTROY" ]
  }
]
