[
  {
    "id": "makarovmag",
    "type": "MAGAZINE",
    "name": "Makarov PM magazine",
    "description": "The standard magazine for the Pistolet Makarova, holds 8 rounds.",
    "weight": 60,
    "volume": 1,
    "price": 2300,
    "material": "steel",
    "symbol": "#",
    "color": "light_gray",
    "ammo_type": "9x18",
    "capacity": 8,
    "reliability": 9,
    "flags": [ "MAG_COMPACT" ]
  },
  {
    "id": "skorpion82mag",
    "type": "MAGAZINE",
    "name": "Skorpion Vz. 82 magazine",
    "description": "A standard 20-round magazine for the Skorpion Vz. 82, in 9x18mm Makarov.",
    "weight": 170,
    "volume": 2,
    "price": 2300,
    "material": "steel",
    "symbol": "#",
    "color": "light_gray",
    "ammo_type": "9x18",
    "capacity": 20,
    "reliability": 8,
    "flags": [ "MAG_COMPACT" ]
  }
]
