[
  {
    "result": "10mm",
    "type": "uncraft",
    "time": 500,
    "qualities": [ { "id": "PULL", "level": 1 } ],
    "components": [
      [ [ "lead", 2 ] ],
      [ [ "40_casing", 1 ] ],
      [ [ "smpistol_primer", 1 ] ],
      [ [ "gunpowder", 5 ] ]
    ],
    "flags": [ "UNCRAFT_SINGLE_CHARGE" ]
  },
  {
    "result": "40fmj",
    "type": "uncraft",
    "time": 500,
    "qualities": [ { "id": "PULL", "level": 1 } ],
    "components": [
      [ [ "lead", 2 ] ],
      [ [ "40_casing", 1 ] ],
      [ [ "smpistol_primer", 1 ] ],
      [ [ "gunpowder", 4 ] ]
    ],
    "flags": [ "UNCRAFT_SINGLE_CHARGE" ]
  },
  {
    "result": "40sw",
    "type": "uncraft",
    "time": 500,
    "qualities": [ { "id": "PULL", "level": 1 } ],
    "components": [
      [ [ "lead", 2 ] ],
      [ [ "40_casing", 1 ] ],
      [ [ "smpistol_primer", 1 ] ],
      [ [ "gunpowder", 4 ] ]
    ],
    "flags": [ "UNCRAFT_SINGLE_CHARGE" ]
  }
]
