[
  {
    "method": "json",
    "object": {
      "furniture": {
        ".": "f_null",
        "4": "f_null",
        "G": "f_grave_stone_old",
        "P": "f_sign",
        "^": "f_grave_stone_old",
        "_": "f_null",
        "a": "f_grave_stone",
        "g": "f_grave_stone"
      },
      "rows": [
        "......_..........._.....",
        ".4..4..4.P____P.4..4..4.",
        "_.......................",
        ".._........_..........._",
        ".4................_...4.",
        "...^ga..^^^..^Gg..g^^...",
        ".........._.............",
        ".4....._..............4.",
        "_..g^^..^g^..g^^..^^^_..",
        ".._......._.............",
        ".4............._......4.",
        "...^gG..^^g..^^^..^^g._.",
        ".................._.....",
        ".4......_..._.........4.",
        "...^^^..^g^..^^^..^^^...",
        ".............._.._......",
        ".4....................4.",
        "...^^^..^G^..^^^..^^G.._",
        "_._.....................",
        ".4.........._..._.....4.",
        "...^^^_.^^^..^^g..^^^...",
        "....._................_.",
        ".4..4..4._4..4..4..4..4.",
        ".._..........._........."
      ],
      "terrain": {
        ".": "t_grass",
        "4": "t_tree_willow",
        "G": "t_dirt",
        "P": "t_grass",
        "^": "t_grass",
        "_": "t_dirt",
        "a": "t_dirt",
        "g": "t_grass"
      },
      "place_signs": [ { "signage": "<city> Cemetery", "x": 9, "y": 1 }, { "signage": "<city> Cemetery", "x": 14, "y": 1 } ]
    },
    "om_terrain": "cemetery_small",
    "type": "mapgen",
    "weight": 100
  },
  {
    "method": "json",
    "object": {
      "furniture": {
        "#": "f_null",
        ".": "f_null",
        "0": "f_null",
        "4": "f_null",
        "G": "f_grave_stone_old",
        "^": "f_grave_stone_old",
        "_": "f_null",
        "g": "f_grave_stone"
      },
      "place_monsters": [ { "chance": 3, "density": 1, "monster": "GROUP_ZOMBIE", "x": 13, "y": 13 } ],
      "rows": [
        "......._...._...........",
        "........................",
        "_4..4..4..4..4..4_.4..4.",
        "..................##....",
        "..._...._.........00..._",
        "..................00....",
        "..^ggg^.g^^..g^g.^g^gg..",
        ".............__.....0...",
        "........_...._....._0...",
        "_.^g^g^.^g^..^^^.^^^G^..",
        "...0................_...",
        "...0....................",
        "..g^^^^.^g^..^^G.^^g^^..",
        "...................._...",
        "........................",
        "..G^gg^.^G^..^g^.^^^^G..",
        "........................",
        ".._...................._",
        "..^^^^^.^^^._^^^.^^^^^..",
        "....._......._..._......",
        "........................",
        "..^^^^^.^^^..^^^.^^^^^..",
        "......_.................",
        "................._......"
      ],
      "terrain": {
        "#": "t_dirtmound",
        ".": "t_grass",
        "0": "t_pit_shallow",
        "4": "t_tree_willow",
        "G": "t_dirt",
        "^": "t_grass",
        "_": "t_dirt",
        "g": "t_grass"
      }
    },
    "om_terrain": "cemetery_small",
    "type": "mapgen",
    "weight": 100
  },
  {
    "method": "json",
    "object": {
      "furniture": {
        ".": "f_null",
        "4": "f_null",
        "P": "f_sign",
        "S": "f_statue",
        "^": "f_grave_stone",
        "_": "f_null",
        "b": "f_bluebell",
        "d": "f_null",
        "f": "f_dahlia",
        "g": "f_grave_stone",
        "n": "f_slab",
        "|": "f_null"
      },
      "place_items": [
        { "chance": 3, "item": "creepy", "x": 11, "y": 12 },
        { "chance": 3, "item": "creepy", "x": 12, "y": 11 },
        { "chance": 3, "item": "creepy", "x": 11, "y": 11 }
      ],
      "rows": [
        "...........__......d....",
        "........d..__...........",
        "..4.fbfbf..__..fbfbf.4..",
        "..d........__...d..d..d.",
        "..f.^...^..__..^...^.f..",
        "..b..___.d.__...___..b..",
        "d.fd._S__________S_..f..",
        "..b..___...__...___..b..",
        "..f.^._.^.____.^._d^.f..",
        "..P..._..______.._d..P..",
        "......_.__||||__._......",
        "__________|nn|__________",
        "__________|nn|__________",
        "..d..._.__||||__._.....d",
        "..P..._..______.._..dP..",
        "..f.^._.^.____.g._.^.f..",
        "..b..___...__...___..b..",
        "..f.._S__________S_..f..",
        "d.b..___...__...___..b..",
        "..f.^...^..__..^...^.f..",
        "...........__........d..",
        "..4.fbfbf..__..fbfbf.4..",
        "...........__.....d.....",
        "......d....__....d......"
      ],
      "terrain": {
        ".": [
          "t_grass",
          "t_grass",
          "t_grass",
          "t_grass",
          "t_grass",
          "t_grass",
          "t_grass",
          "t_grass",
          "t_grass",
          "t_grass",
          "t_grass",
          "t_grass",
          "t_dirt"
        ],
        "4": "t_tree_willow",
        "P": "t_grass",
        "S": "t_sidewalk",
        "^": "t_grass",
        "_": "t_sidewalk",
        "b": "t_underbrush",
        "d": "t_dirt",
        "f": "t_underbrush",
        "g": "t_dirt",
        "n": "t_pit_corpsed",
        "|": "t_concrete_wall"
      },
      "place_signs": [
        { "signage": "<family_name> Cemetery", "x": 2, "y": 9 },
        { "signage": "Please respect the cemetery", "x": 2, "y": 14 },
        { "signage": "May <given_name> and thier family rest in peace", "x": 21, "y": 14 },
        { "signage": "Please respect the cemetery", "x": 21, "y": 9 }
      ]
    },
    "om_terrain": "cemetery_small",
    "type": "mapgen",
    "weight": 100
  },
  {
    "method": "json",
    "object": {
      "furniture": {
        "#": "f_null",
        ".": "f_null",
        "G": "f_grave_stone",
        "^": "f_grave_stone",
        "_": "f_null",
        "c": "f_null",
        "f": "f_bluebell",
        "g": "f_grave_stone_old",
        "|": "f_null"
      },
      "place_monsters": [ { "chance": 3, "density": 1.5, "monster": "GROUP_ZOMBIE", "x": 12, "y": 13 } ],
      "rows": [
        "..........._............",
        "............_...........",
        "...f#f#f#f.._.f#f#f#f...",
        ".||||||||||cc||||||||||.",
        ".|.........___..._....|_",
        ".|........_._.........|.",
        ".|.^G^.^^^.._.^^^.G^^.|.",
        ".|.###.###___.###.###.|.",
        ".|......_.._._........|.",
        ".|_......._._.........|.",
        ".|..........._._._....|.",
        ".|.^G^.^^^._..^^^.^^G.|.",
        ".|.###.###.._.###.###.|.",
        ".|.........__.........|.",
        ".|..........._........|.",
        "_|.._......._....._...|.",
        ".|.^^^.^^^._..^^^.^g^.|_",
        ".|.###.###....###.###.|.",
        ".|........._........_.|.",
        ".|.._............_....|.",
        ".|_......_............|.",
        ".|.^g^.g^^....^g^.^gg.|.",
        "_||||||||||||||||||||||.",
        "......._........._......"
      ],
      "terrain": {
        "#": "t_shrub",
        ".": "t_grass",
        "G": "t_dirt",
        "^": "t_grass",
        "_": "t_dirt",
        "c": "t_chaingate_o",
        "f": "t_shrub",
        "g": "t_grass",
        "|": "t_chainfence_v"
      }
    },
    "om_terrain": "cemetery_small",
    "type": "mapgen",
    "weight": 100
  },
  {
    "method": "json",
    "object": {
      "furniture": {
        "#": "f_null",
        "+": "f_null",
        ".": "f_null",
        "4": "f_null",
        "7": "f_null",
        "P": "f_sign",
        "S": "f_statue",
        "^": "f_grave_stone",
        "_": "f_null",
        "a": "f_statue",
        "b": "f_bench",
        "d": "f_null",
        "g": "f_grave_stone",
        "s": "f_null",
        "|": "f_null"
      },
      "rows": [
        ".d........ssss..........",
        "..4.d4..4.ssss.4..4..4..",
        "..........ssss...d......",
        ".|||||||||P++P|||||||||.",
        ".|...d.bbb.__.bbbd....|d",
        ".|.S^.....d__..d...^S.|.",
        ".|..d......__.....d...|.",
        ".|.........__d........|.",
        ".|.^^^.^g^.__.^^^.^^^.|.",
        ".|d........__.........|.",
        ".|.........__..d.d....|.",
        ".|..g^^^...__...^^^^d.|.",
        ".|.........__.........|.",
        ".|...7.....__.....7...|.",
        ".|......^..__d.^......|.",
        "d|.^g..^a^.__.^S^.d^^.|.",
        ".|.....###.__.###.....|d",
        ".|.........__.........|.",
        ".|...^d....__.....^.d.|.",
        ".|..gS^..........gS^..|.",
        ".|d.###.^g....^^.###..|.",
        ".|....................|.",
        "d||||||||||||||||||||||.",
        ".......d.........d......"
      ],
      "terrain": {
        "#": "t_shrub",
        "+": "t_chaingate_c",
        ".": "t_grass",
        "4": "t_tree_willow",
        "7": "t_tree_maple",
        "P": "t_chainfence_v",
        "S": "t_grass",
        "^": "t_grass",
        "_": "t_pavement",
        "a": "t_dirt",
        "b": "t_grass",
        "d": "t_dirt",
        "g": "t_dirt",
        "s": "t_sidewalk",
        "|": "t_chainfence_v"
      },
      "place_signs": [
        { "signage": "<family_name> Family Cemetery", "x": 10, "y": 3 },
        { "signage": "Please respect the cemetery", "x": 13, "y": 3 }
      ]
    },
    "om_terrain": "cemetery_small",
    "type": "mapgen",
    "weight": 100
  }
]
