[
  {
    "method": "json",
    "object": {
      "furniture": {
        ".": "f_null",
        "^": [
          "f_rubble",
          "f_rubble",
          "f_rubble",
          "f_null",
          "f_null",
          "f_null",
          "f_null",
          "f_null",
          "f_null",
          "f_rubble_rock",
          "f_wreckage"
        ],
        "_": "f_null"
      },
      "items": {
        "^": [
          { "item": "trash", "chance": 25, "repeat": 2 },
          { "item": "road", "chance": 1 },
          { "item": "allclothes", "chance": 2, "damage": [ 3, 4 ] },
          { "item": "stoner", "chance": 1 },
          { "item": "wheels", "chance": 2 },
          { "item": "creepy", "chance": 1 },
          { "item": "misc_smoking", "chance": 2 }
        ],
        "q": [
          { "item": "trash", "chance": 25, "repeat": 1 },
          { "item": "road", "chance": 1 },
          { "item": "allclothes", "chance": 2, "damage": [ 3, 4 ] },
          { "item": "stoner", "chance": 1 },
          { "item": "wheels", "chance": 2 },
          { "item": "creepy", "chance": 1 },
          { "item": "misc_smoking", "chance": 2 }
        ]
      },
      "place_vehicles": [ { "chance": 70, "fuel": 0, "rotation": 0, "status": 1, "vehicle": "dumpsite_vehicles", "x": 13, "y": 10 } ],
      "rows": [
        "........................",
        "........................",
        "........................",
        "........................",
        "........................",
        "........................",
        "........................",
        "..........^^^^.^........",
        ".......q^^__^_^_qq.......",
        ".......q.________^q.....",
        ".....q^qq^______^^.q....",
        "....q^^qq_______^^q.....",
        "....q^^^^^^^^_^^.^^q....",
        ".....^^.^^^^^^^^^^^q....",
        ".....^q^^.^^^^^^^^^.....",
        ".....^^^^^^^^^^q^^^.....",
        "......^^^^^q^^^^^^......",
        ".......^^^^^^^^^q.......",
        "........................",
        "........................",
        "........................",
        "........................",
        "........................",
        "........................"
      ],
      "terrain": {
        ".": [
          "t_dirt",
          "t_dirt",
          "t_underbrush",
          "t_underbrush",
          "t_underbrush",
          "t_grass",
          "t_grass",
          "t_grass",
          "t_grass",
          "t_grass",
          "t_grass",
          "t_grass",
          "t_tree_young",
          "t_tree_dead",
          "t_tree_pine",
          "t_tree_pine"
        ],
        "^": [
          "t_dirt",
          "t_dirt",
          "t_underbrush",
          "t_grass",
          "t_grass",
          "t_grass",
          "t_grass",
          "t_grass",
          "t_grass",
          "t_grass",
          "t_grass",
          "t_grass",
          "t_tree_young",
          "t_tree_young",
          "t_tree_dead",
          "t_tree_pine"
        ],
        "q": [
          "t_dirt",
          "t_dirt",
          "t_underbrush",
          "t_grass",
          "t_grass",
          "t_grass",
          "t_grass",
          "t_grass",
          "t_grass",
          "t_grass",
          "t_tree_young",
          "t_tree_young",
          "t_tree_dead",
          "t_tree_pine"
        ],
        "_": [ "t_dirt", "t_underbrush", "t_grass", "t_grass", "t_grass", "t_grass", "t_grass", "t_tree_young" ]
      }
    },
    "om_terrain": "dumpsite",
    "type": "mapgen",
    "weight": 100
  },
  {
    "method": "json",
    "object": {
      "furniture": {
        ".": "f_null",
        "7": "f_null",
        "^": [ "f_rubble", "f_rubble", "f_rubble", "f_null", "f_rubble_rock", "f_wreckage" ],
        "_": "f_null",
        "r": [
          "f_rubble",
          "f_rubble",
          "f_rubble",
          "f_null",
          "f_null",
          "f_null",
          "f_null",
          "f_null",
          "f_null",
          "f_rubble_rock",
          "f_wreckage"
        ]
      },
      "items": {
        "^": [
          { "item": "trash", "chance": 25, "repeat": 2 },
          { "item": "road", "chance": 2 },
          { "item": "allclothes", "chance": 3, "damage": [ 1, 4 ] },
          { "item": "stoner", "chance": 1 },
          { "item": "oven", "chance": 2 },
          { "item": "garden_shed", "chance": 2 },
          { "item": "homebooks", "chance": 2 },
          { "item": "electronics", "chance": 2 },
          { "item": "wheels", "chance": 2 },
          { "item": "creepy", "chance": 1 },
          { "item": "chem_home", "chance": 1 },
          { "item": "barrels", "chance": 1 },
          { "item": "hardware", "chance": 2 },
          { "item": "misc_smoking", "chance": 1 },
          { "item": "tools_home", "chance": 1 }
        ],
        "r": [
          { "item": "trash", "chance": 35 },
          { "item": "road", "chance": 1 },
          { "item": "allclothes", "chance": 2, "damage": [ 1, 4 ] },
          { "item": "stoner", "chance": 1 },
          { "item": "oven", "chance": 1 },
          { "item": "wheels", "chance": 1 },
          { "item": "garden_shed", "chance": 1 },
          { "item": "homebooks", "chance": 1 },
          { "item": "electronics", "chance": 1 },
          { "item": "creepy", "chance": 1 },
          { "item": "chem_home", "chance": 1 },
          { "item": "barrels", "chance": 1 },
          { "item": "hardware", "chance": 1 },
          { "item": "misc_smoking", "chance": 1 },
          { "item": "tools_home", "chance": 1 }
        ]
      },
      "rows": [
        ".........______.........",
        ".........______.........",
        "..7......______......7..",
        "......___________.......",
        "....________________....",
        "...__________________...",
        "...__________________...",
        ".._____rrrrrrrrrr_____..",
        "..___rrrrrrrrrrrrrr___..",
        "..__rrrrrrrrrrrrrrrr__..",
        ".._rrrrrrrrrrrrrrrrrr_..",
        ".._rrrrrrrrrrrrrrrrrr_..",
        ".._rrrrrrrrrrrrrrrrrr_..",
        ".._rrr^^^^^^^^^^^^rrr_..",
        ".._r^^^^^^^^^^^^^^^^r_..",
        ".._^^^^^^^^^^^^^^^^^^_..",
        ".._^^^^^^^^^^^^^^^^^^_..",
        ".._^^^^^^^^^^^^^^^^^^_..",
        ".._^^^^^^^^^^^^^^^^^^_..",
        ".._^^^^^^^^^^^^^^^^^^_..",
        "..._^^^^^^^^^^^^^^^^_...",
        "...._^^^^^^^^^^^^^^_....",
        "........................",
        "........................"
      ],
      "terrain": {
        ".": [ "t_grass", "t_grass", "t_grass", "t_grass", "t_grass", "t_grass", "t_dirt" ],
        "7": "t_tree_maple",
        "^": "t_dirt",
        "_": [ "t_dirt", "t_dirt", "t_dirt", "t_dirt", "t_dirt", "t_dirt", "t_dirt", "t_grass" ],
        "r": "t_dirt"
      }
    },
    "om_terrain": "dump",
    "type": "mapgen",
    "flags": [ "SIDEWALK" ],
    "weight": 100
  },
  {
    "method": "json",
    "object": {
      "furniture": { ".": "f_null", "^": [ "f_rubble", "f_rubble", "f_rubble", "f_null", "f_rubble_rock", "f_wreckage" ] },
      "items": {
        "^": [
          { "item": "trash", "chance": 25, "repeat": 2 },
          { "item": "road", "chance": 1 },
          { "item": "allclothes", "chance": 2, "damage": [ 3, 4 ] },
          { "item": "stoner", "chance": 1 },
          { "item": "wheels", "chance": 2 },
          { "item": "barrels", "chance": 1 },
          { "item": "creepy", "chance": 1 },
          { "item": "misc_smoking", "chance": 2 }
        ],
        "q": [
          { "item": "trash", "chance": 25, "repeat": 1 },
          { "item": "road", "chance": 1 },
          { "item": "allclothes", "chance": 2, "damage": [ 3, 4 ] },
          { "item": "stoner", "chance": 1 },
          { "item": "wheels", "chance": 2 },
          { "item": "barrels", "chance": 1 },
          { "item": "creepy", "chance": 1 },
          { "item": "misc_smoking", "chance": 2 }
        ]
      },
      "place_vehicles": [ { "chance": 95, "fuel": 0, "rotation": 90, "status": 1, "vehicle": "dumpsite_vehicles", "x": 9, "y": 14 } ],
      "rows": [
        "........................",
        "........................",
        "........................",
        "........................",
        "........................",
        "..............^.........",
        "........................",
        "......q.................",
        "....^........q..........",
        ".......^................",
        ".......qq.......q.......",
        ".....qq..........q......",
        "....^^......q...^.......",
        "....^^.q.qq..q..........",
        ".........qq.q..^..^.....",
        ".........qqq.qq.........",
        ".......^................",
        "..q........^......q.....",
        "..............q.........",
        "................q.......",
        "..........q.............",
        "........................",
        "........................",
        "........................"
      ],
      "terrain": {
        ".": [
          "t_dirt",
          "t_underbrush",
          "t_underbrush",
          "t_underbrush",
          "t_grass",
          "t_grass",
          "t_grass",
          "t_grass",
          "t_grass",
          "t_grass",
          "t_tree_young",
          "t_tree_dead",
          "t_tree_pine",
          "t_tree_pine"
        ],
        "q": [
          "t_dirt",
          "t_dirt",
          "t_underbrush",
          "t_grass",
          "t_grass",
          "t_grass",
          "t_grass",
          "t_grass",
          "t_grass",
          "t_grass",
          "t_grass",
          "t_tree_young",
          "t_tree_young",
          "t_tree_dead",
          "t_tree_pine"
        ],
        "_": "t_concrete",
        "^": [
          "t_dirt",
          "t_dirt",
          "t_underbrush",
          "t_grass",
          "t_grass",
          "t_grass",
          "t_grass",
          "t_grass",
          "t_grass",
          "t_grass",
          "t_grass",
          "t_grass",
          "t_grass"
        ]
      }
    },
    "om_terrain": "dumpsite",
    "type": "mapgen",
    "weight": 100
  },
  {
    "method": "json",
    "object": {
      "furniture": {
        ".": "f_null",
        "^": [ "f_rubble", "f_rubble", "f_rubble", "f_null", "f_null", "f_rubble_rock", "f_wreckage" ],
        "_": "f_null"
      },
      "items": {
        "^": [
          { "item": "trash", "chance": 25, "repeat": 2 },
          { "item": "road", "chance": 1 },
          { "item": "allclothes", "chance": 2, "damage": [ 3, 4 ] },
          { "item": "stoner", "chance": 1 },
          { "item": "wheels", "chance": 2 },
          { "item": "creepy", "chance": 1 },
          { "item": "barrels", "chance": 1 },
          { "item": "misc_smoking", "chance": 2 }
        ],
        "_": [
          { "item": "trash", "chance": 25, "repeat": 1 },
          { "item": "road", "chance": 1 },
          { "item": "allclothes", "chance": 2, "damage": [ 3, 4 ] },
          { "item": "stoner", "chance": 1 },
          { "item": "wheels", "chance": 2 },
          { "item": "barrels", "chance": 1 },
          { "item": "creepy", "chance": 1 },
          { "item": "misc_smoking", "chance": 2 }
        ]
      },
      "rows": [
        "........................",
        "........................",
        "........................",
        "...........^..._._......",
        "........_..._......._...",
        "....^........__^^_......",
        "........^.^_^^_^__.._...",
        "....._..._^^^_^_^^._....",
        "........._^^^^^^^^......",
        ".........._^_^^_^^_.^...",
        "......^..._..___........",
        ".........^...^....._....",
        ".........._.....^^......",
        "........._..^...........",
        "..................._....",
        "................_.......",
        "............._..........",
        "........................",
        "........................",
        "........................",
        "........................",
        "........................",
        "........................",
        "........................"
      ],
      "terrain": {
        ".": [ "t_dirt", "t_underbrush", "t_underbrush", "t_grass", "t_grass", "t_grass", "t_grass", "t_grass", "t_tree_pine" ],
        "^": [ "t_dirt", "t_underbrush", "t_grass", "t_grass", "t_grass", "t_grass", "t_grass", "t_grass", "t_grass", "t_grass" ],
        "_": [
          "t_dirt",
          "t_underbrush",
          "t_grass",
          "t_grass",
          "t_grass",
          "t_grass",
          "t_grass",
          "t_grass",
          "t_grass",
          "t_grass",
          "t_tree_pine"
        ]
      }
    },
    "om_terrain": "dumpsite",
    "type": "mapgen",
    "weight": 100
  },
  {
    "method": "json",
    "object": {
      "add": [ { "item": "handrolled_cig", "chance": 70, "x": 10, "y": 14 }, { "item": "rollmat", "chance": 80, "x": 10, "y": 14 } ],
      "furniture": {
        "#": "f_canvas_wall",
        "+": "f_canvas_door",
        ".": "f_null",
        "{": "f_dumpster",
        ";": "f_groundsheet",
        "^": [ "f_rubble", "f_rubble", "f_rubble", "f_null", "f_rubble_rock", "f_wreckage" ],
        "_": "f_null"
      },
      "items": {
        "^": [
          { "item": "trash", "chance": 25, "repeat": 2 },
          { "item": "road", "chance": 1 },
          { "item": "allclothes", "chance": 2, "damage": [ 3, 4 ] },
          { "item": "stoner", "chance": 1 },
          { "item": "wheels", "chance": 2 },
          { "item": "creepy", "chance": 1 },
          { "item": "misc_smoking", "chance": 2 }
        ],
        "_": [
          { "item": "trash", "chance": 25, "repeat": 1 },
          { "item": "road", "chance": 1 },
          { "item": "allclothes", "chance": 2, "damage": [ 3, 4 ] },
          { "item": "stoner", "chance": 1 },
          { "item": "wheels", "chance": 2 },
          { "item": "creepy", "chance": 1 },
          { "item": "misc_smoking", "chance": 2 }
        ],
        "{": [
          { "item": "trash", "chance": 25, "repeat": 1 },
          { "item": "road", "chance": 1 },
          { "item": "allclothes", "chance": 2, "damage": [ 3, 4 ] },
          { "item": "stoner", "chance": 1 },
          { "item": "wheels", "chance": 2 },
          { "item": "creepy", "chance": 1 },
          { "item": "misc_smoking", "chance": 2 }
        ]
      },
      "rows": [
        "........................",
        "........................",
        "........................",
        "........................",
        "...........^_...........",
        "................^_......",
        "..........___.__^._.....",
        "..........._.._.___.....",
        "..........^^._.__._^....",
        "..........{{{_^^_._^....",
        "......._..__.____.._....",
        "......___..__..__.......",
        "......^_^.._...____.....",
        "......_..####.^._^_.....",
        ".........#;;+____._^_...",
        ".........####._.^^_.....",
        "...........^.__^^^.^....",
        ".............._^^^_.....",
        ".............._._^......",
        "........................",
        "........................",
        "........................",
        "........................",
        "........................"
      ],
      "terrain": {
        "#": "t_grass",
        "+": "t_grass",
        "{": "t_dirt",
        ".": [
          "t_dirt",
          "t_underbrush",
          "t_underbrush",
          "t_underbrush",
          "t_grass",
          "t_grass",
          "t_grass",
          "t_grass",
          "t_grass",
          "t_grass",
          "t_tree_young",
          "t_tree_dead",
          "t_tree_pine",
          "t_tree_pine"
        ],
        ";": "t_grass",
        "^": [
          "t_dirt",
          "t_dirt",
          "t_underbrush",
          "t_grass",
          "t_grass",
          "t_grass",
          "t_grass",
          "t_grass",
          "t_grass",
          "t_grass",
          "t_grass",
          "t_grass",
          "t_grass"
        ],
        "_": [
          "t_dirt",
          "t_dirt",
          "t_underbrush",
          "t_grass",
          "t_grass",
          "t_grass",
          "t_grass",
          "t_grass",
          "t_grass",
          "t_grass",
          "t_grass",
          "t_tree_young",
          "t_tree_young",
          "t_tree_dead",
          "t_tree_pine"
        ]
      }
    },
    "om_terrain": "dumpsite",
    "type": "mapgen",
    "weight": 100
  },
  {
    "method": "json",
    "object": {
      "furniture": {
        "#": "f_hay",
        ".": "f_null",
        "^": [ "f_rubble", "f_rubble", "f_rubble", "f_null", "f_null", "f_null", "f_rubble_rock", "f_wreckage" ],
        "_": "f_null",
        "h": "f_hay",
        "r": [ "f_rubble", "f_rubble", "f_null", "f_null", "f_null", "f_hay", "f_hay", "f_rubble_rock", "f_wreckage" ],
        "s": "f_straw_bed"
      },
      "items": {
        "^": [
          { "item": "trash", "chance": 25, "repeat": 2 },
          { "item": "road", "chance": 1 },
          { "item": "allclothes", "chance": 2, "damage": [ 3, 4 ] },
          { "item": "stoner", "chance": 1 },
          { "item": "wheels", "chance": 2 },
          { "item": "barrels", "chance": 1 },
          { "item": "creepy", "chance": 1 },
          { "item": "misc_smoking", "chance": 2 }
        ],
        "r": [
          { "item": "trash", "chance": 25, "repeat": 2 },
          { "item": "road", "chance": 1 },
          { "item": "allclothes", "chance": 2, "damage": [ 3, 4 ] },
          { "item": "stoner", "chance": 1 },
          { "item": "wheels", "chance": 2 },
          { "item": "creepy", "chance": 1 },
          { "item": "barrels", "chance": 1 },
          { "item": "misc_smoking", "chance": 2 }
        ],
        "_": [
          { "item": "trash", "chance": 25, "repeat": 1 },
          { "item": "road", "chance": 1 },
          { "item": "allclothes", "chance": 2, "damage": [ 3, 4 ] },
          { "item": "stoner", "chance": 1 },
          { "item": "barrels", "chance": 1 },
          { "item": "wheels", "chance": 2 },
          { "item": "creepy", "chance": 1 },
          { "item": "misc_smoking", "chance": 2 }
        ]
      },
      "rows": [
        "........................",
        "........................",
        "........................",
        ".......^....^...........",
        ".....^..._..^^.^........",
        "......._r..rr_^.........",
        "..._.^...r..rr^^........",
        ".^.._.__.#____r.........",
        "...^._rrrh#_.r..........",
        ".._._.^rrrrs___r.^......",
        "..._^^r^rrrr__..........",
        "._..^^^r^rrrrr_r........",
        "..._^^^^^^rrr__.........",
        "....^^^_^_^^r_..........",
        "....^^^^^^__^._^........",
        "..._.^_^^_^^_...........",
        "...._.^_^^^^.^.._.^.....",
        ".....^.^^_._._..........",
        "........._.^.._.........",
        ".......^................",
        "........................",
        "........................",
        "........................",
        "........................"
      ],
      "terrain": {
        "#": "t_grass",
        ".": [
          "t_dirt",
          "t_underbrush",
          "t_underbrush",
          "t_underbrush",
          "t_grass",
          "t_grass",
          "t_grass",
          "t_grass",
          "t_grass",
          "t_grass",
          "t_tree_young",
          "t_tree_dead",
          "t_tree_pine",
          "t_tree_pine"
        ],
        "^": [
          "t_dirt",
          "t_dirt",
          "t_underbrush",
          "t_grass",
          "t_grass",
          "t_grass",
          "t_grass",
          "t_grass",
          "t_grass",
          "t_grass",
          "t_grass",
          "t_grass",
          "t_grass"
        ],
        "_": [
          "t_dirt",
          "t_dirt",
          "t_underbrush",
          "t_grass",
          "t_grass",
          "t_grass",
          "t_grass",
          "t_grass",
          "t_grass",
          "t_grass",
          "t_grass",
          "t_tree_young",
          "t_tree_young",
          "t_tree_dead",
          "t_tree_pine"
        ],
        "h": "t_grass",
        "r": [
          "t_dirt",
          "t_dirt",
          "t_underbrush",
          "t_grass",
          "t_grass",
          "t_grass",
          "t_grass",
          "t_grass",
          "t_grass",
          "t_grass",
          "t_grass",
          "t_grass",
          "t_grass"
        ],
        "s": "t_grass"
      }
    },
    "om_terrain": "dumpsite",
    "type": "mapgen",
    "weight": 100
  },
  {
    "method": "json",
    "object": {
      "furniture": {
        ".": "f_null",
        "{": "f_dumpster",
        "^": [
          "f_rubble",
          "f_rubble",
          "f_rubble",
          "f_rubble",
          "f_rubble",
          "f_rubble",
          "f_rubble",
          "f_rubble",
          "f_rubble",
          "f_rubble",
          "f_rubble",
          "f_null",
          "f_null",
          "f_null",
          "f_null",
          "f_null",
          "f_null",
          "f_null",
          "f_rubble_rock",
          "f_rubble_rock",
          "f_rubble_rock",
          "f_rubble_rock",
          "f_wreckage",
          "f_wreckage",
          "f_wreckage",
          "f_wreckage",
          "f_dryer",
          "f_washer",
          "f_toilet",
          "f_sink"
        ],
        "_": "f_null"
      },
      "items": {
        "^": [
          { "item": "trash", "chance": 25, "repeat": 2 },
          { "item": "road", "chance": 1 },
          { "item": "allclothes", "chance": 2, "damage": [ 3, 4 ] },
          { "item": "stoner", "chance": 1 },
          { "item": "wheels", "chance": 2 },
          { "item": "barrels", "chance": 1 },
          { "item": "creepy", "chance": 1 },
          { "item": "misc_smoking", "chance": 2 }
        ],
        "_": [
          { "item": "trash", "chance": 25, "repeat": 1 },
          { "item": "road", "chance": 1 },
          { "item": "allclothes", "chance": 2, "damage": [ 3, 4 ] },
          { "item": "stoner", "chance": 1 },
          { "item": "wheels", "chance": 2 },
          { "item": "barrels", "chance": 1 },
          { "item": "creepy", "chance": 1 },
          { "item": "misc_smoking", "chance": 2 }
        ],
        "{": [
          { "item": "trash", "chance": 25, "repeat": 1 },
          { "item": "road", "chance": 1 },
          { "item": "allclothes", "chance": 2, "damage": [ 3, 4 ] },
          { "item": "stoner", "chance": 1 },
          { "item": "wheels", "chance": 2 },
          { "item": "barrels", "chance": 1 },
          { "item": "creepy", "chance": 1 },
          { "item": "misc_smoking", "chance": 2 }
        ]
      },
      "rows": [
        "........................",
        "........................",
        "........................",
        "..............._........",
        "........................",
        "..................^.....",
        "..........^..^_^..^.._..",
        "............_^^^^_......",
        "............^^^^^^{.....",
        "....._...._.^^^^^^{.^...",
        ".............^^^^^{.....",
        "............^__^_.^.....",
        ".............._^...._...",
        "............._..^.......",
        "...................^..^.",
        "............^..._.......",
        "........................",
        "........................",
        "........................",
        "........................",
        "........................",
        "........................",
        "........................",
        "........................"
      ],
      "terrain": {
        "&": "t_grass",
        ".": [
          "t_dirt",
          "t_underbrush",
          "t_underbrush",
          "t_underbrush",
          "t_grass",
          "t_grass",
          "t_grass",
          "t_grass",
          "t_grass",
          "t_grass",
          "t_tree_young",
          "t_tree_dead",
          "t_tree_pine",
          "t_tree_pine"
        ],
        "^": [
          "t_dirt",
          "t_dirt",
          "t_underbrush",
          "t_grass",
          "t_grass",
          "t_grass",
          "t_grass",
          "t_grass",
          "t_grass",
          "t_grass",
          "t_grass",
          "t_grass",
          "t_grass"
        ],
        "_": [
          "t_dirt",
          "t_dirt",
          "t_underbrush",
          "t_grass",
          "t_grass",
          "t_grass",
          "t_grass",
          "t_grass",
          "t_grass",
          "t_grass",
          "t_grass",
          "t_tree_young",
          "t_tree_young",
          "t_tree_dead",
          "t_tree_pine"
        ],
        "t": "t_grass",
        "w": "t_grass",
        "{": [ "t_dirt", "t_grass" ]
      }
    },
    "om_terrain": "dumpsite",
    "type": "mapgen",
    "weight": 100
  },
  {
    "method": "json",
    "object": {
      "furniture": {
        ".": "f_null",
        "^": [ "f_rubble", "f_rubble", "f_rubble", "f_null", "f_null", "f_null", "f_null", "f_null", "f_rubble_rock", "f_wreckage" ],
        "_": "f_null"
      },
      "items": {
        "^": [
          { "item": "trash", "chance": 25, "repeat": 2 },
          { "item": "road", "chance": 1 },
          { "item": "allclothes", "chance": 2, "damage": [ 3, 4 ] },
          { "item": "stoner", "chance": 1 },
          { "item": "wheels", "chance": 2 },
          { "item": "creepy", "chance": 1 },
          { "item": "barrels", "chance": 1 },
          { "item": "misc_smoking", "chance": 2 }
        ],
        "_": [
          { "item": "trash", "chance": 25, "repeat": 1 },
          { "item": "road", "chance": 1 },
          { "item": "allclothes", "chance": 2, "damage": [ 3, 4 ] },
          { "item": "stoner", "chance": 1 },
          { "item": "wheels", "chance": 2 },
          { "item": "creepy", "chance": 1 },
          { "item": "barrels", "chance": 1 },
          { "item": "misc_smoking", "chance": 2 }
        ]
      },
      "rows": [
        "........................",
        "........................",
        "........................",
        "........................",
        "........................",
        "........................",
        "...........^............",
        "..................^.....",
        "..........^.__.^........",
        "..........^^_____.......",
        ".........^^__^^^__......",
        "..........^^__^^^__.....",
        "........^^^____^__......",
        "........^^^_^^___.^.....",
        "........^^__^__^__......",
        "..........______.^......",
        "..........^^_^^_........",
        "............___.........",
        "...........^.._.........",
        "...............^........",
        "........................",
        "........................",
        "........................",
        "........................"
      ],
      "terrain": {
        ".": [
          "t_dirt",
          "t_underbrush",
          "t_underbrush",
          "t_underbrush",
          "t_grass",
          "t_grass",
          "t_grass",
          "t_grass",
          "t_grass",
          "t_grass",
          "t_tree_young",
          "t_tree_dead",
          "t_tree_pine",
          "t_tree_pine"
        ],
        "^": [
          "t_dirt",
          "t_dirt",
          "t_underbrush",
          "t_grass",
          "t_grass",
          "t_grass",
          "t_grass",
          "t_grass",
          "t_grass",
          "t_grass",
          "t_grass",
          "t_grass",
          "t_grass",
          "t_tree_young",
          "t_tree_young",
          "t_tree_dead",
          "t_tree_pine"
        ],
        "_": [
          "t_dirt",
          "t_dirt",
          "t_underbrush",
          "t_grass",
          "t_grass",
          "t_grass",
          "t_grass",
          "t_grass",
          "t_grass",
          "t_grass",
          "t_grass",
          "t_tree_young",
          "t_tree_young",
          "t_tree_dead",
          "t_tree_pine"
        ]
      }
    },
    "om_terrain": "dumpsite",
    "type": "mapgen",
    "weight": 100
  },
  {
    "method": "json",
    "object": {
      "furniture": {
        ".": "f_null",
        "^": [
          "f_rubble",
          "f_rubble",
          "f_rubble",
          "f_rubble",
          "f_rubble",
          "f_rubble",
          "f_rubble",
          "f_rubble",
          "f_rubble",
          "f_rubble",
          "f_rubble",
          "f_null",
          "f_null",
          "f_null",
          "f_null",
          "f_null",
          "f_null",
          "f_null",
          "f_rubble_rock",
          "f_rubble_rock",
          "f_rubble_rock",
          "f_rubble_rock",
          "f_wreckage",
          "f_wreckage",
          "f_wreckage",
          "f_wreckage",
          "f_dryer",
          "f_washer",
          "f_toilet",
          "f_sink"
        ],
        "_": "f_null",
        "|": "f_null"
      },
      "items": {
        "^": [
          { "item": "trash", "chance": 25, "repeat": 2 },
          { "item": "road", "chance": 1 },
          { "item": "allclothes", "chance": 2, "damage": [ 3, 4 ] },
          { "item": "stoner", "chance": 1 },
          { "item": "wheels", "chance": 2 },
          { "item": "barrels", "chance": 1 },
          { "item": "creepy", "chance": 1 },
          { "item": "misc_smoking", "chance": 2 }
        ],
        "_": [
          { "item": "trash", "chance": 25, "repeat": 1 },
          { "item": "road", "chance": 1 },
          { "item": "allclothes", "chance": 2, "damage": [ 3, 4 ] },
          { "item": "stoner", "chance": 1 },
          { "item": "wheels", "chance": 2 },
          { "item": "barrels", "chance": 1 },
          { "item": "creepy", "chance": 1 },
          { "item": "misc_smoking", "chance": 2 }
        ]
      },
      "rows": [
        "........................",
        "........................",
        "........................",
        "................^.......",
        "........d....^..........",
        ".........d..^_d__d_d....",
        "...........^_._^.d__....",
        "........d...^d___.^.^_..",
        ".........^^._.^^_^.._...",
        ".........d._^_d_d^dd^...",
        ".........^d_.d_^^_d^....",
        "............^||._.......",
        "............d......^....",
        ".........^......^.......",
        "........................",
        "........................",
        "........................",
        "........................",
        "........................",
        "........................",
        "........................",
        "........................",
        "........................",
        "........................"
      ],
      "terrain": {
        ".": [
          "t_dirt",
          "t_underbrush",
          "t_underbrush",
          "t_underbrush",
          "t_grass",
          "t_grass",
          "t_grass",
          "t_grass",
          "t_grass",
          "t_grass",
          "t_tree_young",
          "t_tree_dead",
          "t_tree_pine",
          "t_tree_pine"
        ],
        "^": [
          "t_dirt",
          "t_dirt",
          "t_underbrush",
          "t_grass",
          "t_grass",
          "t_grass",
          "t_grass",
          "t_grass",
          "t_grass",
          "t_grass",
          "t_grass",
          "t_grass",
          "t_grass"
        ],
        "_": "t_concrete",
        "d": [
          "t_dirt",
          "t_dirt",
          "t_underbrush",
          "t_grass",
          "t_grass",
          "t_grass",
          "t_grass",
          "t_grass",
          "t_grass",
          "t_grass",
          "t_grass",
          "t_tree_young",
          "t_tree_young",
          "t_tree_dead",
          "t_tree_pine"
        ],
        "|": "t_concrete_wall"
      }
    },
    "om_terrain": "dumpsite",
    "type": "mapgen",
    "weight": 100
  },
  {
    "method": "json",
    "object": {
      "furniture": {
        "#": "f_null",
        ".": "f_null",
        "^": [ "f_rubble", "f_rubble", "f_rubble", "f_null", "f_null", "f_null", "f_rubble_rock", "f_wreckage" ],
        "_": "f_null"
      },
      "items": {
        "^": [
          { "item": "trash", "chance": 25, "repeat": 2 },
          { "item": "road", "chance": 1 },
          { "item": "allclothes", "chance": 2, "damage": [ 3, 4 ] },
          { "item": "stoner", "chance": 1 },
          { "item": "wheels", "chance": 2 },
          { "item": "creepy", "chance": 1 },
          { "item": "misc_smoking", "chance": 2 }
        ],
        "#": [
          { "item": "trash", "chance": 25, "repeat": 1 },
          { "item": "road", "chance": 1 },
          { "item": "allclothes", "chance": 2, "damage": [ 3, 4 ] },
          { "item": "stoner", "chance": 1 },
          { "item": "wheels", "chance": 2 },
          { "item": "creepy", "chance": 1 },
          { "item": "misc_smoking", "chance": 2 }
        ]
      },
      "place_vehicles": [ { "chance": 80, "fuel": 0, "rotation": 270, "status": 1, "vehicle": "dumpsite_vehicles", "x": 8, "y": 11 } ],
      "rows": [
        "........................",
        "........................",
        "........................",
        ".............#..........",
        "........................",
        "........................",
        "....#...................",
        "...........#..#.........",
        "...............^........",
        "..#...^____##.^.^#.^....",
        ".....#^____^^#.^........",
        "....^##____^#^^..^......",
        "...^#^^____^#^^^.#......",
        "....^^#____#^##^^.......",
        "..#^.#^____##^..^.......",
        "....^^#^___#..#.....#...",
        "..^^#^^^___.............",
        "..^^^^.____.#.....#.....",
        "...............#....#...",
        "....#.............#.....",
        "......#.....#...........",
        "........................",
        "........................",
        "........................"
      ],
      "terrain": {
        "#": [
          "t_dirt",
          "t_dirt",
          "t_underbrush",
          "t_grass",
          "t_grass",
          "t_grass",
          "t_grass",
          "t_grass",
          "t_grass",
          "t_grass",
          "t_grass",
          "t_tree_young",
          "t_tree_young",
          "t_tree_dead",
          "t_tree_pine"
        ],
        ".": [
          "t_dirt",
          "t_dirt",
          "t_underbrush",
          "t_underbrush",
          "t_underbrush",
          "t_grass",
          "t_grass",
          "t_grass",
          "t_grass",
          "t_grass",
          "t_grass",
          "t_grass",
          "t_tree_young",
          "t_tree_dead",
          "t_tree_pine",
          "t_tree_pine"
        ],
        "^": [
          "t_dirt",
          "t_dirt",
          "t_underbrush",
          "t_grass",
          "t_grass",
          "t_grass",
          "t_grass",
          "t_grass",
          "t_grass",
          "t_grass",
          "t_grass",
          "t_grass",
          "t_grass",
          "t_tree_young",
          "t_tree_young",
          "t_tree_dead",
          "t_tree_pine"
        ],
        "_": [ "t_dirt", "t_underbrush", "t_grass", "t_grass", "t_grass", "t_grass", "t_grass", "t_tree_young" ]
      }
    },
    "om_terrain": "dumpsite",
    "type": "mapgen",
    "weight": 100
  }
]
