[
  {
    "method": "json",
    "object": {
      "add": [
        { "item": "log", "repeat": [ 1, 5 ], "x": 18, "y": 3 },
        { "item": "log", "repeat": [ 1, 5 ], "x": 19, "y": 3 },
        { "item": "log", "repeat": [ 1, 5 ], "x": 20, "y": 3 },
        { "item": "log", "repeat": [ 1, 5 ], "x": 21, "y": 3 },
        { "item": "stick", "repeat": [ 1, 5 ], "x": 23, "y": 3 },
        { "item": "log", "repeat": [ 1, 5 ], "x": 18, "y": 4 },
        { "item": "log", "repeat": [ 1, 5 ], "x": 19, "y": 4 },
        { "item": "log", "repeat": [ 1, 5 ], "x": 20, "y": 4 },
        { "item": "log", "repeat": [ 1, 5 ], "x": 21, "y": 4 },
        { "item": "stick", "repeat": [ 1, 5 ], "x": 23, "y": 4 },
        { "item": "log", "repeat": [ 1, 5 ], "x": 18, "y": 5 },
        { "item": "log", "repeat": [ 1, 5 ], "x": 19, "y": 5 },
        { "item": "log", "repeat": [ 1, 5 ], "x": 20, "y": 5 },
        { "item": "log", "repeat": [ 1, 5 ], "x": 21, "y": 5 },
        { "item": "stick", "repeat": [ 1, 5 ], "x": 23, "y": 5 }
      ],
      "furniture": {
        "#": "f_null",
        "-": "f_null",
        ".": "f_null",
        "0": "f_boulder_medium",
        "O": "f_boulder_large",
        "^": "f_null",
        "_": "f_null",
        "a": "f_woodchips",
        "c": "f_null",
        "h": "f_hay",
        "P": "f_sign",
        "n": "f_slab",
        "o": "f_boulder_small",
        "r": "f_rubble_rock",
        "s": "f_null",
        "|": "f_null"
      },
      "rows": [
        "........................",
        ".|||||||||||||||||||||||",
        ".|......................",
        ".|..sss.__.aaaa_________",
        ".|.sssss__aaaaaa________",
        ".|.sssss__aaaaaP_P____P_",
        ".|..sssP________________",
        ".|..____________________",
        ".|.._______hhhh_.__.rrrr",
        ".|.cccc.___hhhhhh__rrrrr",
        ".|.ccccc___hhhhhh__rrrrr",
        ".|.ccccc___hhhhhh___rrrr",
        ".|.ccccP____hhhhP____.rr",
        ".|._____________________",
        ".|..____________________",
        ".|..####.P__..^^.P___...",
        ".|.######.__.^^^^.__00-o",
        ".|.#######__^^^^^^__00-o",
        ".|.#######__^^^^^^__----",
        ".|.#######__^^^^^^__OO-n",
        ".|..#####....^^^^...OO-n",
        ".|......................",
        ".|||||||||||||||||||||||",
        "........................"
      ],
      "terrain": {
        "#": "t_dirtmound",
        "-": "t_concrete_wall",
        ".": "t_grass",
        "0": "t_dirt",
        "O": "t_dirt",
        "^": "t_railroad_rubble",
        "_": "t_dirt",
        "a": "t_dirt",
        "P": "t_dirt",
        "c": "t_claymound",
        "h": "t_dirt",
        "n": "t_dirt",
        "o": "t_dirt",
        "r": "t_dirt",
        "s": "t_sandmound",
        "|": "t_chainfence"
      },
      "place_signs": [
        { "signage": "SAND", "x": 7, "y": 6 },
        { "signage": "WOODCHIPS", "x": 15, "y": 5 },
        { "signage": "LOGS", "x": 17, "y": 5 },
        { "signage": "STICKS", "x": 22, "y": 5 },
        { "signage": "CLAY", "x": 7, "y": 12 },
        { "signage": "HAY", "x": 16, "y": 12 },
        { "signage": "DIRT", "x": 9, "y": 15 },
        { "signage": "GRAVEL", "x": 17, "y": 15 }
      ]
    },
    "om_terrain": "landscapingsupplyco_1a",
    "type": "mapgen",
    "weight": 100
  },
  {
    "method": "json",
    "object": {
      "add": [
        { "item": "stick", "repeat": [ 1, 5 ], "x": 0, "y": 3 },
        { "item": "stick", "repeat": [ 1, 5 ], "x": 1, "y": 3 },
        { "item": "stick", "repeat": [ 1, 5 ], "x": 2, "y": 3 },
        { "item": "material_cement", "repeat": [ 1, 2 ], "x": 5, "y": 3 },
        { "item": "material_cement", "repeat": [ 1, 2 ], "x": 6, "y": 3 },
        { "item": "material_cement", "repeat": [ 1, 2 ], "x": 7, "y": 3 },
        { "item": "fertilizer", "repeat": [ 1, 2 ], "x": 9, "y": 3 },
        { "item": "fertilizer", "repeat": [ 1, 2 ], "x": 10, "y": 3 },
        { "item": "fertilizer", "repeat": [ 1, 2 ], "x": 11, "y": 3 },
        { "item": "stick", "repeat": [ 1, 5 ], "x": 0, "y": 4 },
        { "item": "stick", "repeat": [ 1, 5 ], "x": 1, "y": 4 },
        { "item": "stick", "repeat": [ 1, 5 ], "x": 2, "y": 4 },
        { "item": "material_cement", "repeat": [ 1, 2 ], "x": 5, "y": 4 },
        { "item": "material_cement", "repeat": [ 1, 2 ], "x": 6, "y": 4 },
        { "item": "material_cement", "repeat": [ 1, 2 ], "x": 7, "y": 4 },
        { "item": "fertilizer", "repeat": [ 1, 2 ], "x": 9, "y": 4 },
        { "item": "fertilizer", "repeat": [ 1, 2 ], "x": 10, "y": 4 },
        { "item": "fertilizer", "repeat": [ 1, 2 ], "x": 11, "y": 4 },
        { "item": "stick", "repeat": [ 1, 5 ], "x": 0, "y": 5 },
        { "item": "stick", "repeat": [ 1, 5 ], "x": 1, "y": 5 },
        { "item": "stick", "repeat": [ 1, 5 ], "x": 2, "y": 5 },
        { "item": "material_cement", "repeat": [ 1, 2 ], "x": 5, "y": 5 },
        { "item": "material_cement", "repeat": [ 1, 2 ], "x": 6, "y": 5 },
        { "item": "material_cement", "repeat": [ 1, 2 ], "x": 7, "y": 5 },
        { "item": "fertilizer", "repeat": [ 1, 2 ], "x": 9, "y": 5 },
        { "item": "fertilizer", "repeat": [ 1, 2 ], "x": 10, "y": 5 },
        { "item": "fertilizer", "repeat": [ 1, 2 ], "x": 11, "y": 5 }
      ],
      "furniture": {
        "#": "f_counter",
        "&": "f_trashcan",
        "+": "f_null",
        "-": "f_null",
        ".": "f_null",
        "P": "f_sign",
        "^": "f_rubble_rock",
        "_": "f_null",
        "c": "f_null",
        "f": "f_null",
        "l": "f_stool",
        "n": "f_slab",
        "o": "f_boulder_small",
        "s": "f_sign",
        "w": "f_null",
        "{": "f_rack",
        "|": "f_null"
      },
      "place_items": [
        { "chance": 25, "repeat": 2, "item": "clothing_work_gloves", "x": [ 14, 15 ], "y": [ 15, 16 ] },
        { "chance": 30, "repeat": 2, "item": "tools_earthworking", "x": [ 14, 18 ], "y": 18 },
        { "chance": 35, "repeat": 2, "item": "supplies_farming", "x": [ 17, 18 ], "y": [ 15, 16 ] },
        { "chance": 35, "repeat": 2, "item": "trash", "x": 9, "y": [ 15, 14 ] }
      ],
      "place_vehicles": [ { "chance": 55, "fuel": 15, "rotation": 90, "status": -1, "vehicle": "pickup", "x": 5, "y": 18 } ],
      "rows": [
        "_____________......_____",
        "|||||||||||||......||||_",
        "_____________......___|_",
        "............_......___|_",
        "...................___|_",
        "....P...P..........___|_",
        "...................___|_",
        "...................___|_",
        "^_.................___|_",
        "^^.................___|_",
        "^^................____|_",
        "^^............._______|_",
        "^s......______________|_",
        "......._---ww-ww-+---_|_",
        "......._-&f#ffffffff-_|_",
        "......._-fl#ff{{f{{f-_|_",
        "o_....._-ff#ff{{f{{f-_|_",
        "o_....._-ff#ffffffff-_|_",
        "cs_...._-fffff{{{{{f-_|_",
        "n_....._-fffffffffff-_|_",
        "n_....._-------------_|_",
        "______________________|_",
        "|||||||||||||||||||||||_",
        "________________________"
      ],
      "terrain": {
        "#": "t_floor",
        "&": "t_floor",
        "l": "t_floor",
        "+": "t_door_c",
        "-": "t_brick_wall",
        ".": "t_dirt",
        "P": "t_dirt",
        "^": "t_dirt",
        "_": "t_grass",
        "c": "t_concrete_wall",
        "f": "t_floor",
        "n": "t_dirt",
        "o": "t_dirt",
        "s": "t_grass",
        "w": "t_window",
        "{": "t_floor",
        "|": "t_chainfence"
      },
      "place_signs": [
        { "signage": "CEMENT", "x": 4, "y": 5 },
        { "signage": "FERTILIZER", "x": 8, "y": 5 },
        { "signage": "ROCKS", "x": 1, "y": 12 },
        { "signage": "BOULDERS and SLABS", "x": 1, "y": 18 }
      ]
    },
    "om_terrain": "landscapingsupplyco_1b",
    "type": "mapgen",
    "weight": 100
  }
]
