[
  {
    "method": "json",
    "object": {
      "furniture": {
        "#": "f_null",
        "&": "f_trashcan",
        ".": "f_null",
        "1": "f_null",
        "4": "f_null",
        "7": "f_null",
        "P": "f_sign",
        "_": "f_null",
        "b": "f_boulder_small",
        "o": "f_boulder_small",
        "p": "f_null",
        "s": "f_null"
      },
      "place_items": [
        { "chance": 25, "item": "trash", "x": 10, "y": 4 },
        { "chance": 25, "item": "trash", "x": 8, "y": 14 },
        { "chance": 20, "item": "trash", "x": 21, "y": 18 },
        { "chance": 5, "item": "creepy", "x": 22, "y": 21 }
      ],
      "rows": [
        "sssss_sssspppppps_ssssss",
        "ssssssssssppppppsssss_ss",
        "..4_......pppppp.._.....",
        "......_..._____.#4.._.7.",
        "_#...._._P&____7..____#.",
        "#..4..#.4..___.41______4",
        ".71#.4.1.7..__.##__.4__.",
        "4.....#.#...__#.__.7#___",
        "#1#4.#7.4.#.____________",
        ".o##.41#..4.____________",
        ".4.17.o.7..____4..#4.7..",
        "1..##.#41____..1.7o.1.##",
        "7#.4.4.._____..#.4.#._4.",
        "..#1#.#___.#17...71.4.o1",
        ".##.7____.4...#14.4#.#..",
        "414o.___.#_#.#1o._#1417#",
        "#..#.___.71o4.41.#______",
        ".#.1____..##.#1.________",
        "4#.4._4__#.#71_____._..4",
        "7.4#1____________.41.#..",
        "1#.4.7#.________.#o.4.41",
        "#o7.#.4o.7.1#..4..7#_#.#",
        ".414.7.#4.#_.4#7.#4#_o7.",
        ".##4_#.4#1#4.b#7.4..#1#."
      ],
      "terrain": {
        "#": "t_underbrush",
        "&": "t_grass",
        ".": "t_grass",
        "1": "t_tree_young",
        "4": "t_tree_pine",
        "7": "t_tree",
        "P": "t_grass",
        "_": "t_dirt",
        "b": "t_dirt",
        "o": "t_grass",
        "p": "t_dirt",
        "s": "t_grass"
      },
      "place_signs": [ { "signage": "Please don't litter, keep the trail nice!", "x": 9, "y": 4 } ]
    },
    "om_terrain": "NatureTrail_1a",
    "type": "mapgen",
    "weight": 100
  },
  {
    "method": "json",
    "object": {
      "furniture": {
        "#": "f_null",
        ".": "f_null",
        "4": "f_null",
        "7": "f_null",
        "S": "f_null",
        "_": "f_null",
        "b": "f_boulder_small",
        "f": "f_dandelion",
        "o": "f_boulder_small",
        "s": "f_null"
      },
      "place_items": [
        { "chance": 25, "item": "trash", "x": 7, "y": 8 },
        { "chance": 20, "item": "trash", "x": 15, "y": 16 },
        { "chance": 25, "item": "trash", "x": 22, "y": 8 }
      ],
      "rows": [
        "sss_ssssssssssssss_sssss",
        "ssssssss_sssssssssssssss",
        "............f......._...",
        ".f..f__.f.._..._4._4_...",
        "4.4.f7.4.._.4_..____....",
        "_..#_.f..f7..4#4_____...",
        "#47.4#.7#..4#..___4___44",
        "4#.##_.#..#7..7__.#___#.",
        "______4..4...#._4#.___..",
        "_______.#o###7__..4___7#",
        ".7#..____.#4.___7.4___..",
        "#._#4.____S.#__.#.#__.4.",
        ".44.7#.4.__.#__.4#.__#_#",
        "#b#S..#..______4.#7__.##",
        "7.#4#._________#_o#_.4_.",
        "_4.__________.#S4#._..#.",
        "_______.#.4__.4...__4#4#",
        "____.4._7.#__7.#7___4._o",
        "4.4##S.#..___.So.4___.#4",
        ".#o#..7SS4.___47#4___#.#",
        ".7S.4#..4.7_________..7#",
        "##.4S.4#.4._.______.4#.4",
        "_#4#b4S.#.7#o4##.4.S.#4.",
        "7.#.7.##.#.4##7.#.4.7.#_"
      ],
      "terrain": {
        "#": "t_underbrush",
        ".": "t_grass",
        "4": "t_tree_pine",
        "7": "t_tree",
        "S": "t_shrub_blueberry",
        "_": "t_dirt",
        "b": "t_dirt",
        "f": "t_grass",
        "o": "t_grass",
        "s": "t_grass"
      }
    },
    "om_terrain": "NatureTrail_1b",
    "type": "mapgen",
    "weight": 100
  }
]
