[
  {
    "type": "item_group",
    "id": "ammo_pistol_common",
    "//": "Pistol ammo commonly owned by citizens and found in many locations.",
    "items": [
      [ "32_acp", 20 ],
      [ "38_fmj", 25 ],
      [ "38_special", 25 ],
      [ "357sig_jhp", 25 ],
      [ "357sig_fmj", 25 ],
      [ "40sw", 40 ],
      [ "40fmj", 40 ],
      [ "45_acp", 40 ],
      [ "45_jhp", 40 ],
      [ "9mm", 100 ],
      [ "9mmfmj", 100 ]
    ]
  },
  {
    "type": "item_group",
    "id": "ammo_pistol_rare",
    "//": "Less common pistol ammo including that only used by police/paramilitary forces.",
    "items": [
       [ "10mm", 15 ],
       [ "38_super", 20 ],
       [ "44fmj", 15 ],
       [ "44magnum", 35 ],
       [ "45_super", 30 ],
       [ "57mm", 50 ],
       [ "9mmP", 30 ],
       [ "9mmP2", 20 ]
    ]
  },
  {
    "type": "item_group",
    "id": "ammo_pistol_milspec",
    "//": "Military specification pistol ammo found at military sites.",
    "items": [
       [ "46mm", 70 ],
       [ "5x50dart", 30 ],
       [ "5x50heavy", 20 ],
       [ "9mmfmj", 100 ]
    ]
  },
  {
    "type": "item_group",
    "id": "ammo_pistol_obscure",
    "//": "Imported or otherwise very obscure pistol ammo.",
    "items": [
      [ "454_Casull", 100 ],
      [ "500_Magnum", 100 ],
      [ "762_25", 50 ],
      [ "762_25hot", 50 ],
      [ "762_25typeP", 50 ],
      [ "9x18mm", 50 ],
      [ "9x18mmfmj", 50 ],
      [ "9x18mmP2", 50 ]
    ]
  },
  {
    "type": "item_group",
    "id": "ammo_pistol_reloaded",
    "//": "Reloaded pistol ammo balanced according to rarity.",
    "items": [
       [ "reloaded_10mm", 10 ],
       [ "reloaded_32_acp", 50 ],
       [ "reloaded_38_fmj", 30 ],
       [ "reloaded_38_special", 80 ],
       [ "reloaded_38_super", 40 ],
       [ "reloaded_357sig_fmj", 70 ],
       [ "reloaded_357sig_jhp", 70 ],
       [ "reloaded_40fmj", 20 ],
       [ "reloaded_40sw", 50 ],
       [ "reloaded_44magnum", 60],
       [ "reloaded_44fmj", 30 ],
       [ "reloaded_45_acp", 80 ],
       [ "reloaded_45_jhp", 100 ],
       [ "reloaded_45_super", 40 ],
       [ "reloaded_46mm", 20 ],
       [ "reloaded_454_Casull", 5 ],
       [ "reloaded_500_Magnum", 5 ],
       [ "reloaded_57mm", 50 ],
       [ "reloaded_9mm", 160 ],
       [ "reloaded_9mmfmj", 80 ],
       [ "reloaded_9mmP", 80 ],
       [ "reloaded_9mmP2", 40 ],
       [ "reloaded_9x18mm", 20 ],
       [ "reloaded_9x18mmfmj", 10 ],
       [ "reloaded_9x18mmP2", 5 ],
       [ "reloaded_762_25", 10 ]
    ]
  },
  {
    "type": "item_group",
    "id": "ammo_smg_common",
    "//": "SMG ammo commonly owned by citizens and found in many locations.",
    "items": [
      { "group": "ammo_pistol_common", "prob": 100 }
    ]
  },
  {
    "type": "item_group",
    "id": "ammo_smg_rare",
    "//": "Less common SMGs including that only used by police/paramilitary forces.",
    "items": [
      { "group": "ammo_pistol_rare", "prob": 100 }
    ]
  },
  {
    "type": "item_group",
    "id": "ammo_smg_milspec",
    "//": "Military specification SMG ammo found at military sites.",
    "items": [
      { "group": "ammo_pistol_milspec", "prob": 100 }
    ]
  },
  {
    "type": "item_group",
    "id": "ammo_smg_obscure",
    "//": "Imported or otherwise very obscure SMG ammo.",
    "items": [
      { "group": "ammo_pistol_obscure", "prob": 100 }
    ]
  },
  {
    "type": "item_group",
    "id": "ammo_smg_reloaded",
    "//": "Reloaded SMG ammo balanced according to rarity.",
    "items": [
      { "group": "ammo_pistol_reloaded", "prob": 100 }
    ]
  },
  {
    "type": "item_group",
    "id": "ammo_rifle_common",
    "//": "Rifle ammo commonly owned by citizens and found in many locations.",
    "items": [
      [ "223", 60 ],
      [ "22_cb", 30 ],
      [ "22_fmj", 50 ],
      [ "22_lr", 100 ],
      [ "22_ratshot", 30 ],
      [ "270", 25 ],
      [ "3006", 25 ],
      [ "308", 25 ],
      [ "762_54R", 10 ],
      [ "762_m43", 20 ]
    ]
  },
  {
    "type": "item_group",
    "id": "ammo_rifle_rare",
    "//": "Less common rifle ammo including that only used by police/paramilitary forces.",
    "items": [
      [ "300_winmag", 40 ],
      [ "3006fmj", 50 ],
      [ "556", 100 ],
      [ "762_51", 50 ],
      [ "762_m87", 25 ],
      [ "8mm_civilian", 15 ]
    ]
  },
  {
    "type": "item_group",
    "id": "ammo_rifle_milspec",
    "//": "Military specification rifle ammo found at military sites.",
    "items": [
      [ "12mm", 40 ],
      [ "3006_incendiary", 5 ],
      [ "3006", 20 ],
      [ "50_incendiary", 10 ],
      [ "50bmg", 30 ],
      [ "50ss", 10 ],
      [ "556_incendiary", 15 ],
      [ "556", 85 ],
      [ "762_51_incendiary", 10 ],
      [ "762_51", 40 ],
      [ "8mm_caseless", 30 ],
      [ "8mm_fmj", 30 ],
      [ "8mm_hvp", 10 ],
      [ "8mm_inc", 20 ],
      [ "8mm_jhp", 10 ]
    ]
  },
  {
    "type": "item_group",
    "id": "ammo_rifle_obscure",
    "//": "Imported or otherwise very obscure rifle ammo.",
    "items": [
      [ "545", 150 ],
      [ "545_ap", 100 ],
      [ "700nx", 70 ]
    ]
  },
  {
    "type": "item_group",
    "id": "ammo_rifle_reloaded",
    "//": "Reloaded rifle ammo balanced according to rarity.",
    "items": [
      [ "reloaded_223", 60 ],
      [ "reloaded_22_fmj", 20 ],
      [ "reloaded_22_lr", 70 ],
      [ "reloaded_270", 15 ],
      [ "reloaded_300_winmag", 15 ],
      [ "reloaded_3006", 70 ],
      [ "reloaded_3006fmj", 10 ],
      [ "reloaded_3006_incendiary", 5 ],
      [ "reloaded_308", 40 ],
      [ "reloaded_556", 10 ],
      [ "reloaded_556_incendiary", 5 ],
      [ "reloaded_762_51", 10 ],
      [ "reloaded_762_51_incendiary", 5 ],
      [ "reloaded_762_54R", 40 ],
      [ "reloaded_762_m43", 20 ]
    ]
  },
  {
    "type": "item_group",
    "id": "ammo_shotgun_common",
    "//": "Shotgun ammo commonly owned by citizens and found in many locations.",
    "items": [
      [ "shot_00", 100 ],
      [ "shot_bird", 70 ]
    ]
  },
  {
    "type": "item_group",
    "id": "ammo_shotgun_rare",
    "//": "Less common shotgun ammo including that only used by police/paramilitary forces.",
    "items": [
      [ "20x66_beanbag", 10 ],
      [ "20x66_flare", 10 ],
      [ "20x66_shot", 40 ],
      [ "20x66_slug", 20 ],
      [ "shot_slug", 100 ],
      [ "shot_beanbag", 20 ]
    ]
  },
  {
    "type": "item_group",
    "id": "ammo_shotgun_milspec",
    "//": "Military specification shotgun ammo found at military sites.",
    "items": [
      [ "20x66_exp", 10 ],
      [ "20x66_flechette", 60 ],
      [ "20x66_inc", 20 ],
      [ "shot_flechette", 100 ],
      [ "shot_he", 10 ]
    ]
  },
  {
    "type": "item_group",
    "id": "ammo_shotgun_obscure",
    "//": "Imported or otherwise very obscure shotgun ammo.",
    "items": [
    ]
  },
  {
    "type": "item_group",
    "id": "ammo_shotgun_reloaded",
    "//": "Reloaded shotgun ammo balanced according to rarity.",
    "items": [
      [ "reloaded_shot_00", 200 ],
      [ "reloaded_shot_bird", 30 ],
      [ "reloaded_shot_flechette", 5 ],
      [ "reloaded_shot_slug", 30 ],
      [ "shot_scrap", 80 ]
    ]
  },
  {
    "type": "item_group",
    "id": "ammo_launcher_grenade",
    "//": "Factory specification grenade launcher ammo intended for military use",
    "items": [
      [ "40mm_flare", 40 ],
      [ "40mm_flechette", 10 ],
      [ "40mm_frag", 120 ],
      [ "40mm_incendiary", 25 ],
      [ "40mm_shot", 15 ],
      [ "40mm_smoke", 60 ]
    ]
  },
  {
    "type": "item_group",
    "id": "ammo_common",
    "//": "Common ammo for guns typically owned by citizens.",
    "items": [
      { "group": "ammo_pistol_common", "prob": 100 },
      { "group": "ammo_smg_common", "prob": 20 },
      { "group": "ammo_rifle_common", "prob": 50 },
      { "group": "ammo_shotgun_common", "prob": 50 }
    ]
  },
  {
    "type": "item_group",
    "id": "ammo_rare",
    "//": "Less common ammo including that only used by police/paramilitary forces",
    "items": [
      { "group": "ammo_pistol_rare", "prob": 100 },
      { "group": "ammo_smg_rare", "prob": 20 },
      { "group": "ammo_rifle_rare", "prob": 50 },
      { "group": "ammo_shotgun_rare", "prob": 50 }
    ]
  },
  {
    "type": "item_group",
    "id": "ammo_milspec",
    "//": "Military specification ammo found at military sites.",
    "items": [
      { "group": "ammo_pistol_milspec", "prob": 50 },
      { "group": "ammo_smg_milspec", "prob": 20 },
      { "group": "ammo_rifle_milspec", "prob": 200 },
      { "group": "ammo_shotgun_milspec", "prob": 30 },
      { "group": "ammo_launcher_grenade", "prob": 30 }
    ]
  },
  {
    "type": "item_group",
    "id": "ammo_obscure",
    "//": "Imported or otherwise very obscure ammo.",
    "items": [
      { "group": "ammo_pistol_obscure", "prob": 100 },
      { "group": "ammo_smg_obscure", "prob": 100 },
      { "group": "ammo_rifle_obscure", "prob": 100 },
      { "group": "ammo_shotgun_obscure", "prob": 100 }
    ]
  },
  {
    "type": "item_group",
    "id": "ammo_reloaded",
    "//": "Reloaded ammo balanced according to rarity.",
    "items": [
      { "group": "ammo_pistol_reloaded", "prob": 90 },
      { "group": "ammo_smg_reloaded", "prob": 10 },
      { "group": "ammo_rifle_reloaded", "prob": 100 },
      { "group": "ammo_shotgun_reloaded", "prob": 20 }
    ]
  },
  {
    "type": "item_group",
    "id": "ammo_parts",
    "//": "Raw materials for assembling ammo excluding casings.",
    "items": [
      [ "gunpowder", 320 ],
      [ "incendiary", 20 ],
      [ "lead", 160 ],
      [ "shotgun_primer", 80 ],
      [ "smpistol_primer", 80 ],
      [ "smrifle_primer", 80 ],
      [ "lgpistol_primer", 40 ],
      [ "lgrifle_primer", 40 ]
    ]
  },
  {
    "type": "item_group",
    "id": "ammo_cop",
    "//": "Ammo for police issue firearms.",
    "items": [
      [ "223", 30 ],
      [ "3006", 10 ],
      [ "40sw", 50 ],
      [ "45_acp", 20 ],
      [ "57mm", 80 ],
      [ "9mm", 100 ],
      [ "shot_00", 40 ],
      [ "shot_beanbag", 40 ]
    ]
  },
  {
    "type": "item_group",
    "id": "ammo_swat",
    "//": "Ammo issued to paramilitary forces in addition to standard police issue.",
    "items": [
      { "group": "ammo_cop", "prob": 100 },
      [ "300_winmag", 5 ],
      [ "40mm_concussive", 5 ],
      [ "40mm_flashbang", 20 ],
      [ "40mm_smoke", 5 ],
      [ "40mm_teargas", 20 ],
      [ "556", 10 ],
      [ "shot_slug", 20 ]
    ]
  },
  {
    "id": "ammo_casings",
    "type": "item_group",
    "items": [
      { "item": "223_casing", "prob": 100, "count": 20 },
      { "item": "300_casing", "prob": 80, "count": 20 },
      { "item": "3006_casing", "prob": 80, "count": 20 },
      { "item": "308_casing", "prob": 80, "count": 20 },
      { "item": "32_casing", "prob": 80, "count": 20 },
      { "item": "38_casing", "prob": 80, "count": 20 },
      { "item": "40_casing", "prob": 80, "count": 20 },
      { "item": "44_casing", "prob": 80, "count": 20 },
      { "item": "45_casing", "prob": 80, "count": 20 },
      { "item": "454_casing", "prob": 60, "count": 5 },
      { "item": "46mm_casing", "prob": 60, "count": 20 },
      { "item": "50_casing", "prob": 60, "count": 5 },
      { "item": "500_casing", "prob": 60, "count": 5 },
      { "item": "57mm_casing", "prob": 60, "count": 20 },
      { "item": "5x50_hull", "prob": 60, "count": 20 },
      { "item": "700nx_casing", "prob": 40, "count": 5 },
      { "item": "762_casing", "prob": 80, "count": 20 },
      { "item": "762_25_casing", "prob": 60, "count": 20 },
      { "item": "9mm_casing", "prob": 100, "count": 20 },
      { "item": "9x18mm_casing", "prob": 80, "count": 20 },
      { "item": "shot_hull", "prob": 100, "count": 20 }
    ]
  }
]
