[
  {
    "type": "item_group",
    "id": "defense_caravan_melee",
    "subtype": "collection",
    "items": [
      { "item": "hammer" },
      { "item": "bat" },
      { "item": "mace" },
      { "item": "morningstar" },
      { "item": "hammer_sledge" },
      { "item": "hatchet" },
      { "item": "knife_combat" },
      { "item": "rapier" },
      { "item": "machete" },
      { "item": "katana" },
      { "item": "spear_knife" },
      { "item": "pike" },
      { "item": "chainsaw_off" }
    ]
  },
  {
    "type": "item_group",
    "id": "defense_caravan_ranged",
    "subtype": "collection",
    "items": [
      { "item": "crossbow" },
      { "item": "marlin_9a" },
      { "item": "hk_mp5" },
      { "item": "taurus_38" },
      { "item": "deagle_44" },
      { "item": "m1911" },
      { "item": "hk_ump45" },
      { "item": "fn_p90" },
      { "item": "remington_870" },
      { "item": "browning_blr" },
      { "item": "ak47" },
      { "item": "m4a1" },
      { "item": "savage_111f" },
      { "item": "hk_g3" },
      { "item": "hk_g80" },
      { "item": "plasma_rifle" }
    ]
  },
  {
    "type": "item_group",
    "id": "defense_caravan_ammunition",
    "subtype": "collection",
    "items": [
      { "item": "bolt_steel" },
      { "item": "compbow" },
      { "item": "arrow_cf" },
      { "item": "22_lr" },
      { "item": "9mm" },
      { "item": "38_special" },
      { "item": "44magnum" },
      { "item": "45_acp" },
      { "item": "57mm" },
      { "item": "shot_00" },
      { "item": "shot_slug" },
      { "item": "3006" },
      { "item": "762_m87" },
      { "item": "556" },
      { "item": "762_51" },
      { "item": "12mm" },
      { "item": "plasma" }
    ]
  },
  {
    "type": "item_group",
    "id": "defense_caravan_components",
    "subtype": "collection",
    "items": [
      { "item": "rag" },
      { "item": "fur" },
      { "item": "leather" },
      { "item": "superglue" },
      { "item": "string_36" },
      { "item": "chain" },
      { "item": "processor" },
      { "item": "RAM" },
      { "item": "power_supply" },
      { "item": "motor" },
      { "item": "hose" },
      { "item": "pot" },
      { "item": "2x4" },
      { "item": "battery" },
      { "item": "nail" },
      { "item": "gasoline" }
    ]
  },
  {
    "type": "item_group",
    "id": "defense_caravan_food",
    "subtype": "collection",
    "items": [
      { "item": "1st_aid" },
      { "item": "water" },
      { "item": "energy_drink" },
      { "item": "whiskey" },
      { "item": "can_beans" },
      { "item": "mre_beef" },
      { "item": "flour" },
      { "item": "inhaler" },
      { "item": "codeine" },
      { "item": "oxycodone" },
      { "item": "adderall" },
      { "item": "cig" },
      { "item": "meth" },
      { "item": "royal_jelly" },
      { "item": "mutagen" },
      { "item": "purifier" }
    ]
  },
  {
    "type": "item_group",
    "id": "defense_caravan_clothes",
    "subtype": "collection",
    "items": [
      { "item": "backpack" },
      { "item": "vest" },
      { "item": "trenchcoat" },
      { "item": "jacket_leather" },
      { "item": "kevlar" },
      { "item": "gloves_fingerless" },
      { "item": "mask_filter" },
      { "item": "mask_gas" },
      { "item": "glasses_eye" },
      { "item": "glasses_safety" },
      { "item": "goggles_ski" },
      { "item": "goggles_nv" },
      { "item": "helmet_ball" },
      { "item": "helmet_riot" }
    ]
  },
  {
    "type": "item_group",
    "id": "defense_caravan_tools",
    "subtype": "collection",
    "items": [
      { "item": "screwdriver" },
      { "item": "wrench" },
      { "item": "saw" },
      { "item": "hacksaw" },
      { "item": "lighter" },
      { "item": "sewing_kit" },
      { "item": "scissors" },
      { "item": "extinguisher" },
      { "item": "flashlight" },
      { "item": "hotplate" },
      { "item": "soldering_iron" },
      { "item": "shovel" },
      { "item": "jackhammer" },
      { "item": "landmine" },
      { "item": "teleporter" },
      { "item": "grenade" },
      { "item": "flashbang" },
      { "item": "EMPbomb" },
      { "item": "smokebomb" },
      { "item": "bot_manhack" },
      { "item": "bot_turret" },
      { "item": "UPS_off" },
      { "item": "mininuke" }
    ]
  }
]
