[
  {
    "type": "COMESTIBLE",
    "id": "egg_bird",
    "name": "bird egg",
    "weight": 75,
    "color": "brown",
    "spoils_in": 168,
    "comestible_type": "FOOD",
    "symbol": "o",
    "quench": 4,
    "healthy": 1,
    "calories": 113,
    "description": "Nutritious egg laid by a bird.",
    "price": 250,
    "material": "egg",
    "volume": 1,
    "stack_size": 4,
    "fun": -8,
    "flags": [ "FREEZERBURN" ],
    "rot_spawn": "GROUP_EGG_BIRD_WILD",
    "rot_spawn_chance": 50
  },
  {
    "type": "COMESTIBLE",
    "id": "egg_chicken",
    "name": "bird egg",
    "copy-from": "egg_bird",
    "rot_spawn": "GROUP_EGG_CHICKEN",
    "rot_spawn_chance": 70
  },
  {
    "type": "COMESTIBLE",
    "id": "egg_grouse",
    "name": "bird egg",
    "copy-from": "egg_chicken",
    "rot_spawn": "GROUP_EGG_GROUSE"
  },
  {
    "type": "COMESTIBLE",
    "id": "egg_crow",
    "name": "bird egg",
    "copy-from": "egg_chicken",
    "rot_spawn": "GROUP_EGG_CROW"
  },
  {
    "type": "COMESTIBLE",
    "id": "egg_duck",
    "name": "bird egg",
    "copy-from": "egg_chicken",
    "rot_spawn": "GROUP_EGG_DUCK"
  },
  {
    "type": "COMESTIBLE",
    "id": "egg_goose_canadian",
    "name": "bird egg",
    "copy-from": "egg_chicken",
    "rot_spawn": "GROUP_EGG_GOOSE_CANADIAN"
  },
  {
    "type": "COMESTIBLE",
    "id": "egg_turkey",
    "name": "bird egg",
    "copy-from": "egg_chicken",
    "rot_spawn": "GROUP_EGG_TURKEY"
  },
  {
    "type": "COMESTIBLE",
    "id": "egg_pheasant",
    "name": "bird egg",
    "copy-from": "egg_chicken",
    "rot_spawn": "GROUP_EGG_PHEASANT"
  },
  {
    "type": "COMESTIBLE",
    "id": "egg_cockatrice",
    "name": "bird egg",
    "copy-from": "egg_chicken",
    "rot_spawn": "GROUP_EGG_COCKATRICE"
  },
  {
    "type": "COMESTIBLE",
    "id": "egg_reptile",
    "name": "reptile egg",
    "weight": 60,
    "color": "white",
    "spoils_in": 672,
    "comestible_type": "FOOD",
    "symbol": "o",
    "quench": 3,
    "healthy": 1,
    "calories": 87,
    "description": "An egg belonging to one of reptile species found in New England.",
    "price": 250,
    "material": "egg",
    "volume": 1,
    "stack_size": 4,
    "fun": -12,
    "rot_spawn": "GROUP_EGG_SNAKE",
    "rot_spawn_chance": 60
  },
  {
    "type": "COMESTIBLE",
    "id": "ant_egg",
    "name": "ant egg",
    "weight": 220,
    "color": "white",
    "comestible_type": "FOOD",
    "symbol": "%",
    "spoils_in": 168,
    "quench": 10,
    "calories": 1736,
    "description": "A large white ant egg, the size of a softball.  Extremely nutritious, but incredibly gross.",
    "price": 80,
    "material": "egg",
    "volume": 1,
    "fun": -10,
    "rot_spawn": "GROUP_EGG_ANT",
    "rot_spawn_chance": 60
  },
  {
    "type": "COMESTIBLE",
    "id": "spider_egg",
    "name": "spider egg",
    "weight": 220,
    "color": "white",
    "comestible_type": "FOOD",
    "symbol": "%",
    "quench": 10,
    "calories": 174,
    "description": "A fist-sized egg from a giant spider.  Incredibly gross.",
    "price": 80,
    "material": "egg",
    "volume": 1,
    "fun": -20
  },
  {
    "type": "COMESTIBLE",
    "id": "egg_roach",
    "name": "roach egg",
    "weight": 60,
    "color": "white",
    "comestible_type": "FOOD",
    "symbol": "%",
    "spoils_in": 112,
    "healthy": -1,
    "quench": 3,
    "calories": 69,
    "description": "A fist-sized egg from a giant roach.  Incredibly gross.",
    "price": 80,
    "material": "egg",
    "volume": 1,
    "fun": -20,
    "rot_spawn": "GROUP_EGG_ROACH",
    "rot_spawn_chance": 70
  },
  {
    "type": "COMESTIBLE",
    "id": "egg_roach_plague",
    "name": "roach egg",
    "copy-from": "egg_roach",
    "healthy": -10,
    "rot_spawn": "GROUP_EGG_ROACH_PLAGUE"
  },
  {
    "type": "COMESTIBLE",
    "id": "egg_locust",
    "name": "insect egg",
    "weight": 60,
    "color": "green",
    "comestible_type": "FOOD",
    "symbol": "o",
    "spoils_in": 112,
    "quench": 3,
    "calories": 69,
    "description": "A fist-sized egg from a locust.",
    "price": 80,
    "material": "egg",
    "volume": 1,
    "fun": -20,
    "rot_spawn": "GROUP_EGG_LOCUST",
    "rot_spawn_chance": 70
  },
  {
    "type": "COMESTIBLE",
    "id": "razorclaw_roe",
    "name": "razorclaw roe",
    "weight": 220,
    "color": "red",
    "spoils_in": 24,
    "comestible_type": "FOOD",
    "symbol": "o",
    "quench": 10,
    "calories": 347,
    "description": "A clump of razorclaw eggs.  A post-cataclysm delicacy.",
    "price": 3000,
    "material": "flesh",
    "volume": 1,
    "fun": 5
  },
  {
    "type": "COMESTIBLE",
    "id": "egg_fish",
    "name": "roe",
    "weight": 75,
    "color": "red",
    "spoils_in": 24,
    "comestible_type": "FOOD",
    "symbol": "o",
    "quench": 4,
    "healthy": 1,
    "calories": 87,
    "description": "Common roe from an unknown fish.",
    "price": 50,
    "material": "egg",
    "volume": 1,
    "stack_size": 4,
    "fun": 1,
    "rot_spawn": "GROUP_CARRION",
    "rot_spawn_chance": 20
  }
]
