[
  {
    "id": "m107a1",
    "copy-from": "rifle_base",
    "type": "GUN",
    "name": "Barrett M107A1",
    "name_plural": "Barrett M107A1",
    "//": "Price based on unit cost quote for fiscal year 2005 listed at inetres.com, with gunmod modifiers to be added later.",
    "description": "A large, shoulder-fired, .50 caliber anti-materiel rifle.  Its large size, recoil, and noise is offset by its damage and range.",
    "weight": 12602,
    "volume": 14,
    "price": 1483300,
    "to_hit": -1,
    "bashing": 12,
    "material": "steel",
    "ammo": "50",
    "range": 45,
    "ranged_damage": -5,
    "dispersion": 90,
    "durability": 8,
    "barrel_length": 5,
    "default_mods": [ "bipod", "rifle_scope", "muzzle_brake" ],
    "magazine_well": 1,
    "magazines": [ [ "50", [ "m107a1mag" ] ] ],
    "flags": [ "NEVER_JAMS" ]
  },
  {
    "id": "m2browning",
    "copy-from": "gun_base",
    "type": "GUN",
    "name": "M2 Browning HMG",
    "name_plural": "M2 Browning HMG",
    "description": "A heavy machine gun used by the US Military from its inception to the cataclysm, and even rarely by cataclysm survivors.  Its massive size and design make it impossible to use unless deployed or mounted to a vehicle.",
    "weight": 38000,
    "volume": 20,
    "price": 1800000,
    "to_hit": -1,
    "bashing": 12,
    "material": "steel",
    "ammo": "50",
    "skill": "rifle",
    "range": 45,
    "dispersion": 200,
    "durability": 8,
    "reload": 400,
    "barrel_length": 5,
    "modes": [ [ "DEFAULT", "auto", 8 ],
               [ "SEMI", "semi-auto", 1 ] ],
    "valid_mod_locations": [ [ "accessories", 4 ], [ "barrel", 1 ], [ "bore", 1 ], [ "sights", 1 ], [ "mechanism", 4 ], [ "muzzle", 1 ] ],
    "magazines": [ [ "50", [ "belt50" ] ] ],
    "flags": [ "MOUNTED_GUN" ]
  },
  {
    "id": "m2browning_sawn",
    "copy-from": "m2browning",
    "type": "GUN",
    "name": ".50 caliber rifle",
    "description": "Modified from the massive M2 Browning, this pared down rifle has been altered to be fired unmounted.  The burst fire has been disabled, and its belt fed mechanism has been modified into a much smaller single round chamber.",
    "material": [ "steel", "wood" ],
    "clip_size": 1,
    "modes": [ [ "DEFAULT", "manual", 1 ] ],
    "valid_mod_locations": [ [ "accessories", 4 ], [ "barrel", 1 ], [ "bore", 1 ], [ "sights", 1 ], [ "mechanism", 4 ], [ "muzzle", 1 ], [ "stock", 1 ], [ "grip", 1 ] ],
    "magazines": [],
    "relative": {
      "weight": -21500,
      "volume": -6,
      "price": -1210000,
      "ranged_damage": -4,
      "dispersion": 60,
      "barrel_length": -1
    },
    "flags": [ "RELOAD_EJECT" ]
  }
]
