[
  {
    "result": "bandages",
    "type": "recipe",
    "category": "CC_OTHER",
    "subcategory": "CSC_OTHER_MEDICAL",
    "skill_used": "firstaid",
    "difficulty": 1,
    "time": 500,
    "autolearn": true,
    "components": [
      [ [ "rag", 3 ], [ "medical_gauze", 1 ] ],
      [ [ "duct_tape", 20 ], [ "medical_tape", 5 ] ],
      [ [ "disinfectant", 5 ], [ "thyme_oil", 1 ], [ "chem_ethanol", 250 ], [ "denat_alcohol", 250 ] ]
    ]
  },
  {
    "result": "bandages_makeshift",
    "type": "recipe",
    "category": "CC_OTHER",
    "subcategory": "CSC_OTHER_MEDICAL",
    "skill_used": "tailor",
    "time": 150,
    "autolearn": true,
    "charges": 1,
    "components": [ [ [ "rag", 1 ] ] ]
  },
  {
    "result": "bandages_makeshift_bleached",
    "type": "recipe",
    "category": "CC_OTHER",
    "subcategory": "CSC_OTHER_MEDICAL",
    "skill_used": "cooking",
    "difficulty": 1,
    "time": 5000,
    "batch_time_factors": [ 95, 4 ],
    "autolearn": true,
    "components": [ [ [ "bandages_makeshift", 3 ] ], [ [ "bleach", 1 ] ], [ [ "water_clean", 3 ], [ "water", 3 ] ] ]
  },
  {
    "result": "bandages_makeshift_boiled",
    "type": "recipe",
    "category": "CC_OTHER",
    "subcategory": "CSC_OTHER_MEDICAL",
    "skill_used": "cooking",
    "difficulty": 1,
    "time": 5000,
    "batch_time_factors": [ 95, 4 ],
    "autolearn": true,
    "qualities": [ { "id": "BOIL", "level": 1 } ],
    "tools": [ [ [ "water_boiling_heat", 9, "LIST" ] ] ],
    "components": [ [ [ "bandages_makeshift", 3 ] ], [ [ "water_clean", 3 ], [ "water", 3 ] ] ]
  },
  {
    "result": "disinfectant",
    "type": "recipe",
    "category": "CC_OTHER",
    "subcategory": "CSC_OTHER_MEDICAL",
    "skill_used": "cooking",
    "difficulty": 4,
    "skills_required": [ "firstaid", 2 ],
    "time": 24000,
    "book_learn": [ [ "textbook_firstaid", 2 ], [ "manual_first_aid", 2 ], [ "emergency_book", 2 ], [ "pocket_firstaid", 2 ] ],
    "qualities": [ { "id": "CHEM", "level": 2 } ],
    "tools": [ [ [ "surface_heat", 20, "LIST" ] ] ],
    "components": [ [ [ "water_clean", 1 ] ], [ [ "oxy_powder", 10 ] ], [ [ "chem_ethanol", 250 ], [ "denat_alcohol", 250 ] ] ]
  },
  {
    "result": "disinfectant_makeshift",
    "type": "recipe",
    "category": "CC_OTHER",
    "subcategory": "CSC_OTHER_MEDICAL",
    "skill_used": "cooking",
    "autolearn": true,
    "time": 500,
    "components": [ [ [ "chem_ethanol", 250 ], [ "denat_alcohol", 250 ] ] ]
  },
  {
    "result": "mugwort_oil",
    "type": "recipe",
    "category": "CC_OTHER",
    "subcategory": "CSC_OTHER_MEDICAL",
    "skill_used": "cooking",
    "difficulty": 4,
    "skills_required": [ "survival", 4 ],
    "time": 60000,
    "autolearn": true,
    "qualities": [ { "id": "HAMMER", "level": 1 }, { "id": "CUT", "level": 1 }, { "id": "BOIL", "level": 2 } ],
    "tools": [ [ [ "surface_heat", 10, "LIST" ] ] ],
    "components": [ [ [ "cooking_oil", 2 ] ], [ [ "mugwort", 2 ] ] ]
  },
  {
    "result": "thyme_oil",
    "type": "recipe",
    "category": "CC_OTHER",
    "subcategory": "CSC_OTHER_MEDICAL",
    "skill_used": "cooking",
    "difficulty": 4,
    "skills_required": [ "survival", 4 ],
    "time": 60000,
    "autolearn": true,
    "qualities": [ { "id": "HAMMER", "level": 1 }, { "id": "CUT", "level": 1 }, { "id": "BOIL", "level": 2 } ],
    "tools": [ [ [ "surface_heat", 10, "LIST" ] ] ],
    "components": [ [ [ "cooking_oil", 2 ] ], [ [ "thyme", 2 ] ] ]
  },
  {
    "type": "recipe",
    "result": "disinrag",
    "category": "CC_OTHER",
    "subcategory": "CSC_OTHER_MEDICAL",
    "skills_required": [ "firstaid", 1 ],
    "time": 1000,
    "autolearn": true,
    "flags": [ "BLIND_EASY" ],
    "components": [ [ [ "rag", 1 ] ], [ [ "disinfectant", 1 ] ] ]
  },
  {
    "type": "recipe",
    "result": "disincotton_ball",
    "category": "CC_OTHER",
    "subcategory": "CSC_OTHER_MEDICAL",
    "skills_required": [ "firstaid", 1 ],
    "time": 1000,
    "autolearn": true,
    "flags": [ "BLIND_EASY" ],
    "components": [ [ [ "cotton_ball", 1 ] ], [ [ "disinfectant", 1 ] ] ]
  }
]
