[
  {
    "//": "Cross floorplan which fills a quadrant with rocks when a side is empty, and possibly adds vaults.",
    "type": "mapgen",
    "method": "json",
    "om_terrain": [ "lab_4side" ],
    "weight": 200,
    "object": {
      "fill_ter": "t_thconc_floor",
      "rows": [
        "          |..|         |",
        "          |..|         |",
        "          |..|         |",
        "          |..|         |",
        "          |..|         |",
        "          ?..+         |",
        "          |..|         |",
        "          |..|         |",
        "          |..|         |",
        "          |..|         |",
        "-----+----|..|----?----|",
        ".......................M",
        ".......................M",
        "-----?----|..|----+----|",
        "          |..|         |",
        "          |..|         |",
        "          |..|         |",
        "          |..|         |",
        "          +..?         |",
        "          |..|         |",
        "          |..|         |",
        "          |..|         |",
        "          |..|         |",
        "-----------MM----------|"
      ],
      "palettes": [ "lab_palette" ],
      "terrain": { "?": [ "t_concrete_wall", "t_concrete_wall", "t_door_glass_frosted_c"] },
      "place_nested": [
        { "chunks": [ ["null", 100], ["lab_cross_windows", 25] ], "x": 0, "y": 0 },
        { "chunks": [ "lab_spawn_9x9" ], "x": [0, 1], "y": [0, 1], "neighbors": { "north": ["lab", "open_air"], "west": ["lab", "open_air"] } },
        { "chunks": [ "lab_spawn_9x9" ], "x": 14, "y": [0,1], "neighbors": { "north": ["lab", "open_air"], "east": ["lab", "open_air"] } },
        { "chunks": [ "lab_spawn_9x9" ], "x": [0,1], "y": 14, "neighbors": { "south": ["lab", "open_air"], "west": ["lab", "open_air"] } },
        { "chunks": [ "lab_spawn_9x9_wall_nw" ], "x": 13, "y": 13, "neighbors": { "south": ["lab", "open_air"], "east": ["lab", "open_air"] } },
        { "chunks": [ "lab_border_rock_quadrants" ], "x": 0, "y": 0 }
      ]
    }
  },
  {
    "//": "Cross floorplan which fills a quadrant with rocks when a side is empty, and possibly adds vaults.",
    "type": "mapgen",
    "method": "json",
    "om_terrain": [ "lab_4side" ],
    "weight": 200,
    "object": {
      "fill_ter": "t_thconc_floor",
      "rows": [
        "          |..|         |",
        "          |..|         |",
        "          |..|         |",
        "          |..|         |",
        "          |..|         |",
        "          +..?         |",
        "          |..|         |",
        "          |..|         |",
        "          |..|         |",
        "          |..|         |",
        "-----?----|..|----+----|",
        ".......................M",
        ".......................M",
        "-----+----|..|----?----|",
        "          |..|         |",
        "          |..|         |",
        "          |..|         |",
        "          |..|         |",
        "          ?..+         |",
        "          |..|         |",
        "          |..|         |",
        "          |..|         |",
        "          |..|         |",
        "-----------MM----------|"
      ],
      "palettes": [ "lab_palette" ],
      "terrain": { "?": [ "t_concrete_wall", "t_concrete_wall", "t_door_glass_frosted_c"] },
      "place_nested": [
        { "chunks": [ ["null", 100], ["lab_cross_windows", 25] ], "x": 0, "y": 0 },
        { "chunks": [ "lab_spawn_9x9" ], "x": [0, 1], "y": [0, 1], "neighbors": { "north": ["lab", "open_air"], "west": ["lab", "open_air"] } },
        { "chunks": [ "lab_spawn_9x9" ], "x": 14, "y": [0,1], "neighbors": { "north": ["lab", "open_air"], "east": ["lab", "open_air"] } },
        { "chunks": [ "lab_spawn_9x9" ], "x": [0,1], "y": 14, "neighbors": { "south": ["lab", "open_air"], "west": ["lab", "open_air"] } },
        { "chunks": [ "lab_spawn_9x9_wall_nw" ], "x": 13, "y": 13, "neighbors": { "south": ["lab", "open_air"], "east": ["lab", "open_air"] } },
        { "chunks": [ "lab_border_rock_quadrants" ], "x": 0, "y": 0 }
      ]
    }
  },
  {
    "//": "Non-cross format amenable to quadrants being filled in with rocks/vaults when a side is empty.",
    "type": "mapgen",
    "method": "json",
    "om_terrain": [ "lab_4side" ],
    "weight": 50,
    "object": {
      "fill_ter": "t_thconc_floor",
      "rows": [
        ".......................|",
        "...............hhhhhhh.|",
        "..|---?---|............|",
        "..|       |....hhhhhhh.|",
        "..|       |............|",
        "..|       |....hhhhhhh.|",
        "..+       ?............|",
        "..|       |............|",
        "..|       |.......c...h|",
        "..|       |...........h|",
        "..|---?---|..|----+----|",
        ".......................M",
        ".......................M",
        "-----+----|............|",
        "          |.....htth.12|",
        "          |....--------|",
        "          |....|       |",
        "          |...l|       |",
        "          ?....|       |",
        "          |....+       |",
        "          |....|       |",
        "          |...l|       |",
        "          |....|       |",
        "-----------MM----------|"
      ],
      "palettes": [ "lab_palette" ],
      "vendingmachines": { "1": { "item_group": "vending_drink" }, "2": { "item_group": "vending_food" } },
      "mapping": { "t": { "items": [ { "item": "fridge", "chance": 30 } ] },
        "l": {
          "items": [
            { "item": "office", "chance": 20 },
            { "item": "textbooks", "chance": 10 },
            { "item": "science", "chance": 10 },
            { "item": "harddrugs", "chance": 5 },
            { "item": "softdrugs", "chance": 5 },
            { "item": "dresser", "chance": 5 },
            { "item": "lab_torso", "chance": 5 },
            { "item": "lab_pants", "chance": 5 }
          ]
        }
      },
      "terrain": { "?": [ "t_concrete_wall", "t_concrete_wall", "t_door_glass_frosted_c"] },
      "place_nested": [
        { "chunks": [ "lab_spawn_7x7_crossdoors" ], "x": 3, "y": 3, "neighbors": { "north": ["lab", "open_air"], "west": ["lab", "open_air"] } },
        { "chunks": [ "lab_spawn_9x9" ], "x": [0,1], "y": 14, "neighbors": { "south": ["lab", "open_air"], "west": ["lab", "open_air"] } },
        { "chunks": [ "lab_spawn_7x7_crossdoors" ], "x": 16, "y": 16, "neighbors": { "south": ["lab", "open_air"], "east": ["lab", "open_air"] } },
        { "chunks": [ "lab_border_rock_quadrants" ], "x": 0, "y": 0 }
      ]
    }
  },
  {
    "type": "mapgen",
    "method": "json",
    "nested_mapgen_id": "lab_cross_windows",
    "object": {
      "mapgensize": [ 24, 24 ],
      "rows": [
        "                        ",
        "                        ",
        "          g  g          ",
        "          g  g          ",
        "                        ",
        "                        ",
        "                        ",
        "          g  g          ",
        "          g  g          ",
        "                        ",
        "  gg   gg      gg   gg  ",
        "                        ",
        "                        ",
        "  gg   gg               ",
        "                        ",
        "          g             ",
        "          g             ",
        "                        ",
        "                        ",
        "                        ",
        "          g             ",
        "          g             ",
        "                        ",
        "                        "
      ],
      "terrain": { "g": [ "t_wall_glass" ] }
    }
  },
  {
    "//": "Start with normal walls, then fill in quarters of each lab map with rocks, based on its neighboring tiles.",
    "type": "mapgen",
    "method": "json",
    "nested_mapgen_id": "lab_border_rock_quadrants",
    "object": {
      "mapgensize": [ 24, 24 ],
      "place_nested": [
        { "chunks": [ "lab_border_walls" ], "x": 0, "y": 0 },
        { "else_chunks": [ "lab_nw_rock" ], "x": 0, "y": 0, "neighbors": { "north": ["lab", "open_air"] } },
        { "else_chunks": [ "lab_nw_rock" ], "x": 0, "y": 0, "neighbors": { "west": ["lab", "open_air"] } },
        { "else_chunks": [ "lab_ne_rock" ], "x": 13, "y": 0, "neighbors": { "north": ["lab", "open_air"] } },
        { "else_chunks": [ "lab_ne_rock" ], "x": 13, "y": 0, "neighbors": { "east": ["lab", "open_air"] } },
        { "else_chunks": [ "lab_sw_rock" ], "x": 0, "y": 13, "neighbors": { "south": ["lab", "open_air"] } },
        { "else_chunks": [ "lab_sw_rock" ], "x": 0, "y": 13, "neighbors": { "west": ["lab", "open_air"] } },
        { "else_chunks": [ "lab_se_rock" ], "x": 13, "y": 13, "neighbors": { "south": ["lab", "open_air"] } },
        { "else_chunks": [ "lab_se_rock" ], "x": 13, "y": 13, "neighbors": { "east": ["lab", "open_air"] } },
        { "else_chunks": [ [ "lab_n_rock", 85 ], [ "lab_n_vault", 15 ] ], "x": 0, "y": 0, "neighbors": { "north": ["lab", "open_air"] } },
        { "else_chunks": [ [ "lab_w_rock", 85 ], [ "lab_w_vault", 15 ] ], "x": 0, "y": 0, "neighbors": { "west": ["lab", "open_air"] } },
        { "else_chunks": [ [ "lab_s_rock", 85 ], [ "lab_s_vault", 15 ] ], "x": 0, "y": 0, "neighbors": { "south": ["lab", "open_air"] } },
        { "else_chunks": [ [ "lab_e_rock", 85 ], [ "lab_e_vault", 15 ] ], "x": 0, "y": 0, "neighbors": { "east": ["lab", "open_air"] } }
      ]
    }
  },
  {
    "type": "mapgen",
    "method": "json",
    "nested_mapgen_id": "lab_rock_3x3",
    "object": {
      "mapgensize": [ 3, 3 ],
      "place_terrain": [
        { "ter": "t_rock", "x": 0, "y": 0 },
        { "ter": "t_rock", "x": 1, "y": 0 },
        { "ter": "t_rock", "x": 2, "y": 0 },
        { "ter": "t_rock", "x": 0, "y": 1 },
        { "ter": "t_rock", "x": 1, "y": 1 },
        { "ter": "t_rock", "x": 2, "y": 1 },
        { "ter": "t_rock", "x": 0, "y": 2 },
        { "ter": "t_rock", "x": 1, "y": 2 },
        { "ter": "t_rock", "x": 2, "y": 2 }
      ]
    }
  },
  {
    "type": "mapgen",
    "method": "json",
    "nested_mapgen_id": "lab_rock_9x9",
    "object": {
      "mapgensize": [ 9, 9 ],
      "place_nested": [
        { "chunks": [ "lab_rock_3x3" ], "x": 0, "y": 0 },
        { "chunks": [ "lab_rock_3x3" ], "x": 0, "y": 3 },
        { "chunks": [ "lab_rock_3x3" ], "x": 0, "y": 6 },
        { "chunks": [ "lab_rock_3x3" ], "x": 3, "y": 0 },
        { "chunks": [ "lab_rock_3x3" ], "x": 3, "y": 3 },
        { "chunks": [ "lab_rock_3x3" ], "x": 3, "y": 6 },
        { "chunks": [ "lab_rock_3x3" ], "x": 6, "y": 0 },
        { "chunks": [ "lab_rock_3x3" ], "x": 6, "y": 3 },
        { "chunks": [ "lab_rock_3x3" ], "x": 6, "y": 6 }
      ]
    }
  },
  {
    "type": "mapgen",
    "method": "json",
    "nested_mapgen_id": "lab_nw_rock",
    "object": {
      "mapgensize": [ 11, 11 ],
      "set": [
        { "line": "terrain", "id": "t_rock", "x": 0, "x2": 9, "y": 0, "y2": 0 },
        { "line": "terrain", "id": "t_rock", "x": 0, "x2": 0, "y": 9, "y2": 0 },
        { "line": "terrain", "id": "t_concrete_wall", "x": 10, "x2": 10, "y": 0, "y2": 10 },
        { "line": "terrain", "id": "t_concrete_wall", "x": 0, "x2": 10, "y": 10, "y2": 10 }
      ],
      "place_nested": [ { "chunks": [ "lab_rock_9x9" ], "x": 1, "y": 1 } ]
    }
  },
  {
    "type": "mapgen",
    "method": "json",
    "nested_mapgen_id": "lab_ne_rock",
    "object": {
      "mapgensize": [ 11, 11 ],
      "set": [
        { "line": "terrain", "id": "t_rock", "x": 0, "x2": 9, "y": 0, "y2": 0 },
        { "line": "terrain", "id": "t_concrete_wall", "x": 0, "x2": 0, "y": 9, "y2": 0 },
        { "line": "terrain", "id": "t_concrete_wall", "x": 0, "x2": 9, "y": 10, "y2": 10 }
      ],
      "place_nested": [ { "chunks": [ "lab_rock_9x9" ], "x": 1, "y": 1 } ]
    }
  },
  {
    "type": "mapgen",
    "method": "json",
    "nested_mapgen_id": "lab_sw_rock",
    "object": {
      "mapgensize": [ 11, 11 ],
      "set": [
        { "line": "terrain", "id": "t_rock", "x": 0, "x2": 0, "y": 1, "y2": 9 },
        { "line": "terrain", "id": "t_concrete_wall", "x": 0, "x2": 10, "y": 0, "y2": 0 },
        { "line": "terrain", "id": "t_concrete_wall", "x": 10, "x2": 10, "y": 0, "y2": 9 }
      ],
      "place_nested": [ { "chunks": [ "lab_rock_9x9" ], "x": 1, "y": 1 } ]
    }
  },
  {
    "type": "mapgen",
    "method": "json",
    "nested_mapgen_id": "lab_se_rock",
    "object": {
      "mapgensize": [ 10, 10 ],
      "set": [
        { "line": "terrain", "id": "t_concrete_wall", "x": 0, "x2": 9, "y": 0, "y2": 0 },
        { "line": "terrain", "id": "t_concrete_wall", "x": 0, "x2": 0, "y": 1, "y2": 9 }
      ],
      "place_nested": [ { "chunks": [ "lab_rock_9x9" ], "x": 1, "y": 1 } ]
    }
  },
  {
    "type": "mapgen",
    "method": "json",
    "nested_mapgen_id": "lab_n_rock",
    "object": {
      "mapgensize": [ 24, 24 ],
      "rows": [
        "          ####          ",
        "          ####          ",
        "          ####          ",
        "          ####          ",
        "          ####          ",
        "          ####          ",
        "          ####          ",
        "          ####          ",
        "          ####          ",
        "          ----          ",
        "           --           ",
        "                        ",
        "                        ",
        "                        ",
        "                        ",
        "                        ",
        "                        ",
        "                        ",
        "                        ",
        "                        ",
        "                        ",
        "                        ",
        "                        ",
        "                        "
      ],
      "palettes": [ "lab_palette" ]
    }
  },
  {
    "type": "mapgen",
    "method": "json",
    "nested_mapgen_id": "lab_w_rock",
    "object": {
      "mapgensize": [ 24, 24 ],
      "rows": [
        "                        ",
        "                        ",
        "                        ",
        "                        ",
        "                        ",
        "                        ",
        "                        ",
        "                        ",
        "                        ",
        "                        ",
        "#########|              ",
        "#########||             ",
        "#########||             ",
        "#########|              ",
        "                        ",
        "                        ",
        "                        ",
        "                        ",
        "                        ",
        "                        ",
        "                        ",
        "                        ",
        "                        ",
        "                        "
      ],
      "palettes": [ "lab_palette" ]
    }
  },
  {
    "type": "mapgen",
    "method": "json",
    "nested_mapgen_id": "lab_s_rock",
    "object": {
      "mapgensize": [ 24, 24 ],
      "rows": [
        "                        ",
        "                        ",
        "                        ",
        "                        ",
        "                        ",
        "                        ",
        "                        ",
        "                        ",
        "                        ",
        "                        ",
        "                        ",
        "                        ",
        "                        ",
        "           --           ",
        "          ----          ",
        "          ####          ",
        "          ####          ",
        "          ####          ",
        "          ####          ",
        "          ####          ",
        "          ####          ",
        "          ####          ",
        "          ####          ",
        "########################"
      ],
      "palettes": [ "lab_palette" ]
    }
  },
  {
    "type": "mapgen",
    "method": "json",
    "nested_mapgen_id": "lab_e_rock",
    "object": {
      "mapgensize": [ 24, 24 ],
      "rows": [
        "                       #",
        "                       #",
        "                       #",
        "                       #",
        "                       #",
        "                       #",
        "                       #",
        "                       #",
        "                       #",
        "                       #",
        "              |#########",
        "             ||#########",
        "             ||#########",
        "              |#########",
        "                       #",
        "                       #",
        "                       #",
        "                       #",
        "                       #",
        "                       #",
        "                       #",
        "                       #",
        "                       #",
        "                       #"
      ],
      "palettes": [ "lab_palette" ]
    }
  },
  {
    "type": "palette",
    "id": "lab_loot_bionic_vault",
    "mapping": { "r": { "items": [ { "item": "bionics_common", "chance": 50 }, { "item": "bionics", "chance": 10 } ] }
    },
    "terrain": { "r": "t_strconc_floor" },
    "computers": {
        "6": {
          "name": "Bionic Vault", "security": 3,
          "options": [
            { "name": "MANIFEST", "action": "list_bionics", "security": 0 },
            { "name": "UNLOCK ENTRANCE", "action": "unlock_disarm", "security": 7 }
          ],
          "failures": [ { "action": "damage" }, { "action": "secubots" }, { "action": "shutdown" } ]
        }
    }
  },
  {
    "type": "palette",
    "id": "lab_loot_serum_vault",
    "mapping": { "r": { "items": [ { "item": "mut_iv", "chance": 50 } ] }
    },
    "terrain": { "r": "t_strconc_floor" },
    "computers": {
        "6": {
          "name": "Advanced PE012 Samples", "security": 3,
          "options": [
            { "name": "UNLOCK ENTRANCE", "action": "unlock_disarm", "security": 5 }
          ],
          "failures": [ { "action": "damage" }, { "action": "manhacks" }, { "action": "shutdown" } ]
        }
    }
  },
  {
    "type": "mapgen",
    "method": "json",
    "nested_mapgen_id": "lab_n_vault",
    "object": {
      "mapgensize": [ 24, 24 ],
      "rows": [
        "          ####          ",
        "         ------         ",
        "         |r,,r|         ",
        "         |r,,r|         ",
        "         |r,,r|         ",
        "         |r,,r|         ",
        "         |-,,-|         ",
        "          |,,|          ",
        "          |,,|          ",
        "         --LL--         ",
        "         |...6|         ",
        "                        ",
        "                        ",
        "                        ",
        "                        ",
        "                        ",
        "                        ",
        "                        ",
        "                        ",
        "                        ",
        "                        ",
        "                        ",
        "                        ",
        "                        "
      ],
      "palettes": [ "lab_palette", "lab_loot_bionic_vault" ],
      "place_monster": [ { "monster": "mon_turret", "x": [ 11, 12 ], "y": [ 2, 5 ], "chance": 25 } ]
    }
  },
  {
    "type": "mapgen",
    "method": "json",
    "nested_mapgen_id": "lab_n_vault",
    "object": {
      "mapgensize": [ 24, 24 ],
      "rows": [
        "          ####          ",
        "         ------         ",
        "         |r,,r|         ",
        "         |r,,r|         ",
        "         |r,,r|         ",
        "         |r,,r|         ",
        "         |-,,-|         ",
        "          |,,|          ",
        "          |,,|          ",
        "         --LL--         ",
        "         |...6|         ",
        "                        ",
        "                        ",
        "                        ",
        "                        ",
        "                        ",
        "                        ",
        "                        ",
        "                        ",
        "                        ",
        "                        ",
        "                        ",
        "                        ",
        "                        "
      ],
      "palettes": [ "lab_palette", "lab_loot_serum_vault" ],
      "place_monster": [ { "monster": "mon_turret", "x": [ 11, 12 ], "y": [ 2, 5 ], "chance": 10 } ]
    }
  },
  {
    "type": "mapgen",
    "method": "json",
    "nested_mapgen_id": "lab_w_vault",
    "object": {
      "mapgensize": [ 24, 24 ],
      "rows": [
        "                        ",
        "                        ",
        "                        ",
        "                        ",
        "                        ",
        "                        ",
        "                        ",
        "                        ",
        "                        ",
        " ------  --             ",
        "#|rrrr|--|6  -          ",
        "#|,,,,,,,L.             ",
        "#|,,,,,,,L.             ",
        "#|rrrr|--|.             ",
        " ------  --             ",
        "                        ",
        "                        ",
        "                        ",
        "                        ",
        "                        ",
        "                        ",
        "                        ",
        "                        ",
        "                        "
      ],
      "palettes": [ "lab_palette", "lab_loot_bionic_vault" ],
      "place_monster": [ { "monster": "mon_turret", "x": [ 2, 5 ], "y": [ 11, 12 ], "chance": 25 } ]
    }
  },
  {
    "type": "mapgen",
    "method": "json",
    "nested_mapgen_id": "lab_w_vault",
    "object": {
      "mapgensize": [ 24, 24 ],
      "rows": [
        "                        ",
        "                        ",
        "                        ",
        "                        ",
        "                        ",
        "                        ",
        "                        ",
        "                        ",
        "                        ",
        " ------  --             ",
        "#|rrrr|--|6  -          ",
        "#|,,,,,,,L.             ",
        "#|,,,,,,,L.             ",
        "#|rrrr|--|.             ",
        " ------  --             ",
        "                        ",
        "                        ",
        "                        ",
        "                        ",
        "                        ",
        "                        ",
        "                        ",
        "                        ",
        "                        "
      ],
      "palettes": [ "lab_palette", "lab_loot_serum_vault" ],
      "place_monster": [ { "monster": "mon_turret", "x": [ 2, 5 ], "y": [ 11, 12 ], "chance": 10 } ]
    }
  },
  {
    "type": "mapgen",
    "method": "json",
    "nested_mapgen_id": "lab_s_vault",
    "object": {
      "mapgensize": [ 24, 24 ],
      "rows": [
        "                        ",
        "                        ",
        "                        ",
        "                        ",
        "                        ",
        "                        ",
        "                        ",
        "                        ",
        "                        ",
        "                        ",
        "          -  -          ",
        "                        ",
        "                        ",
        "         |6...|         ",
        "         --LL--         ",
        "          |,,|          ",
        "          |,,|          ",
        "         |-,,-|         ",
        "         |r,,r|         ",
        "         |r,,r|         ",
        "         |r,,r|         ",
        "         |r,,r|         ",
        "         ------         ",
        "####################### "
      ],
      "palettes": [ "lab_palette", "lab_loot_bionic_vault" ],
      "place_monster": [ { "monster": "mon_turret", "x": [ 11, 12 ], "y": [ 18, 21 ], "chance": 25 } ]
    }
  },
  {
    "type": "mapgen",
    "method": "json",
    "nested_mapgen_id": "lab_s_vault",
    "object": {
      "mapgensize": [ 24, 24 ],
      "rows": [
        "                        ",
        "                        ",
        "                        ",
        "                        ",
        "                        ",
        "                        ",
        "                        ",
        "                        ",
        "                        ",
        "                        ",
        "          -  -          ",
        "                        ",
        "                        ",
        "         |6...|         ",
        "         --LL--         ",
        "          |,,|          ",
        "          |,,|          ",
        "         |-,,-|         ",
        "         |r,,r|         ",
        "         |r,,r|         ",
        "         |r,,r|         ",
        "         |r,,r|         ",
        "         ------         ",
        "####################### "
      ],
      "palettes": [ "lab_palette", "lab_loot_serum_vault" ],
      "place_monster": [ { "monster": "mon_turret", "x": [ 11, 12 ], "y": [ 18, 21 ], "chance": 10 } ]
    }
  },
  {
    "type": "mapgen",
    "method": "json",
    "nested_mapgen_id": "lab_e_vault",
    "object": {
      "mapgensize": [ 24, 24 ],
      "rows": [
        "                        ",
        "                       #",
        "                       #",
        "                       #",
        "                       #",
        "                       #",
        "                       #",
        "                       #",
        "                       #",
        "             --  ------#",
        "          -  .|--|rrrr|#",
        "             .L,,,,,,,|#",
        "             .L,,,,,,,|#",
        "          -  6|--|rrrr|#",
        "             --  ------#",
        "                       #",
        "                       #",
        "                       #",
        "                       #",
        "                       #",
        "                       #",
        "                       #",
        "                       #",
        "                        "
      ],
      "palettes": [ "lab_palette", "lab_loot_bionic_vault" ],
      "place_monster": [ { "monster": "mon_turret", "x": [ 18, 21 ], "y": [ 11, 12 ], "chance": 25 } ]
    }
  },
  {
    "type": "mapgen",
    "method": "json",
    "nested_mapgen_id": "lab_e_vault",
    "object": {
      "mapgensize": [ 24, 24 ],
      "rows": [
        "                        ",
        "                       #",
        "                       #",
        "                       #",
        "                       #",
        "                       #",
        "                       #",
        "                       #",
        "                       #",
        "             --  ------#",
        "          -  .|--|rrrr|#",
        "             .L,,,,,,,|#",
        "             .L,,,,,,,|#",
        "          -  6|--|rrrr|#",
        "             --  ------#",
        "                       #",
        "                       #",
        "                       #",
        "                       #",
        "                       #",
        "                       #",
        "                       #",
        "                       #",
        "                        "
      ],
      "palettes": [ "lab_palette", "lab_loot_serum_vault" ],
      "place_monster": [ { "monster": "mon_turret", "x": [ 18, 21 ], "y": [ 11, 12 ], "chance": 10 } ]
    }
  }
]
