[
  {
    "type": "mapgen",
    "method": "json",
    "om_terrain": [ "cabin_strange" ],
    "weight": 300,
    "object": {
      "fill_ter": "t_floor",
      "rows": [
        "                        ",
        "^  FfffffffffffGfffffF  ",
        "   F                 F  ",
        "   F              ^  F  ",
        "  ^F  |-w---|        F  ",
        "   F  |cSecu|sssss   F  ",
        "  |-w-|O....=sssss|---| ",
        "  |H.T|c...u|-w-w-|>..w ",
        "  |H..+....u|d....|-|-| ",
        "  |..S|.....+.....+.|r| ",
        "  |-+-|.....|...bb|r|.| ",
        "  |.........|---|-|-|+| ",
        "  w...hh....aaaa|.d...| ",
        "  |..htth.......|.....w ",
        "  w..htth.......D..bb.w ",
        "  w...hh.......o|..bb.| ",
        "  |o...........A|-----| ",
        "  w.............|d.bb.| ",
        "  |.............+..bb.w ",
        "  |-+|-w-==-w-|-|.....| ",
        "  |L.|ssssssss|r+.....| ",
        "  |--|ssssssss|-|--w--| ",
        "     ssCssssCss         ",
        "  ^                 ^   "
      ],
      "mapping": {
        ".": { 
          "items": { "item": "subway", "chance": 10 }
        },
        "L": {
          "furniture": "f_locker",
          "items": [ { "item": "bed", "chance": 60 }, { "item": "dresser", "chance": 40 } ]
        },
        "d": {
          "furniture": "f_dresser",
          "items": { "item": "dresser", "chance": 40 }
        },
        "e": {
          "furniture": "f_fridge",
          "items": { "item": "fridgesnacks", "chance": 30 }
        },
        "o": {
          "furniture": "f_bookcase",
          "items": { "item": "novels", "chance": 40 }
        },
        "r": {
          "furniture": "f_rack",
          "items": { "item": "dresser", "chance": 40 }
        },
        "u": {
          "furniture": "f_cupboard",
          "items": { "item": "cannedfood", "chance": 30 }
        }
      },
      "terrain": {
        " ": [ "t_grass", "t_grass", "t_grass", "t_dirt" ],
        "%": "t_shrub",
        "+": "t_door_c",
        "-": "t_wall",
        "=": "t_door_boarded",
        ">": "t_stairs_down",
        "C": "t_column",
        "D": "t_door_locked_interior",
        "F": "t_fence_v",
        "G": "t_fencegate_c",
        "^": "t_tree",
        "f": "t_fence_h",
        "s": "t_sidewalk",
        "w": "t_window_boarded",
        "|": "t_wall"
      },
      "furniture": {
        "A": "f_armchair",
        "H": "f_bathtub",
        "O": "f_oven",
        "S": "f_sink",
        "a": "f_sofa",
        "b": "f_bed",
        "c": "f_counter",
        "h": "f_chair",
        "t": "f_table"
      },
      "toilets": { "T": {} },
      "place_monster": [ { "monster": "mon_darkman", "x": 8, "y": 10 } ]
    }
  },
  {
    "type": "mapgen",
    "method": "json",
    "om_terrain": [ "cabin_strange_b" ],
    "weight": 300,
    "object": {
      "fill_ter": "t_dirtfloor",
      "rows": [
        "########################",
        "################...h...#",
        "########c.cc####.httth.#",
        "###T..##c....+...ht.th.#",
        "###...G....c####.......#",
        "###BB.##....############",
        "##########D###|---|---|#",
        "##########.###|cdc|<..|#",
        "##.hhh.##...##|.h.|-D-|#",
        "#.......#.C.##|-+-|..h##",
        "#.hh.hh.D...##c......c##",
        "#.......#.C.##ccC..Ccc##",
        "#.hh.hh.#...##cc.....r##",
        "#.......#.C.##ccC..C.r##",
        "#.hh.hh.#...##tt..ch.r##",
        "#.......#.C.##ttCccC..##",
        "#.......#............A##",
        "#.b.S.b.#.C..C.cC..C..##",
        "##.....##..h..ccccBBo.##",
        "###+#+##################",
        "##.....#################",
        "##.....#################",
        "##.....#################",
        "########################"
      ],
      "mapping": {
        ".": {
          "items": { "item": "subway", "chance": 10 }
        },
        "S": {
          "furniture": "f_table",
          "item": { "item": "etched_skull" }
        },
        "c": {
          "furniture": "f_crate_o",
          "items": { "item": "dresser", "chance": 20 }
        },
        "o": {
          "furniture": "f_bookcase",
          "items": { "item": "novels", "chance": 40 }
        },
        "r": {
          "furniture": "f_rack",
          "items": { "item": "cannedfood", "chance": 30 }
        }
      },
      "terrain": {
        "#": "t_rock",
        "+": "t_door_c",
        "-": "t_wall",
        "<": "t_stairs_up",
        "=": "t_door_boarded",
        "C": "t_column",
        "D": "t_door_locked_interior",
        "G": "t_door_bar_locked",
        "|": "t_wall"
      },
      "furniture": {
        "A": "f_armchair",
        "B": "f_bed",
        "b": "f_brazier",
        "d": "f_desk",
        "h": "f_chair",
        "t": "f_table"
      },
      "toilets": { "T": {} },
      "place_monster": [
        { "monster": "mon_dementia", "x": 4, "y": 12, "repeat": [ 3, 6 ] },
        { "monster": "mon_dementia", "x": 19, "y": 2, "repeat": [ 1, 4 ] },
        { "monster": "mon_blood_sacrifice", "x": 4, "y": 21, "repeat": 1 }
      ]
    }
  }
]
