[
  {
    "id": "methchef",
    "type": "item_group",
    "items": [ [ "meth", 90 ], [ "pan", 50 ] ]
  },
  {
    "type": "mapgen",
    "method": "json",
    "om_terrain": [ "abstorefront" ],
    "weight": 100,
    "object": {
      "rows": [
        "........................",
        ".---222222-33-222222---.",
        ".|                    |.",
        ".|    >         99   9|.",
        ".|    >         99   9|.",
        ".|>>>>>9        99   9|.",
        ".|9                  9|.",
        ".|9    9             9|.",
        ".|9       G   >>     9|.",
        ".|9 9     >    >     9|.",
        ".|9 99    G    >     9|.",
        ".|9  9    G   >>     9|.",
        ".|9 9                9|.",
        ".|9                  9|.",
        ".|9  99    9    99   9|.",
        ".|9  99    99   99   9|.",
        ".|9  99    99   99   9|.",
        ".|9  99    99   ------|.",
        ".|9  99    99   +     |.",
        ".| 9            |     3.",
        ".|    9         |     |.",
        ".|99999999999999|     |.",
        ".----------------------.",
        "........................"
      ],
      "set": [
        { "point": "terrain", "id": "t_dirt", "x": 0, "y": [ 0, 23 ], "repeat": [ 5, 10 ] },
        { "point": "terrain", "id": "t_dirt", "x": 23, "y": [ 0, 23 ], "repeat": [ 5, 10 ] },
        { "point": "terrain", "id": "t_dirt", "x": [ 0, 23 ], "y": 23, "repeat": [ 5, 8 ] },
        { "point": "terrain", "id": "t_dirt", "x": [ 0, 14 ], "y": 0, "repeat": [ 5, 8 ] }
      ],
      "terrain": {
        " ": "t_floor",
        "+": "t_door_c",
        "-": "t_wall",
        ".": "t_grass",
        "2": "t_window_boarded",
        "3": "t_door_locked",
        "9": "t_floor",
        ">": "t_floor",
        "G": "t_floor",
        "|": "t_wall"
      },
      "furniture": { "9": "f_rack", ">": "f_counter", "G": "f_oven" },
      "place_items": [
        { "item": "trash", "x": [ 2, 21 ], "y": [ 2, 21 ], "chance": 90, "repeat": [ 2, 3 ] },
        { "item": "methchef", "x": [ 10, 10 ], "y": [ 8, 8 ], "chance": 90 },
        { "item": "methlab", "x": [ 10, 10 ], "y": [ 9, 9 ], "chance": 90 },
        { "item": "methchef", "x": [ 10, 10 ], "y": [ 10, 11 ], "chance": 70 },
        { "item": "methlab", "x": [ 15, 15 ], "y": [ 8, 11 ], "chance": 90 },
        { "item": "methlab", "x": [ 14, 14 ], "y": [ 8, 8 ], "chance": 90 },
        { "item": "methlab", "x": [ 14, 14 ], "y": [ 11, 11 ], "chance": 90 }
      ],
      "place_monsters": [ { "monster": "GROUP_ZOMBIE", "x": [ 2, 21 ], "y": [ 2, 21 ], "chance": 2, "repeat": [ 2, 3 ] } ]
    }
  }
]
