[
  {
    "type": "mapgen",
    "method": "json",
    "om_terrain": [ "mil_surplus" ],
    "weight": 300,
    "object": {
      "rows": [
        "...........~~...........",
        "...........~~...........",
        "..-''''''--++--''''''--.",
        "..|                   |.",
        "..| #                 |.",
        "..| #                 |.",
        "..| #                 |.",
        "..| #                 |.",
        "..|                   |.",
        "..| R R R R R R R R R |.",
        "..| R R R R R R R R R |.",
        "..| R R R R R R R R R |.",
        "..| R R R R R R R R R |.",
        "..| R R R R R R R R R |.",
        "..| R R R R R R R R R |.",
        "..| R R R R R R R R R |.",
        "..| R R R R R R R R R |.",
        "..| R R R R R R R R R |.",
        "..| R R R R R R R R R |.",
        "..| R R R R R R R R R |.",
        "..|                   |.",
        "..---------------------.",
        "........................",
        "........................"
      ],
      "palettes": [ "mil_surplus" ],
      "place_loot": [
        { "group": "mil_armor", "x": 4, "y": [ 9, 19 ], "chance": 70 },
        { "group": "mil_armor", "x": 6, "y": [ 9, 19 ], "chance": 70 },
        { "group": "mil_armor", "x": 8, "y": [ 9, 19 ], "chance": 70 },
        { "group": "mil_surplus", "x": 10, "y": [ 9, 19 ], "chance": 70 },
        { "group": "mil_surplus", "x": 12, "y": [ 9, 19 ], "chance": 70 },
        { "group": "mil_surplus", "x": 14, "y": [ 9, 19 ], "chance": 70 },
        { "group": "mil_food_nodrugs", "x": 16, "y": [ 9, 19 ], "chance": 70 },
        { "group": "mil_food_nodrugs", "x": 18, "y": [ 9, 19 ], "chance": 70 },
        { "group": "mil_food_nodrugs", "x": 20, "y": [ 9, 19 ], "chance": 70 }
      ]
    }
  },
  {
    "type": "mapgen",
    "method": "json",
    "om_terrain": [ "mil_surplus" ],
    "weight": 300,
    "object": {
      "rows": [
        "...........~~...........",
        "...........~~...........",
        ".--``````--++--``````--.",
        ".|###           @  @  |.",
        ".| S#                 |.",
        ".|  #          R RR R |.",
        ".|                    |.",
        ".|---   A  A  A    ---|.",
        ".|& |   A  A  A    / ^|.",
        ".|  +   A  A  A    ---|.",
        ".|% |   A  A  A    / ^|.",
        ".|---   A  A  A    ---|.",
        ".|                    |.",
        ".| BBBBBBB    D D D D |.",
        ".|            D D D D |.",
        ".| BBBBBBB    D D D D |.",
        ".|            D D D D |.",
        ".| BBBBBBB    D D D D |.",
        ".|                    |.",
        ".| CCCCCCC    CCCCCCC |.",
        ".|                    |.",
        ".| CCCCCCC    CCCCCCC |.",
        ".----------------------.",
        "........................"
      ],
      "palettes": [ "mil_surplus" ],
      "items": { "R": { "item": "mil_armor", "chance": 50 } },
      "place_loot": [
        { "group": "mil_armor", "x": 8, "y": [ 7, 11 ], "chance": 70 },
        { "group": "mil_armor", "x": 11, "y": [ 7, 11 ], "chance": 70 },
        { "group": "mil_armor", "x": 14, "y": [ 7, 11 ], "chance": 70 },
        { "group": "mil_surplus", "x": 14, "y": [ 13, 17 ], "chance": 70 },
        { "group": "mil_surplus", "x": 16, "y": [ 13, 17 ], "chance": 70 },
        { "group": "mil_surplus", "x": 18, "y": [ 13, 17 ], "chance": 70 },
        { "group": "mil_surplus", "x": 20, "y": [ 13, 17 ], "chance": 70 },
        { "group": "mil_armor_torso", "x": [ 3, 9 ], "y": 13, "chance": 70 },
        { "group": "mil_armor_helmet", "x": [ 3, 9 ], "y": 15, "chance": 70 },
        { "group": "mil_armor_pants", "x": [ 3, 9 ], "y": 17, "chance": 70 },
        { "group": "mil_food_nodrugs", "x": [ 3, 9 ], "y": 19, "chance": 70 },
        { "group": "mil_food_nodrugs", "x": [ 3, 9 ], "y": 21, "chance": 70 },
        { "group": "mil_food_nodrugs", "x": [ 14, 20 ], "y": 19, "chance": 70 },
        { "group": "mil_food_nodrugs", "x": [ 14, 20 ], "y": 21, "chance": 70 }
      ]
    }
  }
]
