[
  {
    "id": "corpse_male",
    "type": "item_group",
    "subtype": "collection",
    "entries": [
      { "group": "male_underwear_top" },
      { "group": "male_underwear_bottom" },
      { "item": "corpse" },
      { "item": "sheet" }
    ]
  },
  {
    "id": "corpse_female",
    "type": "item_group",
    "subtype": "collection",
    "entries": [
      { "group": "female_underwear_top" },
      { "group": "female_underwear_bottom" },
      { "item": "corpse" },
      { "item": "sheet" }
    ]
  },
  {
    "id": "corpse_viewing",
    "type": "item_group",
    "subtype": "collection",
    "entries": [
      { "group": "female_underwear_top" },
      { "group": "female_underwear_bottom" },
      { "item": "ring" },
      { "item": "veil_wedding" },
      { "item": "dress_wedding" },
      { "item": "corpse" }
    ]
  },
  {
    "id": "mortuary",
    "type": "overmap_terrain",
    "name": "mortuary",
    "sym": 77,
    "color": "i_blue",
    "see_cost": 5,
    "mondensity": 6,
    "extras": "build",
    "mapgen": [
      {
        "method": "json",
        "weight": 100,
        "object": {
          "rows": [
            "..,,,,,...uuuu...,,,,,..",
            "..,,,,,..uaaaau..,,,,,..",
            "..,,,,,.uaffffau.,,,,,..",
            "..,,,,,..uuuuuu..,,,,,..",
            "..,,,,,..........,,,,,..",
            "..,,,,,,........,,,,,,..",
            "..,,,,,,,,,,,,,,,,,,,,..",
            "..,,,,,,,,,,,,,,,,,,,,..",
            "..,,,,,,,,,,,,,,,,,,,,..",
            "..,,,,,,,,,,,,,,,,,,,,..",
            "...,,,,,,,,,,,,,,,,,,...",
            "....uuuu.|o++o|.uuuu....",
            "..|-oooo-|P  P|-oooo-|u.",
            "..|P cc P|H  H|      |fu",
            ".u|c    c|H  H| H H  ofu",
            ".uoc    c|    | H H  |fu",
            ".u|c     +    + H H P|u.",
            "..|D ll P|P  P| H H C|..",
            "..|------|-++-| H H P|u.",
            "..|dT~T~L|C  O| H H  |fu",
            "..|d~~~~~*   O| H H  ofu",
            "..|dT~T~i|C  O|      |fu",
            "..|------|-++-|-o--o-|u.",
            ".........u.,,.u........."
          ],
          "terrain": {
            " ": "t_floor",
            "*": "t_door_locked_interior",
            "+": "t_door_c",
            ",": "t_pavement",
            "-": "t_wall",
            ".": "t_grass",
            "C": "t_floor",
            "D": "t_floor",
            "H": "t_floor",
            "L": "t_linoleum_white",
            "O": "t_floor",
            "P": "t_floor",
            "T": "t_linoleum_white",
            "a": "t_dirt",
            "c": "t_floor",
            "d": "t_linoleum_white",
            "f": "t_dirt",
            "i": "t_linoleum_white",
            "l": "t_floor",
            "o": "t_window",
            "u": "t_shrub",
            "|": "t_wall",
            "~": "t_linoleum_white"
          },
          "furniture": {
            "C": "f_coffin_c",
            "D": "f_desk",
            "H": "f_bench",
            "L": "f_locker",
            "O": "f_coffin_o",
            "P": "f_indoor_plant",
            "T": "f_table",
            "a": "f_dahlia",
            "c": "f_sofa",
            "d": "f_rack",
            "f": "f_dandelion",
            "i": "f_sink",
            "l": "f_bookcase"
          },
          "place_signs": [
            { "signage": "The mortuary name followed by a hastily written message that reads: 'I am not liable if your loved ones will not stay dead.'", "x": 15, "y": 11 }
          ],
          "place_items": [
            { "item": "cleaning", "x": 3, "y": [ 19, 20 ], "chance": 50 },
            { "item": "dissection", "x": 3, "y": 21, "chance": 70 },
            { "item": "church", "x": [ 16, 18 ], "y": [ 14, 20 ], "chance": 50 },
            { "item": "lab_torso", "x": 8, "y": 19, "chance": 50 },
            { "item": "bionics_common", "x": 8, "y": 19, "chance": 30 },
            { "item": "homebooks", "x": [ 5, 6 ], "y": 17, "chance": 50 },
            { "item": "magazines", "x": 3, "y": 17, "chance": 50 }
          ],
          "place_loot": [
            { "group": "corpse_male", "x": 4, "y": 19, "chance": 40 },
            { "group": "corpse_male", "x": 4, "y": 21, "chance": 40 },
            { "group": "corpse_female", "x": 6, "y": 19, "chance": 40 },
            { "group": "corpse_female", "x": 6, "y": 21, "chance": 40 },
            { "group": "corpse_viewing", "x": 20, "y": 17, "chance": 50 }
          ],
          "place_vehicles": [
            { "vehicle": "hearse", "x": 12, "y": 7, "chance": 90 }
          ]
        }
      }
    ],
    "flags": [ "SIDEWALK" ]
  }
]
