[
  {
    "type": "mapgen",
    "method": "json",
    "om_terrain": [ "sub_station" ],
    "weight": 250,
    "object": {
      "fill_ter": "t_floor",
      "rows": [
        " SSSSSSSSSSSSSSSSSSSSSS ",
        "  SSSSSSSSSSSSSSSSSSSS  ",
        " * SSSSSSSSSSSSSSSSSS * ",
        "*** SSSSSSSSSSSSSSSS ***",
        "*** SSSSSSSSSSSSSSSS ***",
        " * SS|--;;;;;;;;--|SS * ",
        "  SS||1..........1||SS  ",
        " SS||F............F||SS ",
        "SS||D&............&D||SS",
        "SS-1................1-SS",
        "SS-..................-SS",
        "SS;..................;SS",
        "SS;........>>........;SS",
        "SS;........>>........;SS",
        "SS;..................;SS",
        "SS-..................-SS",
        "SS-1................1-SS",
        "SS||D&............&D||SS",
        " SS||F............F||SS ",
        "  SS||2bbbbbbbbbb2||SS  ",
        " * SS||||||||||||||SS * ",
        "*** SSSSSSSSSSSSSSSS ***",
        "***   SSSSSSSSSSSS   ***",
        " *                    * "
      ],
      "palettes": [ "subway" ],
      "vendingmachines": { "D": { "item_group": "vending_drink" }, "F": { "item_group": "vending_food" } }
    }
  },
  {
    "type": "mapgen",
    "method": "json",
    "om_terrain": [ "sewer_sub_station" ],
    "weight": 250,
    "object": {
      "fill_ter": "t_thconc_floor",
      "rows": [
        "########################",
        "########################",
        "########################",
        "########################",
        "########################",
        "########################",
        "########################",
        "##########BGGB##########",
        "#########R____R#########",
        "########R______R########",
        "#######R________R#######",
        "######B__________B######",
        "######G____>>____G######",
        "######G____<<____G######",
        "######B__________B######",
        "#######R________R#######",
        "########R______R########",
        "#########R____R#########",
        "##########BGGB##########",
        "########################",
        "########################",
        "########################",
        "########################",
        "########################",
        "########################",
        "########################"
      ],
      "palettes": [ "subway_underground" ]
    }
  },
  {
    "type": "mapgen",
    "method": "json",
    "om_terrain": [ "underground_sub_station" ],
    "weight": 250,
    "object": {
      "fill_ter": "t_thconc_floor",
      "rows": [
        "#^X^^^X^########^X^^^X^#",
        "#-x---x-#bbbbbb#-x---x-#",
        "#^X^^^X^#______#^X^^^X^#",
        "R^X^^^X^________^X^^^X^R",
        "R-x---x-________-x---x-R",
        "G^X^^^X^________^X^^^X^G",
        "R^X^^^X^________^X^^^X^R",
        "R-x---x-________-x---x-R",
        "R^X^^^X^________^X^^^X^R",
        "B^X^^^X^________^X^^^X^B",
        "B-x---x-________-x---x-B",
        "B^X^^^X^___<<___^X^^^X^B",
        "B^X^^^X^___<<___^X^^^X^B",
        "B-x---x-________-x---x-B",
        "B^X^^^X^________^X^^^X^B",
        "R^X^^^X^________^X^^^X^R",
        "R-x---x-________-x---x-R",
        "R^X^^^X^________^X^^^X^R",
        "G^X^^^X^________^X^^^X^G",
        "R-x---x-________-x---x-R",
        "R^X^^^X^________^X^^^X^R",
        "#^X^^^X^#______#^X^^^X^#",
        "#-x---x-#bbbbbb#-x---x-#",
        "#^X^^^X^########^X^^^X^#"
      ],
      "palettes": [ "subway_underground" ]
    }
  }
]
