[
  {
    "type": "mapgen",
    "method": "json",
    "om_terrain": [
      "mansion_entry_dn",
      "mansion_wild_dn",
      "mansion_e1d"
    ],
    "weight": 1000,
    "object": {
      "fill_ter": "t_rock_floor",
      "rows": [
        "########################",
        "########################",
        "########################",
        "########################",
        "########################",
        "########################",
        "########################",
        "########################",
        "########################",
        "########################",
        "########################",
        "########################",
        "########################",
        "#################XXXX###",
        "XXXXXXX##########XK.XXXX",
        "......X##########X.KX.KK",
        "...KK.XXXXXXXXXXXX......",
        "...KK.X]]]]...X..X......",
        "......X]......%..+......",
        ".....KXp..??..X..X......",
        ".KK...X]..??..X..X......",
        ".KK..KX]......X..X......",
        "......X].rr.r.X<<X......",
        "XXX++XXXXXXXXXXXXXX++XXX"
      ],
      "palettes": [
        "mansion_palette_common",
        "mansion_palette_basement"
      ],
      "items": {
        ".": { "item": "clutter_basement" },
        "K": { "item": "crate_stack", "chance": 100 },
        "r": { "item": "tool_common_stack", "chance": 100 }
      },
      "place_monsters": [
        { "monster": "GROUP_MANSION", "x": [ 2, 21 ], "y": [ 17, 21 ], "density": 0.08 }
      ]
    }
  },
  {
    "type": "mapgen",
    "method": "json",
    "om_terrain": [
      "mansion_entry",
      "mansion_wild",
      "mansion_e1"
    ],
    "weight": 1000,
    "object": {
      "fill_ter": "t_floor",
      "rows": [
        "''':::::::,,,,:::::::'''",
        ":::::::::,,,,,,:::::::::",
        ":::::::::,,**,,:::::::::",
        ":::::::::,,**,,:::::::::",
        ":::::::::,,,,,,:::::::::",
        "*:::::::::,,,,:::::::::*",
        ":*:::::::::,,:::::::::*:",
        "::*::::::::,,::::::::*::",
        ":::**::::::,,::::::**:::",
        ":::::**::::,,::::**:::::",
        ":::::::***:,,:***:::::::",
        ":::::::::*:,,:*:::::::::",
        ":****::::*:,,:*:::::::::",
        "******:::::,,::::XOOX:::",
        "XOOOOXX:::,,,,:::X<<XXOX",
        "......X:::,,,,:::X<<X...",
        "......XXOOX++XOOXX......",
        "........................",
        "........................",
        "......XXXX5tt5XXXX......",
        "......+..XXXXXX..+......",
        "a.....X...X...+..X......",
        "ta....XzzzXK.mX>>X......",
        "XXX++XXXXXXXXXXXXXX++XXX"
      ],
      "palettes": [
        "mansion_palette_common",
        "mansion_palette_outdoors"
      ],
      "items": {
        ".": { "item": "clutter_mansion" },
        ":": { "item": "clutter_yard" },
        "K": { "item": "crate_cleaning", "chance": 100 },
        "m": { "item": "cleaning", "chance": 45 },
        "t": { "item": "table_foyer", "chance": 40 },
        "z": { "item": "jackets", "chance": 40 }
      },
      "place_monsters": [
        { "monster": "GROUP_MANSION", "x": [ 2, 21 ], "y": [ 2, 21 ], "density": 0.08 }
      ]
    }
  },
  {
    "type": "mapgen",
    "method": "json",
    "om_terrain": [
      "mansion_entry_up",
      "mansion_wild_up",
      "mansion_e1u"
    ],
    "weight": 1000,
    "object": {
      "fill_ter": "t_floor",
      "rows": [
        "************************",
        "************************",
        "************************",
        "************************",
        "************************",
        "************************",
        "************************",
        "************************",
        "************************",
        "************************",
        "************************",
        "************************",
        "************************",
        "*****************XOOX***",
        "XOOOOXX**********X>>XXOX",
        "..55..X**********X>>X...",
        "......XXOOXOOXOOXX......",
        ".----.X....ss....X.----.",
        ".----.Xc.S----A..X.----.",
        "...--.Xc.S-TT--..+.--...",
        "...--.Xc.S-TT-A..X.--...",
        "...--.Xc.------..X.--...",
        ".{....X....??....X....{.",
        "XXX++XXXXXXXXXXXXXX++XXX"
      ],
      "palettes": [
        "mansion_palette_common",
        "mansion_palette_air"
      ],
      "items": {
        ".": { "item": "clutter_mansion" },
        "?": { "item": "fireplace_fill", "chance": 30 },
        "T": { "item": "table_livingroom", "chance": 40 },
        "c": { "item": "wetbar_stack", "chance": 100 },
        "{": { "item": "suit_of_armor", "chance": 100 }
      },
      "place_monsters": [
        { "monster": "GROUP_MANSION", "x": [ 2, 21 ], "y": [ 17, 21 ], "density": 0.08 }
      ]
    }
  },
  {
    "type": "mapgen",
    "method": "json",
    "om_terrain": [
      "mansion_entry_dn",
      "mansion_wild_dn",
      "mansion_e2d"
    ],
    "weight": 1000,
    "object": {
      "fill_ter": "t_rock_floor",
      "rows": [
        "########################",
        "########################",
        "########################",
        "########################",
        "########################",
        "########################",
        "########################",
        "########################",
        "########################",
        "########################",
        "XXXXXXX##########XXXXXXX",
        "......X##########X.-2--.",
        "y.c...X##########X.-TT-.",
        "r.c1..XXXXXXXXXXXX.2TT2.",
        "r.c1..X--2-..!.!.X.--2-.",
        "f.c1...-TT-.............",
        "XXX....2TT2......--2-...",
        "..X....-2--......2TT-...",
        "..X..............-TT2...",
        "..X.}....XX++XX..-2--...",
        "..XXXXXXXX....XXXXXXXXXX",
        ".......................m",
        "...........<<...........",
        "XXX++XXXXXXXXXXXXXX++XXX"
      ],
      "palettes": [
        "mansion_palette_common",
        "mansion_palette_basement"
      ],
      "furniture": {
        "!": "f_arcade_machine"
      },
      "items": {
        ".": { "item": "clutter_basement" },
        "T": { "item": "table_card", "chance": 40 },
        "c": { "item": "wetbar_counter", "chance": 30 },
        "f": { "item": "wetbar_fridge", "chance": 45 },
        "m": { "item": "cleaning", "chance": 45 },
        "r": { "item": "wetbar_stack", "chance": 100 }
      },
      "place_monsters": [
        { "monster": "GROUP_MANSION", "x": [ 2, 21 ], "y": [ 14, 21 ], "density": 0.08 }
      ]
    }
  },
  {
    "type": "mapgen",
    "method": "json",
    "om_terrain": [
      "mansion_entry",
      "mansion_wild",
      "mansion_e2"
    ],
    "weight": 1000,
    "object": {
      "fill_ter": "t_floor",
      "rows": [
        "''''''':::,,,,:::'''''''",
        "''''::::::,,,,::::::''''",
        "::::::::::*,,*::::::::::",
        "::::::::::*,,*::::::::::",
        "::::::::::*,,*::::::::::",
        "::::::::::*,,*::::::::::",
        "::::::::::*,,*::::::::::",
        "::::::::::*,,*::::::::::",
        "::::::X__X____X__X::::::",
        "******____________******",
        "XOOOOXX__________XXOOOOX",
        ".t....X__________X......",
        ".s..a.X__________X......",
        ".s..t.XXOOX++XOOXX......",
        ".s..a.X5........5X......",
        "...........--...........",
        "...........--...........",
        "..-------..--..-------..",
        "..-------..--..-------..",
        "...........<<...........",
        "{....{X...@<<@...X{....{",
        "XX++XXX...XXXX...XXX++XX",
        "......XX...>>...XX......",
        "X......XXXXXXXXXX......X"
      ],
      "palettes": [
        "mansion_palette_common",
        "mansion_palette_outdoors"
      ],
      "items": {
        ".": { "item": "clutter_mansion" },
        ":": { "item": "clutter_yard" },
        "t": { "item": "table_foyer", "chance": 40 },
        "{": { "item": "suit_of_armor", "chance": 100 }
      },
      "place_monsters": [
        { "monster": "GROUP_MANSION", "x": [ 2, 21 ], "y": [ 2, 21 ], "density": 0.08 }
      ]
    }
  },
  {
    "type": "mapgen",
    "method": "json",
    "om_terrain": [
      "mansion_entry_up",
      "mansion_wild_up",
      "mansion_e2u"
    ],
    "weight": 1000,
    "object": {
      "fill_ter": "t_floor",
      "rows": [
        "************************",
        "************************",
        "************************",
        "************************",
        "************************",
        "************************",
        "************************",
        "************************",
        "******||||||||||||******",
        "******|__________|******",
        "XOOOOXX__________XXOOOOX",
        "..tt..X__________X......",
        ".-TT-.+__________+.--AT.",
        ".----.XXOOXOOXOOXX.---S.",
        ".----.|          |.---S.",
        ".----.|          |.A--S.",
        ".----.|          |.----.",
        "......|          |......",
        "......|||||  |||||......",
        "........5.|>>|.5........",
        "..........|>>|..........",
        "........................",
        "........................",
        "XXX++XXXXXXXXXXXXXX++XXX"
      ],
      "palettes": [
        "mansion_palette_common",
        "mansion_palette_air"
      ],
      "items": {
        ".": { "item": "clutter_mansion" },
        "T": { "item": "table_foyer", "chance": 40 },
        "t": { "item": "table_foyer", "chance": 40 }
      }
    }
  },
  {
    "type": "mapgen",
    "method": "json",
    "om_terrain": [
      "mansion_t_dn",
      "mansion_t1d"
    ],
    "weight": 700,
    "object": {
      "fill_ter": "t_rock_floor",
      "rows": [
        "########################",
        "########################",
        "########################",
        "########################",
        "XXX##################XXX",
        ".KX##################Xm.",
        ".rX##################XK.",
        "XXX##################XXX",
        "########################",
        "########################",
        "########################",
        "########################",
        "########################",
        "########################",
        "########################",
        "########################",
        "########################",
        "########################",
        "########################",
        "########################",
        "########################",
        "########################",
        "########################",
        "########################"
      ],
      "palettes": [
        "mansion_palette_common",
        "mansion_palette_basement"
      ],
      "items": {
        "K": { "item": "crate_stack", "chance": 100 },
        "m": { "item": "cleaning", "chance": 45 },
        "r": { "item": "cleaning", "chance": 45 }
      }
    }
  },
  {
    "type": "mapgen",
    "method": "json",
    "om_terrain": [
      "mansion_t",
      "mansion_t1"
    ],
    "weight": 700,
    "object": {
      "fill_ter": "t_floor",
      "rows": [
        "X:::::::***,,***:::::::X",
        "::::::,,,,,,,,,,,,::::::",
        ":::::,,,,,,,,,,,,,,:::::",
        ":::**,,,,,,,,,,,,,,**:::",
        ":::**,,,~~~~~~~~,,,**:::",
        ",,,,,,,,~~~~~~~~,,,,,,,,",
        ",,,,,,,,~~~~~~~~,,,,,,,,",
        ":::**,,,~~~~~~~~,,,**:::",
        ":::**4,,~~~~~~~~,,,**:::",
        ":::::,,,~~~~~~~~,,,:::::",
        ":::::4,,~~~~~~~~,,,/::::",
        ":::::,,,~~~~~~~~,,,/::::",
        ":::::4,,~~~~~~~~,,,/::::",
        ":::::,,,~~~~~~~~,,,:::::",
        ":::::,,,~~~~~~~~,,,:::::",
        ":::::,,,,,,!,,,,,,,:*:::",
        "|||**,,,,,,,,,,,,,,''*||",
        ":*|***,,,,,,,,,,,,**'*|*",
        ":*|****Xc.......X***'*|*",
        "::|||||Xc..a..a.X|||[||*",
        ":::***:Xc.a...a.X:**'**:",
        ":::::::Xc...?...X:::::::",
        ":::::::XXXXXXXXXX:::::::",
        "'''::::::::::::::::::'''"
      ],
      "palettes": [
        "mansion_palette_common",
        "mansion_palette_outdoors"
      ],
      "terrain": {
        "!": "t_concrete",
        "/": "t_grass",
        "|": "t_chainfence_v",
        "~": "t_water_dp"
      },
      "furniture": {
        "!": "f_dive_block"
      },
      "items": {
        ",": { "item": "clutter_yard" },
        "/": { "item": "pool_side", "chance": 30 },
        ":": { "item": "clutter_yard" },
        "?": { "item": "fireplace_fill", "chance": 30 },
        "c": { "item": "wetbar_counter", "chance": 20 }
      },
      "place_monsters": [
        { "monster": "GROUP_MANSION", "x": [ 2, 21 ], "y": [ 2, 21 ], "density": 0.08 }
      ]
    }
  },
  {
    "type": "mapgen",
    "method": "json",
    "om_terrain": [
      "mansion_t_up",
      "mansion_t1u"
    ],
    "weight": 700,
    "object": {
      "fill_ter": "t_floor",
      "rows": [
        "X*********|__|*********X",
        "**********||||**********",
        "************************",
        "************************",
        "||********************||",
        "_|********************|_",
        "_|********************|_",
        "||********************||",
        "************************",
        "************************",
        "************************",
        "************************",
        "************************",
        "************************",
        "************************",
        "************************",
        "************************",
        "************************",
        "*******''''''''''*******",
        "*******''''''''''*******",
        "*******''''''''''*******",
        "*******''''''''''*******",
        "*******''''''''''*******",
        "************************"
      ],
      "palettes": [
        "mansion_palette_common",
        "mansion_palette_air"
      ],
      "place_loot": [
        { "item": "lawn_dart", "x": [ 7, 16 ], "y": [ 18, 22 ], "chance": 40, "repeat": [ 1, 2 ] }
      ]
    }
  },
  {
    "type": "mapgen",
    "method": "json",
    "om_terrain": [
      "mansion_t_dn",
      "mansion_t2d"
    ],
    "weight": 800,
    "object": {
      "fill_ter": "t_rock_floor",
      "rows": [
        "XKKKK..X...............X",
        "wg.K...+................",
        "K......X................",
        "KK....KXXXXXXXXXX+XXX...",
        ".....tttttXKKX------X...",
        ".....tttttXK.X-@---TX...",
        ".......hsaX..+----2TX...",
        "........saXR.X-----TX...",
        "........s.XXXXT-----XXXX",
        ".]]]].....XKKXT2-----RR-",
        ".].p].....+.KXT---------",
        "....]]]...+..X--TTT-----",
        ".KK...]...XmmX--TTT--RR-",
        "XXXXXXXXXXX%XXXXXXXXXXXX",
        "###XXXXXXXX.XXXXXXXXX###",
        "###X..........ddd.$.X###",
        "###X.bBB-------.....X###",
        "###X.bBB--2----.ttt.X###",
        "###X.bBB-------.ttt.X###",
        "###X..-----ZZZ-.....X###",
        "###XXXXXXXXXXXXXXXXXX###",
        "########################",
        "########################",
        "########################"
      ],
      "palettes": [
        "mansion_palette_common",
        "mansion_palette_basement"
      ],
      "terrain": {
        "@": "t_carpet_red",
        "R": "t_carpet_red"
      },
      "furniture": {
        "$": [ "f_shackle", "f_null" ],
        "@": "f_mannequin"
      },
      "items": {
        ".": { "item": "clutter_basement" },
        "B": { "item": "sex_lair", "chance": 40 },
        "K": { "item": "crate_stack", "chance": 100 },
        "R": { "item": "sewing_room", "chance": 40 },
        "T": { "item": "sewing_room", "chance": 40 },
        "Z": { "item": "sex_lair", "chance": 45 },
        "b": { "item": "bed", "chance": 40 },
        "d": { "item": "sex_lair", "chance": 45 },
        "m": { "item": "tool_common_stack", "chance": 100 },
        "r": { "item": "sewing_room", "chance": 40 }
      },
      "place_monsters": [
        { "monster": "GROUP_MANSION", "x": [ 2, 21 ], "y": [ 2, 12 ], "density": 0.08 }
      ]
    }
  },
  {
    "type": "mapgen",
    "method": "json",
    "om_terrain": [
      "mansion_t",
      "mansion_t2"
    ],
    "weight": 1100,
    "object": {
      "fill_ter": "t_floor",
      "rows": [
        "X......................X",
        "........................",
        "...XXXXXXXX..XXXXXXXX...",
        "...X.zz..zX..X.zccc.X...",
        "...X.....zX..Xz..1.zX...",
        "...Xc1...zX..Xz....zX...",
        "...Xc.....X..X.....zX...",
        "XXXXXXX+XXX..XX+XXXXXXXX",
        "j==NYNX..X...X..XYNYXPXj",
        "X=====+..+...+..+=======",
        "J=====X..X...X..X=======",
        "J==XXXX..XXXXX..XXXXXJJJ",
        "J=PX&dd....X.z...dddXJJJ",
        "XOXXd1.....X......1&XXOX",
        "***Xd.....tXt-----.dX***",
        "***X....bbbXbBB---.dX***",
        "*:*Xv...bbbXbBB---..X*:*",
        ":::X....bbbXbBB---..X:::",
        ":::Xz.....tXt-----s.X:::",
        ":::X.......X...5sst.X:::",
        ":::XXOOOOXXXXXXOOOOXX:::",
        "::::::::********::::::::",
        "::::::::::::::::::::::::",
        "''''''''''''''''''''''''"
      ],
      "palettes": [
        "mansion_palette_common",
        "mansion_palette_outdoors"
      ],
      "toilets": {
        "P": {}
      },
      "items": {
        "-": { "item": "clutter_bedroom", "chance": 2 },
        ".": { "item": "clutter_bedroom", "chance": 2 },
        ":": { "item": "clutter_yard" },
        "=": { "item": "clutter_bathroom", "chance": 10 },
        "B": { "item": "bed", "chance": 40 },
        "J": { "item": "clutter_bathroom", "chance": 15 },
        "N": { "item": "softdrugs", "chance": 45 },
        "b": { "item": "bed", "chance": 40 },
        "c": { "item": "vanity", "chance": 40 },
        "d": { "item": "office", "chance": 40 },
        "t": { "item": "nightstand", "chance": 40 },
        "v": { "item": "a_television", "chance": 100 },
        "z": { "item": "dresser_stack", "chance": 100 }
      },
      "place_monsters": [
        { "monster": "GROUP_MANSION", "x": [ 2, 21 ], "y": [ 2, 21 ], "density": 0.08 }
      ]
    }
  },
  {
    "type": "mapgen",
    "method": "json",
    "om_terrain": [
      "mansion_t_up",
      "mansion_t2u"
    ],
    "weight": 1000,
    "object": {
      "fill_ter": "t_floor",
      "rows": [
        "X=P=XJJJjX....X..ccXN=PX",
        "J==NX====X....Xz..1XN==J",
        "J==YX====+....Xz...XY==J",
        "J==NXPNYNX....Xzz..XN==J",
        "XX+XXXXXXXX..XXXXX+XX+XX",
        ".....1tXz.+..+.zX.......",
        ".-----sXz.+..+.zX.......",
        "t-----sXXXX..XXXXt......",
        "bBB---.Xta.....tXbbb....",
        "bBB---.Xs.....1tXbbb...v",
        "bBB---zXs------tXbbb....",
        "t-----zXt------.Xt....1.",
        "......zX.------.X....dd&",
        "XOXXOXXX.-BBBB-.XXXOXXOX",
        "***'''Xz.-BBBB-.zX'''***",
        "***'''X..-BBBB-.zX'''***",
        "***'''X.5tbbbbt.zX'''***",
        "***'''XXOOXXXXOOXX'''***",
        "***''''''''''''''''''***",
        "***''''''''''''''''''***",
        "***''''''''''''''''''***",
        "************************",
        "************************",
        "************************"
      ],
      "palettes": [
        "mansion_palette_common",
        "mansion_palette_air"
      ],
      "toilets": {
        "P": {}
      },
      "items": {
        "-": { "item": "clutter_bedroom", "chance": 2 },
        ".": { "item": "clutter_bedroom", "chance": 2 },
        "=": { "item": "clutter_bathroom", "chance": 10 },
        "B": { "item": "bed", "chance": 40 },
        "J": { "item": "clutter_bathroom", "chance": 15 },
        "N": { "item": "softdrugs", "chance": 45 },
        "b": { "item": "bed", "chance": 40 },
        "c": { "item": "vanity", "chance": 30 },
        "d": { "item": "office", "chance": 40 },
        "t": { "item": "nightstand", "chance": 40 },
        "v": { "item": "a_television", "chance": 100 },
        "z": { "item": "dresser_stack", "chance": 100 }
      },
      "place_monsters": [
        { "monster": "GROUP_MANSION", "x": [ 2, 21 ], "y": [ 2, 11 ], "density": 0.08 }
      ]
    }
  },
  {
    "type": "mapgen",
    "method": "json",
    "om_terrain": [
      "mansion_t_dn",
      "mansion_t2d"
    ],
    "weight": 1000,
    "object": {
      "fill_ter": "t_rock_floor",
      "rows": [
        "X.sss/ssX......X.(..|..X",
        ".ddd./..[...........[...",
        ".ddd....[...........|...",
        "|||||||||......||||||...",
        "...............[.uh.|...",
        ".............KK|...a|...",
        "........XKK..KKX..an|...",
        "X||X||[XXX||||XXX|||X||X",
        ".@.|KK..X.KK...XKKK.|...",
        "...[K...|.KK...|KK..|...",
        "v..|K...|......|....[..{",
        "gw.|...K|r...KK|..KK|.KK",
        ".n.X...KXr...KKX..KKX.KK",
        "XXXXX|[XXX|[||XXX[|XXXXX",
        "###X....X......X....X###",
        "###X...............mX###",
        "###X]]]....??.......X###",
        "###X..]....??...*.*.X###",
        "###X..p]]...........X###",
        "###X....]...........X###",
        "###XXXXXXXXXXXXXXXXXX###",
        "########################",
        "########################",
        "########################"
      ],
      "palettes": [
        "mansion_palette_common",
        "mansion_palette_basement"
      ],
      "terrain": {
        "[": "t_chaingate_l",
        "|": "t_chainfence_v"
      },
      "items": {
        "(": { "item": "trash_cart", "chance": 40 },
        ".": { "item": "clutter_basement" },
        "K": { "item": "crate_stack", "chance": 100 },
        "d": { "item": "office", "chance": 10 },
        "m": { "item": "tool_common_stack", "chance": 100 },
        "n": { "item": "cannedfood", "chance": 30 },
        "r": { "item": "mansion_ammo", "chance": 40 },
        "v": { "item": "a_television", "chance": 100 }
      },
      "place_monsters": [
        { "monster": "GROUP_MANSION", "x": [ 2, 21 ], "y": [ 2, 12 ], "density": 0.08 }
      ]
    }
  },
  {
    "type": "mapgen",
    "method": "json",
    "om_terrain": [
      "mansion_t",
      "mansion_t2"
    ],
    "weight": 1000,
    "object": {
      "fill_ter": "t_floor",
      "rows": [
        "X......................X",
        "........................",
        "...XXXXXXXXXXXX+XXXXX...",
        "...XzzXzzXb..bX..X.zX...",
        "...X..X..Xb..bX..+.zX...",
        "...XX+X+XX....X..+.zX...",
        "...+.....X...rX..X.zX...",
        "...X.....X...rX..XXXX...",
        "XXXXXXX..Xs..rX..XNYXXXX",
        "NYN===X..Xs...X..X======",
        "======+..X$...X..+=====J",
        "J==XXXX..XXX%XX..XXXXP=J",
        "J=PXbbT....Xll...dddX==J",
        "XOXXbB,,,,.X......1&XXOX",
        "***XbB,,,,.+.------.X***",
        "***X.,,,,,.X.------tX***",
        "*:*X.,,,,,.X.----BBbX*:*",
        ":::X.,,,,BbXv----BBbX:::",
        ":::XK,,,,BbX.----BBbX:::",
        ":::X....TbbX..a5...tX:::",
        ":::XXOOOOXXXXXXOOOOXX:::",
        "::::::::********::::::::",
        "::::::::::::::::::::::::",
        "''''''''''''''''''''''''"
      ],
      "palettes": [
        "mansion_palette_common",
        "mansion_palette_outdoors"
      ],
      "terrain": {
        "%": "t_door_metal_locked",
        ",": "t_carpet_red"
      },
      "furniture": {
        "$": "f_safe_l"
      },
      "toilets": {
        "P": {}
      },
      "items": {
        "$": { "item": "mansion_safe", "chance": 100 },
        ",": { "item": "toy_box", "chance": 15 },
        "-": { "item": "clutter_bedroom", "chance": 2 },
        ".": { "item": "clutter_bedroom", "chance": 2 },
        ":": { "item": "clutter_yard" },
        "=": { "item": "clutter_bathroom", "chance": 10 },
        "B": { "item": "bed", "chance": 40 },
        "J": { "item": "clutter_bathroom", "chance": 15 },
        "K": { "item": "crate_toys", "chance": 100 },
        "N": { "item": "softdrugs", "chance": 45 },
        "T": { "item": "toy_box", "chance": 45 },
        "b": { "item": "bed", "chance": 40 },
        "d": { "item": "office", "chance": 40 },
        "l": { "item": "mansion_bookcase", "chance": 100 },
        "r": { "item": "panic_room", "chance": 45 },
        "t": { "item": "nightstand", "chance": 40 },
        "v": { "item": "a_television", "chance": 100 },
        "z": { "item": "dresser_stack", "chance": 100 }
      },
      "place_loot": [
        { "group": "corpse_mansion", "x": [ 10, 12 ], "y": [ 5, 7 ], "chance": 50, "repeat": [ 0, 2 ] }
      ],
      "place_monsters": [
        { "monster": "GROUP_PANICROOM", "x": 11, "y": 6, "chance": 100 }
      ]
    }
  },
  {
    "type": "mapgen",
    "method": "json",
    "om_terrain": [
      "mansion_t_up",
      "mansion_t2u"
    ],
    "weight": 1000,
    "object": {
      "fill_ter": "t_floor",
      "rows": [
        "X......................X",
        "........................",
        "..........----..........",
        "..XXXX+XX.----.XX+XXXX..",
        "..X.ss..Xl-AA-tX..(&dX..",
        "..X.....Xl----tX...1dX..",
        "..Xt....X......X.....X..",
        "..Xbbb..XXX??XXX....tX..",
        "XXXbbb...dXXXXt...bbbXXX",
        "z.Xbbb..1dXPjXv...bbbXzz",
        "z.Xt.....dX==Xt...bbbX..",
        "z.XX.....XX+XXX.....XX.z",
        "...+.....+====+.....+..z",
        "XOXXXOOOXX====XXOOOXXXOX",
        "***''''''XY==YX''''''***",
        "***''''''X=JJ=X''''''***",
        "***''''''XOOOOX''''''***",
        "***''''''''''''''''''***",
        "***''''''''''''''''''***",
        "***''''''''''''''''''***",
        "***''''''''''''''''''***",
        "************************",
        "************************",
        "************************"
      ],
      "palettes": [
        "mansion_palette_common",
        "mansion_palette_air"
      ],
      "toilets": {
        "P": {}
      },
      "items": {
        "(": { "item": "trash_cart", "chance": 40 },
        ".": { "item": "clutter_bedroom", "chance": 2 },
        "=": { "item": "clutter_bathroom", "chance": 10 },
        "?": { "item": "fireplace_fill", "chance": 30 },
        "J": { "item": "clutter_bathroom", "chance": 15 },
        "b": { "item": "bed", "chance": 40 },
        "d": { "item": "office", "chance": 40 },
        "l": { "item": "mansion_bookcase", "chance": 100 },
        "t": { "item": "nightstand", "chance": 40 },
        "v": { "item": "a_television", "chance": 100 },
        "z": { "item": "dresser_stack", "chance": 100 }
      },
      "place_monsters": [
        { "monster": "GROUP_MANSION", "x": [ 2, 21 ], "y": [ 2, 11 ], "density": 0.08 }
      ]
    }
  },
  {
    "type": "mapgen",
    "method": "json",
    "om_terrain": [
      "mansion_t_dn",
      "mansion_t4d"
    ],
    "weight": 1100,
    "object": {
      "fill_ter": "t_rock_floor",
      "rows": [
        "Xrrrr..fX......X.].X..]X",
        "r...r..fX........]....].",
        "r...r..fX........]]]]p].",
        "r......fX..........p]]].",
        "XXXXX+XXXX+XX...........",
        "............X...........",
        "............X..*........",
        "XXXXXXXXXXXXX...........",
        "...kkkkkk.ttX...........",
        "k...........X..X|[|X|||X",
        "k..LLLLLL...+..|........",
        "k...........X..|...KK..m",
        "...kkkkkk...X..|...KK...",
        "XXXXXXXXXXXXXXXX.....XXX",
        "##############XK..KK.X##",
        "##############XKK.KK.X##",
        "##############XXK...XX##",
        "###############XXXXXX###",
        "########################",
        "########################",
        "########################",
        "########################",
        "########################",
        "########################"
      ],
      "palettes": [
        "mansion_palette_common",
        "mansion_palette_basement"
      ],
      "terrain": {
        "[": "t_chaingate_l",
        "|": "t_chainfence_v"
      },
      "place_liquids": [
        { "liquid": "wine_cabernet", "x": [ 0, 11 ], "y": [ 8, 12 ], "repeat": [ 4, 12 ] },
        { "liquid": "wine_chardonnay", "x": [ 0, 11 ], "y": [ 8, 12 ], "repeat": [ 2, 6 ] }
      ],
      "items": {
        ".": { "item": "clutter_basement" },
        "K": { "item": "crate_stack", "chance": 100 },
        "L": { "item": "crate_wine", "chance": 100 },
        "f": { "item": "fridge", "chance": 40 },
        "k": { "item": "keg_wine", "chance": 100 },
        "m": { "item": "tool_common_stack", "chance": 100 },
        "r": { "item": "pantry", "chance": 40 },
        "t": { "item": "table_wine", "chance": 45 }
      },
      "place_monsters": [
        { "monster": "GROUP_MANSION", "x": [ 2, 21 ], "y": [ 2, 12 ], "density": 0.08 }
      ]
    }
  },
  {
    "type": "mapgen",
    "method": "json",
    "om_terrain": [
      "mansion_t",
      "mansion_t4"
    ],
    "weight": 1100,
    "object": {
      "fill_ter": "t_floor",
      "rows": [
        "XRRCYYYCX.5...5.ccc....X",
        "R=R====CXt...........at.",
        "R=R====CXt.............a",
        "R======)X..............a",
        "X+XXX==XXX+XX...-2--....",
        "..XF===))===X...-TT-....",
        "..XF=======RXc..2TT2....",
        "..XF=CCCCC=RXc..2TT2....",
        "..XF========Xc..2TT2....",
        "..X=NNQQQNNNX...2TT2...?",
        "..XXXXXXXXXXX...2TT2....",
        "............+...2TT2....",
        "............+...2TT2....",
        "XOOXXOOXXOOXXXX.-TT-.XXX",
        ":::**::**:::**O.--2-.O**",
        ":::**::**:::**O5....5O**",
        ":::::::::::::*XXccccXX*:",
        ":::::::::::::**XOOOOX**:",
        "::::::::::::::***::***::",
        "::::::::::::::::::::::::",
        "::::::::::::::::::::::::",
        "::::::::::::::::::::::::",
        "''''''''''''''''''''''''",
        "''''''''''''''''''''''''"
      ],
      "palettes": [
        "mansion_palette_common",
        "mansion_palette_outdoors"
      ],
      "terrain": {
        "F": "t_linoleum_gray"
      },
      "items": {
        "'": { "item": "clutter_yard" },
        ")": { "item": "trash_cart", "chance": 40 },
        ".": { "item": "clutter_mansion" },
        ":": { "item": "clutter_yard" },
        "=": { "item": "produce" },
        "?": { "item": "fireplace_fill", "chance": 30 },
        "C": { "item": "dining", "chance": 40 },
        "F": { "item": "fridge", "chance": 45 },
        "N": { "item": "kitchen", "chance": 45 },
        "Q": { "item": "oven", "chance": 45 },
        "R": { "item": "pantry", "chance": 40 },
        "T": { "item": "dining", "chance": 40 },
        "Y": { "item": "cleaning", "chance": 20 },
        "c": { "item": "table_sideboard", "chance": 35 },
        "t": { "item": "table_livingroom", "chance": 35 }
      },
      "place_monsters": [
        { "monster": "GROUP_MANSION", "x": [ 2, 21 ], "y": [ 2, 21 ], "density": 0.08 }
      ]
    }
  },
  {
    "type": "mapgen",
    "method": "json",
    "om_terrain": [
      "mansion_t_up",
      "mansion_t4u"
    ],
    "weight": 1100,
    "object": {
      "fill_ter": "t_floor",
      "rows": [
        "X......................X",
        "........................",
        "..XXXX++XXXXXXXXX||XXX..",
        "..Xz.X..XNYNYNX      X..",
        "..Xz.+..X=====X      X..",
        "..Xz.X..+=====X      X..",
        "..XXXX..XX+XJJX      X..",
        "..Xt.....XPXJJX      X..",
        "OOXbbb...XOXOOX      XOO",
        "''Xbbb..vX''''X      X''",
        "''Xbbb...X''''X      X''",
        "''Xt...1.X''''X      X''",
        "''X.5.dddX''''X      X''",
        "''XXOOOOXX''''X      X''",
        "**************X      X**",
        "**************X      X**",
        "**************XX    XX**",
        "***************XOOOOX***",
        "************************",
        "************************",
        "************************",
        "************************",
        "************************",
        "************************"
      ],
      "palettes": [
        "mansion_palette_common",
        "mansion_palette_air"
      ],
      "toilets": {
        "P": {}
      },
      "items": {
        ".": { "item": "clutter_bedroom", "chance": 2 },
        "5": { "item": "stash_drugs", "chance": 20 },
        "=": { "item": "clutter_bathroom", "chance": 10 },
        "J": { "item": "clutter_bathroom", "chance": 15 },
        "N": { "item": "softdrugs", "chance": 45 },
        "b": { "item": "bed", "chance": 30 },
        "d": { "item": "office", "chance": 30 },
        "t": { "item": "nightstand", "chance": 40 },
        "v": { "item": "a_television", "chance": 100 },
        "z": { "item": "dresser_stack", "chance": 100 }
      }
    }
  },
  {
    "type": "mapgen",
    "method": "json",
    "om_terrain": [
      "mansion_t_dn",
      "mansion_t5d"
    ],
    "weight": 400,
    "object": {
      "fill_ter": "t_rock_floor",
      "rows": [
        "X=x----------XPXPXjjjXPX",
        "==x--U-U-U---X+X+X===X==",
        "==o----------X=======+==",
        "==o---------XX===///=XXX",
        "==x---------XY=======Xrr",
        "==x=H==--=I=XC==XMMMMX..",
        "==x====--===XY==XXX+XX..",
        "==x=H==--=I=XC==XXX.XXXX",
        "XXX====--===XXX+XX.....<",
        "XXX=H==---------XX.....<",
        "XXXX===---------XXttXXXX",
        "###XXXXX==////==XXXXX###",
        "#######XXXXXXXXXX#######",
        "########################",
        "########################",
        "########################",
        "########################",
        "########################",
        "########################",
        "########################",
        "########################",
        "########################",
        "########################",
        "########################"
      ],
      "palettes": [
        "mansion_palette_common",
        "mansion_palette_basement"
      ],
      "terrain": {
        "o": "t_door_glass_c"
      },
      "toilets": {
        "P": {}
      },
      "items": {
        "-": { "item": "clutter_gym", "chance": 6 },
        "/": { "item": "clutter_gym", "chance": 40 },
        "=": { "item": "clutter_gym", "chance": 2 },
        "C": { "item": "softdrugs", "chance": 30 },
        "M": { "item": "locker_gym", "chance": 40 },
        "r": { "item": "cleaning", "chance": 40 },
        "t": { "item": "voyer", "chance": 40 }
      },
      "place_monsters": [
        { "monster": "GROUP_MANSION", "x": [ 2, 14 ], "y": [ 2, 9 ], "density": 0.08 }
      ]
    }
  },
  {
    "type": "mapgen",
    "method": "json",
    "om_terrain": [
      "mansion_t",
      "mansion_t5"
    ],
    "weight": 400,
    "object": {
      "fill_ter": "t_floor",
      "rows": [
        "X(...5.XmKX..XrrXdd&dd.X",
        "d.....cX..+..X..%.-2-..s",
        "d1....cXXXX..XXXX.---..s",
        "&dd...cX5......5X.....at",
        "XXXX%XXX........XXXX+XXX",
        "...........tt1..........",
        "..........1tt1..........",
        "XXXXX..X..1tt...X..XXXXX",
        "<..Xl..l..1tt1..l..lX..>",
        "<..+l..l..1tt1..l..l+..>",
        "XXXXl..l........l..lXXXX",
        "***XXXXX5......5XXXXX***",
        "**::***XXOOOOOOXX***::**",
        "::::::****::::****::::::",
        "::::::::::::::::::::::::",
        "::::::::::::::::::::::::",
        "::::::::::::::::::::::::",
        "::::::::::::::::::::::::",
        "::::0:::::::::::::0:::::",
        "::::::::'''0''''::::::::",
        ":::::'''''''''''''':::::",
        ":::'''''''''''''''''':::",
        "''''''''''''''''''''''''",
        "''''''''''''''''''''''''"
      ],
      "palettes": [
        "mansion_palette_common",
        "mansion_palette_outdoors"
      ],
      "items": {
        "'": { "item": "clutter_yard" },
        "(": { "item": "trash_cart" },
        ".": { "item": "clutter_mansion" },
        ":": { "item": "clutter_yard" },
        "K": { "item": "crate_cleaning", "chance": 100 },
        "c": { "item": "art", "chance": 20 },
        "d": { "item": "office", "chance": 35 },
        "l": { "item": "mansion_bookcase", "chance": 100 },
        "m": { "item": "cleaning", "chance": 45 },
        "r": { "item": "office", "chance": 35 },
        "t": { "item": "table_livingroom", "chance": 30 }
      },
      "place_monsters": [
        { "monster": "GROUP_MANSION", "x": [ 2, 21 ], "y": [ 2, 21 ], "density": 0.08 }
      ]
    }
  },
  {
    "type": "mapgen",
    "method": "json",
    "om_terrain": [
      "mansion_t_up",
      "mansion_t5u"
    ],
    "weight": 400,
    "object": {
      "fill_ter": "t_floor",
      "rows": [
        "XJJX..1...X.....(dd&XJJX",
        "P==X......X.......1.X==P",
        "===X.....ZX.........X==N",
        "Y==X......X.-----...+==Y",
        "XX+X+X..bbXt----CX..XXXX",
        ".....XXXXXXbBB--CX......",
        ".....%...bXbBB--VX......",
        "XXXXXX...bXbBB--CX..XXXX",
        ">..+m.....Xt----CX..+...",
        ">..XM....ZX.-----...X.zz",
        "XXXX..1...X.........XXXX",
        "***XXOXXOXXXXXXOXXOXX***",
        "*******''''''''''*******",
        "************************",
        "************************",
        "************************",
        "************************",
        "************************",
        "************************",
        "************************",
        "************************",
        "************************",
        "************************",
        "************************"
      ],
      "palettes": [
        "mansion_palette_common",
        "mansion_palette_air"
      ],
      "terrain": {
        "C": "t_carpet_red"
      },
      "furniture": {
        "V": "f_counter"
      },
      "toilets": {
        "P": {}
      },
      "items": {
        "(": { "item": "trash_cart", "chance": 40 },
        ".": { "item": "clutter_bedroom", "chance": 2 },
        "=": { "item": "clutter_bathroom", "chance": 10 },
        "B": { "item": "bed", "chance": 30 },
        "C": { "item": "art", "chance": 30 },
        "J": { "item": "clutter_bathroom", "chance": 15 },
        "M": { "item": "sewing_room", "chance": 40 },
        "N": { "item": "softdrugs", "chance": 45 },
        "V": { "item": "a_television", "chance": 100 },
        "Z": { "item": "dresser_servant", "chance": 45 },
        "b": { "item": "bed", "chance": 30 },
        "d": { "item": "office", "chance": 35 },
        "m": { "item": "cleaning", "chance": 40 },
        "t": { "item": "nightstand", "chance": 35 },
        "z": { "item": "dresser_stack", "chance": 100 }
      },
      "place_monsters": [
        { "monster": "GROUP_MANSION", "x": [ 4, 21 ], "y": [ 2, 9 ], "density": 0.08 }
      ]
    }
  },
  {
    "type": "mapgen",
    "method": "json",
    "om_terrain": [
      "mansion_t_dn",
      "mansion_t6d"
    ],
    "weight": 1000,
    "object": {
      "fill_ter": "t_rock_floor",
      "rows": [
        "X=====X=========WX.1KK.X",
        "o--D-=%=========WXh.KKtt",
        "--2D-=X3=====G==WXs11Ktt",
        "---&-3XT=TT==G==CXsv1...",
        "XXXXXXX3=TT==G==YXs.....",
        "======X==TT======X......",
        "======+==========+......",
        "======X=====RRR)=X......",
        "XX++XXXXXXXXXXXXXXXX++XX",
        ".......KKK..............",
        "........KK.??.........KK",
        ".KK........??.........KK",
        ".KKKK...X......X...KK...",
        "XXXKK.]]]].........KK.XX",
        "##X...]pX].....X..XXXXX#",
        "##X...]..]]]]]...rX#####",
        "##XXXXX.....p]...rX#####",
        "######X...*..]...mX#####",
        "######XXX....].XXXX#####",
        "########XXXXXXXX########",
        "########################",
        "########################",
        "########################",
        "########################"
      ],
      "palettes": [
        "mansion_palette_common",
        "mansion_palette_basement"
      ],
      "terrain": {
        ")": "t_linoleum_gray",
        "T": "t_linoleum_gray",
        "o": "t_carpet_red"
      },
      "furniture": {
        "o": "f_trashcan"
      },
      "items": {
        ")": { "item": "trash_cart", "chance": 30 },
        ".": { "item": "clutter_basement" },
        "=": { "item": "clutter_basement" },
        "C": { "item": "cleaning", "chance": 35 },
        "D": { "item": "office", "chance": 35 },
        "G": { "item": "dresser_male", "chance": 10 },
        "K": { "item": "crate_stack", "chance": 100 },
        "R": { "item": "crate_cleaning", "chance": 100 },
        "T": { "item": "dresser_stack", "chance": 100 },
        "W": { "item": "dresser_female", "chance": 10 },
        "m": { "item": "plumber_gear", "chance": 40 },
        "o": { "item": "trash_cart", "chance": 30 },
        "r": { "item": "tool_common_stack", "chance": 100 },
        "v": { "item": "a_television", "chance": 100 }
      },
      "place_monsters": [
        { "monster": "GROUP_MANSION", "x": [ 2, 21 ], "y": [ 2, 12 ], "density": 0.08 }
      ],
      "place_vehicles": [
        { "vehicle": "laundry_cart", "x": [ 14, 15 ], "y": [ 0, 6 ], "chance": 50 }
      ]
    }
  },
  {
    "type": "mapgen",
    "method": "json",
    "om_terrain": [
      "mansion_t",
      "mansion_t6"
    ],
    "weight": 1000,
    "object": {
      "fill_ter": "t_floor",
      "rows": [
        "X..............X......LX",
        "...............X.--2---.",
        "...............X.-dDD--T",
        "...XXXXXXXXXXXXX.-DDD--T",
        "...Xccczzz.zzz.X.------.",
        "...Xc1.........+........",
        "...Xc...zz.zzz.X........",
        "...X...zXXXXXXXX...sssT.",
        "XXXXX+XXXtbbbbtX++XXXXXX",
        "PXCYC=X...bbbb....XCYCXP",
        "======+.--BBBB--..+=====",
        "======X.--BBBB--..X=====",
        "jX====Xt--------.zXJJJXj",
        "XXXJJJXt--------.zXJJJXX",
        "**OJJJX.--------.zXOOOX*",
        "**OJJJX.-SS--SS-..X*****",
        ":*XOOOX.-S----S-.5O:::::",
        "::****X...........X:::::",
        "::::::XXX5.??.5XXXX:::::",
        ":::::::*XOOXXOOX*:::::::",
        "::::::::********::::::::",
        "::::::::::::::::::::::::",
        "''''''''''''''''''''''''",
        "''''''''''''''''''''''''"
      ],
      "palettes": [
        "mansion_palette_common",
        "mansion_palette_outdoors"
      ],
      "toilets": {
        "P": {}
      },
      "items": {
        "'": { "item": "clutter_yard" },
        "-": { "item": "clutter_bedroom", "chance": 2 },
        ".": { "item": "clutter_mansion" },
        ":": { "item": "clutter_yard" },
        "=": { "item": "clutter_bathroom", "chance": 10 },
        "?": { "item": "fireplace_fill", "chance": 30 },
        "B": { "item": "bed", "chance": 30 },
        "C": { "item": "softdrugs", "chance": 45 },
        "D": { "item": "office", "chance": 30 },
        "J": { "item": "clutter_bathroom", "chance": 15 },
        "T": { "item": "table_livingroom", "chance": 35 },
        "b": { "item": "bed", "chance": 30 },
        "c": { "item": "vanity", "chance": 30 },
        "d": { "item": "mansion_guns", "chance": 20 },
        "t": { "item": "nightstand", "chance": 35 },
        "z": { "item": "dresser_stack", "chance": 100 }
      },
      "place_monsters": [
        { "monster": "GROUP_MANSION", "x": [ 2, 21 ], "y": [ 2, 21 ], "density": 0.08 }
      ]
    }
  },
  {
    "type": "mapgen",
    "method": "json",
    "om_terrain": [
      "mansion_t_up",
      "mansion_t6u"
    ],
    "weight": 1000,
    "object": {
      "fill_ter": "t_floor",
      "rows": [
        "XNYX51.zz.X..XmrXC==XJJX",
        "P==Xa.....%..X..XY==+===",
        "j==+......X..X..XC==X==P",
        "XXXXt....bX..+..XY==XXXX",
        "...Xbb..tbX..X.mXC==X...",
        "...XXXXXXXX..XXXXX+XX...",
        "........................",
        "........................",
        "XXXX+XXXXXXXXXXXXXX+XXXX",
        "-X---TVTX      XD------T",
        "Z+------X      XD2---BBB",
        "Z+-----AX      X&----BBB",
        "ZX------X      X-------T",
        "XXX-BBB-X      X------XX",
        "**X-BBB-X      XX+XOOOX*",
        "**XTBBBTX      XZ-X*****",
        "**XXOOOXX      XXXX*****",
        "******''X      X'''*****",
        "******''X      X'''*****",
        "********XOOXXOOX********",
        "************************",
        "************************",
        "************************",
        "************************"
      ],
      "palettes": [
        "mansion_palette_common",
        "mansion_palette_air"
      ],
      "toilets": {
        "P": {}
      },
      "items": {
        "-": { "item": "clutter_bedroom", "chance": 3 },
        ".": { "item": "clutter_mansion" },
        "5": { "item": "mansion_guns", "chance": 30 },
        "=": { "item": "clutter_bathroom", "chance": 10 },
        "B": { "item": "bed", "chance": 30 },
        "C": { "item": "softdrugs", "chance": 45 },
        "D": { "item": "office", "chance": 35 },
        "J": { "item": "clutter_bathroom", "chance": 15 },
        "N": { "item": "softdrugs", "chance": 45 },
        "T": { "item": "nightstand", "chance": 40 },
        "V": { "item": "a_television", "chance": 100 },
        "Z": { "item": "dresser_stack", "chance": 100 },
        "b": { "item": "bed", "chance": 30 },
        "m": { "item": "crate_cleaning", "chance": 100 },
        "r": { "item": "cleaning", "chance": 45 },
        "t": { "item": "nightstand", "chance": 45 },
        "z": { "item": "dresser_servant", "chance": 45 }
      },
      "place_monsters": [
        { "monster": "GROUP_MANSION", "x": [ 2, 21 ], "y": [ 2, 7 ], "density": 0.08 }
      ]
    }
  },
  {
    "type": "mapgen",
    "method": "json",
    "om_terrain": [
      "mansion_t_dn",
      "mansion_t7d"
    ],
    "weight": 1000,
    "object": {
      "fill_ter": "t_rock_floor",
      "rows": [
        "X--CCCC--X----Xa(.KKdssX",
        "---------X----X...KKdsKK",
        "---------+----+....1.s.K",
        "---------+----X.........",
        "--TSSSST-X---NXtt.......",
        "---------X<--NXtt.......",
        "--SSTSSS-X<--FX.........",
        "---------XXXXXXKK.......",
        "--SSSTSS-X####XKK..///..",
        "---------X####XX....KKK.",
        "--SSTSST-X####X.1...KKK.",
        "---------X####Xttt......",
        "---------X####Xttt@q..vh",
        "XXXXXXXXXX####XXXXXXXXXX",
        "########################",
        "########################",
        "########################",
        "########################",
        "########################",
        "########################",
        "########################",
        "########################",
        "########################",
        "########################"
      ],
      "palettes": [
        "mansion_palette_common",
        "mansion_palette_basement"
      ],
      "terrain": {
        "C": "t_carpet_red",
        "N": "t_carpet_red"
      },
      "items": {
        "(": { "item": "trash_cart", "chance": 30 },
        "-": { "item": "clutter_mansion" },
        ".": { "item": "clutter_basement" },
        "C": { "item": "a_television", "chance": 100 },
        "F": { "item": "fridgesnacks", "chance": 45 },
        "K": { "item": "crate_stack", "chance": 100 },
        "N": { "item": "vending_food", "chance": 40 },
        "T": { "item": "snacks_fancy", "chance": 35 },
        "d": { "item": "mansion_ammo", "chance": 40 }
      },
      "place_monsters": [
        { "monster": "GROUP_MANSION", "x": [ 2, 21 ], "y": [ 2, 12 ], "density": 0.08 }
      ]
    }
  },
  {
    "type": "mapgen",
    "method": "json",
    "om_terrain": [
      "mansion_t",
      "mansion_t7"
    ],
    "weight": 1000,
    "object": {
      "fill_ter": "t_floor",
      "rows": [
        "X....nnn.X....X....ddd(X",
        "..1......X....X.....1...",
        ".tt1.....+....+.........",
        "1tt......+....+.........",
        "..1......X....X.........",
        "........1X>..<X.........",
        "........tX>..<Xl.a......",
        "........tXXOOXXl.--S---.",
        "t...ee..1X::::X..--ST--{",
        "s...ee...X:**:X?.--ST--.",
        "s...ee...O:**:X..--S---.",
        "s........O::::Xl.SST---.",
        "sst......X::::Xl.....5..",
        "XXOOOOOXXX::::XXXOOOOOXX",
        ":*******::::::::*******:",
        "::::::::::::::::::::::::",
        "::::::::::::::::::::::::",
        "::::::::::''''::::::::::",
        "::::::::::''0'::::::::::",
        "::::::::::''''::::::::::",
        "::::::::::::::::::::::::",
        "::::::::::::::::::::::::",
        "''''''''''''''''''''''''",
        "''''''''''''''''''''''''"
      ],
      "palettes": [
        "mansion_palette_common",
        "mansion_palette_outdoors"
      ],
      "toilets": {
        "P": {}
      },
      "items": {
        "'": { "item": "clutter_yard" },
        "(": { "item": "trash_cart", "chance": 30 },
        ".": { "item": "clutter_mansion" },
        ":": { "item": "clutter_yard" },
        "?": { "item": "fireplace_fill", "chance": 30 },
        "T": { "item": "art", "chance": 35 },
        "d": { "item": "office", "chance": 35 },
        "e": { "item": "pool_table", "chance": 40 },
        "l": { "item": "mansion_bookcase", "chance": 100 },
        "n": { "item": "wetbar_stack", "chance": 100 },
        "t": { "item": "table_card", "chance": 35 },
        "{": { "item": "suit_of_armor", "chance": 100 }
      },
      "place_monsters": [
        { "monster": "GROUP_MANSION", "x": [ 2, 21 ], "y": [ 2, 21 ], "density": 0.08 }
      ]
    }
  },
  {
    "type": "mapgen",
    "method": "json",
    "om_terrain": [
      "mansion_t_up",
      "mansion_t7u"
    ],
    "weight": 1000,
    "object": {
      "fill_ter": "t_floor",
      "rows": [
        "X--2----FX....X....sst.X",
        "-2CC2---NXt...X.......a.",
        "--CC----NXt...+.........",
        "--2-----NX....X.........",
        "XXXXXX+XXX..||X|||||||..",
        "............|>X      |..",
        ".............>X      |..",
        "XX+XXXXXXXXOOXX      |||",
        "----SSSS-X****X         ",
        "-------S-X****X         ",
        "--A-TT--6O****X         ",
        "---------O****X         ",
        "--TTVTT--X****X         ",
        "XXOOOOOXXX****XXXOOOOOXX",
        "************************",
        "************************",
        "************************",
        "************************",
        "************************",
        "************************",
        "************************",
        "************************",
        "************************",
        "************************"
      ],
      "palettes": [
        "mansion_palette_common",
        "mansion_palette_air"
      ],
      "terrain": {
        "C": "t_carpet_red",
        "N": "t_carpet_red"
      },
      "furniture": {
        "C": "f_table"
      },
      "items": {
        "-": { "item": "clutter_mansion", "chance": 3 },
        ".": { "item": "clutter_mansion" },
        "C": { "item": "table_card", "chance": 40 },
        "F": { "item": "fridgesnacks", "chance": 45 },
        "N": { "item": "wetbar_stack", "chance": 100 },
        "T": { "item": "table_livingroom", "chance": 35 },
        "V": { "item": "a_television", "chance": 100 },
        "t": { "item": "table_foyer", "chance": 30 }
      },
      "place_monsters": [
        { "monster": "GROUP_MANSION", "x": [ 2, 8 ], "y": [ 2, 11 ], "density": 0.08 }
      ]
    }
  },
  {
    "type": "mapgen",
    "method": "json",
    "om_terrain": [
      "mansion_+_dn",
      "mansion_+1d"
    ],
    "weight": 1000,
    "object": {
      "fill_ter": "t_rock_floor",
      "rows": [
        "X......................X",
        "X......................X",
        "X......................X",
        "X...XXXXXXXXXXXXXXXX...X",
        "X...X##############X...X",
        "X...X##############X...X",
        "X...X##############X...X",
        "X...X##############X...X",
        "X...X##############X...X",
        "X...X##############X...X",
        "X...X##############X...X",
        "+...X##############X...+",
        "+...X##############X...+",
        "X...X##############X...X",
        "X...X##############X...X",
        "XXXXX##############XXXXX",
        "X######################X",
        "X######################X",
        "X######################X",
        "X######################X",
        "X######################X",
        "X######################X",
        "X######################X",
        "X######################X"
      ],
      "palettes": [
        "mansion_palette_common",
        "mansion_palette_basement"
      ],
      "items": {
        ".": { "item": "clutter_basement" },
        "m": { "item": "cleaning", "chance": 35 },
        "r": { "item": "tool_common_stack", "chance": 100 }
      }
    }
  },
  {
    "type": "mapgen",
    "method": "json",
    "om_terrain": [
      "mansion_+",
      "mansion_+1"
    ],
    "weight": 1000,
    "object": {
      "fill_ter": "t_floor",
      "rows": [
        "X.......1t8..811.......X",
        "X......................X",
        "X....585........585....X",
        "X...XOOOOXOOOOXOOOOX...X",
        "X...X::::::::::::::X...X",
        "O...O::::::::::::::O...O",
        "O..5O:****::::****:O5..O",
        "X..5O:*:::://::::*:O8..X",
        "X...O:*::::::::::*:O...X",
        "X...X:*:::,,,,:::*:X...X",
        "X...O::::,,~~,,::::O...X",
        "+...+,,,,,~~~~,,,,,+...+",
        "+...+,,,,,~~~~,,,,,+...+",
        "X...O::::,,~~,,::::O...X",
        "XnnnX:*:::,,,,:::*:XnnnX",
        "XXOOX:*:@::,,::@:*:XOOXX",
        "X:::::*::::,,::::*:::::X",
        "O:::::****:,,:****:::::O",
        "O::::::::::,,::::::::::O",
        "X::::0:::::,,:::::0::::X",
        "X::::::::::,,::::::::::X",
        "X::::::::::,,::::::::::X",
        "X::::::::::,,::::::::::X",
        "XXXXXOOXXXX++XXXXOOXXXXX"
      ],
      "palettes": [
        "mansion_palette_common",
        "mansion_palette_outdoors"
      ],
      "terrain": {
        "*": "t_shrub",
        "/": "t_grass",
        "@": "t_grass",
        "~": "t_water_sh"
      },
      "furniture": {
        "@": [ "f_statue", "f_statue", "f_statue", "f_null", "f_null" ]
      },
      "items": {
        ",": { "item": "clutter_yard" },
        ".": { "item": "clutter_mansion" },
        ":": { "item": "clutter_yard" },
        "n": { "item": "garden_shed", "chance": 40 },
        "t": { "item": "snacks_fancy", "chance": 20 }
      },
      "place_monsters": [
        { "monster": "GROUP_MANSION", "x": [ 2, 21 ], "y": [ 2, 21 ], "density": 0.08 }
      ]
    }
  },
  {
    "type": "mapgen",
    "method": "json",
    "om_terrain": [
      "mansion_+_up",
      "mansion_+1u"
    ],
    "weight": 1000,
    "object": {
      "fill_ter": "t_floor",
      "rows": [
        "X....X__744__447__X....X",
        "X....+____________+....X",
        "X....O____________O....X",
        "XX+OOX||||||||||||XOO+XX",
        "X___|**************|___X",
        "O___|**************|___O",
        "O___|**************|___O",
        "X___|**************|___X",
        "X___|**************|___X",
        "X___|**************|___X",
        "X___|**************|___X",
        "+___|**************|___+",
        "+___|**************|___+",
        "X___|**************|___X",
        "X__7|**************|7__X",
        "X||||**************||||X",
        "X**********************X",
        "O**********************O",
        "O**********************O",
        "X**********************X",
        "X**********************X",
        "X*********||||*********X",
        "X*********|__|*********X",
        "XXXXXOOXXXX++XXXXOOXXXXX"
      ],
      "palettes": [
        "mansion_palette_common",
        "mansion_palette_air"
      ],
      "items": {
        ",": { "item": "clutter_mansion" }
      }
    }
  },
  {
    "type": "mapgen",
    "method": "json",
    "om_terrain": [
      "mansion_+_dn",
      "mansion_+2d"
    ],
    "weight": 900,
    "object": {
      "fill_ter": "t_rock_floor",
      "rows": [
        "X...........]..XCC.....X",
        "X......]....]..XCC.....X",
        "Xkk....].p]]]..X......KX",
        "Xkk....]]]].]..XK....KKX",
        "X...........p..X...KKsKX",
        "XKK...??.......+...K1s.X",
        "XKK...??..*....X...//sZX",
        "X............R.X....vKZX",
        "XXXX+XXXXXXXXXXX....11@X",
        "Xhu...wqX-)&DDDXCC...g1X",
        "X.K....gX--2--DXCC.....X",
        "+.......X-----DX.......+",
        "+.....KKX----2&XK......+",
        "X.....KKX------XKK.....X",
        "Xv......X--SST$XKK...r.X",
        "Xnv....aX%XXXXXXXXX+XXXX",
        "Xn.....@Xmm.rr.*.......X",
        "X......(X..............X",
        "X.KK....X.........tt..*X",
        "X.KK....+.....tt..tt..cX",
        "Xee.ss..X.....tt......cX",
        "Xee..KK.Xkk...tt......cX",
        "Xee11KK.Xkk.......cccccX",
        "XXXXXXXXXXX++XXXXXXXXXXX"
      ],
      "palettes": [
        "mansion_palette_common",
        "mansion_palette_basement"
      ],
      "terrain": {
        "$": "t_carpet_red",
        "%": "t_door_metal_locked"
      },
      "furniture": {
        "$": "f_safe_l",
        "C": "f_table"
      },
      "items": {
        "$": { "item": "mansion_safe", "chance": 100 },
        "(": { "item": "trash_cart", "chance": 30 },
        ")": { "item": "trash_cart", "chance": 30 },
        ".": { "item": "clutter_basement" },
        "D": { "item": "office", "chance": 35 },
        "K": { "item": "crate_stack", "chance": 100 },
        "T": { "item": "snacks_fancy", "chance": 40 },
        "c": { "item": "home_hw", "chance": 25 },
        "k": { "item": "hardware_bulk", "chance": 30 },
        "m": { "item": "plumber_gear", "chance": 40 },
        "n": { "item": "softdrugs", "chance": 5 },
        "q": { "item": "oven", "chance": 10 },
        "r": { "item": "tool_common_stack", "chance": 100 },
        "t": { "item": "home_hw", "chance": 20 },
        "v": { "item": "a_television", "chance": 100 },
        "z": { "item": "dresser_shabby", "chance": 100 }
      },
      "place_monsters": [
        { "monster": "GROUP_MANSION", "x": [ 2, 21 ], "y": [ 2, 21 ], "density": 0.08 }
      ]
    }
  },
  {
    "type": "mapgen",
    "method": "json",
    "om_terrain": [
      "mansion_+",
      "mansion_+2"
    ],
    "weight": 900,
    "object": {
      "fill_ter": "t_floor",
      "rows": [
        "X........111.1.........X",
        "XXX..................XXX",
        "X1XXX..............XXXKX",
        "XccmX...========...XK.KX",
        "Xcc.X...========...X.1KX",
        "X11.X1..========...X.11X",
        "Xcc.X1..========...X.11X",
        "Xcc.X1..========..1X.11X",
        "X...X1..========..1X..1X",
        "XX++X..tT=======..1X+XXX",
        "X......tT=======.......X",
        "+.......========.......+",
        "+.......========.......+",
        "X.......========.......X",
        "XXX+X...========...X+XXX",
        "XC==X....tt........X==CX",
        "XY==X.@..tt.tt...@.X==YX",
        "XC==XXX.....tt...XXX==CX",
        "XY===7XXX......XXX7===YX",
        "XC=====X........X=====CX",
        "XX+X+X+X........X+X+X+XX",
        "X==X=X=X........X=X=X==X",
        "XP=XPXPX........XPXPX=PX",
        "XXXXXXXXXXX++XXXXXXXXXXX"
      ],
      "palettes": [
        "mansion_palette_common",
        "mansion_palette_outdoors"
      ],
      "terrain": {
        "7": "t_linoleum_gray",
        "T": "t_linoleum_gray"
      },
      "furniture": {
        "c": "f_table"
      },
      "toilets": {
        "P": {}
      },
      "items": {
        ".": { "item": "clutter_ballroom" },
        "1": { "item": "clutter_ballroom", "chance": 20 },
        "=": { "item": "clutter_ballroom", "chance": 3 },
        "C": { "item": "softdrugs", "chance": 30 },
        "K": { "item": "dining", "chance": 45 },
        "m": { "item": "cleaning", "chance": 40 },
        "t": { "item": "table_ballroom", "chance": 35 }
      },
      "place_monsters": [
        { "monster": "GROUP_MANSION", "x": [ 2, 21 ], "y": [ 2, 21 ], "density": 0.08 }
      ]
    }
  },
  {
    "type": "mapgen",
    "method": "json",
    "om_terrain": [
      "mansion_+_up",
      "mansion_+2u"
    ],
    "weight": 900,
    "object": {
      "fill_ter": "t_floor",
      "rows": [
        "X....|************|....X",
        "X....|************|....X",
        "X...||************||...X",
        "X...|**************|...X",
        "X...|**************|...X",
        "X...|**************|...X",
        "X...|**************|...X",
        "X...|**************|...X",
        "X...|**************|...X",
        "X...|**************|...X",
        "X..5|**************|5..X",
        "+...|**************|...+",
        "+...|**************|...+",
        "X..5|**************|5..X",
        "X...|**************|...X",
        "X...|**************|...X",
        "X...|**************|...X",
        "X...|||**********|||...X",
        "X.....||||||||||||.....X",
        "Xt---.....5..5.....---tX",
        "Xa---..............---aX",
        "Xa---..............---aX",
        "Xtsss..............ssstX",
        "XXXXXXXXXXX++XXXXXXXXXXX"
      ],
      "palettes": [
        "mansion_palette_common",
        "mansion_palette_air"
      ],
      "items": {
        ".": { "item": "clutter_mansion" },
        "t": { "item": "wetbar_counter", "chance": 35 }
      }
    }
  },
  {
    "type": "mapgen",
    "method": "json",
    "om_terrain": [
      "mansion_+_dn",
      "mansion_+2d"
    ],
    "weight": 800,
    "object": {
      "fill_ter": "t_rock_floor",
      "rows": [
        "X.....ccccX$.X@aa}m....X",
        "X........cX..%m........X",
        "X....tt..cX..XlKK......X",
        "X....tt..cXXXX.KK....KKX",
        "Xr...tt...X..X{......KKX",
        "Xr...tt...+.rX......TTTX",
        "Xr....*...X.rXs..K....vX",
        "X........nXXXXs......eeX",
        "X.kk.....nXrmXsKs....eeX",
        "X.kk.....nX..X.Ks...KeeX",
        "XXXXX+XXXXXX+XXXXX+XXXXX",
        "+......................+",
        "+......................+",
        "XXXXXXX+XXX..XXXoXXXXXXX",
        "X........RX..X.....M.*.X",
        "X.KK.....RX..X.........X",
        "X.KK......X..X]]]]]....X",
        "X......KK.X..X....]p.p.X",
        "XKK....KK.X..o....]]]]]X",
        "XKK.......X..X......]..X",
        "X.....KKK.X..X.??......X",
        "X.....KKK.X..X.??.....kX",
        "X.RRR.....X..X......kkkX",
        "XXXXXXXXXXX++XXXXXXXXXXX"
      ],
      "palettes": [
        "mansion_palette_common",
        "mansion_palette_basement"
      ],
      "terrain": {
        "%": "t_door_metal_locked",
        "o": "t_door_locked_interior"
      },
      "furniture": {
        "$": "f_gunsafe_ml"
      },
      "items": {
        "$": { "item": "mansion_gunsafe", "chance": 100 },
        ".": { "item": "clutter_basement" },
        "K": { "item": "crate_stack", "chance": 100 },
        "M": { "item": "plumber_gear", "chance": 35 },
        "R": { "item": "pantry", "chance": 35 },
        "c": { "item": "home_hw", "chance": 25 },
        "k": { "item": "hardware_bulk", "chance": 30 },
        "l": { "item": "mansion_bookcase", "chance": 100 },
        "m": { "item": "cleaning", "chance": 35 },
        "n": { "item": "construction_worker", "chance": 35 },
        "r": { "item": "tool_common_stack", "chance": 100 },
        "t": { "item": "home_hw", "chance": 20 },
        "v": { "item": "a_television", "chance": 100 },
        "{": { "item": "suit_of_armor", "chance": 100 }
      },
      "place_monsters": [
        { "monster": "GROUP_MANSION", "x": [ 2, 21 ], "y": [ 2, 21 ], "density": 0.08 }
      ]
    }
  },
  {
    "type": "mapgen",
    "method": "json",
    "om_terrain": [
      "mansion_+",
      "mansion_+3"
    ],
    "weight": 800,
    "object": {
      "fill_ter": "t_floor",
      "rows": [
        "X......X=====CYCX......X",
        "X......X+X3=====Xf...u.X",
        "X......X=X3=X+X=XX.....X",
        "X......XjXMMXPX===...i.X",
        "XX....XXXXXXXXXXXX.....X",
        "X................x/..h.X",
        "X/..`-```%```-`..x/....X",
        "X/..`-```````-`..x/..h.X",
        "X/..`-```````-`..x.....X",
        "X/..`-```-```-`..XxoxxxX",
        "X...``-`````-``........X",
        "+...```-----```........+",
        "+...```````````........+",
        "X...-----------........X",
        "X/..```````````..XXX+XXX",
        "X/..```-----```..(X2..2X",
        "X/..``-`````-``../X2..2X",
        "X/..`-```-```-`../X2..2X",
        "X...`-```````-`../X2222X",
        "X/..`-```````-`../XXXXXX",
        "X/..`-```%```-`...XmRR.X",
        "X/................+...KX",
        "X/................X...KX",
        "XXXXXOOXXXX++XXXXXXXXXXX"
      ],
      "palettes": [
        "mansion_palette_common",
        "mansion_palette_outdoors"
      ],
      "terrain": {
        "%": "t_backboard_in",
        "'": "t_backboard",
        "-": "t_floor_waxed_y",
        "`": "t_floor_waxed",
        "o": "t_door_glass_c"
      },
      "furniture": {
        "2": "f_bench",
        "3": "f_bench"
      },
      "toilets": {
        "P": {}
      },
      "place_liquids": [
        { "liquid": "water", "x": [ 20, 21 ], "y": [ 15, 17 ], "repeat": [ 2, 4 ] }
      ],
      "items": {
        "(": { "item": "trash_cart", "chance": 30 },
        ".": { "item": "clutter_gym" },
        "/": { "item": "clutter_gym", "chance": 30 },
        "2": { "item": "sauna", "chance": 35 },
        "3": { "item": "clutter_gym", "chance": 40 },
        "=": { "item": "clutter_gym", "chance": 2 },
        "C": { "item": "softdrugs", "chance": 30 },
        "K": { "item": "crate_sports", "chance": 100 },
        "M": { "item": "locker_gym", "chance": 45 },
        "`": { "item": "clutter_gym" },
        "f": { "item": "vending_drink", "chance": 45 },
        "m": { "item": "cleaning", "chance": 35 },
        "r": { "item": "sports", "chance": 35 }
      },
      "place_monsters": [
        { "monster": "GROUP_MANSION", "x": [ 2, 21 ], "y": [ 2, 21 ], "density": 0.08 }
      ]
    }
  },
  {
    "type": "mapgen",
    "method": "json",
    "om_terrain": [
      "mansion_+_up",
      "mansion_+3u"
    ],
    "weight": 800,
    "object": {
      "fill_ter": "t_floor",
      "rows": [
        "X......................X",
        "X......................X",
        "X......................X",
        "X......................X",
        "X|||||||||||||||||.....X",
        "X                |.....X",
        "X                |./...X",
        "X                |./...X",
        "X                |./...X",
        "X                |./...X",
        "X||              |.....X",
        "+.|              |./...+",
        "+.|              |./...+",
        "X||              |./...X",
        "X                |./...X",
        "X                |.....X",
        "X                |./...X",
        "O                |./...X",
        "O                |./...X",
        "X                |./...X",
        "X                |.....X",
        "X         ||||||||.....X",
        "X         |............X",
        "XXXXXOOXXXX++XXXXXXXXXXX"
      ],
      "palettes": [
        "mansion_palette_common",
        "mansion_palette_air"
      ],
      "items": {
        ".": { "item": "clutter_mansion" },
        "/": { "item": "snacks_fancy", "chance": 20 }
      }
    }
  },
  {
    "type": "mapgen",
    "method": "json",
    "om_terrain": [
      "mansion_+_dn",
      "mansion_+4d"
    ],
    "weight": 1000,
    "object": {
      "fill_ter": "t_rock_floor",
      "rows": [
        "X....X.KKXP=YXD--------X",
        "X....X..KX===X&2-D-----X",
        "X....X...X===XD-2&D---DX",
        "X..XXXX%XXX+XX&2-D&2-2&X",
        "X............XD-2&D---DX",
        "X............X---D&2-2&X",
        "X..XX%XXXXX..+----D---DX",
        "X..X......X..X---------X",
        "X..Xrr.rrrX..XNFN)-----X",
        "X..XXXXXXXX..XXXXXXXX++X",
        "X..X######X..X######X..X",
        "+..X######X..X######X..+",
        "+..X######X..X######X..+",
        "XXXX######X..X######XXXX",
        "X#########X..X#########X",
        "X#########X..X#########X",
        "X#########X..X#########X",
        "X#########X..X#########X",
        "X#########X..X#########X",
        "X#########X..X#########X",
        "X#########X..X#########X",
        "X#########X..X#########X",
        "X#########X..X#########X",
        "XXXXXXXXXXX++XXXXXXXXXXX"
      ],
      "palettes": [
        "mansion_palette_common",
        "mansion_palette_basement"
      ],
      "terrain": {
        "N": "t_carpet_red"
      },
      "toilets": {
        "P": {}
      },
      "items": {
        ")": { "item": "harddrugs", "chance": 30 },
        ".": { "item": "clutter_basement" },
        "D": { "item": "vending_food", "chance": 25 },
        "F": { "item": "fridgesnacks", "chance": 45 },
        "K": { "item": "crate_stack", "chance": 100 },
        "N": { "item": "vending_food", "chance": 40 },
        "Y": { "item": "softdrugs", "chance": 20 },
        "r": { "item": "crate_stack", "chance": 100 }
      },
      "place_monsters": [
        { "monster": "GROUP_MANSION", "x": [ 2, 21 ], "y": [ 2, 8 ], "density": 0.08 }
      ]
    }
  },
  {
    "type": "mapgen",
    "method": "json",
    "om_terrain": [
      "mansion_+",
      "mansion_+4"
    ],
    "weight": 1000,
    "object": {
      "fill_ter": "t_floor",
      "rows": [
        "X.......5.XrmX.........X",
        "X.........X..X..-A---..X",
        "X.-------.XX+X..T----s.X",
        "X.-2-2---.X..X..A--T-s.X",
        "X.-------.......---T-s.X",
        "X.-DDD---.......-----s.X",
        "X.)DDD---.......-----..X",
        "X...a...........-SSS-..X",
        "Xl.....cCcX..X.8.....8.X",
        "XXXXOOOOXXX++XXXOOOOXXXX",
        "X__X****::X__X::****X__X",
        "+___'''''''__'''''''___+",
        "+___'''''''__'''''''___+",
        "X__X::::::X__X::::::X__X",
        "X::::::::::__::::::::::X",
        "X::*****:::__:::*****::X",
        "X::**:**::X__X::**:**::X",
        "O::*:::*:::__:::*:::*::O",
        "O::**:**:::__:::**:**::O",
        "X::*****::X__X::*****::X",
        "X::::::::::__::::::::::X",
        "X::::::::::__::::::::::X",
        "X:::::::::X__X:::::::::X",
        "XXXXXOOXXXX++XXXXOOXXXXX"
      ],
      "palettes": [
        "mansion_palette_common",
        "mansion_palette_outdoors"
      ],
      "terrain": {
        "'": "t_dirt",
        "*": "t_shrub"
      },
      "items": {
        ")": { "item": "trash_cart", "chance": 40 },
        "-": { "item": "clutter_mansion" },
        ".": { "item": "clutter_mansion" },
        ":": { "item": "clutter_yard" },
        "C": { "item": "medieval", "chance": 20 },
        "D": { "item": "office", "chance": 35 },
        "T": { "item": "table_livingroom", "chance": 40 },
        "l": { "item": "mansion_bookcase", "chance": 100 },
        "m": { "item": "garden_shed", "chance": 40 },
        "r": { "item": "cleaning", "chance": 40 }
      },
      "place_monsters": [
        { "monster": "GROUP_MANSION", "x": [ 2, 21 ], "y": [ 2, 21 ], "density": 0.08 }
      ]
    }
  },
  {
    "type": "mapgen",
    "method": "json",
    "om_terrain": [
      "mansion_+_up",
      "mansion_+4u"
    ],
    "weight": 1000,
    "object": {
      "fill_ter": "t_floor",
      "rows": [
        "X......X.tsssst.X......X",
        "X..--....S----S....--..X",
        "X..--....S----S....--..X",
        "X..--....------....--..X",
        "X......X.------.X......X",
        "XXO++OXX.5.ata..XXO++OXX",
        "X______XXOOOOOOXX______X",
        "X______________________X",
        "X______________________X",
        "X__||||||||__||||||||__X",
        "X__|******|__|******|__X",
        "+__|******|__|******|__+",
        "+__|******|__|******|__+",
        "X|||******|__|******|||X",
        "X*********|__|*********X",
        "X*********|__|*********X",
        "X*********|__|*********X",
        "O*********|__|*********O",
        "O*********|__|*********O",
        "X*********|__|*********X",
        "X*********|__|*********X",
        "X*********|__|*********X",
        "X*********|__|*********X",
        "XXXXXOOXXXX++XXXXOOXXXXX"
      ],
      "palettes": [
        "mansion_palette_common",
        "mansion_palette_air"
      ],
      "items": {
        ",": { "item": "clutter_mansion" },
        "-": { "item": "clutter_mansion" },
        ".": { "item": "clutter_mansion" },
        "t": { "item": "table_livingroom", "chance": 40 }
      },
      "place_monsters": [
        { "monster": "GROUP_MANSION", "x": [ 2, 21 ], "y": [ 2, 7 ], "density": 0.08 }
      ]
    }
  },
  {
    "type": "mapgen",
    "method": "json",
    "om_terrain": [
      "mansion_c_dn",
      "mansion_c1d"
    ],
    "weight": 700,
    "object": {
      "fill_ter": "t_rock_floor",
      "rows": [
        "########################",
        "########################",
        "########################",
        "########################",
        "########################",
        "########################",
        "########################",
        "###################XXXXX",
        "###################X.rrX",
        "###################X...X",
        "###################XKK.X",
        "###################XKK.X",
        "###################X...X",
        "###################X.KKX",
        "###################X.KKX",
        "###################X...X",
        "###################X...X",
        "###################X...+",
        "###################X...+",
        "#######XXXXXXXXXXXXX...X",
        "#######Xm]...*].X......X",
        "#######X.]]p]]].%......X",
        "#######X........X....rrX",
        "#######XXXXXXXXXX++XXXXX"
      ],
      "palettes": [
        "mansion_palette_common",
        "mansion_palette_basement"
      ],
      "items": {
        ".": { "item": "clutter_basement" },
        "K": { "item": "crate_stack", "chance": 100 },
        "m": { "item": "plumber_gear", "chance": 40 },
        "r": { "item": "pantry", "chance": 25 }
      }
    }
  },
  {
    "type": "mapgen",
    "method": "json",
    "om_terrain": [
      "mansion_c",
      "mansion_c1"
    ],
    "weight": 700,
    "object": {
      "fill_ter": "t_floor",
      "rows": [
        "'''''':::::::::::::::'''",
        "''''::::::::::::::::::::",
        "'':::::XXOOOOXOOOOXX::::",
        "'':::::X9=========9X::::",
        "'':::::O=====@=====O**::",
        "''::::*O==~~===~~==O***:",
        "'':::**X==~~~~~~~==X***:",
        "'':::XXX==~~~~~~~==XXXXX",
        "''::*X9===~~~~~~~===9==X",
        "''::*O====~~~~~~~=====/X",
        "''::*O=3==~~~~~~~=====/X",
        "''::*O====~~~~~~~=====/X",
        "''::*O=3==~~~~~~~=====/X",
        "''::*O====~~~~~~~=====/X",
        "''::*X9===~~~~~~~======X",
        "'':::XXX==~~~~~~~==XX+XX",
        "'':::**X==~~~~~~~==x5..X",
        "''::::*O=====!=====x...+",
        "'':::::O9==========x...+",
        "'':::::XX=XXXXXXxxxX...X",
        "'':::::OC===+=PX5......X",
        "'':::::OC===XXXX.......X",
        "'':::::XY===+=jX.......X",
        "'':::::XXXXXXXXXX++XXXXX"
      ],
      "palettes": [
        "mansion_palette_common",
        "mansion_palette_outdoors"
      ],
      "terrain": {
        "!": "t_linoleum_gray",
        "/": "t_linoleum_gray",
        "@": "t_linoleum_gray",
        "~": "t_water_pool"
      },
      "furniture": {
        "!": "f_dive_block"
      },
      "toilets": {
        "P": {}
      },
      "items": {
        "'": { "item": "clutter_yard" },
        "/": { "item": "pool_side", "chance": 30 },
        ":": { "item": "clutter_yard" },
        "=": { "item": "pool_side", "chance": 2 },
        "C": { "item": "softdrugs", "chance": 30 }
      },
      "place_monsters": [
        { "monster": "GROUP_MANSION", "x": [ 2, 21 ], "y": [ 2, 21 ], "density": 0.08 }
      ]
    }
  },
  {
    "type": "mapgen",
    "method": "json",
    "om_terrain": [
      "mansion_c_up",
      "mansion_c1u"
    ],
    "weight": 700,
    "object": {
      "fill_ter": "t_floor",
      "rows": [
        "************************",
        "************************",
        "*******'''''''''''''****",
        "*******'''''''''''''****",
        "*******'''''''''''''****",
        "*******'''''''''''''****",
        "*******'''''''''''''****",
        "*****''XXXXOOOOOXXXXXOXX",
        "*****''X           |8..X",
        "*****''X           |.atX",
        "*****''O           |..sX",
        "*****''O           |..sX",
        "*****''O           |..sX",
        "*****''O           |...X",
        "*****''X           |8..X",
        "*****''XXXXxxxxxXXXXX+XX",
        "*******X5a......ynfc..(X",
        "*******Ot------....c1..+",
        "*******Os---EE-.cccc...+",
        "*******Xs---EE-.111....X",
        "*******Os---EE-........X",
        "*******Ot------........X",
        "*******X5a.............X",
        "*******XXXXXXXXXX++XXXXX"
      ],
      "palettes": [
        "mansion_palette_common",
        "mansion_palette_air"
      ],
      "items": {
        "(": { "item": "trash_cart", "chance": 30 },
        ".": { "item": "clutter_mansion" },
        "E": { "item": "pool_table", "chance": 40 },
        "c": { "item": "wetbar_counter", "chance": 25 },
        "f": { "item": "wetbar_fridge", "chance": 45 },
        "n": { "item": "wetbar_stack", "chance": 100 },
        "t": { "item": "snacks_fancy", "chance": 30 }
      },
      "place_loot": [
        { "item": "lawn_dart", "x": [ 11, 14 ], "y": [ 4, 6 ], "chance": 40, "repeat": [ 1, 2 ] }
      ],
      "place_monsters": [
        { "monster": "GROUP_MANSION", "x": [ 9, 21 ], "y": [ 17, 21 ], "density": 0.08 }
      ]
    }
  },
  {
    "type": "mapgen",
    "method": "json",
    "om_terrain": [
      "mansion_c_dn",
      "mansion_c2d"
    ],
    "weight": 1000,
    "object": {
      "fill_ter": "t_rock_floor",
      "rows": [
        "########################",
        "########################",
        "########################",
        "#####XXXXXXXXXX#########",
        "#####Xg.......X#########",
        "#####Xq.KK.a..X#########",
        "#####X..K....1X#########",
        "#####Xss......XXXXXXXXXX",
        "#####Xs1.KKK..X(w......X",
        "#####Xs...KK.........*.X",
        "#####X.....tt...]]]]...X",
        "#####X.KK..tt...].p]...X",
        "#####X.KK.......].]]..KX",
        "#####Xttt.....X.].....KX",
        "#####XXXX....XXXX....XXX",
        "#######X......X........X",
        "#######X...KK.X.??.....X",
        "#######Xd..KK...??..K..+",
        "#######Xd..........KK..+",
        "#######X...........KK..X",
        "#######Xr....r.........X",
        "#######Xr....rX........X",
        "#######Xr.rr.rX.....//.X",
        "#######XXXXXXXXXX++XXXXX"
      ],
      "palettes": [
        "mansion_palette_common",
        "mansion_palette_basement"
      ],
      "items": {
        "(": { "item": "trash_cart", "chance": 30 },
        ".": { "item": "clutter_basement" },
        "K": { "item": "crate_stack", "chance": 100 },
        "d": { "item": "office", "chance": 10 },
        "q": { "item": "medieval", "chance": 25 },
        "r": { "item": "pantry", "chance": 30 }
      },
      "place_monsters": [
        { "monster": "GROUP_MANSION", "x": [ 8, 21 ], "y": [ 8, 21 ], "density": 0.08 }
      ]
    }
  },
  {
    "type": "mapgen",
    "method": "json",
    "om_terrain": [
      "mansion_c",
      "mansion_c2"
    ],
    "weight": 1000,
    "object": {
      "fill_ter": "t_floor",
      "rows": [
        "''''''''''''''''''''''''",
        "'''::::::::::::::::'''''",
        "''::::::::::::::::::::::",
        "'':::XXOOXXOOXX:::::::::",
        "''::*X....nnyfX::**:::::",
        "''::*O..c.....X::**:::::",
        "''::*O..ccccccX:::::::::",
        "''::*X...1.111XXOOXXOOXX",
        "''::*O........X5.......X",
        "''::*Ossss....X........X",
        "''::*Xs....a..+....ee..X",
        "''::*Os.tt.a..X....ee..X",
        "''::*O........Xs...ee..X",
        "''::*X........Xs.......X",
        "'':::XXXtvtX++Xs.......X",
        "'':::::XXXXX..Xtss...}.X",
        "'':::::X...X..XXXXX+XXXX",
        "''::**:Xu..+...........+",
        "''::**:O...X...........+",
        "'':::::Oi..XX+XXX..XXXXX",
        "'':::::O...X====X..X.zzX",
        "'':::::Xh..X====X..+...X",
        "'':::::X...XNY=PX..X..tX",
        "'':::::XXXXXXXXXX++XXXXX"
      ],
      "palettes": [
        "mansion_palette_common",
        "mansion_palette_outdoors"
      ],
      "toilets": {
        "P": {}
      },
      "items": {
        "'": { "item": "clutter_yard" },
        ".": { "item": "clutter_mansion" },
        ":": { "item": "clutter_yard" },
        "N": { "item": "softdrugs", "chance": 35 },
        "c": { "item": "wetbar_counter", "chance": 30 },
        "e": { "item": "pool_table", "chance": 40 },
        "f": { "item": "wetbar_fridge", "chance": 45 },
        "n": { "item": "wetbar_stack", "chance": 100 },
        "t": { "item": "table_livingroom", "chance": 30 },
        "v": { "item": "a_television", "chance": 100 },
        "z": { "item": "jackets", "chance": 40 }
      },
      "place_monsters": [
        { "monster": "GROUP_MANSION", "x": [ 2, 21 ], "y": [ 2, 21 ], "density": 0.08 }
      ]
    }
  },
  {
    "type": "mapgen",
    "method": "json",
    "om_terrain": [
      "mansion_c_up",
      "mansion_c2u"
    ],
    "weight": 1000,
    "object": {
      "fill_ter": "t_floor",
      "rows": [
        "************************",
        "************************",
        "************************",
        "*****''''''''''*********",
        "*****''''''''''*********",
        "*****''''''''''*********",
        "*****''''''''''*********",
        "*****'''''''''XXOOXXOOXX",
        "*****'''''''''X..bbt..dX",
        "*****'''''''''Oz.bb...dX",
        "*****'''''''''O..bb..1&X",
        "*****'''''''''X.......dX",
        "*****'''''''''X...v...dX",
        "*****'''''''''XX+XXXoXXX",
        "*****'''''''''O===YX.+zX",
        "*******XXXOOXXX===NX.+zX",
        "*******X&DD---+===PX+XXX",
        "*******XD2----XXXJJX...+",
        "*******OD-----+zXJJX...+",
        "*******O------XXXXXX...X",
        "*******O-BBB----X......X",
        "*******X-BBB----+......X",
        "*******XTBBBTZZ-X......X",
        "*******XXXXXXXXXX++XXXXX"
      ],
      "palettes": [
        "mansion_palette_common",
        "mansion_palette_air"
      ],
      "toilets": {
        "P": {}
      },
      "items": {
        "-": { "item": "clutter_bedroom", "chance": 2 },
        ".": { "item": "clutter_bedroom", "chance": 2 },
        "=": { "item": "clutter_bathroom", "chance": 10 },
        "B": { "item": "bed", "chance": 30 },
        "D": { "item": "office", "chance": 30 },
        "J": { "item": "clutter_bathroom", "chance": 15 },
        "N": { "item": "softdrugs", "chance": 45 },
        "T": { "item": "nightstand", "chance": 40 },
        "Z": { "item": "dresser_stack", "chance": 100 },
        "b": { "item": "bed", "chance": 30 },
        "d": { "item": "wetbar_counter", "chance": 30 },
        "t": { "item": "nightstand", "chance": 40 },
        "z": { "item": "dresser_stack", "chance": 100 }
      },
      "place_monsters": [
        { "monster": "GROUP_MANSION", "x": [ 9, 21 ], "y": [ 9, 21 ], "density": 0.08 }
      ]
    }
  },
  {
    "type": "mapgen",
    "method": "json",
    "om_terrain": [
      "mansion_c_dn",
      "mansion_c3d"
    ],
    "weight": 500,
    "object": {
      "fill_ter": "t_rock_floor",
      "rows": [
        "########################",
        "########################",
        "########################",
        "########################",
        "########################",
        "########XXXXXXXX########",
        "########Xu..@@@X########",
        "#######XX....s@XXXXXXXXX",
        "#####XXX..KK...X.KK1.11X",
        "#####X....KK.....KK.111X",
        "#####X.KK............1.X",
        "#####X.KK..KKK.Xtt....XX",
        "#####Xs....KKK.Xtt....XX",
        "#####Xsa.......Xtt...ssX",
        "#####Xsa......vXtt.....X",
        "#####XXXX.....XXX.....XX",
        "#######XKK.....X.......X",
        "#######XKK...KK........+",
        "#######X.....KK........+",
        "#######Xd..............X",
        "#######Xd.KK..........tX",
        "#######X..KK.........KKX",
        "#######X.......X.....KKX",
        "#######XXXXXXXXXX++XXXXX"
      ],
      "palettes": [
        "mansion_palette_common",
        "mansion_palette_basement"
      ],
      "items": {
        ".": { "item": "clutter_basement" },
        "K": { "item": "crate_stack", "chance": 100 },
        "d": { "item": "office", "chance": 10 },
        "v": { "item": "a_television", "chance": 100 }
      },
      "place_monsters": [
        { "monster": "GROUP_MANSION", "x": [ 8, 21 ], "y": [ 8, 21 ], "density": 0.08 }
      ]
    }
  },
  {
    "type": "mapgen",
    "method": "json",
    "om_terrain": [
      "mansion_c",
      "mansion_c3"
    ],
    "weight": 500,
    "object": {
      "fill_ter": "t_floor",
      "rows": [
        "''''''''''''''''''''''''",
        "''''''''''''''''''''''''",
        "''''::::::::::::::::::::",
        "''':::::::::::::::::::::",
        "'':::::**::::::**:::::::",
        "'':::***XXOOOOXX*:::::::",
        "'':::***X5.....X***:::::",
        "''::***XX..1.1.XXXOOOOXX",
        "''::*XXX...ttt.lX......X",
        "'':::Xt....ttt.lX..sss.X",
        "'':::Os..a..1..lX......X",
        "'':::Os..t......+..tt.?X",
        "'':::Os..t......+..tt.?X",
        "'':::Os..a.....lX......X",
        "'':::Xt........lX..a.a.X",
        "''::*XXXlll..lllX......X",
        "''::***XXXX++XXXX......X",
        "'':::**X5......lX......+",
        "''::::*X.------tX......+",
        "'':::::O.-DD---sX..XXXXX",
        "'':::::O.2DD---sX..X==PX",
        "'':::::X.-DD---tX..+===X",
        "'':::::X.......lX..X==YX",
        "'':::::XXXXXXXXXX++XXXXX"
      ],
      "palettes": [
        "mansion_palette_common",
        "mansion_palette_outdoors"
      ],
      "toilets": {
        "P": {}
      },
      "items": {
        "'": { "item": "clutter_yard" },
        ".": { "item": "clutter_mansion" },
        ":": { "item": "clutter_yard" },
        "?": { "item": "fireplace_fill", "chance": 30 },
        "D": { "item": "office", "chance": 35 },
        "Y": { "item": "softdrugs", "chance": 35 },
        "l": { "item": "mansion_bookcase", "chance": 100 },
        "t": { "item": "table_livingroom", "chance": 30 }
      },
      "place_monsters": [
        { "monster": "GROUP_MANSION", "x": [ 2, 21 ], "y": [ 2, 21 ], "density": 0.08 }
      ]
    }
  },
  {
    "type": "mapgen",
    "method": "json",
    "om_terrain": [
      "mansion_c_up",
      "mansion_c3u"
    ],
    "weight": 500,
    "object": {
      "fill_ter": "t_floor",
      "rows": [
        "************************",
        "************************",
        "************************",
        "************************",
        "************************",
        "********XXOOOOXX********",
        "********X      X********",
        "*******XX    ||XXXOOOOXX",
        "*****XXX     |..X..5..cX",
        "*****X       |..X.----sX",
        "*****O       |..X.----sX",
        "*****O       |..+.----.X",
        "*****O       |..X.-DDD.X",
        "*****O |||||||..X.-DDd.X",
        "*****X |........X.--A-.X",
        "*****XXX........Xl.....X",
        "*******XXXX+XXXXXXXXXXXX",
        "*******X.....tTt..tTt..+",
        "*******X5.-----------..+",
        "*******O..-----------..X",
        "*******O..-----------..X",
        "*******X5.-----------..X",
        "*******X...tTt......tTtX",
        "*******XXXXXXXXXX++XXXXX"
      ],
      "palettes": [
        "mansion_palette_common",
        "mansion_palette_air"
      ],
      "furniture": {
        "c": "f_table"
      },
      "items": {
        ".": { "item": "clutter_mansion" },
        "D": { "item": "office", "chance": 35 },
        "T": { "item": "art", "chance": 100 },
        "c": { "item": "snacks_fancy", "chance": 20 },
        "d": { "item": "mansion_guns", "chance": 100 },
        "l": { "item": "mansion_bookcase", "chance": 100 }
      },
      "place_monsters": [
        { "monster": "GROUP_MANSION", "x": [ 15, 21 ], "y": [ 9, 21 ], "density": 0.08 }
      ]
    }
  },
  {
    "type": "mapgen",
    "method": "json",
    "om_terrain": [
      "mansion_c_dn",
      "mansion_c4d"
    ],
    "weight": 1000,
    "object": {
      "fill_ter": "t_rock_floor",
      "rows": [
        "########################",
        "########################",
        "########################",
        "########################",
        "########################",
        "########################",
        "############XXXXXXXXXXXX",
        "############X==RRR==33TX",
        "############X==========X",
        "############X======W==GX",
        "############X==TT==W==GX",
        "############X==TT==W==GX",
        "######XXXXXXX==TT==W==GX",
        "######X...KKX==TT======X",
        "######X.....X==========X",
        "######X.??..XXXXXX++XXXX",
        "######X.??.....X=======X",
        "######X......*.X=======+",
        "######X........%=======+",
        "######X]]]]....%=======X",
        "######X...]*...X====X+XX",
        "######X.p]]...KX====X.mX",
        "######X..]....KX====X.rX",
        "######XXXXXXXXXXX++XXXXX"
      ],
      "palettes": [
        "mansion_palette_common",
        "mansion_palette_basement"
      ],
      "terrain": {
        "T": "t_linoleum_gray"
      },
      "items": {
        ".": { "item": "clutter_basement" },
        "=": { "item": "clutter_basement" },
        "G": { "item": "dresser_male", "chance": 10 },
        "K": { "item": "hardware_bulk", "chance": 30 },
        "R": { "item": "crate_cleaning", "chance": 100 },
        "T": { "item": "dresser_stack", "chance": 100 },
        "W": { "item": "dresser_female", "chance": 10 },
        "m": { "item": "plumber_gear", "chance": 30 },
        "r": { "item": "tool_common_stack", "chance": 100 }
      },
      "place_monsters": [
        { "monster": "GROUP_MANSION", "x": [ 13, 21 ], "y": [ 7, 21 ], "density": 0.08 }
      ],
      "place_vehicles": [
        { "vehicle": "laundry_cart", "x": [ 13, 18 ], "y": [ 8, 9 ], "chance": 50 }
      ]
    }
  },
  {
    "type": "mapgen",
    "method": "json",
    "om_terrain": [
      "mansion_c",
      "mansion_c4"
    ],
    "weight": 1000,
    "object": {
      "fill_ter": "t_floor",
      "rows": [
        "''''''''''''''''''''''''",
        "''''''''''''''''''''''''",
        "''''':::::::::::::::::::",
        "''''::::::::::::::::::::",
        "''':::::::::***:::::::::",
        "'':::::::::******:::::::",
        "''::::::::**XOOOXXXXOOOX",
        "''::::::::**OJJJ==YXzzzX",
        "''::::::::**OJJJ==CX..zX",
        "'':::::::::*OJJJ==CX..cX",
        "'':::::::::*XXX===YX.1cX",
        "''::::::::**XP+===XX..cX",
        "''::::XXXXXXXXXXX=+...zX",
        "''::::X.@.?.l.zzX=X...zX",
        "''::::O.........X+XXXXXX",
        "'':::*O.-A--A--...X.TT.X",
        "'':::*X5-------...+....X",
        "''::**O.-------...+....+",
        "''::**O.-------...X....+",
        "'':::*X5-BBBB--dXXX....X",
        "'':::*O.-BBBB-2dX......X",
        "''::::O.-BBBB--dX......X",
        "''::::X.tbbbbt..X...TT.X",
        "''::::XXXXXXXXXXX++XXXXX"
      ],
      "palettes": [
        "mansion_palette_common",
        "mansion_palette_outdoors"
      ],
      "toilets": {
        "P": {}
      },
      "items": {
        "'": { "item": "clutter_yard" },
        ".": { "item": "clutter_bedroom" },
        ":": { "item": "clutter_yard" },
        "=": { "item": "clutter_bathroom", "chance": 10 },
        "?": { "item": "fireplace_fill", "chance": 30 },
        "B": { "item": "bed", "chance": 30 },
        "C": { "item": "softdrugs", "chance": 45 },
        "J": { "item": "clutter_bathroom", "chance": 15 },
        "T": { "item": "table_foyer", "chance": 20 },
        "b": { "item": "bed", "chance": 30 },
        "c": { "item": "vanity", "chance": 35 },
        "d": { "item": "office", "chance": 30 },
        "l": { "item": "mansion_bookcase", "chance": 100 },
        "t": { "item": "nightstand", "chance": 35 },
        "z": { "item": "dresser_stack", "chance": 100 }
      },
      "place_monsters": [
        { "monster": "GROUP_MANSION", "x": [ 2, 21 ], "y": [ 2, 21 ], "density": 0.08 }
      ]
    }
  },
  {
    "type": "mapgen",
    "method": "json",
    "om_terrain": [
      "mansion_c_up",
      "mansion_c4u"
    ],
    "weight": 1000,
    "object": {
      "fill_ter": "t_floor",
      "rows": [
        "************************",
        "************************",
        "************************",
        "************************",
        "************************",
        "************************",
        "************''''XXOXXOXX",
        "************''''X..X..1X",
        "************''''O..o...X",
        "************''''O..XzbbX",
        "************''''X..XXXXX",
        "************''''X...+=jX",
        "******XXOXXXOXXXX..XXXXX",
        "******X         X..Xz.bX",
        "******O         X..o..bX",
        "******O         X..X1..X",
        "******X         XX+XXXXX",
        "******O         X......+",
        "******O         X......+",
        "******X         X..XX+XX",
        "******O         X..X===X",
        "******O         X..X===X",
        "******X         X..XYNPX",
        "******XXXXXXXXXXX++XXXXX"
      ],
      "palettes": [
        "mansion_palette_common",
        "mansion_palette_air"
      ],
      "toilets": {
        "P": {}
      },
      "items": {
        ".": { "item": "clutter_mansion" },
        "1": { "item": "nightstand", "chance": 20 },
        "N": { "item": "softdrugs", "chance": 40 },
        "b": { "item": "bed", "chance": 30 },
        "z": { "item": "dresser_servant", "chance": 45 }
      },
      "place_monsters": [
        { "monster": "GROUP_MANSION", "x": [ 18, 21 ], "y": [ 8, 21 ], "density": 0.08 }
      ]
    }
  },
  {
    "type": "mapgen",
    "method": "json",
    "om_terrain": [
      "mansion_c_dn",
      "mansion_c5d"
    ],
    "weight": 1000,
    "object": {
      "fill_ter": "t_rock_floor",
      "rows": [
        "########################",
        "########################",
        "########################",
        "########################",
        "########################",
        "########################",
        "########################",
        "##########XXXXXXXXXXXXXX",
        "##########X<<XkkkkkkkkkX",
        "##########X..X.........X",
        "######XXXXX..X..KK..KK.X",
        "######XfffX..X..tt..KK.X",
        "######X...o..+..tt..KK.X",
        "######Xff.X..X.........X",
        "######XXXXX..XXXX......X",
        "######Xr.......rXkkkkkkX",
        "######Xrrr.....rXXXXXXXX",
        "######Xr....r...X......+",
        "######Xr....r...+......+",
        "######Xr..rrr..rX..XXoXX",
        "######Xr..r....rX..X..]X",
        "######Xr..r....rX..X..]X",
        "######Xr..r..rrrX..X]]pX",
        "######XXXXXXXXXXX++XXXXX"
      ],
      "palettes": [
        "mansion_palette_common",
        "mansion_palette_basement"
      ],
      "place_liquids": [
        { "liquid": "wine_cabernet", "x": [ 14, 22 ], "y": [ 8, 13 ], "repeat": [ 4, 12 ] },
        { "liquid": "wine_chardonnay", "x": [ 17, 22 ], "y": [ 8, 15 ], "repeat": [ 2, 6 ] }
      ],
      "items": {
        ".": { "item": "clutter_basement" },
        "K": { "item": "crate_wine", "chance": 100 },
        "f": { "item": "fridge", "chance": 40 },
        "k": { "item": "keg_wine", "chance": 100 },
        "r": { "item": "pantry", "chance": 35 },
        "t": { "item": "table_wine", "chance": 35 }
      },
      "place_monsters": [
        { "monster": "GROUP_MANSION", "x": [ 11, 21 ], "y": [ 8, 21 ], "density": 0.08 }
      ]
    }
  },
  {
    "type": "mapgen",
    "method": "json",
    "om_terrain": [
      "mansion_c",
      "mansion_c5"
    ],
    "weight": 1000,
    "object": {
      "fill_ter": "t_floor",
      "rows": [
        "''''''''''''''''''''''''",
        "''''''''''''''''''''''''",
        "''''::::::::::::::::::::",
        "''':::::::::::::::::::::",
        "''::::::::::::::::::::::",
        "'':::::::::::::**:::**::",
        "''::::::::::::*********:",
        "''::::::::XXXXXXOOOOOXXX",
        "''::::::::X>>Xcc5...5ccX",
        "''::::::::X==X.........X",
        "''::::XXXXX+XX....1....X",
        "''::::X=FFF=)X..1ttt1..X",
        "''::::XN=====X..1tTt1..X",
        "''::::OY=====X..1tTt1..X",
        "''::::OY====RX..1tTt1..X",
        "''::::OY=CC=RX..1tTt1..X",
        "''::::XN=CC=RX..1ttt1..X",
        "''::::X==CC==X....1....+",
        "''::::OR=CC==+.........+",
        "''::::OR=CC==X.........X",
        "''::::OR=====X.........X",
        "''::::X======X.........X",
        "''::::XCCQQCCX.5....5..X",
        "''::::XXXXXXXXXXX++XXXXX"
      ],
      "palettes": [
        "mansion_palette_common",
        "mansion_palette_outdoors"
      ],
      "terrain": {
        ")": "t_linoleum_gray",
        "F": "t_linoleum_gray"
      },
      "items": {
        "'": { "item": "clutter_yard" },
        ")": { "item": "trash_cart", "chance": 40 },
        ".": { "item": "clutter_mansion" },
        ":": { "item": "clutter_yard" },
        "=": { "item": "produce" },
        "C": { "item": "dining", "chance": 40 },
        "F": { "item": "fridge", "chance": 45 },
        "N": { "item": "kitchen", "chance": 45 },
        "Q": { "item": "oven", "chance": 45 },
        "R": { "item": "pantry", "chance": 40 },
        "Y": { "item": "cleaning", "chance": 20 },
        "c": { "item": "table_sideboard", "chance": 40 },
        "t": { "item": "dining", "chance": 40 }
      },
      "place_monsters": [
        { "monster": "GROUP_MANSION", "x": [ 2, 21 ], "y": [ 2, 21 ], "density": 0.08 }
      ]
    }
  },
  {
    "type": "mapgen",
    "method": "json",
    "om_terrain": [
      "mansion_c_up",
      "mansion_c5u"
    ],
    "weight": 1000,
    "object": {
      "fill_ter": "t_floor",
      "rows": [
        "************************",
        "************************",
        "************************",
        "************************",
        "************************",
        "************************",
        "************************",
        "**********'''XXXOOOOOXXX",
        "**********'''X.........X",
        "**********'''X.SSSS-T-.X",
        "******XXXOOXXX.-----S-.X",
        "******X..5..X?.-TT--S-.X",
        "******Xv....XX.-----S-.X",
        "******O...bbbX.SSSS---.X",
        "******O...bbbX.........X",
        "******O...bbbXXX.....XXX",
        "******Xd....tX.........X",
        "******Xd1....+...---...+",
        "******Xd.....+...---...+",
        "******X......X...---...X",
        "******XXX++XXX...---...X",
        "******X......X.@.....@.X",
        "******X.zzzz.X.........X",
        "******XXXXXXXXXXX++XXXXX"
      ],
      "palettes": [
        "mansion_palette_common",
        "mansion_palette_air"
      ],
      "items": {
        "-": { "item": "clutter_mansion", "chance": 2 },
        ".": { "item": "clutter_bedroom", "chance": 2 },
        "?": { "item": "fireplace_fill", "chance": 35 },
        "T": { "item": "table_livingroom", "chance": 35 },
        "b": { "item": "bed", "chance": 30 },
        "d": { "item": "office", "chance": 35 },
        "t": { "item": "nightstand", "chance": 40 },
        "z": { "item": "dresser_stack", "chance": 100 }
      },
      "place_monsters": [
        { "monster": "GROUP_MANSION", "x": [ 8, 21 ], "y": [ 12, 21 ], "density": 0.08 }
      ]
    }
  }
]
