[
  {
    "type": "material",
    "ident": "alcohol",
    "name": "Alcohol",
    "density": 1,
    "edible": true,
    "bash_resist": 0,
    "cut_resist": 0,
    "acid_resist": 0,
    "fire_resist": 0,
    "elec_resist": 0,
    "chip_resist": 0,
    "dmg_adj": [ "lightly damaged", "damaged", "very damaged", "thoroughly damaged" ],
    "bash_dmg_verb": "damaged",
    "cut_dmg_verb": "damaged",
    "burn_data": [
      { "fuel": 150, "smoke": 0, "burn": 1 },
      { "fuel": 300, "smoke": 0, "burn": 2 },
      { "fuel": 450, "smoke": 0, "burn": 3 }
    ]
  },
  {
    "type": "material",
    "ident": "aluminum",
    "name": "Aluminum",
    "density": 10,
    "bash_resist": 0,
    "cut_resist": 4,
    "acid_resist": 4,
    "fire_resist": 2,
    "elec_resist": 0,
    "chip_resist": 10,
    "repaired_with": "material_aluminium_ingot",
    "dmg_adj": [ "dented", "bent", "smashed", "shattered" ],
    "bash_dmg_verb": "dented",
    "cut_dmg_verb": "scratched",
    "compacts_into": [ "material_aluminium_ingot" , "aluminum_foil" ]
  },
  {
    "type": "material",
    "ident": "acidchitin",
    "name": "Biosilicified Chitin",
    "density": 15,
    "bash_resist": 3,
    "cut_resist": 4,
    "acid_resist": 13,
    "fire_resist": 2,
    "elec_resist": 2,
    "chip_resist": 10,
    "dmg_adj": [ "scratched", "cut", "cracked", "shattered" ],
    "bash_dmg_verb": "cracked",
    "cut_dmg_verb": "chipped",
    "burn_data": [
      { "fuel": 0, "smoke": 1, "burn": 1, "volume_per_turn": "1250_ml" },
      { "fuel": 1, "smoke": 3, "burn": 1 },
      { "fuel": 1, "smoke": 5, "burn": 5 }
    ]
  },
  {
    "type": "material",
    "ident": "bone",
    "name": "Bone",
    "density": 7,
    "edible": true,
    "bash_resist": 2,
    "cut_resist": 3,
    "acid_resist": 7,
    "fire_resist": 1,
    "elec_resist": 2,
    "chip_resist": 8,
    "dmg_adj": [ "scratched", "cut", "cracked", "shattered" ],
    "bash_dmg_verb": "cracked",
    "cut_dmg_verb": "chipped",
    "vitamins": [ [ "calcium", 2 ] ],
    "burn_data": [
      { "fuel": 0, "smoke": 0, "burn": 0 },
      { "fuel": 0, "smoke": 1, "burn": 1, "volume_per_turn": "250_ml" },
      { "fuel": 1, "smoke": 1, "burn": 2 }
    ]
  },
  {
    "type": "material",
    "ident": "brass",
    "name": "Brass",
    "density": 30,
    "bash_resist": 3,
    "cut_resist": 4,
    "acid_resist": 16,
    "fire_resist": 2,
    "elec_resist": 0,
    "chip_resist": 15,
    "dmg_adj": [ "marked", "dented", "smashed", "shattered" ],
    "bash_dmg_verb": "dented",
    "cut_dmg_verb": "scratched"
  },
  {
    "type": "material",
    "ident": "budget_steel",
    "name": "Budget Steel",
    "density": 30,
    "bash_resist": 6,
    "cut_resist": 6,
    "acid_resist": 7,
    "fire_resist": 3,
    "elec_resist": 0,
    "chip_resist": 11,
    "dmg_adj": [ "marked", "dented", "smashed", "shattered" ],
    "bash_dmg_verb": "dented",
    "cut_dmg_verb": "scratched",
    "burn_products": [ [ "scrap", 1 ] ]
  },
  {
    "type": "material",
    "ident": "ceramic",
    "name": "Ceramic",
    "density": 8,
    "bash_resist": 2,
    "cut_resist": 6,
    "acid_resist": 10,
    "fire_resist": 10,
    "elec_resist": 10,
    "chip_resist": 20,
    "dmg_adj": [ "chipped", "cracked", "split", "broken" ],
    "bash_dmg_verb": "cracked",
    "cut_dmg_verb": "cut"
  },
  {
    "type": "material",
    "ident": "chitin",
    "name": "Chitin",
    "density": 10,
    "bash_resist": 3,
    "cut_resist": 4,
    "acid_resist": 6,
    "fire_resist": 2,
    "elec_resist": 2,
    "chip_resist": 10,
    "dmg_adj": [ "scratched", "cut", "cracked", "shattered" ],
    "bash_dmg_verb": "cracked",
    "cut_dmg_verb": "chipped",
    "burn_data": [
      { "fuel": 0, "smoke": 1, "burn": 1, "volume_per_turn": "1250_ml" },
      { "fuel": 1, "smoke": 3, "burn": 1 },
      { "fuel": 1, "smoke": 5, "burn": 5 }
    ]
  },
  {
    "type": "material",
    "ident": "clay",
    "name": "Clay",
    "density": 8,
    "bash_resist": 2,
    "cut_resist": 3,
    "acid_resist": 6,
    "fire_resist": 3,
    "elec_resist": 2,
    "chip_resist": 6,
    "dmg_adj": [ "chipped", "scratched", "cracked", "shattered" ],
    "bash_dmg_verb": "cracked",
    "cut_dmg_verb": "cut"
  },
  {
    "type": "material",
    "ident": "copper",
    "name": "Copper",
    "density": 59,
    "bash_resist": 2,
    "cut_resist": 3,
    "acid_resist": 0,
    "fire_resist": 1,
    "elec_resist": 0,
    "chip_resist": 10,
    "repaired_with": "scrap_copper",
    "dmg_adj": [ "marked", "dented", "smashed", "shattered" ],
    "bash_dmg_verb": "dented",
    "cut_dmg_verb": "scratched",
    "burn_products": [ [ "scrap_copper", 1 ] ],
    "compacts_into": [ "scrap_copper" , "copper" ]
  },
  {
    "type": "material",
    "ident": "cotton",
    "name": "Cotton",
    "density": 3,
    "soft": true,
    "bash_resist": 1,
    "cut_resist": 1,
    "acid_resist": 3,
    "fire_resist": 0,
    "elec_resist": 2,
    "chip_resist": 6,
    "repaired_with": "rag",
    "salvaged_into": "rag",
    "dmg_adj": [ "ripped", "torn", "shredded", "tattered" ],
    "bash_dmg_verb": "ripped",
    "cut_dmg_verb": "cut",
    "burn_data": [
      { "fuel": 1, "smoke": 1, "burn": 1, "volume_per_turn": "1250_ml" },
      { "fuel": 1, "smoke": 1, "burn": 1 },
      { "fuel": 1, "smoke": 1, "burn": 2 }
    ]
  },
  {
    "type": "material",
    "ident": "diamond",
    "name": "Diamond",
    "density": 14,
    "bash_resist": 14,
    "cut_resist": 20,
    "acid_resist": 10,
    "fire_resist": 3,
    "elec_resist": 3,
    "chip_resist": 100,
    "dmg_adj": [ "marked", "chipped", "cracked", "shattered" ],
    "bash_dmg_verb": "chipped",
    "cut_dmg_verb": "scratched"
  },
  {
    "type": "material",
    "ident": "egg",
    "name": "Egg",
    "density": 3,
    "edible": true,
    "bash_resist": 0,
    "cut_resist": 0,
    "acid_resist": 1,
    "fire_resist": 1,
    "elec_resist": 0,
    "chip_resist": 1,
    "dmg_adj": [ "scratched", "damaged", "smashed", "crushed" ],
    "bash_dmg_verb": "damaged",
    "cut_dmg_verb": "damaged",
    "vitamins": [ [ "vitA", 0.5 ], [ "vitB", 0.5 ], [ "calcium", 0.5 ], [ "iron", 0.5 ] ],
    "burn_data": [ { "fuel": 0, "smoke": 1, "burn": 1 }, { "fuel": 1, "smoke": 3, "burn": 2 }, { "fuel": 1, "smoke": 5, "burn": 5 } ]
  },
  {
    "type": "material",
    "ident": "flesh",
    "name": "Flesh",
    "density": 5,
    "edible": true,
    "bash_resist": 1,
    "cut_resist": 1,
    "acid_resist": 1,
    "fire_resist": 1,
    "elec_resist": 1,
    "chip_resist": 2,
    "dmg_adj": [ "bruised", "mutilated", "badly mutilated", "thoroughly mutilated" ],
    "bash_dmg_verb": "bruised",
    "cut_dmg_verb": "sliced",
    "vitamins": [ [ "calcium", 0.1 ], [ "vitB", 1 ], [ "iron", 1.3 ] ],
    "burn_data": [
      { "fuel": 1, "smoke": 1, "burn": 1, "volume_per_turn": "2500_ml" },
      { "fuel": 2, "smoke": 3, "burn": 2, "volume_per_turn": "10000_ml" },
      { "fuel": 3, "smoke": 10, "burn": 3 }
    ]
  },
  {
    "type": "material",
    "ident": "freshclay",
    "name": "Fresh Clay",
    "density": 4,
    "bash_resist": 1,
    "cut_resist": 1,
    "acid_resist": 4,
    "fire_resist": 3,
    "elec_resist": 2,
    "chip_resist": 4,
    "dmg_adj": [ "lightly damaged", "damaged", "very damaged", "thoroughly damaged" ],
    "bash_dmg_verb": "squished",
    "cut_dmg_verb": "cut"
  },
  {
    "type": "material",
    "ident": "fruit",
    "name": "Fruit Matter",
    "density": 4,
    "edible": true,
    "bash_resist": 1,
    "cut_resist": 1,
    "acid_resist": 2,
    "fire_resist": 1,
    "elec_resist": 1,
    "chip_resist": 1,
    "dmg_adj": [ "lightly damaged", "damaged", "very damaged", "thoroughly damaged" ],
    "bash_dmg_verb": "bruised",
    "cut_dmg_verb": "cut",
    "vitamins": [ [ "vitC", 2 ] ],
    "burn_data": [
      { "fuel": 1, "smoke": 2, "burn": 1, "volume_per_turn": "1250_ml" },
      { "fuel": 1, "smoke": 1, "burn": 2 },
      { "fuel": 1, "smoke": 1, "burn": 3 }
    ]
  },
  {
    "type": "material",
    "ident": "fur",
    "name": "Fur",
    "density": 9,
    "soft": true,
    "bash_resist": 2,
    "cut_resist": 2,
    "acid_resist": 3,
    "fire_resist": 1,
    "elec_resist": 2,
    "chip_resist": 8,
    "repaired_with": "fur",
    "salvaged_into": "fur",
    "dmg_adj": [ "ripped", "torn", "shredded", "tattered" ],
    "bash_dmg_verb": "ripped",
    "cut_dmg_verb": "sliced",
    "burn_data": [
      { "fuel": 1, "smoke": 3, "burn": 1, "volume_per_turn": "1250_ml" },
      { "fuel": 1, "smoke": 5, "burn": 2 },
      { "fuel": 1, "smoke": 10, "burn": 4 }
    ]
  },
  {
    "type": "material",
    "ident": "glass",
    "name": "Glass",
    "density": 14,
    "bash_resist": 3,
    "cut_resist": 4,
    "acid_resist": 10,
    "fire_resist": 3,
    "elec_resist": 2,
    "chip_resist": 0,
    "dmg_adj": [ "scratched", "cut", "cracked", "shattered" ],
    "bash_dmg_verb": "cracked",
    "cut_dmg_verb": "scratched",
    "burn_data": [
      { "fuel": 0, "smoke": 0, "burn": 0 },
      { "fuel": 0, "smoke": 0, "burn": 0 },
      { "fuel": 0, "smoke": 0, "burn": 1000, "volume_per_turn": "5000_ml", "//": "More like shattering than melting" }
    ]
  },
  {
    "type": "material",
    "ident": "gold",
    "name": "Gold",
    "density": 130,
    "bash_resist": 1,
    "cut_resist": 1,
    "acid_resist": 10,
    "fire_resist": 3,
    "elec_resist": 0,
    "chip_resist": 8,
    "repaired_with": "gold_small",
    "dmg_adj": [ "marked", "dented", "smashed", "shattered" ],
    "bash_dmg_verb": "dented",
    "cut_dmg_verb": "scratched",
    "burn_products": [ [ "gold_small", 1 ] ],
    "compacts_into": [ "gold_small" ]
  },
  {
    "type": "material",
    "ident": "hardsteel",
    "name": "Hard Steel",
    "density": 40,
    "bash_resist": 10,
    "cut_resist": 16,
    "acid_resist": 6,
    "fire_resist": 3,
    "elec_resist": 0,
    "chip_resist": 30,
    "repaired_with": "scrap",
    "dmg_adj": [ "marked", "dented", "smashed", "shattered" ],
    "bash_dmg_verb": "dented",
    "cut_dmg_verb": "scratched",
    "burn_products": [ [ "scrap", 1 ] ]
  },
  {
    "type": "material",
    "ident": "hflesh",
    "name": "Human Flesh",
    "density": 5,
    "edible": true,
    "bash_resist": 1,
    "cut_resist": 1,
    "acid_resist": 1,
    "fire_resist": 1,
    "elec_resist": 1,
    "chip_resist": 2,
    "dmg_adj": [ "bruised", "mutilated", "badly mutilated", "thoroughly mutilated" ],
    "bash_dmg_verb": "bruised",
    "cut_dmg_verb": "sliced",
    "vitamins": [ [ "calcium", 0.1 ], [ "vitB", 1 ], [ "iron", 1.3 ] ],
    "burn_data": [
      { "fuel": 1, "smoke": 1, "burn": 1, "volume_per_turn": "2500_ml" },
      { "fuel": 2, "smoke": 3, "burn": 2, "volume_per_turn": "10000_ml" },
      { "fuel": 3, "smoke": 10, "burn": 3 }
    ]
  },
  {
    "type": "material",
    "ident": "honey",
    "name": "Honey",
    "density": 1,
    "edible": true,
    "bash_resist": 0,
    "cut_resist": 0,
    "acid_resist": 1,
    "fire_resist": 1,
    "elec_resist": 1,
    "chip_resist": 0,
    "dmg_adj": [ "lightly damaged", "damaged", "very damaged", "thoroughly damaged" ],
    "bash_dmg_verb": "damaged",
    "cut_dmg_verb": "damaged",
    "vitamins": [ [ "iron", 0.2 ], [ "vitC", 0.1 ], [ "calcium", 0.1 ] ],
    "burn_data": [ { "fuel": 1, "smoke": 1, "burn": 1 }, { "fuel": 1, "smoke": 1, "burn": 2 }, { "fuel": 1, "smoke": 1, "burn": 3 } ]
  },
  {
    "type": "material",
    "ident": "hydrocarbons",
    "name": "Hydrocarbons",
    "density": 1,
    "bash_resist": 0,
    "cut_resist": 0,
    "acid_resist": 0,
    "fire_resist": 0,
    "elec_resist": 0,
    "chip_resist": 0,
    "dmg_adj": [ "lightly damaged", "damaged", "very damaged", "thoroughly damaged" ],
    "bash_dmg_verb": "damaged",
    "cut_dmg_verb": "damaged",
    "burn_data": [
      { "fuel": 300, "smoke": 6, "burn": 1 },
      { "fuel": 600, "smoke": 6, "burn": 2 },
      { "fuel": 900, "smoke": 6, "burn": 3 }
    ]
  },
  {
    "type": "material",
    "ident": "iflesh",
    "name": "Insect Flesh",
    "density": 5,
    "edible": true,
    "bash_resist": 1,
    "cut_resist": 1,
    "acid_resist": 1,
    "fire_resist": 1,
    "elec_resist": 1,
    "chip_resist": 2,
    "dmg_adj": [ "bruised", "mutilated", "badly mutilated", "thoroughly mutilated" ],
    "bash_dmg_verb": "bruised",
    "cut_dmg_verb": "sliced",
    "vitamins": [ [ "calcium", 1, "iron", 1.3 ] ],
    "burn_data": [
      { "fuel": 1, "smoke": 1, "burn": 1, "volume_per_turn": "2500_ml" },
      { "fuel": 2, "smoke": 3, "burn": 2, "volume_per_turn": "10000_ml" },
      { "fuel": 3, "smoke": 10, "burn": 3 }
    ]
  },
  {
    "type": "material",
    "ident": "iron",
    "name": "Iron",
    "density": 52,
    "bash_resist": 4,
    "cut_resist": 4,
    "acid_resist": 5,
    "fire_resist": 3,
    "elec_resist": 0,
    "chip_resist": 15,
    "repaired_with": "scrap",
    "dmg_adj": [ "marked", "dented", "smashed", "shattered" ],
    "bash_dmg_verb": "dented",
    "cut_dmg_verb": "scratched",
    "burn_products": [ [ "scrap", 1 ] ]
  },
  {
    "type": "material",
    "ident": "junk",
    "name": "Junk Food",
    "density": 4,
    "edible": true,
    "bash_resist": 1,
    "cut_resist": 1,
    "acid_resist": 2,
    "fire_resist": 1,
    "elec_resist": 1,
    "chip_resist": 2,
    "dmg_adj": [ "lightly damaged", "damaged", "very damaged", "thoroughly damaged" ],
    "bash_dmg_verb": "smashed",
    "cut_dmg_verb": "cut",
    "burn_data": [ { "fuel": 1, "smoke": 1, "burn": 1 }, { "fuel": 1, "smoke": 1, "burn": 2 }, { "fuel": 1, "smoke": 1, "burn": 3 } ]
  },
  {
    "type": "material",
    "ident": "kevlar",
    "name": "Kevlar",
    "density": 10,
    "bash_resist": 2,
    "cut_resist": 4,
    "acid_resist": 5,
    "fire_resist": 3,
    "elec_resist": 2,
    "chip_resist": 20,
    "repaired_with": "kevlar_plate",
    "salvaged_into": "kevlar_plate",
    "dmg_adj": [ "marked", "dented", "scarred", "broken" ],
    "bash_dmg_verb": "ripped",
    "cut_dmg_verb": "cut"
  },
  {
    "type": "material",
    "ident": "lead",
    "name": "Lead",
    "density": 100,
    "bash_resist": 0,
    "cut_resist": 0,
    "acid_resist": 8,
    "fire_resist": 3,
    "elec_resist": 1,
    "chip_resist": 8,
    "dmg_adj": [ "marked", "dented", "smashed", "shattered" ],
    "bash_dmg_verb": "dented",
    "cut_dmg_verb": "scratched",
    "burn_products": [ [ "lead", 1 ] ],
    "compacts_into": [ "lead" ]
  },
  {
    "type": "material",
    "ident": "leather",
    "name": "Leather",
    "density": 6,
    "soft": true,
    "bash_resist": 2,
    "cut_resist": 2,
    "acid_resist": 4,
    "fire_resist": 2,
    "elec_resist": 2,
    "chip_resist": 10,
    "repaired_with": "leather",
    "salvaged_into": "leather",
    "dmg_adj": [ "scratched", "cut", "shredded", "tattered" ],
    "bash_dmg_verb": "ripped",
    "cut_dmg_verb": "sliced",
    "burn_data": [
      { "fuel": 0, "smoke": 0, "burn": 0 },
      { "fuel": 1, "smoke": 3, "burn": 2, "volume_per_turn": "500_ml" },
      { "fuel": 1, "smoke": 3, "burn": 2 }
    ]
  },
  {
    "type": "material",
    "ident": "milk",
    "name": "Dairy",
    "density": 1,
    "edible": true,
    "bash_resist": 0,
    "cut_resist": 0,
    "acid_resist": 0,
    "fire_resist": 1,
    "elec_resist": 0,
    "chip_resist": 0,
    "dmg_adj": [ "lightly damaged", "damaged", "very damaged", "thoroughly damaged" ],
    "bash_dmg_verb": "damaged",
    "cut_dmg_verb": "damaged",
    "vitamins": [ [ "vitB", 0.5 ], [ "calcium", 1.5 ], [ "iron", 0.1 ] ],
    "burn_data": [
      { "fuel": -100, "smoke": 1, "burn": 1 },
      { "fuel": -50, "smoke": 2, "burn": 1 },
      { "fuel": -10, "smoke": 2, "burn": 2 }
    ]
  },
  {
    "type": "material",
    "ident": "neoprene",
    "name": "Neoprene",
    "density": 4,
    "soft": true,
    "bash_resist": 2,
    "cut_resist": 1,
    "acid_resist": 1,
    "fire_resist": 2,
    "elec_resist": 4,
    "chip_resist": 5,
    "repaired_with": "neoprene",
    "salvaged_into": "neoprene",
    "dmg_adj": [ "scratched", "cut", "shredded", "tattered" ],
    "bash_dmg_verb": "ripped",
    "cut_dmg_verb": "sliced",
    "burn_data": [
      { "fuel": 1, "smoke": 3, "burn": 1, "volume_per_turn": "2500_ml" },
      { "fuel": 1, "smoke": 3, "burn": 2 },
      { "fuel": 1, "smoke": 3, "burn": 3 }
    ]
  },
  {
    "type": "material",
    "ident": "nomex",
    "name": "Nomex",
    "density": 4,
    "soft": true,
    "bash_resist": 1,
    "cut_resist": 1,
    "acid_resist": 5,
    "fire_resist": 20,
    "elec_resist": 4,
    "chip_resist": 8,
    "repaired_with": "nomex",
    "salvaged_into": "nomex",
    "dmg_adj": [ "ripped", "torn", "shredded", "tattered" ],
    "bash_dmg_verb": "ripped",
    "cut_dmg_verb": "cut",
    "burn_data": [ { "immune": true }, { "immune": true }, { "immune": true } ]
  },
  {
    "type": "material",
    "ident": "null",
    "name": "Unknown",
    "density": 1,
    "bash_resist": 0,
    "cut_resist": 0,
    "acid_resist": 0,
    "fire_resist": 1,
    "elec_resist": 0,
    "chip_resist": 0,
    "dmg_adj": [ "lightly damaged", "damaged", "very damaged", "thoroughly damaged" ],
    "bash_dmg_verb": "damaged",
    "cut_dmg_verb": "damaged"
  },
  {
    "type": "material",
    "ident": "oil",
    "name": "Oil",
    "density": 1,
    "edible": true,
    "bash_resist": 0,
    "cut_resist": 0,
    "acid_resist": 0,
    "fire_resist": 0,
    "elec_resist": 0,
    "chip_resist": 0,
    "dmg_adj": [ "lightly damaged", "damaged", "very damaged", "thoroughly damaged" ],
    "bash_dmg_verb": "damaged",
    "cut_dmg_verb": "damaged",
    "burn_data": [
      { "fuel": 300, "smoke": 3, "burn": 1 },
      { "fuel": 600, "smoke": 6, "burn": 2 },
      { "fuel": 900, "smoke": 9, "burn": 3 }
    ]
  },
  {
    "type": "material",
    "ident": "paper",
    "name": "Paper",
    "density": 4,
    "bash_resist": 1,
    "cut_resist": 1,
    "acid_resist": 1,
    "fire_resist": 0,
    "elec_resist": 2,
    "chip_resist": 0,
    "dmg_adj": [ "ripped", "torn", "shredded", "tattered" ],
    "bash_dmg_verb": "ripped",
    "cut_dmg_verb": "cut",
    "burn_data": [ { "fuel": 10, "smoke": 1, "burn": 10 }, { "fuel": 8, "smoke": 1, "burn": 20 }, { "fuel": 5, "smoke": 1, "burn": 50 } ],
    "burn_products": [ [ "ash", 0.013 ] ]
  },
  {
    "type": "material",
    "ident": "plastic",
    "name": "Plastic",
    "density": 8,
    "bash_resist": 2,
    "cut_resist": 2,
    "acid_resist": 9,
    "fire_resist": 1,
    "elec_resist": 2,
    "chip_resist": 6,
    "repaired_with": "plastic_chunk",
    "salvaged_into": "plastic_chunk",
    "dmg_adj": [ "scratched", "cut", "cracked", "shattered" ],
    "bash_dmg_verb": "dented",
    "cut_dmg_verb": "gouged",
    "burn_data": [
      { "fuel": 1, "smoke": 2, "burn": 1, "volume_per_turn": "750_ml" },
      { "fuel": 1, "smoke": 3, "burn": 2 },
      { "fuel": 1, "smoke": 5, "burn": 5 }
    ]
  },
  {
    "type": "material",
    "ident": "powder",
    "name": "Powder",
    "density": 1,
    "bash_resist": 1,
    "cut_resist": 1,
    "acid_resist": 0,
    "fire_resist": 0,
    "elec_resist": 2,
    "chip_resist": 0,
    "dmg_adj": [ "lightly damaged", "damaged", "very damaged", "thoroughly damaged" ],
    "bash_dmg_verb": "damaged",
    "cut_dmg_verb": "damaged",
    "burn_data": [
      { "fuel": 10, "smoke": 2, "burn": 10 },
      { "fuel": 10, "smoke": 2, "burn": 10 },
      { "fuel": 10, "smoke": 2, "burn": 10 }
    ]
  },
  {
    "type": "material",
    "ident": "powder_nonflam",
    "name": "Powder",
    "density": 1,
    "bash_resist": 1,
    "cut_resist": 1,
    "acid_resist": 0,
    "fire_resist": 20,
    "elec_resist": 2,
    "chip_resist": 0,
    "dmg_adj": [ "lightly damaged", "damaged", "very damaged", "thoroughly damaged" ],
    "bash_dmg_verb": "damaged",
    "cut_dmg_verb": "damaged"
  },
  {
    "type": "material",
    "ident": "silver",
    "name": "Silver",
    "density": 70,
    "bash_resist": 2,
    "cut_resist": 3,
    "acid_resist": 10,
    "fire_resist": 3,
    "elec_resist": 0,
    "chip_resist": 8,
    "repaired_with": "silver_small",
    "dmg_adj": [ "marked", "dented", "smashed", "shattered" ],
    "bash_dmg_verb": "dented",
    "cut_dmg_verb": "scratched",
    "burn_products": [ [ "silver_small", 1 ] ],
    "compacts_into": [ "silver_small" ]
  },
  {
    "type": "material",
    "ident": "steel",
    "name": "Steel",
    "density": 30,
    "bash_resist": 6,
    "cut_resist": 6,
    "acid_resist": 7,
    "fire_resist": 3,
    "elec_resist": 0,
    "chip_resist": 20,
    "repaired_with": "scrap",
    "dmg_adj": [ "marked", "dented", "smashed", "shattered" ],
    "bash_dmg_verb": "dented",
    "cut_dmg_verb": "scratched",
    "burn_products": [ [ "scrap", 1 ] ],
    "compact_accepts": [ "budget_steel", "hardsteel", "iron" ],
    "compacts_into": [ "steel_lump", "sheet_metal", "steel_chunk", "scrap" ]
  },
  {
    "type": "material",
    "ident": "stone",
    "name": "Stone",
    "density": 17,
    "bash_resist": 6,
    "cut_resist": 6,
    "acid_resist": 8,
    "fire_resist": 3,
    "elec_resist": 2,
    "chip_resist": 20,
    "dmg_adj": [ "scratched", "cut", "cracked", "shattered" ],
    "bash_dmg_verb": "cracked",
    "cut_dmg_verb": "chipped"
  },
  {
    "type": "material",
    "ident": "superalloy",
    "name": "Superalloy",
    "density": 26,
    "bash_resist": 6,
    "cut_resist": 6,
    "acid_resist": 5,
    "fire_resist": 3,
    "elec_resist": 0,
    "chip_resist": 20,
    "dmg_adj": [ "marked", "dented", "smashed", "shattered" ],
    "bash_dmg_verb": "dented",
    "cut_dmg_verb": "scratched",
    "compacts_into": [ "alloy_sheet" ]
  },
  {
    "type": "material",
    "ident": "veggy",
    "name": "Vegetable Matter",
    "density": 4,
    "edible": true,
    "bash_resist": 1,
    "cut_resist": 1,
    "acid_resist": 2,
    "fire_resist": 1,
    "elec_resist": 1,
    "chip_resist": 2,
    "dmg_adj": [ "lightly damaged", "damaged", "very damaged", "thoroughly damaged" ],
    "bash_dmg_verb": "squished",
    "cut_dmg_verb": "cut",
    "vitamins": [ [ "calcium", 0.1 ], [ "vitA", 1 ], [ "vitC", 0.5 ] ],
    "burn_data": [
      { "fuel": 1, "smoke": 1, "burn": 1, "volume_per_turn": "1250_ml" },
      { "fuel": 2, "smoke": 1, "burn": 2, "volume_per_turn": "2500_ml" },
      { "fuel": 2, "smoke": 1, "burn": 3 }
    ]
  },
  {
    "type": "material",
    "ident": "tomato",
    "name": "Tomato",
    "density": 4,
    "edible": true,
    "bash_resist": 1,
    "cut_resist": 1,
    "acid_resist": 2,
    "fire_resist": 1,
    "elec_resist": 1,
    "chip_resist": 2,
    "dmg_adj": [ "lightly damaged", "damaged", "very damaged", "thoroughly damaged" ],
    "bash_dmg_verb": "squished",
    "cut_dmg_verb": "cut",
    "vitamins": [ [ "calcium", 0.1 ], [ "vitA", 2 ], [ "vitC", 4 ], [ "iron", 0.1 ] ],
    "burn_data": [
      { "fuel": 1, "smoke": 1, "burn": 1, "volume_per_turn": "1250_ml" },
      { "fuel": 2, "smoke": 1, "burn": 2, "volume_per_turn": "2500_ml" },
      { "fuel": 2, "smoke": 1, "burn": 3 }
    ]
  },
  {
    "type": "material",
    "ident": "bean",
    "name": "Bean",
    "density": 4,
    "edible": true,
    "bash_resist": 1,
    "cut_resist": 1,
    "acid_resist": 2,
    "fire_resist": 1,
    "elec_resist": 1,
    "chip_resist": 2,
    "dmg_adj": [ "lightly damaged", "damaged", "very damaged", "thoroughly damaged" ],
    "bash_dmg_verb": "squished",
    "cut_dmg_verb": "cut",
    "vitamins": [ [ "calcium", 0.3 ], [ "vitC", 0.6 ], [ "iron", 0.8 ] ],
    "burn_data": [
      { "fuel": 1, "smoke": 1, "burn": 1, "volume_per_turn": "1250_ml" },
      { "fuel": 2, "smoke": 1, "burn": 2, "volume_per_turn": "2500_ml" },
      { "fuel": 2, "smoke": 1, "burn": 3 }
    ]
  },
  {
    "type": "material",
    "ident": "garlic",
    "name": "Garlic",
    "density": 4,
    "edible": true,
    "bash_resist": 1,
    "cut_resist": 1,
    "acid_resist": 2,
    "fire_resist": 1,
    "elec_resist": 1,
    "chip_resist": 2,
    "dmg_adj": [ "lightly damaged", "damaged", "very damaged", "thoroughly damaged" ],
    "bash_dmg_verb": "squished",
    "cut_dmg_verb": "cut",
    "vitamins": [ [ "calcium", 1.8 ], [ "vitC", 5.2 ], [ "iron", 0.9 ] ],
    "burn_data": [
      { "fuel": 1, "smoke": 1, "burn": 1, "volume_per_turn": "1250_ml" },
      { "fuel": 2, "smoke": 1, "burn": 2, "volume_per_turn": "2500_ml" },
      { "fuel": 2, "smoke": 1, "burn": 3 }
    ]
  },
  {
    "type": "material",
    "ident": "nut",
    "name": "Nut",
    "density": 5,
    "edible": true,
    "bash_resist": 1,
    "cut_resist": 1,
    "acid_resist": 2,
    "fire_resist": 1,
    "elec_resist": 1,
    "chip_resist": 2,
    "dmg_adj": [ "lightly damaged", "damaged", "very damaged", "thoroughly damaged" ],
    "bash_dmg_verb": "damaged",
    "cut_dmg_verb": "cut",
    "vitamins": [ [ "calcium", 0.3 ], [ "iron", 1 ] ],
    "burn_data": [
      { "fuel": 1, "smoke": 1, "burn": 1, "volume_per_turn": "1250_ml" },
      { "fuel": 2, "smoke": 1, "burn": 2, "volume_per_turn": "2500_ml" },
      { "fuel": 2, "smoke": 1, "burn": 3 }
    ]
  },
  {
    "type": "material",
    "ident": "mushroom",
    "name": "Mushroom",
    "density": 4,
    "edible": true,
    "bash_resist": 1,
    "cut_resist": 1,
    "acid_resist": 2,
    "fire_resist": 1,
    "elec_resist": 1,
    "chip_resist": 2,
    "dmg_adj": [ "lightly damaged", "damaged", "very damaged", "thoroughly damaged" ],
    "bash_dmg_verb": "squished",
    "cut_dmg_verb": "cut",
    "vitamins": [ [ "calcium", 0.4 ], [ "iron", 4 ] ],
    "burn_data": [
      { "fuel": 1, "smoke": 1, "burn": 1, "volume_per_turn": "1250_ml" },
      { "fuel": 2, "smoke": 1, "burn": 2, "volume_per_turn": "2500_ml" },
      { "fuel": 2, "smoke": 1, "burn": 3 }
    ]
  },
  {
    "type": "material",
    "ident": "water",
    "name": "Water",
    "density": 1,
    "edible": true,
    "bash_resist": 0,
    "cut_resist": 0,
    "acid_resist": 0,
    "fire_resist": 1,
    "elec_resist": 0,
    "chip_resist": 0,
    "dmg_adj": [ "lightly damaged", "damaged", "very damaged", "thoroughly damaged" ],
    "bash_dmg_verb": "damaged",
    "cut_dmg_verb": "damaged",
    "burn_data": [
      { "fuel": -100, "smoke": 1, "burn": 1 },
      { "fuel": -50, "smoke": 2, "burn": 1 },
      { "fuel": -10, "smoke": 2, "burn": 2 }
    ]
  },
  {
    "type": "material",
    "ident": "wheat",
    "name": "Wheat",
    "density": 4,
    "edible": true,
    "bash_resist": 1,
    "cut_resist": 1,
    "acid_resist": 1,
    "fire_resist": 0,
    "elec_resist": 1,
    "chip_resist": 1,
    "dmg_adj": [ "lightly damaged", "damaged", "very damaged", "thoroughly damaged" ],
    "bash_dmg_verb": "squished",
    "cut_dmg_verb": "cut",
    "vitamins": [ [ "vitB", 1 ], [ "iron", 0.1 ] ],
    "burn_data": [ { "fuel": 1, "smoke": 2, "burn": 1 }, { "fuel": 1, "smoke": 2, "burn": 2 }, { "fuel": 1, "smoke": 1, "burn": 3 } ]
  },
  {
    "type": "material",
    "ident": "wood",
    "name": "Wood",
    "density": 4,
    "bash_resist": 3,
    "cut_resist": 2,
    "acid_resist": 4,
    "fire_resist": 1,
    "elec_resist": 2,
    "chip_resist": 10,
    "salvaged_into": "splinter",
    "dmg_adj": [ "scratched", "chipped", "cracked", "splintered" ],
    "bash_dmg_verb": "splintered",
    "cut_dmg_verb": "gouged",
    "burn_data": [
      { "fuel": 1, "smoke": 1, "burn": 0.02, "volume_per_turn": "1250_ml" },
      { "fuel": 2, "smoke": 1, "burn": 0.04, "volume_per_turn": "5000_ml" },
      { "fuel": 3, "smoke": 1, "burn": 0.06 }
    ],
    "burn_products": [ [ "ash", 0.018 ] ]
  },
  {
    "type": "material",
    "ident": "wool",
    "name": "Wool",
    "density": 9,
    "soft": true,
    "bash_resist": 1,
    "cut_resist": 1,
    "acid_resist": 4,
    "fire_resist": 0,
    "elec_resist": 2,
    "chip_resist": 6,
    "repaired_with": "felt_patch",
    "salvaged_into": "felt_patch",
    "dmg_adj": [ "ripped", "torn", "shredded", "tattered" ],
    "bash_dmg_verb": "torn",
    "cut_dmg_verb": "cut",
    "burn_data": [
      { "fuel": 1, "smoke": 1, "burn": 1, "volume_per_turn": "1250_ml" },
      { "fuel": 1, "smoke": 1, "burn": 2 },
      { "fuel": 1, "smoke": 1, "burn": 5 }
    ]
  },
  {
    "type": "material",
    "ident": "feces",
    "name": "Feces",
    "density": 4,
    "bash_resist": 1,
    "cut_resist": 1,
    "acid_resist": 1,
    "fire_resist": 0,
    "elec_resist": 1,
    "chip_resist": 1,
    "dmg_adj": [ "squished", "squashed", "mashed", "mushed" ],
    "bash_dmg_verb": "squished",
    "cut_dmg_verb": "squished",
    "burn_data": [
      { "fuel": 1, "smoke": 1, "burn": 1, "volume_per_turn": "1250_ml" },
      { "fuel": 2, "smoke": 1, "burn": 2, "volume_per_turn": "2500_ml" },
      { "fuel": 2, "smoke": 1, "burn": 3 }
    ]
  }
]

