[
    {
        "type" : "AMMO",
        "id" : "battery",
        "category" : "spare_parts",
        "price" : 12000,
        "name" : "battery",
        "name_plural" : "batteries",
        "symbol" : "=",
        "color" : "yellow",
        "description" : "A set of universal batteries.  Used to charge almost any electronic device.",
        "material" : "iron",
        "volume" : 1,
        "weight" : 1,
        "ammo_type" : "battery",
        "count" : 100,
        "fuel": {
            "energy": 1
        }
    },
    {
        "type" : "AMMO",
        "id" : "aluminum_foil",
        "category" : "spare_parts",
        "price" : 648,
        "name" : "aluminum foil",
        "symbol" : "=",
        "color" : "light_gray",
        "description" : "A thin foil made of aluminum.  Sometimes called 'tin foil' due to being made of tin in the past.",
        "material" : "aluminum",
        "volume" : 0,
        "weight" : 4,
        "ammo_type" : "components",
        "count" : 200
    },
    {   "type" : "AMMO",
        "id" : "money",
        "price" : 1, "//": "= one cent, gives correct prices for cash cards",
        "name" : "cent",
        "symbol" : "=",
        "color" : "light_gray",
        "description" : "IF YOU ARE SEEING THIS IT IS A BUG.",
        "flags" : "TRADER_AVOID",
        "volume" : 0,
        "ammo_type" : "money"
    },{
       "type" : "AMMO",
        "id" : "thread",
        "category" : "spare_parts",
        "price" : 5000,
        "name" : "thread",
        "symbol" : "=",
        "color" : "light_gray",
        "description" : "A small quantity of thread that could be used to refill a sewing kit.",
        "material" : "cotton",
        "flags" : ["NO_SALVAGE"],
        "volume" : 1,
        "weight" : 1,
        "ammo_type" : "thread",
        "count" : 50,
        "stack_size" : 200
    },{
        "type" : "AMMO",
        "id" : "sinew",
        "category" : "spare_parts",
        "price" : 0,
        "name" : "sinew",
        "symbol" : "=",
        "color" : "light_red",
        "description" : "A tough sinew cut from a corpse, usable as thread.",
        "material" : "flesh",
        "volume" : 1,
        "weight" : 1,
        "ammo_type" : "thread",
        "count" : 10,
        "stack_size" : 200
    },
    {   "type" : "AMMO",
        "id" : "plant_fibre",
        "category" : "spare_parts",
        "price" : 0,
        "name" : "plant fiber",
        "symbol" : "=",
        "color" : "light_green",
        "description" : "Tough thin fiber, taken from a plant.  Can be used as thread.",
        "material" : "veggy",
        "volume" : 1,
        "weight" : 1,
        "ammo_type" : "thread",
        "count" : 10,
        "stack_size" : 200
    },
    {   "type" : "AMMO",
        "id" : "yarn",
        "category" : "spare_parts",
        "price" : 0,
        "name" : "yarn",
        "symbol" : "=",
        "color" : "white",
        "description" : "Wool yarn, could be used to knit wool clothing.",
        "material" : "wool",
        "volume" : 1,
        "weight" : 1,
        "ammo_type" : "thread",
        "count" : 10,
        "stack_size" : 200
    },
    {   "type" : "AMMO",
        "id" : "soap",
        "category" : "chems",
        "price" : 300,
        "name" : "soap bar",
        "symbol" : "=",
        "color" : "white",
        "description" : "A cleansing agent made into bars.",
        "volume" : 1,
        "weight" : 90,
        "ammo_type" : "soap",
        "count" : 10,
        "stack_size" : 10
    },
    {   "type" : "AMMO",
        "id" : "duct_tape",
        "category" : "spare_parts",
        "price" : 2000,
        "name" : "duct tape",
        "symbol" : "=",
        "color" : "light_gray",
        "description" : "A roll of incredibly strong tape.  Its uses are innumerable.",
        "material" : "plastic",
        "volume" : 1,
        "weight" : 4,
        "ammo_type" : "tape",
        "count" : 200,
        "flags" : ["UNRECOVERABLE"]
    },
    {
        "type": "AMMO",
        "category": "other",
        "id": "rolling_paper",
        "symbol": ",",
        "color": "white",
        "name": "rolling paper",
        "description": "These are thin paper strips intended for the rolling of cigarettes.",
        "price": 150,
        "material": "paper",
        "weight": 1,
        "volume": 1,
        "ammo_type" : "components",
        "stack_size" : 500,
        "count" : 30,
        "flags" : ["UNRECOVERABLE"]
    },
    {   "type" : "AMMO",
        "id" : "cable",
        "category" : "spare_parts",
        "price" : 2000,
        "name" : "copper wire",
        "symbol" : "=",
        "color" : "dark_gray",
        "description" : "Plastic jacketed copper cable of the type used in small electronics.",
        "material" : ["plastic", "copper"],
        "volume" : 3,
        "weight" : 2,
        "ammo_type" : "components",
        "count" : 200
    },
    {   "type" : "AMMO",
        "id" : "plut_cell",
        "category" : "spare_parts",
        "price" : 150000,
        "name" : "plutonium cell",
        "symbol" : "=",
        "color" : "green",
        "description" : "A nuclear-powered battery.  Used to charge advanced and rare electronics.",
        "material" : ["steel", "plastic"],
        "flags": ["LEAK_DAM", "RADIOACTIVE"],
        "volume" : 1,
        "weight" : 80,
        "ammo_type" : "plutonium",
        "count" : 5,
        "effects" : ["COOKOFF", "NEVER_MISFIRES"],
        "fuel": {
            "energy": 10
        }
    },
    {
        "type" : "AMMO",
        "id" : "plut_slurry_dense",
        "category" : "spare_parts",
        "price" : 250,
        "name" : "plutonium slurry",
        "symbol" : "=",
        "color" : "green",
        "description" : "Highly radioactive slurry.  It is probably best to get far away from this.",
        "flags": ["LEAK_ALWAYS", "RADIOACTIVE"],
        "volume" : 1,
        "weight" : 26,
        "ammo_type" : "reactor_slurry",
        "phase" : "liquid",
        "container" : "metal_tank_little",
        "count" : 10
    },
    {
        "type" : "AMMO",
        "id" : "plut_slurry",
        "category" : "spare_parts",
        "price" : 250,
        "name" : "watery plutonium slurry",
        "symbol" : "=",
        "color" : "green",
        "description" : "Highly radioactive slurry.  It is probably best to get far away from this.",
        "flags": ["LEAK_ALWAYS", "RADIOACTIVE"],
        "volume" : 1,
        "weight" : 25.5,
        "ammo_type" : "reactor_slurry",
        "phase" : "liquid",
        "container" : "metal_tank_little",
        "count" : 10
    },
    {   "type" : "AMMO",
        "id" : "pebble",
        "price" : 100,
        "name" : "pebble",
        "symbol" : "=",
        "color" : "light_gray",
        "description" : "A handful of pebbles, useful as ammunition for slings or slingshots.",
        "material" : "stone",
        "volume" : 1,
        "weight" : 5,
        "ammo_type" : "pebble",
        "damage" : 2,
        "range" : 10,
        "dispersion" : 14,
        "loudness" : 0,
        "count" : 10,
        "effects" : ["NEVER_MISFIRES"]
    },
    {   "type" : "AMMO",
        "id" : "marble",
        "price" : 200,
        "name" : "marble",
        "symbol" : "=",
        "color" : "light_gray",
        "description" : "A handful of glass marbles, useful as ammunition for slings or slingshots.",
        "material" : "glass",
        "volume" : 1,
        "weight" : 3,
        "ammo_type" : "pebble",
        "damage" : 3,
        "range" : 18,
        "dispersion" : 12,
        "loudness" : 0,
        "count" : 20,
        "effects" : ["NEVER_MISFIRES"]
    },
    {   "type" : "AMMO",
        "id" : "bearing",
        "price" : 100,
        "name" : "bearings",
        "symbol" : "=",
        "color" : "dark_gray",
        "description" : "A box of ball bearings, useful as ammunition for slings.",
        "material" : "steel",
        "volume" : 1,
        "weight" : 10,
        "ammo_type" : "pebble",
        "damage" : 6,
        "pierce" : 1,
        "range" : 15,
        "dispersion" : 14,
        "loudness" : 0,
        "count" : 50,
        "effects" : ["NEVER_MISFIRES"]
    },
    {   "type" : "AMMO",
        "id" : "bb",
        "price" : 500,
        "name" : "BB",
        "symbol" : "=",
        "color" : "light_gray",
        "description" : "A box of small steel balls.  They deal virtually no damage.",
        "material" : "steel",
        "volume" : 1,
        "weight" : 1,
        "ammo_type" : "BB",
        "damage" : 2,
        "dispersion" : 100,
        "count" : 500,
        "stack_size": 250,
        "loudness": 9,
        "effects" : ["NOGIB","NEVER_MISFIRES"]
    },
    {   "type" : "AMMO",
        "id" : "feather",
        "category" : "spare_parts",
        "price" : 3000,
        "name" : "feather",
        "symbol" : "=",
        "color" : "brown",
        "description" : "Feathers from a bird.  Useful for fletching arrows.",
        "material" : "cotton",
        "volume" : 1,
        "weight" : 1,
        "ammo_type" : "components",
        "stack_size" : 100,
        "count" : 20
    },
    {
       "type" : "AMMO",
        "id" : "down_feather",
        "category" : "spare_parts",
        "price" : 3000,
        "name" : "down feather",
        "symbol" : "=",
        "color" : "brown",
        "description" : "fluffy down feathers from a bird.  Useful for making cozy bedclothes.",
        "material" : "cotton",
        "volume" : 1,
        "weight" : 1,
        "ammo_type" : "components",
        "stack_size" : 100,
        "count" : 20
    },
    {   "type" : "AMMO",
        "id" : "laser_pack",
        "price" : 80000,
        "name" : "fusion pack",
        "symbol" : "=",
        "color" : "light_green",
        "description" : "In the middle of the 21st Century, military powers began to look towards energy based weapons.  The result was the standard fusion pack, capable of delivering bolts of superheated gas at near light speed with no recoil.",
        "material" : "plastic",
        "volume" : 1,
        "weight" : 68,
        "ammo_type" : "fusion",
        "damage" : 12,
        "pierce" : 15,
        "range" : 30,
        "stack_size" : 40,
        "count" : 20,
        "effects" : ["NEVER_MISFIRES"]
    },
    {   "type" : "AMMO",
        "id" : "66mm_HEAT",
        "price" : 0,
        "name" : "66mm HEAT",
        "symbol" : "=",
        "color" : "dark_gray",
        "description" : "A 60mm High Explosive Anti Tank round.  It could blow through up to two feet of concrete.",
        "material" : ["steel", "powder"],
        "volume" : 1,
        "weight" : 1803,
        "ammo_type" : "66mm",
        "damage" : 2500,
        "pierce" : 400,
        "range" : 80,
        "dispersion" : 30,
        "recoil" : 225,
        "effects" : ["COOKOFF", "EXPLOSIVE", "TRAIL"]
    },
    {
        "type" : "AMMO",
        "id" : "120mm_HEAT",
        "price" : 999999,
        "name" : "120mm HEAT",
        "symbol" : "=",
        "color" : "dark_gray",
        "description" : "A 120mm High Explosive Anti Tank round.  It could ruin anyone's whole day.",
        "material" : ["steel", "powder"],
        "volume" : 1,
        "weight" : 1803,
        "ammo_type" : "120mm",
        "damage" : 40,
        "pierce" : 10,
        "range" : 80,
        "dispersion" : 5,
        "recoil" : 30,
        "effects" : ["CUSTOM_EXPLOSION", "TRAIL"],
        "explosion" : {
            "power": 16000,
            "distance_factor": 0.5
        }
    },
    {   "type" : "AMMO",
        "id" : "plasma",
        "price" : 80000,
        "name" : "hydrogen canister",
        "symbol" : "=",
        "color" : "light_gray",
        "description" : "A canister of pressurized hydrogen so heavily compressed it has turned solid.  With proper equipment, it could be heated to plasma.",
        "material" : ["steel", "powder"],
        "volume" : 10,
        "weight" : 183,
        "ammo_type" : "plasma",
        "damage" : 35,
        "pierce" : 14,
        "range" : 12,
        "count" : 25,
        "effects" : ["INCENDIARY"],
        "flags" : ["UNRECOVERABLE"]
    },
    {   "type" : "AMMO",
        "id" : "22_casing_new",
        "category" : "spare_parts",
        "price" : 100,
        "name" : "unused .22 casing",
        "symbol" : "=",
        "color" : "yellow",
        "description" : "An empty casing from a .22 round that hasn't been fired, and still has an intact case with primer.",
        "material" : [ "powder", "brass" ],
        "volume" : 1,
        "weight" : 1,
        "ammo_type" : "components",
        "count" : 200,
        "effects" : ["COOKOFF"]
    },
    {   "type" : "AMMO",
        "id" : "gunpowder",
        "category" : "chems",
        "price" : 3000,
        "name" : "gunpowder",
        "symbol" : "=",
        "color" : "dark_gray",
        "description" : "Firearm quality gunpowder.",
        "container" : "bottle_plastic_small",
        "material" : "powder",
        "volume" : 1,
        "weight" : 1,
        "ammo_type" : "components",
        "count" : 200,
        "effects" : ["COOKOFF"]
    },
    {   "type" : "AMMO",
        "id" : "oxy_powder",
        "category" : "chems",
        "price" : 3000,
        "name" : "oxidizer powder",
        "symbol" : "=",
        "color" : "white",
        "description" : "Volatile powdered chemical oxidizer.",
        "container" : "bottle_plastic_small",
        "material" : "powder",
        "volume" : 1,
        "weight" : 1,
        "ammo_type" : "components",
        "count" : 200,
        "effects" : ["COOKOFF"]
    },
    {   "type" : "AMMO",
        "id" : "lye_powder",
        "category" : "chems",
        "price" : 3000,
        "name" : "lye powder",
        "symbol" : "=",
        "color" : "white",
        "description" : "Powdered caustic soda.",
        "container" : "bottle_plastic_small",
        "material" : "powder",
        "volume" : 1,
        "weight" : 1,
        "ammo_type" : "components",
        "count" : 200
    },
    {   "type" : "AMMO",
        "id" : "shotgun_primer",
        "category" : "spare_parts",
        "price" : 3000,
        "name" : "shotgun primer",
        "symbol" : "=",
        "color" : "dark_gray",
        "description" : "Primer from a shotgun round.",
        "material" : ["steel", "powder"],
        "volume" : 1,
        "weight" : 1,
        "ammo_type" : "components",
        "count" : 200,
        "effects" : ["COOKOFF"]
    },
    {   "type" : "AMMO",
        "id" : "smpistol_primer",
        "category" : "spare_parts",
        "price" : 4000,
        "name" : "small pistol primer",
        "symbol" : "=",
        "color" : "dark_gray",
        "description" : "Primer from a small caliber pistol round.",
        "material" : ["steel", "powder"],
        "volume" : 1,
        "weight" : 1,
        "ammo_type" : "components",
        "count" : 200,
        "effects" : ["COOKOFF"]
    },
    {   "type" : "AMMO",
        "id" : "lgpistol_primer",
        "category" : "spare_parts",
        "price" : 6000,
        "name" : "large pistol primer",
        "symbol" : "=",
        "color" : "dark_gray",
        "description" : "Primer from a large caliber pistol round.",
        "material" : ["steel", "powder"],
        "volume" : 1,
        "weight" : 1,
        "ammo_type" : "components",
        "count" : 200,
        "effects" : ["COOKOFF"]
    },
    {   "type" : "AMMO",
        "id" : "smrifle_primer",
        "category" : "spare_parts",
        "price" : 6000,
        "name" : "small rifle primer",
        "symbol" : "=",
        "color" : "dark_gray",
        "description" : "Primer from a small caliber rifle round.",
        "material" : ["steel", "powder"],
        "volume" : 1,
        "weight" : 1,
        "ammo_type" : "components",
        "count" : 200,
        "effects" : ["COOKOFF"]
    },
    {   "type" : "AMMO",
        "id" : "lgrifle_primer",
        "category" : "spare_parts",
        "price" : 8000,
        "name" : "large rifle primer",
        "symbol" : "=",
        "color" : "dark_gray",
        "description" : "Primer from a large caliber rifle round.",
        "material" : ["steel", "powder"],
        "volume" : 1,
        "weight" : 1,
        "ammo_type" : "components",
        "count" : 200,
        "effects" : ["COOKOFF"]
    },
    {   "type" : "AMMO",
        "id" : "rubber_slug",
        "category" : "spare_parts",
        "price" : 1000,
        "name" : "rubber slug",
        "symbol" : "=",
        "color" : "dark_gray",
        "description" : "Rubber slugs from a shotgun beanbag round.  You could use them to make new beanbag rounds.",
        "material" : "plastic",
        "volume" : 1,
        "weight" : 2,
        "ammo_type" : "components",
        "count" : 25
    },
    {   "type" : "AMMO",
        "id" : "copper",
        "category" : "spare_parts",
        "price" : 1000,
        "name" : "copper",
        "symbol" : "=",
        "color" : "yellow",
        "description" : "Copper scraps.  Could be used to craft something, for example makeshift shotgun shells.",
        "material" : "copper",
        "volume" : 1,
        "weight" : 2,
        "ammo_type" : "components",
        "count" : 200
    },
    {    "type" : "AMMO",
        "id" : "solder_wire",
        "category" : "spare_parts",
        "price" : 5000,
        "name" : "solder",
        "symbol" : "=",
        "color" : "light_gray",
        "description" : "A small spool of solder, able to be used in ammunition and electronics.",
        "material" : "steel",
        "volume" : 0,
        "weight" : 3,
        "ammo_type" : "components",
        "count" : 200
    },
    {   "type" : "AMMO",
        "id" : "tin",
        "category" : "spare_parts",
        "price" : 750,
        "name" : "tin",
        "symbol" : "=",
        "color" : "light_gray",
        "description" : "Tin and pewter scraps.  Usable in making ammo.",
        "material" : "steel",
        "volume" : 0,
        "weight" : 3,
        "ammo_type" : "components",
        "count" : 10,
        "charges" : 200
    },
    {   "type" : "AMMO",
        "id" : "medical_tape",
        "category" : "spare_parts",
        "price" : 2000,
        "name" : "medical tape",
        "symbol" : "=",
        "color" : "white",
        "description" : "A roll of medical tape, similar to duct tape.",
        "material" : "plastic",
        "volume" : 1,
        "weight" : 3,
        "ammo_type" : "components",
        "count" : 35
    },
    {
        "type" : "AMMO",
        "id" : "RPG-7_ammo",
        "price" : 10000,
        "name" : "PG-7VL 93mm rocket",
        "symbol" : "=",
        "color" : "dark_gray",
        "description" : "93mm single-stage high-explosive ammunition for the RPG-7.",
        "material" : ["steel", "powder"],
        "volume" : 7,
        "weight" : 2600,
        "ammo_type" : "RPG-7",
        "damage" : 3000,
        "pierce" : 750,
        "range" : 60,
        "dispersion" : 75,
        "recoil" : 450,
        "effects" : ["COOKOFF", "EXPLOSIVE", "TRAIL", "NEVER_MISFIRES"]
    },
    {   "type" : "AMMO",
        "id" : "m235tpa",
        "price" : 200000,  "//" : "$500 per.  Cheap!",
        "name" : "M235 66mm TPA rocket",
        "symbol" : "=",
        "color" : "dark_gray",
        "description" : "66mm incendiary rockets used in the M202 FLASH rocket launcher.  Their warheads are filled with a thickened pyrophoric agent, which burns at 2200 degrees Fahrenheit.",
        "material" : ["steel", "powder"],
        "volume" : 8,
        "weight" : 1140,
        "ammo_type" : "m235",
        "damage" : 60,
        "pierce" : 10,
        "range" : 70,
        "dispersion" : 150,
        "recoil" : 150,
        "count" : 4,
        "effects" : ["COOKOFF", "NAPALM_BIG", "TRAIL", "NEVER_MISFIRES"]
    },
    {
        "type" : "AMMO",
        "id" : "generic_no_ammo",
        "price" : 0,
        "name" : "placeholder ammunition",
        "symbol" : "=",
        "color" : "red",
        "description" : "IF YOU ARE SEEING THIS IT IS A BUG.",
        "volume" : 0,
        "ammo_type" : "NULL",
        "flags" : ["UNRECOVERABLE"]
    },
    {
        "type" : "AMMO",
        "id" : "charcoal",
        "category" : "spare_parts",
        "price" : 200,
        "name" : "charcoal",
        "symbol" : "=",
        "color" : "dark_gray",
        "description" : "Charcoal is a flammable carbon based material obtained by removing water and other volatile constituents from animal and vegetation substances.  It is produced by slowly heating wood or other substances in the absence of oxygen.",
        "material" : "wood",
        "volume" : 1,
        "weight" : 44,
        "ammo_type" : "charcoal",
        "count" : 50,
        "stack_size" : 10
    },
    {
        "type" : "AMMO",
        "id" : "coal_lump",
        "category" : "spare_parts",
        "price" : 200,
        "name" : "coal",
        "symbol" : "=",
        "color" : "dark_gray",
        "description" : "Flammable black chunks of carbon-based material commonly used for cooking and heating.",
        "material" : "wood",
        "volume" : 1,
        "weight" : 44,
        "ammo_type" : "charcoal",
        "count" : 250,
        "stack_size" : 10
    },
    {   "type" : "AMMO",
        "id" : "mininuke_mod",
        "price" : 180000, "//" : "Never marketed pre-Cataclysm.",
        "name" : "modified mininuke",
        "symbol" : "*",
        "color" : "green",
        "description" : "A heavy modified handheld nuclear device.  Intended to be fired from a specialized launcher, its case has been cut down and it has been rigged to explode on impact.  While it is now somewhat lighter than before, it can no longer be triggered manually.",
        "material" : "plastic",
        "volume" : 3,
        "weight" : 3816,
        "bashing" : 8,
        "ammo_type" : "mininuke_mod",
        "damage" : 14,
        "stack_size" : 2,
        "effects" : ["MININUKE_MOD", "NEVER_MISFIRES"]
    },
    {   "type" : "AMMO",
        "id" : "ampoule",
        "category" : "drugs",
        "price" : 50000,
        "name" : "RA21E medical ampoule",
        "symbol" : "=",
        "color" : "cyan",
        "description" : "A tiny glass vial filled with advanced fast-healing chemicals which can only be activated by a Rivtech jet injector device.  A label on the side warns against using more than two doses per hour.",
        "material" : "glass",
        "volume" : 1,
        "weight" : 1,
        "ammo_type" : "ampoule",
        "count" : 2,
        "stack_size" : 20
    },
    {   "type" : "AMMO",
        "id" : "stimpack_ammo",
        "category" : "drugs",
        "price" : 30000,
        "name" : "RA10K stimulant module",
        "symbol" : "=",
        "color" : "cyan",
        "description" : "A pressurized multi-chamber glass vial filled with powerful chemical stimulants which can only be activated by a Rivtech stimulant delivery system.",
        "material" : "glass",
        "volume" : 1,
        "weight" : 1,
        "ammo_type" : "stimpack_ammo",
        "count" : 5,
        "stack_size" : 10
    },
    {   "type" : "AMMO",
        "id" : "rebreather_filter",
        "category" : "spare_parts",
        "price" : 2500,
        "name" : "rebreather filter cartridge",
        "symbol" : "=",
        "color" : "light_gray",
        "description" : "A replacement filter cartridge for a rebreather.",
        "material" : "aluminum",
        "volume" : 1,
        "weight" : 12,
        "ammo_type" : "rebreather_filter",
        "count" : 30
    },
    {
        "type": "AMMO",
        "id": "gasfilter_s",
        "category": "spare_parts",
        "price": 2500,
        "name": "filter mask cartridge",
        "symbol": "=",
        "color": "light_gray",
        "description": "Small replacement filter cartridge for air filtration masks.",
        "volume": 1,
        "weight": 1,
        "ammo_type": "gasfilter_s",
        "count": 100
    },
    {
        "type": "AMMO",
        "id": "gasfilter_m",
        "category": "spare_parts",
        "price": 2500,
        "name": "gas mask cartridge",
        "symbol": "=",
        "color": "light_gray",
        "description": "Medium replacement filter cartridge for air filtration masks.",
        "volume": 1,
        "weight": 2,
        "ammo_type": "gasfilter_m",
        "count": 100
    },
    {
        "type": "AMMO",
        "id": "gasfilter_l",
        "category": "spare_parts",
        "price": 2500,
        "name": "hazmat mask cartridge",
        "symbol": "=",
        "color": "light_gray",
        "description": "Heavy replacement filter cartridge for air filtration masks.",
        "volume": 1,
        "weight": 3,
        "ammo_type": "gasfilter_l",
        "count": 100
    },
    {   "type" : "AMMO",
        "id" : "nicotine_liquid",
        "category" : "spare_parts",
        "price" : 1000,
        "name" : "nicotine liquid",
        "symbol" : "=",
        "color" : "yellow",
        "description" : "A liquid that is made up of propylene glycol, vegetable glycerine, flavorings and nicotine.",
        "container" : "bottle_plastic_small",
        "phase" : "liquid",
        "volume" : 0,
        "weight" : 2,
        "ammo_type" : "components",
        "count" : 50
    },
    {
        "id" : "fish_bait",
        "type" : "AMMO",
        "category" : "spare_parts",
        "name" : "fish bait",
        "description" : "A bait used in traps to lure fish.",
        "weight" : 1,
        "volume" : 1,
        "symbol" : "=",
        "color" : "light_red",
        "count" : 20,
        "stack_size" : 50,
        "ammo_type" : "fish_bait"
    },
    {   "type" : "AMMO",
        "id" : "oxygen",
        "category" : "spare_parts",
        "price" : 12000, "//" : "This seems like the larger medical tank, not an instant-use model with mask attached",
        "name" : "oxygen",
        "symbol" : "=",
        "color" : "light_gray",
        "description" : "A canister of oxygen.",
        "material" : "steel",
        "volume" : 10,
        "weight" : 1183,
        "ammo_type" : "components",
        "count" : 10
    },
    {
        "type" : "AMMO",
        "id" : "spiked_rocket",
        "price" : 1000,
        "name" : "spiked home-made rocket",
        "symbol" : ",",
        "color" : "dark_gray",
        "description" : "A home-built rocket, consisting of a spike welded onto a pipe that was filled with improvised rocket fuel.  Horribly inaccurate, as can be expected of this grade of weapon, but packs a fierce punch... if it hits.",
        "material" : ["steel", "powder"],
        "volume" : 6,
        "weight" : 1510,
        "ammo_type" : "homebrew_rocket",
        "damage" : 80,
        "pierce" : 80,
        "range" : 18,
        "dispersion" : 180,
        "recoil" : 130,
        "effects" : ["COOKOFF", "TRAIL"]
     },
     {
        "type" : "AMMO",
        "id" : "explosive_hm_rocket",
        "price" : 2000,
        "name" : "explosive home-made rocket",
        "symbol" : ",",
        "color" : "dark_gray",
        "description" : "A home-built rocket, consisting of a simple explosive warhead attached onto a pipe, filled with improvised rocket fuel.  Not very powerful, but can be made from scratch.",
        "material" : ["steel", "powder"],
        "volume" : 5,
        "weight" : 990,
        "ammo_type" : "homebrew_rocket",
        "damage" : 500,
        "pierce" : 125,
        "range" : 23,
        "dispersion" : 170,
        "recoil" : 130,
        "effects" : ["COOKOFF", "TRAIL", "EXPLOSIVE"]
        },
        {
        "type" : "AMMO",
        "id" : "incendiary_hm_rocket",
        "price" : 1300,
        "name" : "incendiary home-made rocket",
        "symbol" : ",",
        "color" : "red",
        "description" : "A home-built rocket, consisting of a container of flammable gel attached onto a pipe, filled with improvised rocket fuel.  Short-range incendiary – handle with care!",
        "material" : ["steel", "powder"],
        "volume" : 6,
        "weight" : 1190,
        "ammo_type" : "homebrew_rocket",
        "damage" : 50,
        "pierce" : 15,
        "range" : 13,
        "dispersion" : 200,
        "recoil" : 130,
        "effects" : ["COOKOFF", "TRAIL", "NAPALM"]
        },
    {
        "type" : "AMMO",
        "id" : "unfinished_charcoal",
        "category" : "spare_parts",
        "price" : 0,
        "name" : "unfinished charcoal",
        "symbol" : "=",
        "color" : "brown",
        "description" : "The result of an interrupted charcoal making process.  Useless, except as fuel in a charcoal kiln.",
        "material" : "wood",
        "volume" : 1,
        "weight" : 300,
        "ammo_type" : "unfinished_char"
    },
    {
        "type" : "AMMO",
        "id" : "gas_fungicidal",
        "category" : "chems",
        "price" : 3500,
        "name" : "sprayable fungicide",
        "symbol" : "=",
        "color" : "yellow",
        "description" : "Fungicide enhanced with sulfur to create sprayable anti-fungal ammo for the chemical thrower.  Best be used with some kind of mask or mouth protection.",
        "volume" : 1,
        "weight" : 1,
        "phase" : "liquid",
        "ammo_type" : "chemical_spray",
        "range" : 4,
        "count" : 100,
        "effects" : [ "GAS_FUNGICIDAL", "STREAM_GAS_FUNGICIDAL", "NEVER_MISFIRES" , "JET"]
    },
    {
        "type" : "AMMO",
        "id" : "gas_chloramine",
        "category" : "chems",
        "price" : 3500,
        "name" : "sprayable toxic gas",
        "symbol" : "=",
        "color" : "green",
        "description" : "A hazardous mixture made from household cleaners, improvised for use in a chemical thrower.  Best be used with some kind of mask or mouth protection.",
        "volume" : 1,
        "weight" : 1,
        "phase" : "liquid",
        "ammo_type" : "chemical_spray",
        "range" : 4,
        "count" : 100,
        "effects" : [ "TOXICGAS", "NEVER_MISFIRES" , "JET"]
    },
    {
        "type" : "AMMO",
        "id" : "chain_link",
        "category" : "spare_parts",
        "price" : 150,
        "name" : "chain link",
        "symbol" : "=",
        "color" : "light_gray",
        "description" : "Small metal rings, suitable for constructing chainmail.",
        "material" : "iron",
        "volume" : 1,
        "weight" : 1,
        "ammo_type" : "components",
        "count" : 150
    }
]
