[
   {
      "type" : "AMMO",
      "id" : "arrow_fire_hardened_fletched",
      "price" : 900,
      "name" : "fire-hardened wooden arrow",
      "symbol" : "=",
      "color" : "green",
      "description" : "This simple arrow has a fire-hardened point and fletching.  Stands a below average chance of remaining intact once fired.",
      "material" : "wood",
      "volume" : 1,
      "weight" : 43,
      "bashing" : 3,
      "ammo_type" : "arrow",
      "damage" : 4,
      "range" : 6,
      "dispersion" : 190,
      "loudness": 0,
      "count" : 10,
      "effects" : ["RECOVER_5"]
   },
   {
      "type" : "AMMO",
      "id" : "arrow_field_point_fletched",
      "price" : 1000,
      "name" : "field point wooden arrow",
      "symbol" : "=",
      "color" : "green",
      "description" : "A simple arrow shaft that has a crude arrowhead and fletching.  Useful for hunting small woodland creatures or as a last ditch defense against zombies.  Stands a below average chance of remaining intact once fired.",
      "material" : "wood",
      "volume" : 1,
      "weight" : 46,
      "bashing" : 3,
      "ammo_type" : "arrow",
      "damage" : 7,
      "pierce" : 2,
      "range" : 6,
      "dispersion" : 175,
      "loudness": 0,
      "count" : 10,
      "effects" : ["RECOVER_5"]
   },
   {
      "type" : "AMMO",
      "id" : "arrow_small_game_fletched",
      "price" : 600,
      "name" : "small game arrow",
      "symbol" : "=",
      "color" : "green",
      "description" : "A simple arrow shaft that has a wide blunt head.  Useful for hunting small woodland creatures without splattering them all over the ground, but stands a below average chance of remaining intact once fired.",
      "material" : "wood",
      "volume" : 1,
      "weight" : 44,
      "bashing" : 4,
      "ammo_type" : "arrow",
      "damage" : 3,
      "range" : 6,
      "dispersion" : 210,
      "loudness": 0,
      "count" : 10,
      "effects" : [ "RECOVER_5", "NOGIB" ]
   },
   {
      "type" : "AMMO",
      "id" : "arrow_wood",
      "price" : 1000,
      "name" : "wooden arrow",
      "symbol" : "=",
      "color" : "green",
      "description" : "A basic wooden arrow, it has a metal arrowhead and fletching.  It's light-weight, does some damage, and is so-so on accuracy.  Stands a below average chance of remaining intact once fired.",
      "material" : "wood",
      "volume" : 1,
      "weight" : 51,
      "bashing" : 2,
      "cutting" : 1,
      "ammo_type" : "arrow",
      "damage" : 10,
      "pierce" : 3,
      "range" : 7,
      "dispersion" : 135,
      "loudness": 0,
      "count" : 10,
      "effects" : ["RECOVER_5"]
   },
   {
      "type" : "AMMO",
      "id" : "arrow_heavy_fire_hardened_fletched",
      "price" : 1000,
      "name" : "heavy fire-hardened arrow",
      "symbol" : "=",
      "color" : "green",
      "description" : "This arrow is significantly sturdier than other wooden arrows.  It has a fire-hardened point and fletching.  Stands a good chance of remaining intact once fired.",
      "material" : "wood",
      "volume" : 1,
      "weight" : 49,
      "bashing" : 4,
      "ammo_type" : "arrow",
      "damage" : 5,
      "pierce" : 2,
      "range" : 7,
      "dispersion" : 135,
      "loudness": 0,
      "count" : 10,
      "effects" : ["RECOVER_10"]
   },
   {
      "type" : "AMMO",
      "id" : "arrow_heavy_field_point_fletched",
      "price" : 1000,
      "name" : "heavy field point arrow",
      "symbol" : "=",
      "color" : "green",
      "description" : "This arrow is significantly sturdier than other wooden arrows.  It has a crude field point head and fletching.  Stands a good chance of remaining intact once fired.",
      "material" : "wood",
      "volume" : 1,
      "weight" : 57,
      "bashing" : 4,
      "ammo_type" : "arrow",
      "damage" : 6,
      "pierce" : 3,
      "range" : 7,
      "dispersion" : 135,
      "loudness": 0,
      "count" : 10,
      "effects" : ["RECOVER_10"]
   },
   {
      "type" : "AMMO",
      "id" : "arrow_wood_heavy",
      "price" : 2400,
      "name" : "heavy wooden arrow",
      "symbol" : "=",
      "color" : "green",
      "description" : "A heavy wooden arrow, with fletching and a metal arrowhead.  It's much heavier than other wooden arrows, and as a result it does more damage and is more stable in flight, resulting in better accuracy over a longer range.  Stands a good chance of remaining intact once fired.",
      "material" : "wood",
      "volume" : 1,
      "weight" : 57,
      "bashing" : 6,
      "cutting" : 2,
      "ammo_type" : "arrow",
      "damage" : 12,
      "pierce" : 5,
      "range" : 8,
      "dispersion" : 60,
      "loudness": 0,
      "count" : 10,
      "effects" : ["RECOVER_10"]
    },
    {
      "type" : "AMMO",
      "id" : "arrow_metal_sharpened_fletched",
      "price" : 1000,
      "name" : "sharpened metal arrow",
      "symbol" : "=",
      "color" : "green",
      "description" : "This metal shaft has been carefully sharpened so that it has a crude point at the end.  Stands a very good chance of remaining intact once fired.",
      "material" : "steel",
      "volume" : 1,
      "weight" : 55,
      "bashing" : 2,
      "ammo_type" : "arrow",
      "damage" : 5,
      "pierce" : 3,
      "range" : 5,
      "dispersion" : 285,
      "loudness": 0,
      "count" : 10,
      "effects" : ["RECOVER_15"]
   },
   {
      "type" : "AMMO",
      "id" : "arrow_metal",
      "price" : 5000,
      "name": "metal broadhead arrow",
      "symbol" : "=",
      "color" : "green",
      "description" : "This metal arrow has fletching and a steel arrowhead.  Stands a very good chance of remaining intact once fired.",
      "material" : "steel",
      "volume" : 1,
      "weight" : 63,
      "bashing" : 3,
      "cutting" : 2,
      "ammo_type" : "arrow",
      "damage" : 14,
      "pierce" : 7,
      "range" : 10,
      "dispersion": 80,
      "loudness": 0,
      "count" : 10,
      "effects": ["RECOVER_50"]
   },
   {
         "type": "AMMO",
      "id": "arrow_metal_bodkin",
      "price": 4000,
      "name": "metal bodkin arrow",
      "symbol": "=",
      "color": "green",
      "description": "This metal arrow has fletching and a steel bodkin arrowhead for armor penetration.  Stands a very good chance of remaining intact once fired.",
      "material": "steel",
      "volume": 1,
      "weight": 60,
      "bashing": 3,
      "cutting": 2,
      "ammo_type": "arrow",
      "damage": 10,
      "pierce": 15,
      "range": 12,
      "dispersion": 75,
      "loudness": 0,
      "count": 10,
      "effects": ["RECOVER_50"]
   },
   {
      "type": "AMMO",
      "id": "arrow_metal_target",
      "price": 4000,
      "name": "metal target arrow",
      "symbol": "=",
      "color": "green",
      "description": "This metal arrow has extra long fletching and a round, balanced arrowhead for extra accuracy, at the cost of some damage.  Stands a very good chance of remaining intact once fired.",
      "material": "steel",
      "volume": 1,
      "weight": 50,
      "bashing": 3,
      "cutting": 2,
      "ammo_type": "arrow",
      "damage": 12,
      "pierce": 5,
      "range": 14,
      "dispersion": 50,
      "loudness": 0,
      "count": 10,
      "effects": ["RECOVER_60"]
   },
   {
      "type" : "AMMO",
      "id" : "arrow_cf",
      "price" : 9500,
      "name" : "carbon fiber arrow",
      "symbol" : "=",
      "color" : "green",
      "description" : "High-tech carbon fiber shafts and 100 grain broadheads.  Very lightweight, fast, and durable.  Stands a great chance of remaining intact once fired.",
      "material" : "kevlar",
      "volume" : 2,
      "weight" : 10,
      "bashing" : 1,
      "ammo_type" : "arrow",
      "damage" : 16,
      "pierce" : 8,
      "range" : 14,
      "dispersion" : 65,
      "loudness": 0,
      "count" : 8,
      "stack_size" : 10,
      "effects" : ["RECOVER_80"]
   },
   {
      "type" : "AMMO",
      "id" : "arrow_exploding",
      "price" : 5000,
      "name" : "explosive arrow",
      "symbol" : "=",
      "color" : "green",
      "description" : "This arrow has a small IED strapped to its tip.  Horribly inaccurate, heavy, and bulky, not only does this contraption require expert hands to pull off a shot, it requires one to loose this with a small measure of confidence the shooter won't be caught in the blast radius.",
      "material" : ["steel", "powder"],
      "volume" : 2,
      "weight" : 633,
      "bashing" : 2,
      "ammo_type" : "arrow",
      "damage" : 15,
      "pierce" : 9,
      "range" : 5,
      "dispersion" : 285,
      "loudness": 0,
      "count" : 5,
      "effects" : ["EXPLOSIVE_SMALL"]
   },
   {
      "type":"GENERIC",
      "id" : "exploding_arrow_warhead",
      "category" : "spare_parts",
      "symbol" : "=",
      "color" : "green",
      "name" : "explosive arrowhead",
      "description" : "This simple IED is designed to be attached to an arrow and detonate on impact.",
      "price" : 2000,
      "material" : "steel",
      "weight" : 562,
      "volume" : 1,
      "bashing" : 10,
      "to_hit" : -1,
      "count" : 5,
      "effects" : ["EXPLOSIVE_SMALL"]
   },
   {
      "type" : "AMMO",
      "id" : "arrow_flamming",
      "price" : 1200,
      "name" : "flaming arrow",
      "symbol" : "=",
      "color" : "green",
      "description" : "This arrow has a flaming rag wrapped around the shaft near the head.  You should shoot it soon before it burns your bow.",
      "material" : "steel",
      "volume" : 2,
      "weight" : 150,
      "bashing" : 2,
      "ammo_type" : "arrow",
      "damage" : 15,
      "pierce" : 9,
      "range" : 5,
      "dispersion" : 285,
      "loudness": 0,
      "count" : 5,
      "effects" : ["IGNITE"]
   },
   {
      "id" : "selfbow",
      "type" : "GUN",
      "symbol" : "(",
      "color" : "yellow",
      "name" : "self bow",
      "description" : "A primitive bow made from a single piece of wood, made specifically for the person using it.  Not that well, unfortunately...",
      "price" : 10000, "//" : "Not exactly something that would have high resale value, I'm afraid.",
      "material" : "wood",
      "flags" : ["FIRE_TWOHAND", "RELOAD_AND_SHOOT", "PRIMITIVE_RANGED_WEAPON", "BELTED"],
      "reload_noise_volume": 3,
      "loudness": 8,
      "skill" : "archery",
      "ammo" : "arrow",
      "weight" : 1360,
      "volume" : 10,
      "bashing" : 6,
      "armor_data" : {
         "covers" : ["TORSO"],
         "coverage" : 5,
         "material_thickness" : 1,
         "encumbrance" : 20
      },
      "ranged_damage" : 5,
      "range" : 5,
      "dispersion" : 250,
      "durability" : 6,
      "clip_size" : 1,
      "reload" : 50
   },
   {
      "id" : "shortbow",
      "type" : "GUN",
      "symbol" : "(",
      "color" : "yellow",
      "name" : "short bow",
      "description" : "Shorter than the longbow and not as powerful, this bow is easier to draw and can be used effectively by those of average strength.  Quick, small, but not very powerful.  Good for small game or the survivor on the go.",
      "price" : 16000,
      "material" : "wood",
      "flags" : ["FIRE_TWOHAND", "STR_DRAW", "RELOAD_AND_SHOOT", "PRIMITIVE_RANGED_WEAPON", "BELTED"],
      "skill" : "archery",
      "min_strength": 4,
      "ammo" : "arrow",
      "weight" : 340,
      "volume" : 6,
      "bashing" : 6,
      "armor_data" : {
         "covers" : ["TORSO"],
         "coverage" : 5,
         "material_thickness" : 1,
         "encumbrance" : 14
      },
      "reload_noise_volume": 3,
      "loudness": 6,
      "ranged_damage" : 4,
      "range" : 4,
      "dispersion" : 210,
      "durability" : 6,
      "clip_size" : 1,
      "reload" : 30
   },
   {
      "id" : "compbow",
      "type" : "GUN",
      "symbol" : "(",
      "color" : "yellow",
      "name" : "compound bow",
      "description" : "A high-power bow with shaped cams and extra cables for high velocity shots that can be used effectively by fairly strong archers.  Currently set to a medium weight.",
      "price" : 55000,
      "material" : ["steel", "plastic"],
      "flags" : ["FIRE_TWOHAND", "RELOAD_AND_SHOOT"],
      "skill" : "archery",
      "min_strength" : 6,
      "ammo" : "arrow",
      "weight" : 907,
      "volume" : 6,
      "bashing" : 8,
      "to_hit" : 1,
      "reload_noise_volume": 3,
      "loudness": 10,
      "ranged_damage" : 18,
      "range" : 18,
      "dispersion" : 100,
      "durability" : 6,
      "clip_size" : 1,
      "reload": 110,
      "valid_mod_locations": [["underbarrel", 1],[ "sights", 1 ],[ "accessories", 2 ],["stabilizer", 1],["dampening", 1]],
      "use_action": {
        "menu_text": "Tighten Limbs",
        "type": "transform",
        "target": "compbow_high",
        "msg": "You tighten the limbs, increasing the strength of the bow."
      }
   },
   {
      "id" : "compbow_high",
      "copy-from" : "compbow",
      "override" : true,
      "type" : "GUN",
      "name" : "compound bow (high)",
      "name_plural" : "compound bows (high)",
      "description" : "A high-power bow with shaped cams and extra cables for high velocity shots that can be used effectively by very strong archers.  Currently set to a high weight, and ready to cause some real damage if you can draw it.",
      "min_strength" : 8,
      "dispersion" : 85,
      "reload" : 120,
      "ranged_damage" : 22,
      "range" : 22,
      "use_action" : {
        "menu_text" : "Loosen Limbs",
        "type" : "transform",
        "target" : "compbow_low",
        "msg" : "You loosen the limbs, decreasing the strength of the bow."
      }
   },
   {
      "id" : "compbow_low",
      "copy-from" : "compbow",
      "override" : true,
      "type" : "GUN",
      "name" : "compound bow (low)",
      "name_plural" : "compound bows (low)",
      "description" : "A high-power bow with shaped cams and extra cables for high velocity shots that can be used effectively by average archers.  Currently set to a low weight, and much easier to draw.",
      "min_strength" : 4,
      "dispersion" : 115,
      "reload" : 85,
      "ranged_damage" : 14,
      "range" : 14,
      "use_action" : {
        "menu_text" : "Tighten Limbs",
        "type" : "transform",
        "target" : "compbow",
        "msg" : "You tighten the limbs, increasing the strength of the bow."
      }
   },
   {
      "id" : "compositebow",
      "type" : "GUN",
      "symbol" : "(",
      "color" : "yellow",
      "name" : "composite bow",
      "description" : "A bow made from multiple materials for increased energy efficiency.  Complicated to make, but stronger than an all-wood shortbow.",
      "price" : 32000,
      "material" : ["wood", "bone"],
      "flags" : ["FIRE_TWOHAND", "STR_DRAW", "RELOAD_AND_SHOOT", "PRIMITIVE_RANGED_WEAPON", "BELTED"],
      "skill" : "archery",
      "min_strength" : 5,
      "ammo" : "arrow",
      "weight" : 400,
      "volume" : 7,
      "bashing" : 8,
      "armor_data" : {
         "covers" : ["TORSO"],
         "coverage" : 5,
         "material_thickness" : 1,
         "encumbrance" : 14
      },
      "reload_noise_volume": 3,
      "loudness": 6,
      "ranged_damage" : 5,
      "range" : 5,
      "dispersion" : 150,
      "durability" : 6,
      "clip_size" : 1,
      "reload" : 35
   },
   {
      "id" : "recurbow",
      "type" : "GUN",
      "symbol" : "(",
      "color" : "yellow",
      "name" : "recurve bow",
      "description" : "A modern bow that curves away from the archer at the tips for increased power, which can be used effectively by those of somewhat above-average strength.  Good and easy to use, but nothing special.",
      "price" : 38000,
      "material" : ["steel", "plastic"],
      "flags" : ["FIRE_TWOHAND", "STR_DRAW", "RELOAD_AND_SHOOT", "PRIMITIVE_RANGED_WEAPON", "BELTED"],
      "skill" : "archery",
      "min_strength" : 5,
      "ammo" : "arrow",
      "weight" : 540,
      "volume" : 10,
      "bashing" : 12,
      "armor_data" : {
         "covers" : ["TORSO"],
         "coverage" : 5,
         "material_thickness" : 1,
         "encumbrance" : 20
      },
      "reload_noise_volume": 3,
      "loudness": 8,
      "ranged_damage" : 14,
      "range" : 14,
      "dispersion" : 120,
      "durability" : 6,
      "clip_size" : 1,
      "reload": 90,
      "valid_mod_locations": [["underbarrel", 1],[ "sights", 1 ],[ "accessories", 2 ],["stabilizer", 1],["dampening", 1]]
   },
   {
      "id" : "reflexbow",
      "type" : "GUN",
      "symbol" : "(",
      "color" : "yellow",
      "name" : "reflex bow",
      "description" : "A bow with limbs that curve away from the archer near the riser for power.  Smaller than some bows, but decently powerful and quite quick.",
      "price" : 42000,
      "material" : ["wood", "bone"],
      "flags" : ["FIRE_TWOHAND", "STR_DRAW", "RELOAD_AND_SHOOT", "PRIMITIVE_RANGED_WEAPON", "BELTED"],
      "skill" : "archery",
      "ammo" : "arrow",
      "min_strength" : 5,
      "weight" : 400,
      "volume" : 6,
      "bashing" : 12,
      "armor_data" : {
         "covers" : ["TORSO"],
         "coverage" : 5,
         "material_thickness" : 1,
         "encumbrance" : 14
      },
      "reload_noise_volume": 3,
      "loudness": 6,
      "ranged_damage" : 6,
      "range" : 6,
      "dispersion" : 120,
      "durability" : 6,
      "clip_size" : 1,
      "reload": 40
   },
   {
      "id" : "longbow",
      "type" : "GUN",
      "symbol" : "(",
      "color" : "yellow",
      "name" : "longbow",
      "description" : "A six-foot wooden bow that takes a fair amount of strength to draw.  It can be used effectively by those of somewhat above-average strength.  Used mainly in medieval England in wartime, but pierces zombie hide just as well as chainmail.",
      "price" : 50000,
      "material" : "wood",
      "flags" : ["FIRE_TWOHAND", "STR_DRAW", "RELOAD_AND_SHOOT", "PRIMITIVE_RANGED_WEAPON", "BELTED"],
      "skill" : "archery",
      "min_strength" : 5,
      "ammo" : "arrow",
      "weight" : 680,
      "volume" : 14,
      "bashing" : 10,
      "armor_data" : {
         "covers" : ["TORSO"],
         "coverage" : 5,
         "material_thickness" : 1,
         "encumbrance" : 20
      },
      "reload_noise_volume": 3,
      "loudness": 8,
      "ranged_damage" : 10,
      "range" : 10,
      "dispersion" : 210,
      "durability" : 6,
      "clip_size" : 1,
      "reload" : 70
   },
   {
      "id" : "reflexrecurvebow",
      "type" : "GUN",
      "symbol" : "(",
      "color" : "yellow",
      "name" : "reflex recurve bow",
      "description" : "A modernized bow that combines the traits from both the reflex and the recurve bows, with both limbs and tips curving away from the archer, and reinforced with composite materials.  This dramatically increases the power and requires significant strength to draw the bow effectively, but can still be fired quickly.",
      "price" : 72000,
      "material" : ["wood"],
      "flags" : ["FIRE_TWOHAND", "STR_DRAW", "RELOAD_AND_SHOOT", "PRIMITIVE_RANGED_WEAPON", "BELTED"],
      "skill" : "archery",
      "min_strength" : 6,
      "ammo" : "arrow",
      "weight" : 450,
      "volume" : 8,
      "bashing" : 12,
      "armor_data" : {
         "covers" : ["TORSO"],
         "coverage" : 5,
         "material_thickness" : 1,
         "encumbrance" : 14
      },
      "reload_noise_volume": 3,
      "loudness": 8,
      "ranged_damage" : 8,
      "range" : 8,
      "dispersion" : 120,
      "durability" : 6,
      "clip_size" : 1,
      "reload" : 40,
      "valid_mod_locations": [["underbarrel", 1],[ "sights", 1 ],[ "accessories", 2 ],["stabilizer", 1],["dampening", 1]]
   },
    {   "type" : "AMMO",
        "id" : "throwing_knife",
        "category" : "weapons",
        "price" : 5200,
        "name" : "throwing knife",
        "name_plural" : "throwing knives",
        "symbol" : ";",
        "color" : "light_gray",
        "description" : "A thin and flat knife made for throwing.  Its ineffective cutting edge and odd shape makes it unsuitable for use as a tool.",
        "material" : "steel",
        "volume" : 1,
        "weight" : 268,
        "bashing" : 1,
        "cutting" : 10,
        "thrown_damage" : [
            { "damage_type": "cut", "amount": 14 }
        ],
        "ammo_type" : "thrown",
        "count" : 5
    },
    {
        "type" : "AMMO",
        "id" : "throwing_axe",
        "category" : "weapons",
        "price" : 12400,
        "name" : "throwing axe",
        "symbol" : ";",
        "color" : "light_gray",
        "description" : "A lightweight hatchet made for throwing.  Its ineffective cutting edge and light weight makes it unsuitable for use as a tool.",
        "material" : ["steel", "wood"],
        "volume" : 3,
        "weight" : 792,
        "bashing" : 6,
        "cutting" : 16,
        "thrown_damage" : [
            { "damage_type": "bash", "amount": 6 },
            { "damage_type": "cut", "amount": 16 }
        ],
        "ammo_type" : "thrown",
        "count" : 3
    },
    {
        "type" : "AMMO",
        "id" : "lawn_dart",
        "category" : "weapons",
        "price" : 1000,
        "name" : "lawn dart",
        "symbol" : ";",
        "color" : "yellow",
        "description" : "A large plastic dart made for outdoor games.",
        "material" : ["plastic", "iron"],
        "volume" : 2,
        "weight" : 175,
        "to_hit" : -1,
        "cutting" : 8,
        "thrown_damage" : [
            { "damage_type": "stab", "amount": 16 }
        ],
        "ammo_type" : "thrown",
        "count" : 2
    },
    {
        "type" : "AMMO",
        "id" : "fishspear",
        "price" : 4000,
        "name" : "wooden fishing spear",
        "symbol" : "=",
        "color" : "brown",
        "description" : "An underwater fishing spear made from wood tipped with steel.  It's very light, but doesn't have much range.  Stands a below average chance of remaining intact once fired.",
        "material" : "wood",
        "volume" : 1,
        "weight" : 18,
        "bashing" : 1,
        "ammo_type" : "fishspear",
        "damage" : 12,
        "pierce" : 4,
        "range" : 6,
        "dispersion" : 150,
        "loudness": 0,
        "count" : 4,
        "effects" : ["RECOVER_5"]
    },
    {
        "type" : "AMMO",
        "id" : "m_fishspear",
        "price" : 16000,
        "name" : "metal fishing spear",
        "symbol" : "=",
        "color" : "light_gray",
        "description" : "An underwater fishing spear made from metal.  It's light, but doesn't have much range.  Stands a very good chance of remaining intact once fired.",
        "material" : "iron",
        "volume" : 1,
        "weight" : 28,
        "bashing" : 1,
        "ammo_type" : "fishspear",
        "damage" : 14,
        "pierce" : 8,
        "range" : 6,
        "dispersion" : 120,
        "loudness": 0,
        "count" : 4,
        "effects" : ["RECOVER_15"]
    },
    {
        "type" : "AMMO",
        "id" : "c_fishspear",
        "price" : 32000,
        "name" : "carbon fiber fishing spear",
        "symbol" : "=",
        "color" : "dark_gray",
        "description" : "An underwater fishing spear made from carbon fiber.  It's very light, but doesn't have much range.  Stands a bad chance of remaining intact once fired.",
        "material" : "kevlar",
        "volume" : 1,
        "weight" : 12,
        "bashing" : 1,
        "ammo_type" : "fishspear",
        "damage" : 14,
        "pierce" : 12,
        "range" : 10,
        "dispersion" : 90,
        "loudness": 0,
        "count" : 4,
        "effects" : ["RECOVER_3"]
    },
    {
        "id":"arrow_plastic",
        "type":"AMMO",
        "symbol":"=",
        "color":"green",
        "name":"plastic arrow",
        "description":"This plastic arrow has a plastic arrowhead and fletching.  Stands a good chance of remaining intact once fired.",
        "price": 2000,
        "material":"plastic",
        "volume":1,
        "weight":8,
        "bashing":2,
        "cutting":1,
        "ammo_type":"arrow",
        "damage":8,
        "pierce":1,
        "range":12,
        "dispersion":125,
        "loudness": 0,
        "count":10,
        "effects" : ["RECOVER_10"]
    }
]
