[
  {
    "abstract": "bionic_general",
    "type": "BIONIC_ITEM",
    "category": "bionics",
    "name": "abstract bionic module",
    "weight": 2041,
    "volume": 10,
    "bashing": 8,
    "material": [ "steel", "plastic" ],
    "symbol": ":",
    "color": "yellow",
    "use_action": "install_bionic",
    "flags": [ "CBM" ]
  },
  {
    "id": "bio_adrenaline",
    "copy-from": "bionic_general",
    "type": "BIONIC_ITEM",
    "name": "Adrenaline Pump CBM",
    "description": "A stimulator system has been implanted alongside your adrenal glands, allowing you to trigger your body's adrenaline response at the cost of some bionic power.",
    "price": 4000,
    "difficulty": 6
  },
  {
    "id": "bio_ads",
    "copy-from": "bionic_general",
    "type": "BIONIC_ITEM",
    "name": "Active Defense System CBM",
    "description": "A thin forcefield surrounds your body, continually draining power.  Anything attempting to penetrate this field has a chance of being deflected at the cost of energy.  Bullets will be stopped more often than swords and those in turn more often than massive objects.",
    "price": 950000,
    "difficulty": 7
  },
  {
    "id": "bio_advreactor",
    "copy-from": "bionic_general",
    "type": "BIONIC_ITEM",
    "name": "Advanced Microreactor CBM",
    "description": "This stripped down mini-reactor is safer than it appears due to integrated radiation cleansers.  There is no way to shut it down, but you can toggle additional fuel intake.",
    "price": 900000,
    "difficulty": 13
  },
  {
    "id": "bio_alarm",
    "copy-from": "bionic_general",
    "type": "BIONIC_ITEM",
    "name": "Alarm System CBM",
    "description": "A motion-detecting alarm system will notice almost all movement within a fifteen-foot radius, and will silently alert you.  This is very useful during sleep, or if you suspect a cloaked pursuer.",
    "price": 25000,
    "difficulty": 1
  },
  {
    "id": "bio_armor_arms",
    "copy-from": "bionic_general",
    "type": "BIONIC_ITEM",
    "name": "Arms Alloy Plating CBM",
    "description": "The flesh on your arms has been replaced by a strong armor, protecting you greatly.",
    "price": 350000,
    "difficulty": 3
  },
  {
    "id": "bio_armor_eyes",
    "copy-from": "bionic_general",
    "type": "BIONIC_ITEM",
    "name": "Protective Lenses CBM",
    "description": "Your eye sockets have been sealed with highly protective mirrored lenses and your tear ducts have been re-routed to your mouth.  When you cry, you must spit out or swallow your tears.",
    "price": 550000,
    "difficulty": 5
  },
  {
    "id": "bio_armor_head",
    "copy-from": "bionic_general",
    "type": "BIONIC_ITEM",
    "name": "Head Alloy Plating CBM",
    "description": "The flesh on your head has been replaced by a strong armor, protecting both your head and jaw regions.",
    "price": 350000,
    "difficulty": 5
  },
  {
    "id": "bio_armor_legs",
    "copy-from": "bionic_general",
    "type": "BIONIC_ITEM",
    "name": "Legs Alloy Plating CBM",
    "description": "The flesh on your legs has been replaced by a strong armor, protecting you greatly.",
    "price": 350000,
    "difficulty": 3
  },
  {
    "id": "bio_armor_torso",
    "copy-from": "bionic_general",
    "type": "BIONIC_ITEM",
    "name": "Torso Alloy Plating CBM",
    "description": "The flesh on your torso has been replaced by a strong armor, protecting you greatly.",
    "price": 350000,
    "difficulty": 4
  },
  {
    "id": "bio_batteries",
    "copy-from": "bionic_general",
    "type": "BIONIC_ITEM",
    "name": "Battery System CBM",
    "description": "You have a battery draining attachment, and thus can make use of the energy contained in normal, everyday batteries.  Use 'E' to consume batteries.  Can be toggled on and off at will.",
    "price": 80000,
    "difficulty": 4
  },
  {
    "id": "bio_blade",
    "copy-from": "bionic_general",
    "type": "BIONIC_ITEM",
    "name": "Monomolecular Blade CBM",
    "description": "A deadly foot-long blade made of advanced material now resides inside your forearm, capable of being extended through the back of your wrist at the cost of a small amount of power.  Though exceptionally sharp, it will prevent you from holding anything else while extended.",
    "price": 8000,
    "difficulty": 8
  },
  {
    "id": "bio_blaster",
    "copy-from": "bionic_general",
    "type": "BIONIC_ITEM",
    "name": "Fusion Blaster Arm CBM",
    "description": "Your left arm has been replaced by a heavy-duty fusion blaster!  You may use your energy banks to fire a damaging heat ray.  However, you are unable to use or carry two-handed items, and your strength limits what you can use with your one hand.",
    "price": 220000,
    "difficulty": 3
  },
  {
    "id": "bio_blood_anal",
    "copy-from": "bionic_general",
    "type": "BIONIC_ITEM",
    "name": "Blood Analysis CBM",
    "description": "Small sensors have been implanted in your heart, allowing you to analyze your blood.  This will detect many illnesses, drugs, and other conditions.",
    "price": 320000,
    "difficulty": 2
  },
  {
    "id": "bio_blood_filter",
    "copy-from": "bionic_general",
    "type": "BIONIC_ITEM",
    "name": "Blood Filter CBM",
    "description": "A filtration system in your heart allows you to actively filter out chemical impurities, primarily drugs.  It will have limited impact on viruses.  Note that it is not a targeted filter; ALL drugs in your system will be affected.",
    "price": 350000,
    "difficulty": 3
  },
  {
    "id": "bio_cable",
    "copy-from": "bionic_general",
    "type": "BIONIC_ITEM",
    "name": "Cable Charger System CBM",
    "description": "You have a complex port mounted above your hip.  While active, it will drain power through a jumper cable held on your person.",
    "price": 80000,
    "difficulty": 4
  },
  {
    "id": "bio_carbon",
    "copy-from": "bionic_general",
    "type": "BIONIC_ITEM",
    "name": "Subdermal Carbon Filament CBM",
    "description": "Lying just beneath your skin is a thin armor made of carbon nanotubes.  This reduces bashing damage by 2 and cutting damage by 4.",
    "price": 750000,
    "difficulty": 9
  },
  {
    "id": "bio_chain_lightning",
    "copy-from": "bionic_general",
    "type": "BIONIC_ITEM",
    "name": "Chain Lightning CBM",
    "description": "Your body is equipped with a chain lightning generator, allowing you to emit a blast of lightning at a target, leaving a trail of lightning in its wake, jumping to additional targets within 4 tiles of the previous target.",
    "price": 220000,
    "difficulty": 4
  },
  {
    "id": "bio_claws",
    "copy-from": "bionic_general",
    "type": "BIONIC_ITEM",
    "name": "Bionic Claws CBM",
    "description": "Vicious claws have been installed inside your fingers, allowing you to extend and retract them at the cost of a small amount of power.  These do considerable cutting damage, but prevent you from holding anything else while extended.",
    "price": 550000,
    "difficulty": 5
  },
  {
    "id": "bio_climate",
    "copy-from": "bionic_general",
    "type": "BIONIC_ITEM",
    "name": "Internal Climate Control CBM",
    "description": "Throughout your body lies a network of thermal piping which eases the effects of high and low ambient temperatures.",
    "price": 350000,
    "difficulty": 3
  },
  {
    "id": "bio_cloak",
    "copy-from": "bionic_general",
    "type": "BIONIC_ITEM",
    "name": "Cloaking System CBM",
    "description": "This high-power system uses a set of cameras and LEDs to make you blend into your background, rendering you fully invisible to normal vision.  However, you may be detected by infrared, sonar, etc.",
    "price": 850000,
    "difficulty": 5
  },
  {
    "id": "bio_cqb",
    "copy-from": "bionic_general",
    "type": "BIONIC_ITEM",
    "name": "Close Quarters Battle CBM",
    "description": "Bionic processors and databanks, loaded with martial arts combat programs, are integrated into your nervous system.  Whilst active, the CQB module will improve your hand to hand combat skills.",
    "price": 220000,
    "difficulty": 8
  },
  {
    "id": "bio_dex_enhancer",
    "copy-from": "bionic_general",
    "type": "BIONIC_ITEM",
    "name": "Wired Reflexes CBM",
    "description": "Your reaction time has been greatly enhanced with bionic nerve stimulators, giving you a +2 bonus to dexterity.",
    "price": 800000,
    "difficulty": 11
  },
  {
    "id": "bio_digestion",
    "copy-from": "bionic_general",
    "type": "BIONIC_ITEM",
    "name": "Expanded Digestive System CBM",
    "description": "You have been outfitted with three synthetic stomachs and industrial-grade intestines.  Not only can you extract much more nutrition from food, but you are highly resistant to foodborne illness, and can sometimes eat rotten food.",
    "price": 550000,
    "difficulty": 6
  },
  {
    "id": "bio_ears",
    "copy-from": "bionic_general",
    "type": "BIONIC_ITEM",
    "name": "Enhanced Hearing CBM",
    "description": "When this bionic is active, your hearing will be drastically improved, allowing you to hear ten times better than the average person.  Additionally, high-intensity sounds will be automatically dampened before they can damage your hearing.",
    "price": 500000,
    "difficulty": 6
  },
  {
    "id": "bio_emp",
    "copy-from": "bionic_general",
    "type": "BIONIC_ITEM",
    "name": "Directional EMP CBM",
    "description": "Mounted in the palms of your hand are small parabolic EMP field generators.  You may use power to fire a short-ranged blast which will disable electronics and robots.",
    "price": 720000,
    "difficulty": 5
  },
  {
    "id": "bio_ethanol",
    "copy-from": "bionic_general",
    "type": "BIONIC_ITEM",
    "name": "Ethanol Burner CBM",
    "description": "You burn alcohol as fuel in an extremely efficient reaction.  However, you will still suffer the inebriating effects of the substance.",
    "price": 120000,
    "difficulty": 4
  },
  {
    "id": "bio_evap",
    "copy-from": "bionic_general",
    "type": "BIONIC_ITEM",
    "name": "Aero-Evaporator CBM",
    "description": "This unit draws moisture from the surrounding air, which then is poured from a fingertip in the form of water.  It may fail in very dry environments.",
    "price": 550000,
    "difficulty": 4
  },
  {
    "id": "bio_eye_enhancer",
    "copy-from": "bionic_general",
    "type": "BIONIC_ITEM",
    "name": "Diamond Cornea CBM",
    "description": "Your vision is greatly enhanced, giving you a +2 bonus to perception.",
    "price": 800000,
    "difficulty": 11
  },
  {
    "id": "bio_eye_optic",
    "copy-from": "bionic_general",
    "type": "BIONIC_ITEM",
    "name": "Telescopic Eyes CBM",
    "description": "Much of the material in your inner eye has been removed and replaced with an array of high-powered, auto-focusing lenses.  You can now see much farther and more clearly than before, any vision problems you might have had are now gone.",
    "price": 500000,
    "difficulty": 5
  },
  {
    "id": "bio_face_mask",
    "copy-from": "bionic_general",
    "type": "BIONIC_ITEM",
    "name": "Facial Distortion CBM",
    "description": "Through controlled application of electrochemical impulses, you are capable of altering your facial structure so as to subtly affect the reactions of others.  This grants a bonus to all social interactions.",
    "price": 850000,
    "difficulty": 5
  },
  {
    "id": "bio_faraday",
    "copy-from": "bionic_general",
    "type": "BIONIC_ITEM",
    "name": "Dielectric Capacitance System CBM",
    "description": "Throughout your body lies a network of miniature piezoelectric capacitors which can be charged with bionic power to temporarily protect you from external electrical discharge.",
    "price": 5000,
    "difficulty": 5
  },
  {
    "id": "bio_fingerhack",
    "copy-from": "bionic_general",
    "type": "BIONIC_ITEM",
    "name": "Fingerhack CBM",
    "description": "One of your fingers has an electrohack embedded in it; an all-purpose hacking unit used to override control panels and the like (but not computers).  Skill in computers is important, and a failed use may damage your circuits.",
    "price": 350000,
    "difficulty": 2
  },
  {
    "id": "bio_flashbang",
    "copy-from": "bionic_general",
    "type": "BIONIC_ITEM",
    "name": "Flashbang Generator CBM",
    "description": "Light emitting diodes integrated into your skin can release a flash comparable to a flashbang grenade, blinding nearby enemies.  Speakers integrated into your body mimic the loud sound, deafening those nearby.",
    "price": 720000,
    "difficulty": 5
  },
  {
    "id": "bio_flashlight",
    "copy-from": "bionic_general",
    "type": "BIONIC_ITEM",
    "name": "Cranial Flashlight CBM",
    "description": "Mounted between your eyes is a small but powerful LED flashlight.",
    "price": 20000,
    "difficulty": 2
  },
  {
    "id": "bio_furnace",
    "copy-from": "bionic_general",
    "type": "BIONIC_ITEM",
    "name": "Internal Furnace CBM",
    "description": "When this bionic is active, you can burn nearly any organic material as fuel (use 'E'), recharging your power level.  Some materials will burn better than others.",
    "price": 450000,
    "difficulty": 4
  },
  {
    "id": "bio_geiger",
    "copy-from": "bionic_general",
    "type": "BIONIC_ITEM",
    "name": "Integrated Dosimeter CBM",
    "description": "Small radiation sensors have been implanted throughout your body, allowing you to analyze your level of absorbed radiation.  They will also alert you whenever exposed to environmental radiation.",
    "price": 350000,
    "difficulty": 3
  },
  {
    "id": "bio_gills",
    "copy-from": "bionic_general",
    "type": "BIONIC_ITEM",
    "name": "Oxygenator CBM",
    "description": "A complex oxygen delivery system.  Improves the ability to extract oxygen from air and allows extracting it from water.  Will automatically turn on when drowning.  Turn on to recharge stamina faster, at moderate power cost.",
    "price": 450000,
    "difficulty": 6
  },
  {
    "id": "bio_ground_sonar",
    "copy-from": "bionic_general",
    "type": "BIONIC_ITEM",
    "name": "Terranian Sonar CBM",
    "description": "Your feet are equipped with precision sonar equipment, allowing you to detect the movements of creatures below the ground.",
    "price": 450000,
    "difficulty": 5
  },
  {
    "id": "bio_heat_absorb",
    "copy-from": "bionic_general",
    "type": "BIONIC_ITEM",
    "name": "Heat Drain CBM",
    "description": "While fighting unarmed against a warm-blooded opponent, there is a chance that a successful hit will drain body heat, inflicting a small amount of extra damage, and increasing your power reserves slightly.",
    "price": 550000,
    "difficulty": 5
  },
  {
    "id": "bio_heatsink",
    "copy-from": "bionic_general",
    "type": "BIONIC_ITEM",
    "name": "Thermal Dissipation CBM",
    "description": "Powerful heatsinks and supermaterials are woven into your flesh.  While powered, this system will prevent heat damage up to 2000 degrees Fahrenheit.  Note that this does not affect your internal temperature.",
    "price": 350000,
    "difficulty": 3
  },
  {
    "id": "bio_hydraulics",
    "copy-from": "bionic_general",
    "type": "BIONIC_ITEM",
    "name": "Hydraulic Muscles CBM",
    "description": "While activated, your muscles will be greatly enhanced, increasing your strength by 20.",
    "price": 400000,
    "difficulty": 6
  },
  {
    "id": "bio_infrared",
    "copy-from": "bionic_general",
    "type": "BIONIC_ITEM",
    "name": "Infrared Vision CBM",
    "description": "Your range of vision extends into the infrared, allowing you to see warm-blooded creatures in the dark.",
    "price": 450000,
    "difficulty": 6
  },
  {
    "id": "bio_int_enhancer",
    "copy-from": "bionic_general",
    "type": "BIONIC_ITEM",
    "name": "Cerebral Booster CBM",
    "description": "Your brain has been enhanced with bionic coprocessors, giving you a +2 bonus to intelligence.",
    "price": 800000,
    "difficulty": 11
  },
  {
    "id": "bio_laser",
    "copy-from": "bionic_general",
    "type": "BIONIC_ITEM",
    "name": "Finger-Mounted Laser CBM",
    "description": "One of your fingers has a small high-powered laser embedded in it.  This long range weapon is not incredibly damaging, but is very accurate, and has the potential to start fires.",
    "price": 720000,
    "difficulty": 5
  },
  {
    "id": "bio_leukocyte",
    "copy-from": "bionic_general",
    "type": "BIONIC_ITEM",
    "name": "Leukocyte Breeder System CBM",
    "description": "You are equipped with bionic stimulators which augment your haematopoiesis system, allowing you to accelerate white blood cell production using bionic power.  It is supposed to run continuously and may cause unpleasant side effects when turned off.",
    "price": 6000,
    "difficulty": 7
  },
  {
    "id": "bio_lighter",
    "copy-from": "bionic_general",
    "type": "BIONIC_ITEM",
    "name": "Mini-Flamethrower CBM",
    "description": "The index fingers of both hands have powerful fire starters which extend from the tip.",
    "price": 130000,
    "difficulty": 4
  },
  {
    "id": "bio_lockpick",
    "copy-from": "bionic_general",
    "type": "BIONIC_ITEM",
    "name": "Fingerpick CBM",
    "description": "One of your fingers has an electronic lockpick embedded in it.  This automatic system will quickly unlock all but the most advanced key locks without any skill required on the part of the user.",
    "price": 350000,
    "difficulty": 2
  },
  {
    "id": "bio_magnet",
    "copy-from": "bionic_general",
    "type": "BIONIC_ITEM",
    "name": "Electromagnetic Unit CBM",
    "description": "Embedded in your hand is a powerful electromagnet, allowing you to pull items made of iron over short distances.",
    "price": 200000,
    "difficulty": 2
  },
  {
    "id": "bio_membrane",
    "copy-from": "bionic_general",
    "type": "BIONIC_ITEM",
    "name": "Nictating Membrane CBM",
    "description": "Your eyes have a thin membrane that closes over your eyes while underwater, negating any vision penalties.",
    "price": 450000,
    "difficulty": 6
  },
  {
    "id": "bio_memory",
    "copy-from": "bionic_general",
    "type": "BIONIC_ITEM",
    "name": "Enhanced Memory Banks CBM",
    "description": "Your memory has been enhanced with small quantum storage drives.  Any time you start to forget a skill, if this bionic is active you will retain all knowledge, at the cost of a small amount of power.",
    "price": 1000000,
    "difficulty": 9
  },
  {
    "id": "bio_metabolics",
    "copy-from": "bionic_general",
    "type": "BIONIC_ITEM",
    "name": "Metabolic Interchange CBM",
    "description": "Your digestive system and power supply are interconnected.  Energy drains will be regularly counteracted by increasing hunger.  Can be toggled on and off at will.",
    "price": 70000,
    "difficulty": 4
  },
  {
    "id": "bio_meteorologist",
    "copy-from": "bionic_general",
    "type": "BIONIC_ITEM",
    "name": "Weather Reader CBM",
    "description": "A multitude of scientific instruments and sensors collect environmental data.  The data is compiled and presented as a simple readout of the current weather.  It also passively tells you your external temperature.",
    "price": 350000,
    "difficulty": 3
  },
  {
    "id": "bio_nanobots",
    "copy-from": "bionic_general",
    "type": "BIONIC_ITEM",
    "name": "Repair Nanobots CBM",
    "description": "Inside your body is a fleet of tiny dormant robots.  While activated they will flit about your body, repairing damage and stopping bleeding at the cost of power.",
    "price": 950000,
    "difficulty": 6
  },
  {
    "id": "bio_night",
    "copy-from": "bionic_general",
    "type": "BIONIC_ITEM",
    "name": "Artificial Night Generator CBM",
    "description": "Destructive interference eliminates all light within a 15 tile radius.",
    "price": 850000,
    "difficulty": 5
  },
  {
    "id": "bio_night_vision",
    "copy-from": "bionic_general",
    "type": "BIONIC_ITEM",
    "name": "Implanted Night Vision CBM",
    "description": "Your eyes have been modified to amplify existing light, allowing you to see in the dark.",
    "price": 900000,
    "difficulty": 11
  },
  {
    "id": "bio_ods",
    "copy-from": "bionic_general",
    "type": "BIONIC_ITEM",
    "name": "Offensive Defense System CBM",
    "description": "A thin forcefield surrounds your body, continually draining power.  This field does not deflect penetration, but rather delivers a strong shock, damaging unarmed attackers and those with a conductive weapon.",
    "price": 950000,
    "difficulty": 7
  },
  {
    "id": "bio_painkiller",
    "copy-from": "bionic_general",
    "type": "BIONIC_ITEM",
    "name": "Sensory Dulling CBM",
    "description": "Your nervous system is wired to allow you to inhibit the signals of pain, allowing you to dull your senses at will.  However, the use of this system may cause delayed reaction time and drowsiness.",
    "price": 200000,
    "difficulty": 4
  },
  {
    "id": "bio_plut_filter",
    "copy-from": "bionic_general",
    "type": "BIONIC_ITEM",
    "name": "Plutonium Filter CBM",
    "description": "System of tanks and filters to extract plutonium more rapidly from slurry for a microreactor.",
    "price": 60000,
    "difficulty": 6
  },
  {
    "id": "bio_power_armor_interface",
    "copy-from": "bionic_general",
    "type": "BIONIC_ITEM",
    "name": "Power Armor Interface CBM",
    "description": "Interfaces your power system with the internal charging port on suits of power armor.",
    "price": 120000,
    "difficulty": 1
  },
  {
    "id": "bio_power_armor_interface_mkII",
    "copy-from": "bionic_general",
    "type": "BIONIC_ITEM",
    "name": "Power Armor Mk. II Interface CBM",
    "description": "Interfaces your power system with the internal charging port on suits of power armor.  The Mk. II was designed by DoubleTech Inc., to meet the popularity of the Mk. II power armor series.",
    "price": 1000000,
    "difficulty": 8
  },
  {
    "id": "bio_power_storage",
    "copy-from": "bionic_general",
    "type": "BIONIC_ITEM",
    "name": "Power Storage CBM",
    "description": "Compact Bionics Module that upgrades your power capacity by 100 units.  Having at least one of these is a prerequisite to using powered bionics.  You will also need a power supply, found in another CBM.",
    "price": 380000,
    "difficulty": 1
  },
  {
    "id": "bio_power_storage_mkII",
    "copy-from": "bionic_general",
    "type": "BIONIC_ITEM",
    "name": "Power Storage CBM Mk. II",
    "name_plural": "Power Storage CBMs Mk. II",
    "description": "Compact Bionics Module developed at DoubleTech Industries as a replacement for the highly successful Power Storage CBM.  Increases your power capacity by 250 units.",
    "price": 1000000,
    "difficulty": 1
  },
  {
    "id": "bio_probability_travel",
    "copy-from": "bionic_general",
    "type": "BIONIC_ITEM",
    "name": "Probability Travel CBM",
    "description": "Increases your body's wavelength, allowing you to quantum tunnel through walls, reappearing on the other side.  Power drain in standby is minimal, but each tile tunneled through costs 250 bionic power.",
    "price": 1400000,
    "difficulty": 11
  },
  {
    "id": "bio_purifier",
    "copy-from": "bionic_general",
    "type": "BIONIC_ITEM",
    "name": "Air Filtration System CBM",
    "description": "Implanted in your trachea is an advanced filtration system.  If toxins, or airborne diseases find their way into your windpipe, the filter will attempt to remove them.  Reducing the toxic effects.",
    "price": 450000,
    "difficulty": 4
  },
  {
    "id": "bio_radscrubber",
    "copy-from": "bionic_general",
    "type": "BIONIC_ITEM",
    "name": "Radiation Scrubber System CBM",
    "description": "A system of advanced piezomechanical blood filters have been implanted throughout your body, allowing you to purge yourself of absorbed radiation at the cost of some bionic power.",
    "price": 450000,
    "difficulty": 4
  },
  {
    "id": "bio_railgun",
    "copy-from": "bionic_general",
    "type": "BIONIC_ITEM",
    "name": "Railgun CBM",
    "description": "EM field generators in your arms double the range and damage of thrown iron and steel objects at a cost of 1 power per throw, causing them to leave a trail of electricity that can cause additional damage.",
    "price": 220000,
    "difficulty": 3
  },
  {
    "id": "bio_razors",
    "copy-from": "bionic_general",
    "type": "BIONIC_ITEM",
    "name": "Fingertip Razors CBM",
    "description": "You possess razor-sharp retractable claws underneath your fingernails, ten double-edged blades four centimeters in length that do a small amount of unarmed slashing damage whenever your fingertips are uncovered.",
    "price": 450000,
    "difficulty": 4
  },
  {
    "id": "bio_reactor",
    "copy-from": "bionic_general",
    "type": "BIONIC_ITEM",
    "name": "Internal Microreactor CBM",
    "description": "This stripped down mini-reactor may not be the best thing to have in your chest.  There is no way to shut it down, but you can toggle additional fuel intake.",
    "price": 900000,
    "difficulty": 11
  },
  {
    "id": "bio_reactor_upgrade",
    "bionic_id": "bio_advreactor",
    "copy-from": "bionic_general",
    "type": "BIONIC_ITEM",
    "name": "Microreactor Upgrade CBM",
    "description": "A kit for upgrading a pre-installed microreactor with enhanced maximum yield and automatic radiation scrubbing.",
    "price": 250000,
    "difficulty": 11
  },
  {
    "id": "bio_recycler",
    "copy-from": "bionic_general",
    "type": "BIONIC_ITEM",
    "name": "Recycler Unit CBM",
    "description": "Your digestive system has been outfitted with a series of filters and processors, allowing you to reclaim waste liquid and, to a lesser degree, nutrients.  The net effect is a greatly reduced need to eat and drink.",
    "price": 850000,
    "difficulty": 6
  },
  {
    "id": "bio_remote",
    "copy-from": "bionic_general",
    "type": "BIONIC_ITEM",
    "name": "Remote Controller CBM",
    "description": "A small module connected to your brain allows you to interface with nearby devices with wireless capabilities.",
    "price": 600000,
    "difficulty": 6
  },
  {
    "id": "bio_resonator",
    "copy-from": "bionic_general",
    "type": "BIONIC_ITEM",
    "name": "Sonic Resonator CBM",
    "description": "Your entire body may resonate at very high power, creating a short-range shockwave.  While it will not do much damage to creatures, stiff items such as walls and doors will be damaged.",
    "price": 1200000,
    "difficulty": 11
  },
  {
    "id": "bio_scent_mask",
    "copy-from": "bionic_general",
    "type": "BIONIC_ITEM",
    "name": "Olfactory Mask CBM",
    "description": "While this system is powered, your body will produce very little odor, making it nearly impossible for creatures to track you by scent.",
    "price": 850000,
    "difficulty": 5
  },
  {
    "id": "bio_scent_vision",
    "copy-from": "bionic_general",
    "type": "BIONIC_ITEM",
    "name": "Scent Vision CBM",
    "description": "While this system is powered, you're able to visually sense your own scent, making it possible for you to recognize your surroundings even if you can't see it.",
    "price": 450000,
    "difficulty": 8
  },
  {
    "id": "bio_shock",
    "copy-from": "bionic_general",
    "type": "BIONIC_ITEM",
    "name": "Electroshock Unit CBM",
    "description": "While fighting unarmed, or with a weapon that conducts electricity, there is a chance that a successful hit will shock your opponent, inflicting extra damage and disabling them temporarily at the cost of some energy.",
    "price": 550000,
    "difficulty": 5
  },
  {
    "id": "bio_shockwave",
    "copy-from": "bionic_general",
    "type": "BIONIC_ITEM",
    "name": "Shockwave Generator CBM",
    "description": "You generate a powerful shockwave, knocking back all nearby creatures.  Targets are stunned briefly, take damage and additional stun upon impact with impassable terrain, and knockback any creatures they collide with.",
    "price": 550000,
    "difficulty": 5
  },
  {
    "id": "bio_speed",
    "copy-from": "bionic_general",
    "type": "BIONIC_ITEM",
    "name": "Synaptic Accelerator CBM",
    "description": "Your nervous system has been enhanced with bionic stimulators, giving you a 10% boost to your speed.",
    "price": 10000,
    "difficulty": 12
  },
  {
    "id": "bio_storage",
    "copy-from": "bionic_general",
    "type": "BIONIC_ITEM",
    "name": "Internal Storage CBM",
    "description": "Space inside your chest cavity has been converted into a storage area.  You may carry an extra 2 liters of volume.",
    "price": 400000,
    "difficulty": 7
  },
  {
    "id": "bio_str_enhancer",
    "copy-from": "bionic_general",
    "type": "BIONIC_ITEM",
    "name": "Muscle Augmentation CBM",
    "description": "Your muscular system has been enhanced with myomer fibers, giving you a +2 bonus to strength.",
    "price": 800000,
    "difficulty": 11
  },
  {
    "id": "bio_sunglasses",
    "copy-from": "bionic_general",
    "type": "BIONIC_ITEM",
    "name": "Anti-Glare Compensators CBM",
    "description": "Your eyes have quick-reacting transition lenses installed over them.  They negate glare penalties, partially protect you from bright flashes, and protect your eyes when welding.",
    "price": 450000,
    "difficulty": 4
  },
  {
    "id": "bio_targeting",
    "copy-from": "bionic_general",
    "type": "BIONIC_ITEM",
    "name": "Targeting System CBM",
    "description": "Your eyes are equipped with range finders, and their movement is synced with that of your arms, to a degree.  Shots you fire will be much more accurate, particularly at long range.",
    "price": 650000,
    "difficulty": 5
  },
  {
    "id": "bio_teleport",
    "copy-from": "bionic_general",
    "type": "BIONIC_ITEM",
    "name": "Teleportation Unit CBM",
    "description": "This highly experimental unit folds space over short distances, instantly transporting your body up to 25 feet at the cost of much power.  Note that prolonged or frequent use may have dangerous side effects.",
    "price": 700000,
    "difficulty": 7
  },
  {
    "id": "bio_time_freeze",
    "copy-from": "bionic_general",
    "type": "BIONIC_ITEM",
    "name": "Time Dilation CBM",
    "description": "At the cost of all stored bionic power, you may increase your body speed and reactions dramatically, essentially freezing time.  You are still delicate, however, and violent or rapid movements may damage you due to friction.",
    "price": 1400000,
    "difficulty": 11
  },
  {
    "id": "bio_tools",
    "copy-from": "bionic_general",
    "type": "BIONIC_ITEM",
    "name": "Integrated Toolset CBM",
    "description": "Implanted in your hands and fingers is a complete tool set - screwdriver, hammer, wrench, and heating elements.  You can use this in place of many tools when crafting.",
    "price": 800000,
    "difficulty": 6
  },
  {
    "id": "bio_torsionratchet",
    "copy-from": "bionic_general",
    "type": "BIONIC_ITEM",
    "name": "Joint Torsion Ratchet CBM",
    "description": "Your joints have been equipped with torsion ratchets that generate power slowly when you move.",
    "price": 380000,
    "difficulty": 4
  },
  {
    "id": "bio_uncanny_dodge",
    "copy-from": "bionic_general",
    "type": "BIONIC_ITEM",
    "name": "Uncanny Dodge CBM",
    "description": "Your nervous system has been augmented with bionic processors, allowing you to dodge attacks beyond normal human capability, including bullets.",
    "price": 950000,
    "difficulty": 11
  },
  {
    "id": "bio_ups",
    "copy-from": "bionic_general",
    "type": "BIONIC_ITEM",
    "name": "Unified Power System CBM",
    "description": "You have a unified power system wired into your power banks.  Objects that run on a UPS can now draw directly from your internal power supply.",
    "price": 25000,
    "difficulty": 3
  },
  {
    "id": "bio_watch",
    "copy-from": "bionic_general",
    "type": "BIONIC_ITEM",
    "name": "Internal Chronometer CBM",
    "description": "You have been equipped with an internal atomic clock, ensuring that you will always know the current time.  Additionally, it includes a silent alarm clock function.",
    "price": 1000,
    "difficulty": 1
  },
  {
    "id": "bio_water_extractor",
    "copy-from": "bionic_general",
    "type": "BIONIC_ITEM",
    "name": "Water Extraction Unit CBM",
    "description": "Nanotubes embedded in the palm of your hand will pump any available fluid out of a dead body, cleanse it of impurities and convert it into drinkable water.  You must, however, have a container to store the water in.",
    "price": 550000,
    "difficulty": 5
  }
]
