[
    {
        "abstract": "fake_item",
        "type": "GENERIC",
        "name": "fake item",
        "description": "Dummy item.  If you see this, then something went wrong.",
        "symbol": "@",
        "color": "red"
    },
    {
        "id": "toolset",
        "copy-from": "fake_item",
        "type": "TOOL",
        "name": "integrated toolset",
        "flags": "TRADER_AVOID",
        "max_charges": 10000,
        "use_action": [ "HAMMER", "CROWBAR" ],
        "qualities": [
            [ "HAMMER", 3 ], [ "HAMMER_FINE", 1 ],
            [ "SAW_W", 1 ], [ "SAW_M", 2 ], [ "SAW_M_FINE", 1 ],
            [ "WRENCH", 2 ], [ "WRENCH_FINE", 1 ],
            [ "SCREW", 1 ], [ "SCREW_FINE", 1 ],
            [ "CUT", 2 ], [ "PRY", 1 ], ["DRILL", 1 ],
            [ "BUTCHER", -38 ]
        ]
    },
    {
        "id": "fake_goggles",
        "copy-from": "fake_item",
        "type": "TOOL",
        "name": "bionic goggles",
        "name_plural": "bionic goggles",
        "qualities": [ ["GLARE", 2] ]
    },
    {
        "id": "fake_razor",
        "copy-from": "fake_item",
        "type": "TOOL",
        "name": "bionic razor",
        "qualities": [ ["BUTCHER", 8] ]
    },
    {
        "id": "clairvoyance_plus_rod",
        "type": "TOOL",
        "symbol": "v",
        "color": "red",
        "name": "clairvoyance rod",
        "description": "Item to test aep_clairvoyance_plus flag. If this spawns randomly, then it's a bug.",
        "price": 5000,
        "material": [ "steel" ],
        "weight": 150,
        "volume": 3,
        "bashing": 1,
        "to_hit": -1,
        "artifact_data": {
           "effects_wielded": [ "AEP_CLAIRVOYANCE_PLUS" ]
        }
    },
    {
        "id": "acid_spit",
        "type": "GUN",
        "copy-from": "fake_item",
        "name": "acid spit gun",
        "description": "Fake gun that fires acid globs.",
        "flags": [ "NEVER_JAMS" ],
        "ammo_effects": [ "BLINDS_EYES", "NEVER_MISFIRES", "NO_DAMAGE_SCALING" ],
        "skill": "rifle",
        "durability": 10,
        "range" : 100,
        "dispersion" : 1000,
        "ranged_damage" : {
            "damage_type": "acid",
            "amount": 4
        }
    },
    {
      "id" : "reach_bow",
      "type" : "GUN",
      "symbol" : "(",
      "color" : "yellow",
      "name" : "reach bow",
      "description" : "A test item that is both a ranged weapon and a reach weapon",
      "price" : 16000,
      "material" : "steel",
      "flags" : ["REACH_ATTACK"],
      "skill" : "archery",
      "ammo" : "arrow",
      "weight" : 340,
      "volume" : 6,
      "bashing" : 6,
      "ranged_damage" : 3,
      "range" : 5,
      "dispersion" : 210,
      "durability" : 6,
      "clip_size" : 1,
      "reload" : 60,
      "valid_mod_locations": [["underbarrel", 1],[ "sights", 1 ],[ "accessories", 2 ]]
    },
    {
        "id": "boulder_anvil",
        "type": "TOOL",
        "copy-from": "fake_item",
        "name": "boulder anvil",
        "qualities": [ [ "ANVIL", 1 ] ]
    }
]
