[
  {
    "id": "fn57mag",
    "type": "MAGAZINE",
    "name": "FN-57 magazine",
    "description": "A standard capacity magazine for use with the FN Five-Seven.",
    "weight": 120,
    "volume": 1,
    "price": 3700,
    "material": "steel",
    "symbol": "#",
    "color": "light_gray",
    "ammo_type": "57",
    "capacity": 20,
    "reliability": 10,
    "flags": [ "MAG_COMPACT" ]
  },
  {
    "id": "fnp90mag",
    "type": "MAGAZINE",
    "name": "FN-P90 magazine",
    "description": "A factory issue translucent polymer box magazine that fits with the frame of the FN P90.",
    "weight": 300,
    "volume": 2,
    "price": 5400,
    "material": "plastic",
    "symbol": "#",
    "color": "light_gray",
    "ammo_type": "57",
    "capacity": 50,
    "reliability": 9,
    "flags": [ "MAG_COMPACT" ]
  }
]
