[
  {
    "id": "8x40_100_mag",
    "type": "MAGAZINE",
    "name": "RMGB100 8x40mm magazine",
    "description": "A 100 round box magazine for use with Rivtech 8x40mm caseless firearms.",
    "weight": 150,
    "volume": 3,
    "price": 40000,
    "material": [ "superalloy", "plastic" ],
    "symbol": "#",
    "color": "dark_gray",
    "ammo_type": "8x40mm",
    "capacity": 100,
    "reliability": 10,
    "reload_time": 50,
    "flags": [ "MAG_BULKY" ]
  },
  {
    "id": "8x40_10_mag",
    "type": "MAGAZINE",
    "name": "RMGP10 8x40mm stick magazine",
    "description": "A 10 round stick magazine for use with Rivtech 8x40mm caseless firearms.",
    "weight": 60,
    "volume": 1,
    "price": 9000,
    "material": [ "superalloy", "plastic" ],
    "symbol": "#",
    "color": "dark_gray",
    "ammo_type": "8x40mm",
    "capacity": 10,
    "reliability": 10,
    "reload_time": 40,
    "flags": [ "MAG_COMPACT" ]
  },
  {
    "id": "8x40_250_mag",
    "type": "MAGAZINE",
    "name": "RMGD250 8x40mm drum magazine",
    "description": "A 250 round drum magazine for use with Rivtech 8x40mm caseless firearms.",
    "weight": 340,
    "volume": 8,
    "price": 70000,
    "material": [ "superalloy", "plastic" ],
    "symbol": "#",
    "color": "dark_gray",
    "ammo_type": "8x40mm",
    "capacity": 250,
    "reliability": 10,
    "reload_time": 60
  },
  {
    "id": "8x40_25_mag",
    "type": "MAGAZINE",
    "name": "RMGP25 8x40mm stick magazine",
    "description": "A 25 round stick magazine for use with Rivtech 8x40mm caseless firearms.",
    "weight": 90,
    "volume": 2,
    "price": 12500,
    "material": [ "superalloy", "plastic" ],
    "symbol": "#",
    "color": "dark_gray",
    "ammo_type": "8x40mm",
    "capacity": 25,
    "reliability": 10,
    "reload_time": 50,
    "flags": [ "MAG_COMPACT" ]
  },
  {
    "id": "8x40_500_mag",
    "type": "MAGAZINE",
    "name": "RMGB500 8x40mm drum magazine",
    "description": "A 500 round drum magazine for use with Rivtech 8x40mm caseless firearms.",
    "weight": 1400,
    "volume": 16,
    "price": 100000,
    "material": [ "superalloy", "plastic" ],
    "symbol": "#",
    "color": "dark_gray",
    "ammo_type": "8x40mm",
    "capacity": 500,
    "reliability": 10
  },
  {
    "id": "8x40_50_mag",
    "type": "MAGAZINE",
    "name": "RMGB50 8x40mm magazine",
    "description": "A 50 round box magazine for use with Rivtech 8x40mm caseless firearms.",
    "weight": 110,
    "volume": 2,
    "price": 25000,
    "material": [ "superalloy", "plastic" ],
    "symbol": "#",
    "color": "dark_gray",
    "ammo_type": "8x40mm",
    "capacity": 50,
    "reliability": 10,
    "reload_time": 50,
    "flags": [ "MAG_COMPACT" ]
  }
]
