[
  {
    "type" : "item_group",
    "id" : "NC_EVAC_SHOPKEEP_extra",
    "items":[
      ["rucksack", 90]
    ]
  },{
    "type" : "item_group",
    "id" : "NC_EVAC_SHOPKEEP_coat",
    "items":[
      ["trenchcoat", 80],
      ["vest", 60]
    ]
  },{
    "type" : "item_group",
    "id" : "NC_EVAC_SHOPKEEP_misc",
    "items":[
        ["vest", 40],
        ["kevlar", 15],
        ["jacket_army", 30],
        ["trenchcoat", 25],
        ["trenchcoat_leather", 20],
        ["trenchcoat_fur", 10],
        ["vest_leather", 15],
        ["football_armor", 30],
        ["jacket_leather", 25],
        ["jacket_jean", 15],
        ["jacket_flannel", 15],
        ["pants_cargo", 40],
        ["shorts_cargo", 25],
        ["pants_army", 30],
        ["pants_leather", 15],
        ["gloves_fingerless", 30],
        ["gloves_tactical", 15],
        ["gauntlets_larmor", 25],
        ["gloves_fur", 5],
        ["gloves_leather", 35],
        ["gloves_work", 20],
        ["boots", 20],
        ["boots_steel", 20],
        ["boots_hiking", 30],
        ["knee_high_boots", 5],
        ["boots_combat", 15],
        ["boots_larmor", 10],
        ["boots_fur", 10],
        ["helmet_army", 25],
        ["tac_helmet", 20],
        ["helmet_riot", 20],
        ["tac_fullhelmet", 10],
        ["helmet_larmor", 15],
        ["firehelmet", 5],
        ["hood_rain", 15],
        ["dive_bag", 10],
        ["runner_bag", 20],
        ["molle_pack", 10],
        ["backpack", 40],
        ["backpack_leather", 35],
        ["mbag", 25],
        ["slingpack", 15],
        ["rucksack", 10],
        ["duffelbag", 10],
        ["mask_hockey", 15],
        ["mask_gas", 25],
        ["mask_filter", 20],
        ["sunglasses", 15],
        ["glasses_safety", 15],
        ["goggles_ski", 5],
        ["chestrig", 20],
        ["legrig", 15],
        ["tool_belt", 15],
        ["fanny", 5],
        ["dump_pouch", 5],
        ["ragpouch", 15],
        ["leather_pouch", 15],
        ["quiver", 15],
        ["quiver_large", 5],
        ["wristwatch", 30],
        ["diving_watch", 5],
        ["pocketwatch", 10],
        ["holster", 25],
        ["bandana", 20],
        ["scarf", 15],
        ["hat_boonie", 20],
        ["balclava", 10],
        ["pickaxe", 20],
        ["makeshift_machete", 15],
        ["flamethrower_crude", 20],
        ["fungicide", 20],
        ["antifungal", 20],
        ["antiparasitic", 20],
        ["diazepam", 15],
        ["small_repairkit", 20],
        ["grapnel", 5],
        ["misc_repairkit", 15],
        ["flamethrower_simple", 15],
        ["toolbox", 20],
        ["crowbar", 25],
        ["machete", 25],
        ["ax", 25],
        ["spear_knife", 30],
        ["22_lr", 25],
        ["22_fmj", 1],
        ["223", 15],
        ["308", 10],
        ["3006",10],
        ["reloaded_9mm", 30],
        ["9mm", 25],
        ["9mmfmj", 5],
        ["45_acp", 10],
        ["reloaded_45_acp", 25],
        ["45_jhp", 1],
        ["rifle_9mm", 20],
        ["rifle_22", 20],
        ["uzi", 10],
        ["mac_10", 10],
        ["crossbow", 15],
        ["sig_mosquito", 15],
        ["sw_22", 15],
        ["glock_19", 15],
        ["usp_9mm", 10],
        ["m9", 35],
        ["cx4", 1],
        ["usp_45", 10],
        ["m1911", 10],
        ["ar15", 10],
        ["savage_111f", 5],
        ["remington_700", 5],
        ["ruger_1022", 10],
        ["marlin_9a", 10],
        ["remington_870", 10],
        ["mossberg_500", 5],
        ["shotgun_d", 5],
        ["pipebomb", 10],
        ["molotov", 10],
        ["matchbomb", 10],
        ["longbow", 5],
        ["compositebow", 15],
        ["shortbow", 10],
        ["arrow_metal", 25],
        ["bolt_steel", 10],
        ["laser_sight", 15],
        ["rail_laser_sight", 10],
        ["rifle_scope", 20],
        ["pistol_scope", 10],
        ["improve_sights", 20],
        ["combatsaw_off", 5],
        ["firemachete_off", 5],
        ["shishkebab_off", 5],
        ["helsing", 5],
        ["tihar", 5],
        ["ashot", 5]
    ]
  }
]
