[
    {
        "type": "talk_topic",
        "id": "TALK_EVAC_GUARD1",
        "dynamic_line": {
            "u_is_wearing": "badge_marshal",
            "yes": "Hello marshal.",
            "no": "Hello there."
        },
        "responses": [
            {
                "text": "What is this place?",
                "topic": "TALK_EVAC_GUARD1_PLACE"
            },
            {
                "text": "Can I join you guys?",
                "topic": "TALK_EVAC_GUARD1_JOIN"
            },
            {
                "text": "Anything I can do for you?",
                "topic": "TALK_EVAC_GUARD1_JOB"
            },
            {
                "text": "See you later.",
                "topic": "TALK_EVAC_GUARD1_BYE"
            }
        ]
    },
    {
        "type": "talk_topic",
        "id": "TALK_EVAC_GUARD1_PLACE",
        "dynamic_line": "This is a refugee center that we've made into a sort of trading hub.",
        "responses": [
            {
                "text": "So are you with the government or something?",
                "topic": "TALK_EVAC_GUARD1_GOVERNMENT"
            },
            {
                "text": "What do you trade?",
                "topic": "TALK_EVAC_GUARD1_TRADE"
            }
        ]
    },
    {
        "type": "talk_topic",
        "id": "TALK_EVAC_GUARD1_GOVERNMENT",
        "dynamic_line": "Ha ha ha, no.  Though there is Old Guard somewhere around here if you have any questions relating to what the government is up to.",
        "responses": [
            {
                "text": "Oh, okay.",
                "topic": "TALK_EVAC_GUARD1"
            },
            {
                "text": "Oh, okay.  I'll go look for him",
                "topic": "TALK_DONE"
            }
        ]
    },
    {
        "type": "talk_topic",
        "id": "TALK_EVAC_GUARD1_TRADE",
        "dynamic_line": "Anything valuable really.  If you really want to know, go ask one of the actual traders.  I'm just protection.",
        "responses": [
            {
                "text": "I'll go talk to them later.",
                "topic": "TALK_EVAC_GUARD1"
            },
            {
                "text": "Will do, thanks!",
                "topic": "TALK_DONE"
            }
        ]
    },
    {
        "type": "talk_topic",
        "id": "TALK_EVAC_GUARD1_JOIN",
        "dynamic_line": "Nope.",
        "responses": [
            {
                "text": "That's pretty blunt!",
                "topic": "TALK_EVAC_GUARD1_JOIN2"
            }
        ]
    },
    {
        "type": "talk_topic",
        "id": "TALK_EVAC_GUARD1_JOIN2",
        "dynamic_line": "Death is pretty blunt.",
        "responses": [
            {
                "text": "So no negotiating?  No, 'If you do this quest then we'll let you in?'",
                "topic": "TALK_EVAC_GUARD1_JOIN3"
            }
        ]
    },
    {
        "type": "talk_topic",
        "id": "TALK_EVAC_GUARD1_JOIN3",
        "dynamic_line": "Nope.",
        "responses": [
            {
                "text": "I don't like your attitude.",
                "topic": "TALK_EVAC_GUARD1_ATTITUDE"
            },
            {
                "text": "Well alright then.",
                "topic": "TALK_EVAC_GUARD1"
            }
        ]
    },
    {
        "type": "talk_topic",
        "id": "TALK_EVAC_GUARD1_ATTITUDE",
        "dynamic_line": "Then leave, you have two feet.",
        "responses": [
            {
                "text": "I think I'd rather rearrange your face instead!",
                "topic": "TALK_DONE",
                "effect": "insult_combat"
            },
            {
                "text": "I will.",
                "topic": "TALK_DONE"
            }
        ]
    },
    {
        "type": "talk_topic",
        "id": "TALK_EVAC_GUARD1_JOB",
        "dynamic_line": "Uh, not really.  Go talk to a merchant if you have anything to sell.  Otherwise the Old Guard liaison might have something, if you can find him.",
        "responses": [
            {
                "text": "Alright then.",
                "topic": "TALK_EVAC_GUARD1"
            },
            {
                "text": "Old Guard huh, I'll go talk to him!",
                "topic": "TALK_DONE"
            },
            {
                "text": "Who are the Old Guard?",
                "topic": "TALK_EVAC_GUARD1_OLDGUARD"
            }
        ]
    },
    {
        "type": "talk_topic",
        "id": "TALK_EVAC_GUARD1_OLDGUARD",
        "dynamic_line": "That's just our nickname for them.  They're what's left of the federal government.  Don't know how legitimate they are but they are named after some military unit that once protected the president.  Their liaison is usually hanging around here somewhere.",
        "responses": [
            {
                "text": "Whatever, I had another question.",
                "topic": "TALK_EVAC_GUARD1"
            },
            {
                "text": "Okay, I'll go look for him then.",
                "topic": "TALK_DONE"
            }
        ]
    },
    {
        "type": "talk_topic",
        "id": "TALK_EVAC_GUARD1_BYE",
        "dynamic_line": "Stay safe out there.  Hate to have to kill you after you've already died.",
        "responses": [
            {
                "text": "...",
                "topic": "TALK_DONE"
            }
        ]
    }
]
