[
  {
    "id": "mag_barter",
    "type": "BOOK",
    "name": "car buyer's guide",
    "description": "Normally this glossy, ad-filled magazine about cars would be pointless, but it has a series of articles on haggling techniques.",
    "weight": 90,
    "volume": 1,
    "price": 450,
    "material": [ "paper" ],
    "symbol": "?",
    "color": "pink",
    "skill": "barter",
    "max_level": 1,
    "intelligence": 5,
    "time": 8
  },
  {
    "id": "manual_business",
    "type": "BOOK",
    "name": "How to Succeed in Business",
    "name_plural": "How to Succeed in Business",
    "description": "Useful if you want to get a good deal when purchasing goods.",
    "weight": 454,
    "volume": 3,
    "price": 1900,
    "material": [ "paper" ],
    "symbol": "?",
    "color": "green",
    "skill": "barter",
    "max_level": 3,
    "intelligence": 6,
    "time": 25,
    "fun": -1
  },
  {
    "id": "textbook_business",
    "type": "BOOK",
    "name": "Advanced Economics",
    "name_plural": "Advanced Economics",
    "//": "Biz majors can afford it.  Surely you're gonna make US$60K/yr out of school, and twice that in five years?",
    "description": "A college textbook on economics.",
    "weight": 1587,
    "volume": 7,
    "price": 9800,
    "bashing": 5,
    "material": [ "paper" ],
    "symbol": "?",
    "color": "blue",
    "skill": "barter",
    "required_level": 3,
    "max_level": 6,
    "intelligence": 9,
    "time": 30,
    "fun": -1
  }
]
