[
  {
    "id": "decoy_anarch",
    "type": "BOOK",
    "name": "AAA Guide",
    "name_plural": "AAA Guide",
    "description": "A tourist-centric guide to points of interest throughout the country.  Though it focuses on the north-central US, the driving sections contain some practical tips on proper driving techniques.",
    "weight": 220,
    "volume": 2,
    "price": 2000,
    "material": [ "paper" ],
    "symbol": "?",
    "color": "green",
    "skill": "driving",
    "max_level": 3,
    "intelligence": 6,
    "time": 30,
    "fun": 2
  },
  {
    "id": "mag_cars",
    "type": "BOOK",
    "name": "Top Gear magazine",
    "description": "Lots of articles about cars and driving techniques.",
    "weight": 60,
    "volume": 1,
    "price": 450,
    "material": [ "paper" ],
    "symbol": "?",
    "color": "pink",
    "skill": "driving",
    "max_level": 1,
    "intelligence": 2,
    "time": 8,
    "fun": 1
  },
  {
    "id": "manual_driving",
    "type": "BOOK",
    "name": "The Rules of the Road",
    "name_plural": "The Rules of the Road",
    "description": "A thick textbook for beginning drivers.  It contains chapters on laws, safe vehicle operation, and defensive driving concepts.",
    "weight": 404,
    "volume": 2,
    "price": 2200,
    "material": [ "paper" ],
    "symbol": "?",
    "color": "green",
    "skill": "driving",
    "max_level": 3,
    "intelligence": 5,
    "time": 16
  },
  {
    "id": "textbook_anarch",
    "type": "BOOK",
    "name": "AAA Guide",
    "name_plural": "AAA Guide",
    "description": "A tourist-centric guide to points of interest throughout the country.  This particular copy is apparently the Anonymous Anarchist's Annual: the cover conceals a wealth of ways to help stick it to The Man, along with plenty of advice for avoiding police.",
    "weight": 223,
    "volume": 2,
    "price": 5000,
    "material": [ "paper" ],
    "symbol": "?",
    "color": "green",
    "skill": "driving",
    "max_level": 4,
    "intelligence": 9,
    "time": 45,
    "fun": 1
  }
]
