[
  {
    "id": "advanced_electronics",
    "type": "BOOK",
    "name": "Advanced Electronics",
    "name_plural": "Advanced Electronics",
    "description": "A college textbook on circuit design.",
    "weight": 1587,
    "volume": 7,
    "price": 8200,
    "bashing": 5,
    "material": [ "paper" ],
    "symbol": "?",
    "color": "blue",
    "skill": "electronics",
    "required_level": 2,
    "max_level": 5,
    "intelligence": 11,
    "time": 35,
    "fun": -1
  },
  {
    "id": "mag_electronics",
    "type": "BOOK",
    "name": "Ham Radio Illustrated",
    "name_plural": "Ham Radio Illustrated",
    "description": "An amusing magazine about ham radio, with lots of diagrams and illustrations for making your own electronic devices.",
    "weight": 45,
    "volume": 1,
    "price": 450,
    "material": [ "paper" ],
    "symbol": "?",
    "color": "pink",
    "skill": "electronics",
    "max_level": 1,
    "intelligence": 5,
    "time": 8,
    "fun": 1
  },
  {
    "id": "manual_electronics",
    "type": "BOOK",
    "name": "What's a Transistor?",
    "name_plural": "What's a Transistor?",
    "description": "A basic manual of electronics and circuit design.",
    "weight": 454,
    "volume": 3,
    "price": 2200,
    "material": [ "paper" ],
    "symbol": "?",
    "color": "green",
    "skill": "electronics",
    "max_level": 3,
    "intelligence": 7,
    "time": 20
  },
  {
    "id": "radio_book",
    "type": "BOOK",
    "name": "Amateur Home Radio for Enthusiasts",
    "name_plural": "Amateur Home Radio for Enthusiasts",
    "description": "A book about ham radio and citizen's band radio.  It contains numerous diagrams and illustrations explaining the science behind the electronics.",
    "weight": 1587,
    "volume": 7,
    "price": 3300,
    "bashing": 5,
    "material": [ "paper" ],
    "symbol": "?",
    "color": "blue",
    "skill": "electronics",
    "required_level": 4,
    "max_level": 8,
    "intelligence": 11,
    "time": 35,
    "fun": -1
  },
  {
    "id": "recipe_atomic_battery",
    "type": "BOOK",
    "name": "computer printout",
    "description": "One side of this sheet is printed with a meaningless jumble of characters, but the other side shows a complicated, hand-drawn circuit diagram.",
    "weight": 10,
    "volume": 0,
    "price": 40000,
    "material": [ "paper" ],
    "symbol": "?",
    "color": "light_green",
    "skill": "electronics",
    "required_level": 6,
    "max_level": 6,
    "intelligence": 12,
    "time": 60,
    "fun": -3
  },
  {
    "id": "recipe_augs",
    "type": "BOOK",
    "name": "Augmentative Tech Review",
    "name_plural": "Augmentative Tech Review",
    "description": "This annual publication covers the various ways in which people use technology to improve their bodies.  There are a few in-depth and thoroughly illustrated articles on bionic systems, though they tend to use too much jargon.",
    "weight": 1909,
    "volume": 2,
    "price": 3000,
    "material": [ "paper" ],
    "symbol": "?",
    "color": "pink",
    "skill": "electronics",
    "required_level": 4,
    "max_level": 5,
    "intelligence": 9,
    "time": 45,
    "fun": 1
  },
  {
    "id": "recipe_lab_elec",
    "type": "BOOK",
    "name": "lab journal-Herrera",
    "name_plural": "lab journals-Herrera",
    "description": "This hefty binder contains a multitude of diagrams and technical specifications for various electronic materials.  Some of the diagrams use symbols you've not seen before...",
    "weight": 2000,
    "volume": 2,
    "price": 56000,
    "material": [ "paper" ],
    "symbol": "?",
    "color": "light_green",
    "skill": "electronics",
    "required_level": 5,
    "max_level": 8,
    "intelligence": 12,
    "time": 45,
    "fun": -2
  },
  {
    "id": "recipe_mil_augs",
    "type": "BOOK",
    "name": "2XI design binder-CLASSIFIED",
    "name_plural": "2XI design binders-CLASSIFIED",
    "description": "This Doubletech Industries binder has several intimidating security warnings on the cover.  Probably because it contains complete design specs, technical drawings, and test results for their military-grade bionic implants.",
    "weight": 1409,
    "volume": 2,
    "price": 74000,
    "material": [ "paper" ],
    "symbol": "?",
    "color": "light_green",
    "skill": "electronics",
    "required_level": 6,
    "max_level": 7,
    "intelligence": 12,
    "time": 45,
    "fun": 1
  },
  {
    "id": "repeater_mod_guide",
    "type": "BOOK",
    "name": "plans for a radio repeater mod",
    "name_plural": "plans for a radio repeater mod",
    "description": "Instructions on how to create a mod for a radio station terminal which converts the entire system into a repeater.",
    "weight": 5,
    "volume": 1,
    "price": 5000,
    "bashing": 1,
    "material": [ "paper" ],
    "symbol": "?",
    "color": "blue",
    "skill": "electronics",
    "required_level": 2,
    "intelligence": 10,
    "time": 20,
    "fun": -1
  },
  {
    "id": "textbook_electronics",
    "type": "BOOK",
    "name": "Electronic Circuit Theory",
    "name_plural": "Electronic Circuit Theory",
    "description": "An advanced college textbook on circuit theory, design, and organization.",
    "weight": 1587,
    "volume": 7,
    "price": 9300,
    "bashing": 5,
    "material": [ "paper" ],
    "symbol": "?",
    "color": "blue",
    "skill": "electronics",
    "required_level": 3,
    "max_level": 6,
    "intelligence": 12,
    "time": 35,
    "fun": -1
  },
  {
    "id": "textbook_robots",
    "type": "BOOK",
    "name": "Robots for Fun & Profit",
    "name_plural": "Robots for Fun & Profit",
    "description": "A rare book on the design of robots, with lots of helpful step-by-step guides.",
    "weight": 2063,
    "volume": 8,
    "price": 9200,
    "bashing": 8,
    "material": [ "paper" ],
    "symbol": "?",
    "color": "blue",
    "skill": "electronics",
    "required_level": 5,
    "max_level": 10,
    "intelligence": 13,
    "time": 55,
    "fun": -1
  }
]
