[
  {
    "id": "mag_launcher",
    "type": "BOOK",
    "name": "High Explosives Quarterly",
    "name_plural": "High Explosives Quarterlies",
    "description": "An interesting quarterly report about rocket launchers and recoilless rifles.  There are lots of large, exciting photos of explosions and weaponry.",
    "weight": 90,
    "volume": 1,
    "price": 450,
    "material": [ "paper" ],
    "symbol": "?",
    "color": "pink",
    "skill": "launcher",
    "max_level": 1,
    "intelligence": 5,
    "time": 8,
    "fun": 1
  },
  {
    "id": "manual_launcher",
    "type": "BOOK",
    "name": "Jane's Mortars and Rocket Launchers",
    "name_plural": "copies of Jane's Mortars and Rocket Launchers",
    "description": "An incredibly detailed guide to modern rockets, mortars, grenade launchers, and recoilless weaponry.  Lavishly illustrated with color photographs, it contains a wealth of information.",
    "weight": 734,
    "volume": 1,
    "price": 2000,
    "material": [ "paper" ],
    "symbol": "?",
    "color": "green",
    "skill": "launcher",
    "max_level": 3,
    "intelligence": 4,
    "time": 18
  }
]
