[
  {
    "id": "mag_melee",
    "type": "BOOK",
    "name": "CQB Monthly",
    "name_plural": "CQB Monthlies",
    "description": "An in-depth look at various styles of close quarters fighting.  There's an amusing essay about dirty tricks in the front section.",
    "weight": 70,
    "volume": 1,
    "price": 450,
    "material": [ "paper" ],
    "symbol": "?",
    "color": "pink",
    "skill": "melee",
    "max_level": 1,
    "intelligence": 5,
    "time": 8,
    "fun": 2
  },
  {
    "id": "manual_melee",
    "type": "BOOK",
    "name": "Close Quarter Fighting Manual",
    "description": "A well-thumbed hardbound book which illustrates simple strategies and techniques for close quarters combat encounters.",
    "weight": 564,
    "volume": 1,
    "price": 2000,
    "material": [ "paper" ],
    "symbol": "?",
    "color": "green",
    "skill": "melee",
    "max_level": 3,
    "intelligence": 4,
    "time": 18
  }
]
