[
  {
    "type": "palette",
    "id": "shoppingplaza",
    "terrain": {
      " ": "t_floor",
      "+": "t_door_locked",
      ",": [ "t_grass", "t_grass", "t_grass", "t_dirt" ],
      "-": "t_wall_h",
      ".": "t_pavement",
      "1": "t_window_boarded",
      "2": "t_chainfence_h",
      "3": "t_tree_young",
      "4": "t_chaingate_l",
      "5": "t_sidewalk",
      "6": "t_chainfence_h",
      "7": "t_chainfence_v",
      "8": "t_chainfence_h",
      "A": "t_floor",
      "B": "t_floor",
      "C": "t_floor",
      "D": "t_floor",
      "E": "t_dirtfloor",
      "F": "t_floor",
      "G": "t_dirtfloor",
      "H": "t_floor",
      "I": "t_floor",
      "r": "t_pavement",
      "y": "t_pavement_y",
      "|": "t_wall_v"
    },
    "furniture": {
      "A": "f_rack",
      "B": "f_toilet",
      "C": "f_counter",
      "D": "f_sink",
      "E": "f_sink",
      "F": "f_chair",
      "G": "f_locker",
      "H": "f_table",
      "I": "f_sofa"
    }
  },
  {
    "type": "mapgen",
    "method": "json",
    "om_terrain": [ "s_shoppingplaza_a1" ],
    "weight": 500,
    "object": {
      "rows": [
        "222222222222222222222222",
        "7yyyyyyyyyyyyyyyyyyyyyyy",
        "7...y...y...y...y...y...",
        "7...y...y...y...y...y...",
        "7...y...y...y...y...y...",
        "7...y...y...y...y...y...",
        "7...y...y...y...y...y...",
        "7.......................",
        "7.......................",
        "7.......................",
        "7.......................",
        "7.......................",
        "7.......................",
        "7.......................",
        "7.......................",
        "7.......................",
        "7.......................",
        "7.......................",
        "7...y...y...y...y...y...",
        "7...y...y...y...y...y...",
        "7...y...y...y...y...y...",
        "7...y...y...y...y...y...",
        "7...y...y...y...y...y...",
        "7yyyyyyyyyyyyyyyyyyyyyyy"
      ],
      "palettes": [ "shoppingplaza" ],
      "place_monsters": [ { "monster": "GROUP_ZOMBIE", "x": [ 2, 21 ], "y": [ 2, 21 ], "repeat": [ 1, 2 ] } ]
    }
  },
  {
    "type": "mapgen",
    "method": "json",
    "om_terrain": [ "s_shoppingplaza_a2" ],
    "weight": 500,
    "object": {
      "rows": [
        "222222222444444422222222",
        "yyyyyyyy.........yyyyyyy",
        "y...y...............y...",
        "y...y...............y...",
        "y...y...............y...",
        "y...y...............y...",
        "y...y...............y...",
        "........................",
        "........................",
        "........................",
        "........................",
        "........................",
        "........................",
        "........................",
        "........................",
        "........................",
        "........................",
        "........................",
        "y...y...y...y...y...y...",
        "y...y...y...y...y...y...",
        "y...y...y...y...y...y...",
        "y...y...y...y...y...y...",
        "y...y...y...y...y...y...",
        "yyyyyyyyyyyyyyyyyyyyyyyy"
      ],
      "palettes": [ "shoppingplaza" ]
    }
  },
  {
    "type": "mapgen",
    "method": "json",
    "om_terrain": [ "s_shoppingplaza_a3" ],
    "weight": 500,
    "object": {
      "rows": [
        "222222222222222222222222",
        "yyyyyyyyyyyyyyyyyyyyyyyy",
        "y...y...y...y...y...y...",
        "y...y...y...y...y...y...",
        "y...y...y...y...y...y...",
        "y...y...y...y...y...y...",
        "y...y...y...y...y...y...",
        "........................",
        "........................",
        "........................",
        "........................",
        "........................",
        "........................",
        "........................",
        "........................",
        "........................",
        "........................",
        "........................",
        "y...y...y...y...y...y...",
        "y...y...y...y...y...y...",
        "y...y...y...y...y...y...",
        "y...y...y...y...y...y...",
        "y...y...y...y...y...y...",
        "yyyyyyyyyyyyyyyyyyyyyyyy"
      ],
      "palettes": [ "shoppingplaza" ],
      "place_monsters": [ { "monster": "GROUP_ZOMBIE", "x": [ 2, 21 ], "y": [ 2, 21 ], "repeat": [ 1, 2 ] } ]
    }
  },
  {
    "type": "mapgen",
    "method": "json",
    "om_terrain": [ "s_shoppingplaza_a4" ],
    "weight": 500,
    "object": {
      "rows": [
        "222222222222222222222222",
        "yyyyyyyyyyyyyyyyyyyyyyyy",
        "y...y...y...y...y...y...",
        "y...y...y...y...y...y...",
        "y...y...y...y...y...y...",
        "y...y...y...y...y...y...",
        "y...y...y...y...y...y...",
        "........................",
        "........................",
        "........................",
        "........................",
        "........................",
        "........................",
        "........................",
        "........................",
        "........................",
        "........................",
        "........................",
        "y...y...y...y...y...y...",
        "y...y...y...y...y...y...",
        "y...y...y...y...y...y...",
        "y...y...y...y...y...y...",
        "y...y...y...y...y...y...",
        "yyyyyyyyyyyyyyyyyyyyyyyy"
      ],
      "palettes": [ "shoppingplaza" ]
    }
  },
  {
    "type": "mapgen",
    "method": "json",
    "om_terrain": [ "s_shoppingplaza_a5" ],
    "weight": 500,
    "object": {
      "rows": [
        "222222222222222222222222",
        "yyyyyyyyy.........yyyyyy",
        "y...y...y..............y",
        "y...y...y..............y",
        "y...y...y..............y",
        "y...y...y.........yyyyyy",
        "y...y...y..............y",
        ".......................y",
        ".......................y",
        "..................yyyyyy",
        ".......................y",
        ".......................y",
        ".......................y",
        "..................yyyyyy",
        ".......................y",
        ".......................y",
        ".......................y",
        "..................yyyyyy",
        "y...y...y..............y",
        "y...y...y..............y",
        "y...y...y..........55555",
        "y...y...y..........55555",
        "y...y...y..............y",
        "yyyyyyyyyyyyyyyyyyyyyyyy"
      ],
      "palettes": [ "shoppingplaza" ],
      "place_monsters": [ { "monster": "GROUP_ZOMBIE", "x": [ 2, 21 ], "y": [ 2, 21 ], "repeat": [ 1, 2 ] } ]
    }
  },
  {
    "type": "mapgen",
    "method": "json",
    "om_terrain": [ "s_shoppingplaza_a6" ],
    "weight": 500,
    "object": {
      "rows": [
        "44|-----------------|rrr",
        "55|                 |rrr",
        "551                 |-+|",
        "551                 |  |",
        "551                 |  |",
        "551                 |+-|",
        "551                    |",
        "551                    |",
        "551                    |",
        "551                    |",
        "55|                    |",
        "55-1-                  |",
        "5555+                  |",
        "5555+                  |",
        "55-1-                  |",
        "55|                    |",
        "551                    |",
        "551                    |",
        "551                    |",
        "551                    |",
        "551                    |",
        "551                    |",
        "55|                    |",
        "55|---------------------"
      ],
      "palettes": [ "shoppingplaza" ]
    }
  },
  {
    "type": "mapgen",
    "method": "json",
    "om_terrain": [ "s_shoppingplaza_b1" ],
    "weight": 500,
    "object": {
      "rows": [
        "455555555555555555555555",
        "455555555555555555555555",
        "|-111111---++---111111-|",
        "|        1    1        |",
        "|        1    1        |",
        "|        --++--        |",
        "|                      |",
        "|                      |",
        "|                      |",
        "|                      |",
        "|                      |",
        "|                      |",
        "|                      |",
        "|                      |",
        "|                      |",
        "|                      |",
        "|                  |----",
        "|                  +    ",
        "|                  |    ",
        "|                  |---|",
        "|                  +   |",
        "|-------------------+--|",
        "4rrrrrrrrrrrrrrrrrrrrrrr",
        "888888888888888888888888"
      ],
      "palettes": [ "shoppingplaza" ]
    }
  },
  {
    "type": "mapgen",
    "method": "json",
    "om_terrain": [ "s_shoppingplaza_b2" ],
    "weight": 500,
    "object": {
      "rows": [
        "555555555555555555555555",
        "555555555555555555555555",
        "|-111111--5555--111111-|",
        "|        |-++-|        |",
        "|                      |",
        "|                      |",
        "|                      |",
        "|                      |",
        "|                      |",
        "|                      |",
        "|                      |",
        "|                      |",
        "|                      |",
        "|                      |",
        "|                      |",
        "|                      |",
        "|                  |----",
        "|                  +    ",
        "+                  |    ",
        "|                  |---|",
        "|                  +   |",
        "|-------------------+--|",
        "rrrrrrrrrrrrrrrrrrrrrrrr",
        "888888888888888888888888"
      ],
      "palettes": [ "shoppingplaza" ]
    }
  },
  {
    "type": "mapgen",
    "method": "json",
    "om_terrain": [ "s_shoppingplaza_b3" ],
    "weight": 500,
    "object": {
      "rows": [
        "555555555555555555555555",
        "555555555555555555555555",
        "|-111111---++---111111-|",
        "|        1    1        |",
        "|        1    1        |",
        "|        --++--        |",
        "|                      |",
        "|                      |",
        "|                      |",
        "|                      |",
        "|                      |",
        "|                      |",
        "|                      |",
        "|                      |",
        "|                      |",
        "|                      |",
        "|                  |----",
        "|                  +    ",
        "+                  |    ",
        "|                  |---|",
        "|                  +   |",
        "|-------------------+--|",
        "rrrrrrrrrrrrrrrrrrrrrrrr",
        "888888888888888888888888"
      ],
      "palettes": [ "shoppingplaza" ]
    }
  },
  {
    "type": "mapgen",
    "method": "json",
    "om_terrain": [ "s_shoppingplaza_b4" ],
    "weight": 500,
    "object": {
      "rows": [
        "555555555555555555555555",
        "555555555555555555555555",
        "|-111111---++---111111-|",
        "|        1    1        |",
        "|        1    1        |",
        "|        --++--        |",
        "|                      |",
        "|                      |",
        "|                      |",
        "|                      |",
        "|                      |",
        "|                      |",
        "|                      |",
        "|                      |",
        "|                      |",
        "|                      |",
        "|                  |----",
        "|                  +    ",
        "+                  |    ",
        "|                  |---|",
        "|                  +   |",
        "|-------------------+--|",
        "rrrrrrrrrrrrrrrrrrrrrrrr",
        "888888888888888888888888"
      ],
      "palettes": [ "shoppingplaza" ]
    }
  },
  {
    "type": "mapgen",
    "method": "json",
    "om_terrain": [ "s_shoppingplaza_b5" ],
    "weight": 500,
    "object": {
      "rows": [
        "555555555555555555555555",
        "555555555555555555555555",
        "|-111111--5555--111111-|",
        "|        |-++-|        |",
        "|                      |",
        "|                      |",
        "|                      |",
        "|                      |",
        "|                      |",
        "|                      |",
        "|                      |",
        "|                      |",
        "|                      |",
        "|                      |",
        "|                      |",
        "|                      |",
        "|                  |----",
        "|                  +    ",
        "+                  |    ",
        "|                  |---|",
        "|                  +   |",
        "|-------------------+--|",
        "rrrrrrrrrrrrrrrrrrrrrrrr",
        "888888888888888888888888"
      ],
      "palettes": [ "shoppingplaza" ]
    }
  },
  {
    "type": "mapgen",
    "method": "json",
    "om_terrain": [ "s_shoppingplaza_b6" ],
    "weight": 500,
    "object": {
      "rows": [
        "55+                   A|",
        "55+       A  A  A  A  A|",
        "--|       A  A  A  A  A|",
        "A         A  A  A  A  A|",
        "A    FHF  A  A  A  A  A|",
        "A     F   A  A  A  A  A|",
        "A                     A|",
        "A                     A|",
        "A   A  A  A  A  A  A  A|",
        "A   A  A  A  A  A  A  A|",
        "A   A  A  A  A  A  A  A|",
        "A   A  A  A  A  A  A  A|",
        "A   A  A  A  A  A  A  A|",
        "A                     A|",
        "A                     A|",
        "A   A  A  A  A  A  A  A|",
        "|   A  A  A  A  A  A  A|",
        "|   A  A  A  A  A  A  A|",
        "+   A  A  A  A  A  A  A|",
        "|   A  A  A  A  A  A  A|",
        "A                     A|",
        "|-------------------+--|",
        "rrrrrrrrrrrrrrrrrrrrrrr4",
        "888888888888888888888888"
      ],
      "palettes": [ "shoppingplaza" ],
      "place_items": [
        { "item": "vfw_tools", "x": 7, "y": [ 8, 12 ], "chance": 80, "repeat": [ 1, 5 ] },
        { "item": "vfw_books", "x": 4, "y": [ 15, 19 ], "chance": 80, "repeat": [ 1, 5 ] },
        { "item": "vfw_alcohol", "x": 19, "y": [ 15, 19 ], "chance": 80, "repeat": [ 1, 5 ] }
      ],
      "place_monsters": [ { "monster": "GROUP_ZOMBIE", "x": [ 2, 21 ], "y": [ 2, 21 ], "repeat": [ 1, 2 ] } ]
    }
  }
]
