[
  {
    "type": "mapgen",
    "method": "json",
    "om_terrain": [ "abstorefront" ],
    "object": {
      "fill_ter": "t_floor",
      "rows": [
        "                        ",
        " |-xxxxxxxxDDxxxxxxxx-| ",
        " |...................B| ",
        " |B..c........B..B...B| ",
        " |B..c........B..B...B| ",
        " |B..c..B..B..B..B...B| ",
        " |cccc..B..B..B..B...B| ",
        " |B.....B..B..B..B...B| ",
        " |B..................B| ",
        " |B..BBBB..BBBBBB.BB.B| ",
        " |................BB.B| ",
        " |B..BBBB..BBBBBB....B| ",
        " |B...............--+-| ",
        " |B...............|B..| ",
        " |BBBBBBB..BBBBBB.|B..D ",
        " |--------------------| ",
        "                        ",
        "                        ",
        "                        ",
        "                        ",
        "                        ",
        "                        ",
        "                        ",
        "                        "
      ],
      "set": [ { "point": "furniture", "id": "f_shackle", "x": [ 2, 14 ], "y": [ 2, 21 ], "chance": 3 } ],
      "terrain": {
        " ": "t_pavement",
        "+": "t_door_c",
        "-": "t_wall",
        ".": "t_floor",
        "D": "t_door_locked",
        "x": "t_window_boarded",
        "|": "t_wall"
      },
      "furniture": { "B": "f_rack", "c": "f_counter" }
    }
  }
]
