[
  {
    "type": "mapgen",
    "method": "json",
    "om_terrain": [ "evac_center_1" ],
    "weight": 100,
    "object": {
      "fill_ter": "t_floor",
      "rows": [
        "........................",
        "........................",
        "........................",
        "........................",
        "........................",
        "..........._____________",
        "..........______________",
        "........._______________",
        "........________________",
        "......._________________",
        "......__________________",
        "......__________________",
        "......__________,,,_,,,_",
        "......_________,,,,_,,,_",
        "......________,,,_______",
        "......_______,,,________",
        "......_______,,_________",
        "......__________________",
        "......_______,,_________",
        "......_______,,_________",
        "......_______,,_________",
        "......__________________",
        "......_______,,________s",
        "......_______,,_______ss"
      ],
      "palettes": [ "evac_center" ]
    }
  },
  {
    "type": "mapgen",
    "method": "json",
    "om_terrain": [ "evac_center_2" ],
    "weight": 100,
    "object": {
      "fill_ter": "t_floor",
      "rows": [
        "........................",
        "........................",
        "........................",
        "........................",
        "........................",
        "________________________",
        "________________________",
        "________________________",
        "________________________",
        "________________________",
        "________________________",
        "________________________",
        ",,,_,,,_,,,_,,,_,,,_,,,_",
        ",,,_,,,_,,,_,,,_,,,_,,,_",
        "________________________",
        "________________________",
        "________________________",
        "________________________",
        "________________________",
        "________________________",
        "________________________",
        "ssssssssssssssssssssssss",
        "ssssssssssssssssssssssss",
        "ssssssssssssssssssssssss"
      ],
      "palettes": [ "evac_center" ],
      "place_vehicles": [ { "vehicle": "schoolbus", "x": 18, "y": 18, "chance": 75, "rotation": 0 } ]
    }
  },
  {
    "type": "mapgen",
    "method": "json",
    "om_terrain": [ "evac_center_3" ],
    "weight": 100,
    "object": {
      "fill_ter": "t_floor",
      "rows": [
        "........................",
        "........................",
        "........................",
        "........................",
        "........................",
        "________________________",
        "________________________",
        "________________________",
        "________________________",
        "________________________",
        "________________________",
        "________________________",
        ",,,_,,,_,,,_,,,_,,,_,,,_",
        ",,,_,,,_,,,_,,,_,,,_,,,_",
        "________________________",
        "________________________",
        "________________________",
        "________________________",
        "________________________",
        "________________________",
        "________________________",
        "ss,,,,,,,,,,,,,,,,,,,,ss",
        "sss,_,_,_,_,_,_,_,_,_sss",
        "ssss,,,,,,,,,,,,,,,,ssss"
      ],
      "palettes": [ "evac_center" ],
      "place_vehicles": [ { "vehicle": "car", "x": 10, "y": 23, "chance": 75, "rotation": 270 } ]
    }
  },
  {
    "type": "mapgen",
    "method": "json",
    "om_terrain": [ "evac_center_4" ],
    "weight": 100,
    "object": {
      "fill_ter": "t_floor",
      "rows": [
        "........................",
        "........................",
        "........................",
        "........................",
        "........................",
        "________________________",
        "________________________",
        "________________________",
        "________________________",
        "________________________",
        "________________________",
        "________________________",
        ",,,_,,,_,,,_,,,_,,,_,,,_",
        ",,,_,,,_,,,_,,,_,,,_,,,_",
        "________________________",
        "________________________",
        "________________________",
        "________________________",
        "________________________",
        "________________________",
        "________________________",
        "ssssssssssssssssssssssss",
        "ssssssssssssssssssssssss",
        "ssssssssssssssssssssssss"
      ],
      "palettes": [ "evac_center" ]
    }
  },
  {
    "type": "mapgen",
    "method": "json",
    "om_terrain": [ "evac_center_5" ],
    "weight": 100,
    "object": {
      "fill_ter": "t_floor",
      "rows": [
        "........................",
        "........................",
        "........................",
        "........................",
        "........................",
        "_____________...........",
        "______________..........",
        "_______________.........",
        "________________........",
        "_________________.......",
        "__________________......",
        "__________________......",
        ",,,_,,,,__________......",
        ",,,_,,,,,_________......",
        "_______,,,________......",
        "________,,,_______......",
        "_________,,_______......",
        "__________________......",
        "_________,,_______......",
        "_________,,_______......",
        "_________,,_______......",
        "__________________......",
        "s________,,_______......",
        "ss_______,,_______......"
      ],
      "palettes": [ "evac_center" ]
    }
  },
  {
    "type": "mapgen",
    "method": "json",
    "om_terrain": [ "evac_center_6" ],
    "weight": 100,
    "object": {
      "fill_ter": "t_floor",
      "rows": [
        "......_______,,_______ss",
        "......________________ss",
        "......_______,,_______ss",
        "......_______,,_______ss",
        "......_______,,_______ss",
        "......________________ss",
        "......_______,,_______ss",
        "......_______,,_______ss",
        "......_______,,_______ss",
        "......________________ss",
        "......_______,,_______ss",
        "......_______,,_______ss",
        "......_______,,_______ss",
        "......________________ss",
        "......_______,,_______ss",
        "......_______,,_______ss",
        "......_______,,_______ss",
        "......________________ss",
        "......_______,,_______ss",
        "......_______,,_______ss",
        "......_______,,_______ss",
        "......________________ss",
        "......_______,,_______ss",
        "......_______,,_______ss"
      ],
      "palettes": [ "evac_center" ],
      "place_vehicles": [ { "vehicle": "schoolbus", "x": 21, "y": 13, "chance": 75, "rotation": 270 } ]
    }
  },
  {
    "type": "mapgen",
    "method": "json",
    "om_terrain": [ "evac_center_7" ],
    "weight": 100,
    "object": {
      "fill_ter": "t_floor",
      "rows": [
        "ss......................",
        "s.......................",
        "s....######..####..#####",
        "s...#######11####11#####",
        "s...###                #",
        "s...##                  ",
        "s...##  L  L  L  L  L   ",
        "s...##  @  @  @  @  @   ",
        "s...##  @  @2 @  @  @   ",
        "s....1                  ",
        "s....1                  ",
        "s...##  L  L  L  L  L   ",
        "s...##  @  @  @  @  @   ",
        "s...##  @  @  @  @  @ 2 ",
        "s...##                  ",
        "s....1                  ",
        "s....1  L  L2 L  L     #",
        "s...##  @  @  @  @     #",
        "s...##  @  @  @  @     V",
        "s...##                 V",
        "s...##                 V",
        "s...###      DD        #",
        "s...#############++##++#",
        "s....#########t+   S#  #"
      ],
      "palettes": [ "evac_center" ],
      "place_items": [
        { "item": "bed", "x": [ 8, 8 ], "y": [ 7, 8 ], "chance": 80 },
        { "item": "bed", "x": [ 8, 8 ], "y": [ 12, 13 ], "chance": 80 },
        { "item": "bed", "x": [ 8, 8 ], "y": [ 17, 18 ], "chance": 80 },
        { "item": "bed", "x": [ 11, 11 ], "y": [ 7, 8 ], "chance": 80 },
        { "item": "bed", "x": [ 11, 11 ], "y": [ 12, 13 ], "chance": 80 },
        { "item": "bed", "x": [ 11, 11 ], "y": [ 17, 18 ], "chance": 80 },
        { "item": "bed", "x": [ 14, 14 ], "y": [ 7, 8 ], "chance": 80 },
        { "item": "bed", "x": [ 14, 14 ], "y": [ 12, 13 ], "chance": 80 },
        { "item": "bed", "x": [ 14, 14 ], "y": [ 17, 18 ], "chance": 80 },
        { "item": "bed", "x": [ 17, 17 ], "y": [ 7, 8 ], "chance": 80 },
        { "item": "bed", "x": [ 17, 17 ], "y": [ 12, 13 ], "chance": 80 },
        { "item": "bed", "x": [ 17, 17 ], "y": [ 17, 18 ], "chance": 80 },
        { "item": "bed", "x": [ 20, 20 ], "y": [ 7, 8 ], "chance": 80 },
        { "item": "bed", "x": [ 20, 20 ], "y": [ 12, 13 ], "chance": 80 },
        { "item": "allclothes", "x": [ 8, 20 ], "y": [ 6, 6 ], "chance": 60 },
        { "item": "allclothes", "x": [ 8, 20 ], "y": [ 11, 11 ], "chance": 60 },
        { "item": "allclothes", "x": [ 8, 17 ], "y": [ 16, 16 ], "chance": 60 },
        { "item": "trash", "x": [ 13, 14 ], "y": 21, "chance": 60, "repeat": [ 1, 2 ] }
      ],
      "place_npcs": [ { "class": "guard", "x": 19, "y": 21 } ]
    }
  },
  {
    "type": "mapgen",
    "method": "json",
    "om_terrain": [ "evac_center_8" ],
    "weight": 100,
    "object": {
      "fill_ter": "t_floor",
      "rows": [
        ".sss________________sss.",
        "...ss______________ss...",
        "#..ss______________ss..#",
        "##..ss____________ss..##",
        "##..ss____________ss..##",
        "###..ss__________ss..###",
        " ######__________###### ",
        "  ######========######  ",
        "  # L##         6##L #  ",
        "  + L##          ##L +  ",
        "  # L##          ##L #  ",
        "  #####          #####  ",
        "     ##2        2##     ",
        "     +          bL0     ",
        "     +          hL0     ",
        "     ##l        b##     ",
        "##+####l     zz  #######",
        "     ##P     zz  #######",
        "     ###        ########",
        " k6k ######  ###########",
        "  h  #####EEE6##########",
        "     #####EEEE##########",
        "##########EEEE##########",
        "##########EEEE##########"
      ],
      "palettes": [ "evac_center" ],
      "place_items": [
        { "item": "office", "x": [ 1, 3 ], "y": [ 19, 19 ], "chance": 80 },
        { "item": "shelter", "x": [ 13, 14 ], "y": [ 16, 17 ], "chance": 90 },
        { "item": "jackets", "x": [ 19, 19 ], "y": [ 8, 10 ], "chance": 80 },
        { "item": "cleaning", "x": [ 4, 4 ], "y": [ 8, 10 ], "chance": 80 }
      ],
      "place_npcs": [ { "class": "evac_broker", "x": 2, "y": 20 }, { "class": "guard", "x": 15, "y": 15 } ]
    }
  },
  {
    "type": "mapgen",
    "method": "json",
    "om_terrain": [ "evac_center_9" ],
    "weight": 100,
    "object": {
      "fill_ter": "t_floor",
      "rows": [
        "......................ss",
        ".......................s",
        "#####..####..######....s",
        "#####11####11#######...s",
        "#                ###...s",
        "                  ##...s",
        "   L  L  L  L  L  ##...s",
        "   @  @  @  @  @  ##...s",
        "   @  @  @ 2@  @  ##...s",
        "                  1....s",
        "                  1....s",
        "   L  L  L  L  L  ##...s",
        "   @  @  @  @  @  ##...s",
        "2  @  @  @  @  @  ##...s",
        "                  ##...s",
        "                  1....s",
        "      L  L 2L  L  1....s",
        "      @  @  @  @  ##...s",
        "      @  @  @  @  ##...s",
        "                  ##...s",
        "                  ##...s",
        "                 ###...s",
        "  ##++##############...s",
        "==#S   +t##########....s"
      ],
      "palettes": [ "evac_center" ],
      "place_items": [
        { "item": "bed", "x": [ 8, 8 ], "y": [ 7, 8 ], "chance": 80 },
        { "item": "bed", "x": [ 3, 3 ], "y": [ 12, 13 ], "chance": 80 },
        { "item": "bed", "x": [ 15, 15 ], "y": [ 17, 18 ], "chance": 80 },
        { "item": "bed", "x": [ 3, 3 ], "y": [ 7, 8 ], "chance": 80 },
        { "item": "bed", "x": [ 6, 6 ], "y": [ 12, 13 ], "chance": 80 },
        { "item": "bed", "x": [ 6, 6 ], "y": [ 17, 18 ], "chance": 80 },
        { "item": "bed", "x": [ 6, 6 ], "y": [ 7, 8 ], "chance": 80 },
        { "item": "bed", "x": [ 9, 9 ], "y": [ 12, 13 ], "chance": 80 },
        { "item": "bed", "x": [ 9, 9 ], "y": [ 17, 18 ], "chance": 80 },
        { "item": "bed", "x": [ 9, 9 ], "y": [ 7, 8 ], "chance": 80 },
        { "item": "bed", "x": [ 12, 12 ], "y": [ 12, 13 ], "chance": 80 },
        { "item": "bed", "x": [ 12, 12 ], "y": [ 17, 18 ], "chance": 80 },
        { "item": "bed", "x": [ 12, 12 ], "y": [ 7, 8 ], "chance": 80 },
        { "item": "bed", "x": [ 15, 15 ], "y": [ 12, 13 ], "chance": 80 },
        { "item": "bed", "x": [ 15, 15 ], "y": [ 7, 8 ], "chance": 80 },
        { "item": "allclothes", "x": [ 3, 15 ], "y": [ 6, 6 ], "chance": 60 },
        { "item": "allclothes", "x": [ 3, 15 ], "y": [ 11, 11 ], "chance": 60 },
        { "item": "allclothes", "x": [ 6, 15 ], "y": [ 16, 16 ], "chance": 60 }
      ],
      "place_monsters": [ { "monster": "GROUP_MALL", "x": [ 2, 15 ], "y": [ 4, 20 ], "density": 0.6 } ]
    }
  },
  {
    "type": "mapgen",
    "method": "json",
    "om_terrain": [ "evac_center_10" ],
    "weight": 100,
    "object": {
      "fill_ter": "t_floor",
      "rows": [
        "ss_______,,_______......",
        "ss________________......",
        "ss_______,,_______......",
        "ss_______,,_______......",
        "ss_______,,_______......",
        "ss________________......",
        "ss_______,,_______......",
        "ss_______,,_______......",
        "ss_______,,_______......",
        "ss________________......",
        "ss_______,,_______......",
        "ss_______,,_______......",
        "ss_______,,_______......",
        "ss________________......",
        "ss_______,,_______......",
        "ss_______,,_______......",
        "ss_______,,_______......",
        "ss________________......",
        "ss_______,,_______......",
        "ss_______,,_______......",
        "ss_______,,_______......",
        "ss________________......",
        "ss_______,,_______......",
        "ss_______,,_______......"
      ],
      "palettes": [ "evac_center" ],
      "place_vehicles": [ { "vehicle": "flatbed_truck", "x": 2, "y": 18, "chance": 75, "rotation": 90 } ]
    }
  },
  {
    "type": "mapgen",
    "method": "json",
    "om_terrain": [ "evac_center_11" ],
    "weight": 100,
    "object": {
      "fill_ter": "t_floor",
      "rows": [
        "......_______,,________s",
        "......__________________",
        "......_______,,_________",
        "......_______,,_________",
        "......_______,,_________",
        "......_________________,",
        "......_______,,________,",
        "......_______,,________,",
        "......_______,,________,",
        "......_________________,",
        "......_______,,________,",
        "......_______,,________,",
        "......_______,,________,",
        "......_________________,",
        "......_______,,________,",
        "......_______,,________,",
        "......_______,,________,",
        "......_________________,",
        "......_______,,________,",
        "......_______,,_________",
        "......_______,,_________",
        "......__________________",
        "......_______,,_________",
        "......_______,,________s"
      ],
      "palettes": [ "evac_center" ]
    }
  },
  {
    "type": "mapgen",
    "method": "json",
    "om_terrain": [ "evac_center_12" ],
    "weight": 100,
    "object": {
      "fill_ter": "t_floor",
      "rows": [
        "ss.........#####   c#  #",
        "sss.........##t+ 2 S#  #",
        "_ssssssss...####   c#  #",
        "__ssssssss..##t+ D S#  #",
        "_______sss..######+##  =",
        "________ss..##~#~#  #  =",
        "________ss..##      #  #",
        "________ss..##~#~#  #  #",
        "________ss..###### 2#  #",
        "________ss..##~#~#  #  #",
        "________ss..##      #  #",
        "________ss..##~#~#  #  #",
        "________ss..#########  #",
        "________ss..#####r r#  #",
        "________ss..######+##++#",
        "________ss..##  P       ",
        "________ss...1          ",
        "________ss...1       2  ",
        "________ss..##          ",
        "_______sss..#####+##    ",
        "__ssssssss..##t+  c#   #",
        "_ssssssss...####  S#  ##",
        "sss.........##t+ 2c#  # ",
        "ss.........#####  S#  # "
      ],
      "palettes": [ "evac_center" ],
      "place_items": [
        { "item": "cleaning", "x": [ 17, 17 ], "y": [ 13, 13 ], "chance": 80 },
        { "item": "cleaning", "x": [ 19, 19 ], "y": [ 13, 13 ], "chance": 80 }
      ],
      "place_npcs": [ { "class": "evac_guard2", "x": 18, "y": 18 } ],
      "place_vehicles": [ { "vehicle": "schoolbus", "x": 4, "y": 8, "chance": 75, "rotation": 270 } ]
    }
  },
  {
    "type": "mapgen",
    "method": "json",
    "om_terrain": [ "evac_center_13" ],
    "weight": 100,
    "object": {
      "fill_ter": "t_floor",
      "rows": [
        "########################",
        "r rrrrrrrrrrrrrrrrrrr r#",
        "r                     r#",
        "                    2  #",
        "   rrrrrrrrrrrrrrrrr   =",
        "   rrrrrrrrrrrrrrrrr   =",
        "  2                    #",
        "r                     r#",
        "r rrrrrrrrrrrrrrrrrrr r#",
        "########################",
        "##########EEEE##########",
        "##########EEEE##########",
        " > #######EEEE###### > #",
        "   #######EEE6######   #",
        "#=#########  ########=##",
        "                        ",
        "                        ",
        "        2      2        ",
        "                        ",
        "    ######    ######    ",
        " ##########++########## ",
        "=###                ###=",
        " ##  bbbb       bbb  ## ",
        " 6V    2        2    V6 "
      ],
      "palettes": [ "evac_center" ],
      "place_items": [
        { "item": "pasta", "x": [ 0, 0 ], "y": [ 1, 2 ], "chance": 90 },
        { "item": "pasta", "x": [ 0, 0 ], "y": [ 7, 8 ], "chance": 90 },
        { "item": "pasta", "x": [ 22, 22 ], "y": [ 1, 2 ], "chance": 90 },
        { "item": "pasta", "x": [ 22, 22 ], "y": [ 7, 8 ], "chance": 90 },
        { "item": "cannedfood", "x": [ 2, 20 ], "y": [ 1, 1 ], "chance": 90 },
        { "item": "cannedfood", "x": [ 3, 19 ], "y": [ 4, 5 ], "chance": 90 },
        { "item": "cannedfood", "x": [ 2, 20 ], "y": [ 8, 8 ], "chance": 90 }
      ],
      "place_npcs": [ { "class": "evac_guard1", "x": 9, "y": 21 }, { "class": "guard", "x": 14, "y": 21 } ]
    }
  },
  {
    "type": "mapgen",
    "method": "json",
    "om_terrain": [ "evac_center_14" ],
    "weight": 100,
    "object": {
      "fill_ter": "t_floor",
      "rows": [
        "LL#c   #####..........ss",
        "bh#S 2 +t##..........sss",
        "h #c   ####...sssssssss_",
        "  #S D +t##..sssssssss__",
        "  ##+######..sss________",
        "  #  #~#~##..ss_________",
        "  #      ##..ss_________",
        "  #  #~#~##..ss_________",
        "  #2 ######..ss_________",
        "  #  #~#~##..ss_________",
        "  #      ##..ss_________",
        "  #  #~#~##..ss_________",
        "  #########..ss_________",
        "  #r r#####..ss_________",
        "++##+######..ss_________",
        "         ##..ss_________",
        "         1...ss_________",
        " 2       1...ss_________",
        "         ##..ss_________",
        "    ##+####..sss________",
        "#   #c +t##..ssssssss___",
        "##  #S ####...ssssssss__",
        " #  #c2+t##.........sss_",
        " #  #S #####.........sss"
      ],
      "palettes": [ "evac_center" ],
      "place_items": [
        { "item": "snacks", "x": [ 3, 3 ], "y": [ 13, 13 ], "chance": 60 },
        { "item": "snacks", "x": [ 5, 5 ], "y": [ 13, 13 ], "chance": 60 }
      ],
      "place_vehicles": [
        { "vehicle": "car", "x": 17, "y": 16, "chance": 75, "rotation": 90 },
        { "vehicle": "pickup", "x": 18, "y": 8, "chance": 75, "rotation": 90 }
      ]
    }
  },
  {
    "type": "mapgen",
    "method": "json",
    "om_terrain": [ "evac_center_15" ],
    "weight": 100,
    "object": {
      "fill_ter": "t_floor",
      "rows": [
        "s________,,_______......",
        "__________________......",
        "_________,,_______......",
        "_________,,_______......",
        "_________,,_______......",
        ",_________________......",
        ",________,,_______......",
        ",________,,_______......",
        ",________,,_______......",
        ",_________________......",
        ",________,,_______......",
        ",________,,_______......",
        ",________,,_______......",
        ",_________________......",
        ",________,,_______......",
        ",________,,_______......",
        ",________,,_______......",
        ",_________________......",
        ",________,,_______......",
        "_________,,_______......",
        "_________,,_______......",
        "__________________......",
        "_________,,_______......",
        "_________,,_______......"
      ],
      "palettes": [ "evac_center" ]
    }
  },
  {
    "type": "mapgen",
    "method": "json",
    "om_terrain": [ "evac_center_16" ],
    "weight": 100,
    "object": {
      "fill_ter": "t_floor",
      "rows": [
        "......_______,,_______ss",
        "......________________ss",
        "......_______,,_______ss",
        "......_______,,_______ss",
        "......_______,,_______ss",
        "......________________ss",
        "......_______,,_______ss",
        "......_______,,_______ss",
        "......_______,,_______ss",
        "......________________ss",
        "......_______,,_______ss",
        "......_______,,_______ss",
        "......_______,,_______ss",
        "......________________ss",
        "......_______,,_______ss",
        "......_______,,_______ss",
        "......_______,,_______ss",
        "......________________ss",
        "......_______,,_______ss",
        "......_______,,_______ss",
        "......_______,,_______ss",
        "......________________ss",
        "......_______,,_______ss",
        "......_______,,_______ss"
      ],
      "palettes": [ "evac_center" ],
      "place_vehicles": [
        { "vehicle": "hippie_van", "x": 21, "y": 17, "chance": 75, "rotation": 90 },
        { "vehicle": "policecar", "x": 22, "y": 7, "chance": 75, "rotation": 90 }
      ]
    }
  },
  {
    "type": "mapgen",
    "method": "json",
    "om_terrain": [ "evac_center_17" ],
    "weight": 100,
    "object": {
      "fill_ter": "t_floor",
      "rows": [
        "s....#########t+  c#  #2",
        "s...################++# ",
        "s...###               ##",
        "s...##                 #",
        "s...##  b  b       b    ",
        "s...##  b  b  cc   b  b ",
        "s...##  b  b2      b  b ",
        "s....1  b  b  cc   b  b ",
        "s....1  b  b       b  b ",
        "s...##  b  b  cc   b  b ",
        "s...##                  ",
        "s...##               2  ",
        "s...##  b  b  cc   b  b ",
        "s....1  b  b       b  b ",
        "s....1  b  b  cc   b  b ",
        "s...##  b  b2      b  b ",
        "s...##  b  b  cc   b  b ",
        "s...##  b  b       b  b ",
        "s...##                  ",
        "s...###       ooo       ",
        "s...#######11#####11####",
        "s....######{{#####{{####",
        "s.......................",
        "ss......................"
      ],
      "palettes": [ "evac_center" ],
      "place_items": [
        { "item": "homebooks", "x": [ 14, 16 ], "y": 19, "chance": 80, "repeat": [ 1, 2 ] },
        { "item": "textbooks", "x": [ 14, 16 ], "y": 19, "chance": 20 }
      ],
      "place_npcs": [ { "class": "scavenger_merc", "x": 8, "y": 5 }, { "class": "old_guard_rep", "x": 19, "y": 7 } ]
    }
  },
  {
    "type": "mapgen",
    "method": "json",
    "om_terrain": [ "evac_center_18" ],
    "weight": 100,
    "object": {
      "fill_ter": "t_floor",
      "rows": [
        "hcV  bbbb      bbbb  Vch",
        " cV                  Vc ",
        " ##  bbbb      bbbb  ## ",
        "###l                 ###",
        " ###                ### ",
        " ####1111#+##+#1111#### ",
        " ###....sssUnsss....### ",
        " ##......ssssss......## ",
        " ##.......ssss.......## ",
        " ##.......ssss.......## ",
        " 1....%...ssss...%....1 ",
        " 1...%%%..ssss..%%%...1 ",
        " ##...%...ssss...%...## ",
        " ##.......ssss.......## ",
        " ##.......ssss.......## ",
        " ##.......ssss.......## ",
        " ##...%...ssss...%...## ",
        " ##..%%%..ssss..%%%..## ",
        " ##...%...ssss...%...## ",
        "###.......ssss.......###",
        "###.......ssss.......###",
        "##........ssss........##",
        "..........ssss..........",
        ".........ssssss........."
      ],
      "palettes": [ "evac_center" ],
      "place_npcs": [ { "class": "arsonist", "x": 5, "y": 0 }, { "class": "evac_merchant", "x": 23, "y": 0 } ]
    }
  },
  {
    "type": "mapgen",
    "method": "json",
    "om_terrain": [ "evac_center_19" ],
    "weight": 100,
    "object": {
      "fill_ter": "t_floor",
      "rows": [
        "2#  #c +t#########....ss",
        " #++################...s",
        "##    DD         ###...s",
        "#                 ##...s",
        "        rrrrrrrr  ##...s",
        " rr     rrrrrrrr  ##...s",
        " rr        2      ##...s",
        " rr               1....s",
        "        rrrrrrrr  1....s",
        "        rrrrrrrr  ##...s",
        " rr               ##...s",
        " rr2              ##...s",
        " rr     rrrrrrrr  ##...s",
        "        rrrrrrrr  1....s",
        "                  1....s",
        " rr        2      ##...s",
        " rr     rrrrrrrr  ##...s",
        " rr     rrrrrrrr  ##...s",
        "                  ##...s",
        "                 ###...s",
        "####11#####11#######...s",
        "####..#####..######....s",
        ".......................s",
        "......................ss"
      ],
      "palettes": [ "evac_center" ],
      "place_items": [
        { "item": "cannedfood", "x": [ 8, 15 ], "y": [ 4, 5 ], "chance": 20 },
        { "item": "cannedfood", "x": [ 8, 15 ], "y": [ 8, 9 ], "chance": 20 },
        { "item": "cannedfood", "x": [ 8, 15 ], "y": [ 12, 13 ], "chance": 20 },
        { "item": "cannedfood", "x": [ 8, 15 ], "y": [ 16, 17 ], "chance": 20 },
        { "item": "cannedfood", "x": [ 1, 2 ], "y": [ 5, 7 ], "chance": 20 },
        { "item": "cannedfood", "x": [ 1, 2 ], "y": [ 10, 12 ], "chance": 20 },
        { "item": "cannedfood", "x": [ 1, 2 ], "y": [ 15, 17 ], "chance": 20 }
      ],
      "place_npcs": [ { "class": "guard", "x": 7, "y": 8 } ]
    }
  },
  {
    "type": "mapgen",
    "method": "json",
    "om_terrain": [ "evac_center_20" ],
    "weight": 100,
    "object": {
      "fill_ter": "t_floor",
      "rows": [
        "s________,,_______......",
        "ss________________......",
        "ss_______,,_______......",
        "ss_______,,_______......",
        "ss_______,,_______......",
        "ss________________......",
        "ss_______,,_______......",
        "ss_______,,_______......",
        "ss_______,,_______......",
        "ss________________......",
        "ss_______,,_______......",
        "ss_______,,_______......",
        "ss_______,,_______......",
        "ss________________......",
        "ss_______,,_______......",
        "ss_______,,_______......",
        "ss_______,,_______......",
        "ss________________......",
        "ss_______,,_______......",
        "ss_______,,_______......",
        "ss_______,,_______......",
        "ss________________......",
        "ss_______,,_______......",
        "ss_______,,_______......"
      ],
      "palettes": [ "evac_center" ],
      "place_vehicles": [ { "vehicle": "car_mini", "x": 3, "y": 15, "chance": 75, "rotation": 90 } ]
    }
  },
  {
    "type": "mapgen",
    "method": "json",
    "om_terrain": [ "evac_center_21" ],
    "weight": 100,
    "object": {
      "fill_ter": "t_floor",
      "rows": [
        "......_______,,_______ss",
        "......_________________s",
        "......_______,,_________",
        "......_______,,_________",
        "......_______,,_________",
        "......__________________",
        "......_______,,_________",
        "......_______,,,________",
        "......________,,,_______",
        "......_________,,,______",
        "......__________,,,,,_,,",
        "......___________,,,,_,,",
        "......__________________",
        "......__________________",
        "......__________________",
        "......._________________",
        "........________________",
        "........._______________",
        "..........______________",
        "........................",
        "........................",
        "........................",
        "........................",
        "........................"
      ],
      "palettes": [ "evac_center" ]
    }
  },
  {
    "type": "mapgen",
    "method": "json",
    "om_terrain": [ "evac_center_22" ],
    "weight": 100,
    "object": {
      "fill_ter": "t_floor",
      "rows": [
        "ssssssssssssssssssssssss",
        "ssssssssssssssssssssssss",
        "ssssssssssssssssssssssss",
        "________________________",
        "________________________",
        "________________________",
        "________________________",
        "________________________",
        "________________________",
        "________________________",
        ",_,,,_,,,_,,,_,,,_,,,_,,",
        ",_,,,_,,,_,,,_,,,_,,,_,,",
        "________________________",
        "_______________________,",
        "_______________________,",
        "_______________________,",
        "_______________________,",
        "_______________________,",
        "________________________",
        "........................",
        "........................",
        "........................",
        "........................",
        "........................"
      ],
      "palettes": [ "evac_center" ],
      "place_vehicles": [ { "vehicle": "schoolbus", "x": 8, "y": 6, "chance": 75, "rotation": 180 } ]
    }
  },
  {
    "type": "mapgen",
    "method": "json",
    "om_terrain": [ "evac_center_23" ],
    "weight": 100,
    "object": {
      "fill_ter": "t_floor",
      "rows": [
        "ssssssssssssssssssssssss",
        "ssssssssssssssssssssssss",
        "ssssssssssssssssssssssss",
        "________________________",
        "_______________________,",
        "_______________________,",
        "_______________________,",
        "_______________________,",
        "_______________________,",
        "________________________",
        ",______________________,",
        ",______________________,",
        "________________________",
        ",_______________________",
        ",_______________________",
        ",_______________________",
        ",_______________________",
        ",_______________________",
        "________________________",
        ".______________________.",
        "...__________________...",
        "...._______,,_,,,,,_....",
        "...._______,,_,,,,,_....",
        "...._______,,_______...."
      ],
      "palettes": [ "evac_center" ]
    }
  },
  {
    "type": "mapgen",
    "method": "json",
    "om_terrain": [ "evac_center_24" ],
    "weight": 100,
    "object": {
      "fill_ter": "t_floor",
      "rows": [
        "ssssssssssssssssssssssss",
        "ssssssssssssssssssssssss",
        "ssssssssssssssssssssssss",
        "________________________",
        ",_______________________",
        ",_______________________",
        ",_______________________",
        ",_______________________",
        ",_______________________",
        "________________________",
        ",,_,,,_,,,_,,,_,,,_,,,_,",
        ",,_,,,_,,,_,,,_,,,_,,,_,",
        "________________________",
        "________________________",
        "________________________",
        "________________________",
        "________________________",
        "________________________",
        "________________________",
        "........................",
        "........................",
        "........................",
        "........................",
        "........................"
      ],
      "palettes": [ "evac_center" ]
    }
  },
  {
    "type": "mapgen",
    "method": "json",
    "om_terrain": [ "evac_center_25" ],
    "weight": 100,
    "object": {
      "fill_ter": "t_floor",
      "rows": [
        "ss_______,,_______......",
        "s_________________......",
        "_________,,_______......",
        "_________,,_______......",
        "_________,,_______......",
        "__________________......",
        "_________,,_______......",
        "________,,,_______......",
        "_______,,,________......",
        "______,,__________......",
        ",,_,,,,,__________......",
        ",,_,,,____________......",
        "__________________......",
        "__________________......",
        "__________________......",
        "_________________.......",
        "________________........",
        "_______________.........",
        "______________..........",
        "........................",
        "........................",
        "........................",
        "........................",
        "........................"
      ],
      "palettes": [ "evac_center" ]
    }
  }
]
