[
  {
    "id": "s_gardening",
    "type": "overmap_terrain",
    "name": "gardening supply",
    "sym": 71,
    "color": "green",
    "see_cost": 5,
    "mondensity": 2,
    "extras": "build",
    "mapgen": [
      {
        "method": "json",
        "weight": 500,
        "object": {
          "rows": [
            "....,____,____,____,....",
            "....,____,____,____,....",
            "....,____,____,____,....",
            "....,____,____,____,....",
            "....,____,____,____,....",
            "..|--OOOO--++--OOOO--|..",
            "..|                  |..",
            "..|                  |..",
            "..|                  |..",
            "..| ##   rrrrrr  ##  |..",
            "..|  #   rrrrrr  ##  O..",
            "..|  #               O..",
            "..|  #               O..",
            "..|  #   rrrrrr  ##  O..",
            "..|###   rrrrrr  ##  |..",
            "..|                  |..",
            "..|                  |..",
            "..|  rrrr######rrrr  |..",
            "..|------------------|..",
            "........................",
            "........................",
            "........................",
            "........................",
            "........................"
          ],
          "terrain": {
            " ": "t_floor",
            "#": "t_floor",
            "+": "t_door_glass_c",
            ",": "t_pavement_y",
            "-": "t_wall",
            ".": "t_grass",
            "O": "t_window",
            "_": "t_pavement",
            "r": "t_floor",
            "|": "t_wall"
          },
          "furniture": {
            "#": "f_counter",
            "r": "f_rack"
          },
          "place_items": [
            { "item": "farming_tools", "x": [ 9, 14 ], "y": [ 9, 10 ], "chance": 80 },
            { "item": "farming_tools", "x": [ 9, 14 ], "y": [ 13, 14 ], "chance": 80 },
            { "item": "farming_seeds", "x": [ 17, 18 ], "y": [ 9, 10 ], "chance": 80 },
            { "item": "farming_seeds", "x": [ 17, 18 ], "y": [ 13, 14 ], "chance": 80 },
            { "item": "farming_seeds", "x": [ 5, 18 ], "y": [ 17, 17 ], "chance": 80 }
          ]
        }
      }
    ],
    "flags": [ "SIDEWALK" ]
  }
]
