[
  {
    "method": "json",
    "object": {
      "place_item": [
        { "item": "cig_butt", "repeat": 1, "x": 12, "y": 6 },
        { "item": "cig_butt", "repeat": 1, "x": 18, "y": 7 },
        { "item": "shovel", "repeat": 1, "x": 21, "y": 12 }
      ],
      "furniture": {
        "#": "f_null",
        "+": "f_canvas_door",
        ".": "f_null",
        "4": "f_null",
        "7": "f_null",
        "B": "f_boulder_small",
        "C": "f_canvas_door_o",
        "D": "f_null",
        "H": "f_wood_keg",
        "O": "f_fvat_empty",
        "T": "f_null",
        "^": "f_still",
        "_": "f_null",
        "a": "f_ash",
        "b": "f_chair",
        "c": "f_chair",
        "d": "f_null",
        "e": "f_null",
        "o": "f_boulder_small",
        "s": "f_null",
        "t": "f_table",
        "w": "f_wood_keg",
        "|": "f_null"
      },
      "place_items": [
        { "chance": 75, "item": "moonshine_brew", "x": [ 12, 13 ], "y": 13 },
        { "chance": 75, "item": "moonshine_brew", "x": 16, "y": 12 },
        { "chance": 55, "item": "trash", "x": 10, "y": 13 },
        { "chance": 55, "item": "trash", "x": 9, "y": 12 },
        { "chance": 55, "item": "trash", "x": 10, "y": 10 }
      ],
      "rows": [
        "......7.._..............",
        ".4.............7_...7...",
        "....._...s._#....4....#_",
        ".._.###.............#...",
        "_.#T##..7...#.4...#4#_7.",
        "...#.._.._..7.c___.#....",
        ".............___c_s_4...",
        ".s_.4#..7._.__a____.....",
        "....#_.#._.__________..#",
        "..7.......__________D_4.",
        "...._....__|+C|++|__o_..",
        "........___|ddddd|H__D_s",
        "7.#4..7..__|bdddd|w.o_..",
        "......4..._|tt^O^|.__.7_",
        "_......7_.#|||||||#.....",
        ".#._.s......#s###s..7...",
        ".......B..._.4.._.#...4.",
        "...#e#...7....._.7......",
        "....#_....4s..77#..7....",
        ".7....4#....7.....#.....",
        "...............###4#..7_",
        ".._.#7...#......_##.#...",
        ".....#._....#.s.7.......",
        "...._....._........._..."
      ],
      "terrain": {
        "#": "t_underbrush",
        "+": "t_dirtfloor",
        ".": "t_grass",
        "4": "t_tree_pine",
        "7": "t_tree",
        "B": "t_grass",
        "C": "t_dirtfloor",
        "D": "t_dirtmound",
        "H": "t_dirt",
        "O": "t_dirtfloor",
        "T": "t_tree_maple",
        "^": "t_dirtfloor",
        "_": "t_dirt",
        "a": "t_dirt",
        "b": "t_dirtfloor",
        "c": "t_dirt",
        "d": "t_dirtfloor",
        "e": "t_tree_hickory",
        "o": "t_dirt",
        "s": "t_shrub",
        "t": "t_dirtfloor",
        "w": "t_grass",
        "|": "t_wall_wood"
      }
    },
    "om_terrain": "moonshine_still",
    "type": "mapgen",
    "weight": 100
  },
  {
    "method": "json",
    "object": {
      "place_item": [
        { "item": "cig_butt", "repeat": 1, "x": 12, "y": 6 },
        { "item": "cig_butt", "repeat": 1, "x": 18, "y": 7 },
        { "item": "shovel", "repeat": 1, "x": 21, "y": 12 }
      ],
      "furniture": {
        "#": "f_null",
        ".": "f_null",
        "4": "f_null",
        "7": "f_null",
        "H": "f_wood_keg",
        "O": "f_fvat_empty",
        "T": "f_null",
        "^": "f_still",
        "_": "f_null",
        "a": "f_ash",
        "c": "f_chair",
        "d": "f_null",
        "s": "f_null",
        "t": "f_null",
        "|": "f_null"
      },
      "place_items": [
        { "chance": 75, "item": "moonshine_brew", "x": 13, "y": 12 },
        { "chance": 75, "item": "moonshine_brew", "x": 12, "y": [ 11, 14 ] },
        { "chance": 5, "item": "camping", "x": 14, "y": 8 },
        { "chance": 55, "item": "trash", "x": 20, "y": 18 },
        { "chance": 55, "item": "trash", "x": 8, "y": 13 }
      ],
      "rows": [
        "......7.._..............",
        ".4.............7_...7...",
        "....._...s._#....4....#_",
        ".._.###.............#...",
        "_.#t##..7...#.4...#4#_7.",
        "...#.._.._..7.____.#....",
        "............._____s_4...",
        ".s_.4#..7._._______.....",
        "....#_.#._.|^dd|___c_..#",
        "..7......._dOddd______4.",
        "...._....__d^ddd__a_c_..",
        "........___|ddd|_______s",
        "7.#4..7..__ddddd__c.___.",
        "......4..._ddHHH__.__.7_",
        "_......7_.#|dHH|__#.....",
        ".#._.s...._______s..7...",
        "......._..._.4_._.#...4.",
        "...#T#...7....._.7......",
        "....#_....4s..77#..7....",
        ".7....4#....7.....#.....",
        "...............###4#..7_",
        ".._.#7...#......_##.#...",
        ".....#._....#.s.7.......",
        "...._....._........._..."
      ],
      "terrain": {
        "#": "t_underbrush",
        ".": "t_grass",
        "4": "t_tree_pine",
        "7": "t_tree",
        "H": "t_dirtfloor",
        "O": "t_dirtfloor",
        "T": "t_tree_hickory",
        "^": "t_dirtfloor",
        "_": "t_dirt",
        "a": "t_dirt",
        "c": "t_dirt",
        "d": "t_dirtfloor",
        "s": "t_shrub",
        "t": "t_tree_maple",
        "|": "t_wall_wood"
      }
    },
    "om_terrain": "moonshine_still",
    "type": "mapgen",
    "weight": 100
  },
  {
    "method": "json",
    "object": {
      "furniture": {
        "#": "f_null",
        ".": "f_null",
        "1": "f_null",
        "4": "f_null",
        "7": "f_null",
        "O": "f_fvat_empty",
        "W": "f_null",
        "^": "f_still",
        "_": "f_null",
        "c": "f_chair",
        "d": "f_null",
        "s": "f_null",
        "t": "f_table",
        "w": "f_null",
        "|": "f_null"
      },
      "place_items": [
        { "chance": 15, "item": "trash", "x": 9, "y": 19 },
        { "chance": 15, "item": "trash", "x": 16, "y": 17 },
        { "chance": 15, "item": "trash", "x": 17, "y": 9 },
        { "chance": 15, "item": "trash", "x": 12, "y": 5 },
        { "chance": 45, "item": "clutter_yard", "x": 6, "y": 14 },
        { "chance": 45, "item": "clutter_yard", "x": 8, "y": 10 },
        { "chance": 65, "item": "moonshine_brew", "x": 12, "y": [ 11, 12 ] }
      ],
      "rows": [
        "...._..._.._.._..._.....",
        "._#..._#...._#.._.1..#..",
        "#....#7___#1.._#___#_.._",
        ".._.1.#.___.#4._#__._#..",
        "_#..___..___##s__##_#7#.",
        "...__#_##_##.__.7#.._#..",
        ".__#_7.___##__7__7_1..#_",
        "._#7###4_1___#.4___#._..",
        ".__#s#__#_#.7___#_#_s.#.",
        ".##4.#7#_#_||||||_77#__.",
        ".__#_#_w___|d^OO|_#__...",
        "._.#_wwww#.|tddd|._4#_._",
        ".#__7wWWw7#|tddc|#___...",
        ".._#wwwww#_||ddd|__#.#_.",
        "._7#_s.w#___....._7__#..",
        ".#_.4#7#_#_#_...#___7_..",
        "____._#7____##.._#.s_.._",
        "....1#__##7.__.4___#_1..",
        ".1.#_._._.__#__.#7_.__..",
        "._#7#_7.7_#s.#_#__#_7##.",
        ".....__#_###7#7__4#.#...",
        "#_._#.1._4__#__##.___.#_",
        "...#.._..__.##.._..#_...",
        "..#._._......__..#..._.."
      ],
      "terrain": {
        "#": "t_underbrush",
        ".": "t_dirt",
        "1": "t_tree_young",
        "4": "t_tree_pine",
        "7": "t_tree",
        "O": "t_dirtfloor",
        "W": "t_water_dp",
        "^": "t_dirtfloor",
        "_": "t_grass",
        "c": "t_dirtfloor",
        "d": "t_dirtfloor",
        "s": "t_shrub",
        "t": "t_dirtfloor",
        "w": "t_water_sh",
        "|": "t_wall_wood"
      }
    },
    "om_terrain": "moonshine_still",
    "type": "mapgen",
    "weight": 100
  }
]
