[
  {
    "id": "park_playground_vehicles",
    "type": "vehicle_group",
    "vehicles": [ [ "ice_cream_cart", 100 ], [ "food_cart", 200 ] ]
  },
  {
    "name": "GROUP_PARK_PLAYGROUND",
    "type": "monstergroup",
    "default": "mon_null",
    "monsters": [
      { "monster": "mon_zombie_child", "freq": 200, "cost_multiplier": 1, "pack_size": [ 5, 12 ] },
      { "monster": "mon_zombie_anklebiter", "freq": 10, "cost_multiplier": 0 },
      { "monster": "mon_zombie_sproglodyte", "freq": 10, "cost_multiplier": 0 },
      { "monster": "mon_zombie_shriekling", "freq": 20, "cost_multiplier": 0 },
      { "monster": "mon_zombie_creepy", "freq": 5, "cost_multiplier": 0 },
      { "monster": "mon_zombie_snotgobbler", "freq": 30, "cost_multiplier": 0 },
      { "monster": "mon_zombie_waif", "freq": 20, "cost_multiplier": 0 }
    ]
  },
  {
    "name": "GROUP_PARK_SCENIC",
    "type": "monstergroup",
    "default": "mon_null",
    "monsters": [
      { "monster": "mon_zombie", "freq": 100, "cost_multiplier": 1, "pack_size": [ 2, 3 ] },
      { "monster": "mon_zombie_child", "freq": 100, "cost_multiplier": 1, "pack_size": [ 2, 3 ] },
      { "monster": "mon_zombie_swimmer", "freq": 100, "cost_multiplier": 1, "pack_size": [ 2, 3 ] },
      { "monster": "mon_zombie_rot", "freq": 100, "cost_multiplier": 1, "pack_size": [ 2, 3 ] }
    ]
  },
  {
    "name": "GROUP_PARK_DOG",
    "type": "monstergroup",
    "default": "mon_null",
    "monsters": [
      { "monster": "mon_zombie", "freq": 100, "cost_multiplier": 1, "pack_size": [ 2, 3 ] },
      { "monster": "mon_zombie_dog", "freq": 100, "cost_multiplier": 1, "pack_size": [ 2, 3 ] },
      { "monster": "mon_dog_skeleton", "freq": 100, "cost_multiplier": 1, "pack_size": [ 2, 3 ] },
      { "monster": "mon_dog_zombie_cop", "freq": 100, "cost_multiplier": 1, "pack_size": [ 2, 3 ] },
      { "monster": "mon_dog_zombie_rot", "freq": 100, "cost_multiplier": 1, "pack_size": [ 2, 3 ] }
    ]
  },
  {
    "type": "mapgen",
    "method": "json",
    "om_terrain": "park",
    "//": "Playground",
    "weight": 500,
    "object": {
      "rotation": [ 0, 3 ],
      "rows": [
        "                        ",
        "                        ",
        "                        ",
        "                        ",
        "             t          ",
        "      t         ##      ",
        "                ##      ",
        "                        ",
        "    mmm                 ",
        "    mmm    s        t   ",
        "   tmmm    s            ",
        "           s            ",
        "           s            ",
        "                        ",
        "                        ",
        "      -            t    ",
        "     t-                 ",
        "               t        ",
        "         t              ",
        "                        ",
        "                        ",
        "                        ",
        "                        ",
        "                        "
      ],
      "terrain": {
        " ": [ "t_grass", "t_grass", "t_grass", "t_grass", "t_grass", "t_dirt" ],
        "#": "t_sandbox",
        "-": "t_dirt",
        "m": "t_monkey_bars",
        "s": "t_slide",
        "t": "t_tree"
      },
      "furniture": { "-": "f_bench" },
      "place_monsters": [ { "monster": "GROUP_PARK_PLAYGROUND", "x": [ 0, 23 ], "y": [ 0, 23 ], "chance": 1, "repeat": [ 1, 3 ] } ],
      "place_vehicles": [ { "vehicle": "park_playground_vehicles", "x": [ 0, 23 ], "y": [ 0, 23 ] } ]
    }
  },
  {
    "type": "mapgen",
    "method": "json",
    "om_terrain": "park",
    "//": "Basketball Court",
    "weight": 700,
    "object": {
      "fill_ter": "t_pavement",
      "rotation": [ 0, 3 ],
      "rows": [
        "                        ",
        " ---------------------- ",
        " +  . .   . 7 .   . . + ",
        " |V . .   .   .   . . | ",
        " |  . .   .....   . . | ",
        " |  .  .  .   .  .  . | ",
        " |H .   .  ...  .   .H| ",
        " |H .    .......    .H| ",
        " |H .               .H| ",
        " |H .      ...      .H| ",
        " |H .     .   .     .H| ",
        " |  ................. | ",
        " |H .     .   .     .H| ",
        " |H .      ...      .H| ",
        " |H .               .H| ",
        " |H .    .......    .H| ",
        " |H .   .  ...  .   .H| ",
        " |  .  .  .   .  .  . | ",
        " |  . .   .....   . . | ",
        " |R . .   .   .   . . | ",
        " +  . .   . 7 .   . . + ",
        " ---------------------- ",
        "                        ",
        "                        "
      ],
      "terrain": {
        "+": "t_chaingate_c",
        "-": "t_chainfence_h",
        ".": "t_pavement_y",
        "7": "t_backboard",
        "H": "t_pavement",
        "R": "t_pavement",
        "|": "t_chainfence_v"
      },
      "furniture": { "H": "f_bench", "R": "f_trashcan" },
      "vendingmachines": { "V": { "item_group": "vending_drink" } },
      "place_items": [ { "item": "trash", "x": 2, "y": 19, "chance": 50 } ],
      "place_monsters": [ { "monster": "GROUP_PARK_PLAYGROUND", "x": [ 0, 23 ], "y": [ 0, 23 ], "chance": 1, "repeat": [ 1, 3 ] } ]
    }
  },
  {
    "type": "mapgen",
    "method": "json",
    "om_terrain": "park",
    "//": "Tennis Court",
    "weight": 500,
    "object": {
      "fill_ter": "t_pavement",
      "rotation": [ 0, 3 ],
      "rows": [
        "                        ",
        " ---------------------  ",
        " + ........[........ +  ",
        " | ........[........ |V ",
        " | .   .   [   .   . |H ",
        " | .   .   [   .   . |H ",
        " | .   ....[....   . |  ",
        " | .   .   [   .   . |  ",
        " | .   .   [   .   . |  ",
        " | ........[........ |  ",
        " | ........[........ |  ",
        " |                   |  ",
        " |                   |  ",
        " | ........[........ |  ",
        " | ........[........ |  ",
        " | .   .   [   .   . |  ",
        " | .   .   [   .   . |  ",
        " | .   ....[....   . |  ",
        " | .   .   [   .   . |H ",
        " | .   .   [   .   . |H ",
        " | ........[........ |R ",
        " + ........[........ +  ",
        " ---------------------  ",
        "                        "
      ],
      "terrain": {
        "+": "t_chaingate_c",
        "-": "t_chainfence_h",
        ".": "t_pavement_y",
        "H": "t_pavement",
        "R": "t_pavement",
        "[": "t_fence_rope",
        "|": "t_chainfence_v"
      },
      "furniture": { "H": "f_bench", "R": "f_trashcan" },
      "vendingmachines": { "V": { "item_group": "vending_drink" } },
      "place_items": [ { "item": "trash", "x": 22, "y": 20, "chance": 50 } ],
      "place_monsters": [ { "monster": "GROUP_PARK_SCENIC", "x": [ 0, 23 ], "y": [ 0, 23 ], "chance": 1, "repeat": [ 1, 3 ] } ]
    }
  },
  {
    "type": "mapgen",
    "method": "json",
    "om_terrain": "park",
    "//": "Volleyball Court",
    "weight": 300,
    "object": {
      "fill_ter": "t_grass",
      "rotation": [ 0, 3 ],
      "rows": [
        "RHHH                    ",
        "   ,,,,,,,,,[,,,,,,,,,  ",
        "  ,$$$$$$$$$[$$$$$$$$$, ",
        "  ,$$$$$$$$$[$$$$$$$$$, ",
        "  ,$$$$$$$$$[$$$$$$$$$, ",
        "  ,$$$$$$$$$[$$$$$$$$$, ",
        "  ,$$$$$$$$$[$$$$$$$$$, ",
        "  ,$$$$$$$$$[$$$$$$$$$, ",
        "  ,$$$$$$$$$[$$$$$$$$$, ",
        "  ,$$$$$$$$$[$$$$$$$$$, ",
        "   ,,,,,,,,,[,,,,,,,,,  ",
        "                        ",
        "                        ",
        "   ,,,,,,,,,[,,,,,,,,,  ",
        "  ,$$$$$$$$$[$$$$$$$$$, ",
        "  ,$$$$$$$$$[$$$$$$$$$, ",
        "  ,$$$$$$$$$[$$$$$$$$$, ",
        "  ,$$$$$$$$$[$$$$$$$$$, ",
        "  ,$$$$$$$$$[$$$$$$$$$, ",
        "  ,$$$$$$$$$[$$$$$$$$$, ",
        "  ,$$$$$$$$$[$$$$$$$$$, ",
        "  ,$$$$$$$$$[$$$$$$$$$, ",
        "   ,,,,,,,,,[,,,,,,,,,  ",
        "                     HHH"
      ],
      "terrain": { "$": "t_sand", ",": "t_dirt", ".": "t_pavement_y", "H": "t_dirt", "[": "t_fence_rope" },
      "furniture": { "H": "f_bench", "R": "f_trashcan" },
      "place_items": [
        { "item": "trash", "x": 0, "y": 0, "chance": 50 },
        { "item": "shoes", "x": [ 1, 3 ], "y": 1, "chance": 25, "repeat": [ 2, 5 ] }
      ],
      "place_monsters": [ { "monster": "GROUP_PARK_SCENIC", "x": [ 0, 23 ], "y": [ 0, 23 ], "chance": 1, "repeat": [ 2, 4 ] } ]
    }
  },
  {
    "type": "mapgen",
    "method": "json",
    "om_terrain": "park",
    "//": "Scenic Park",
    "weight": 500,
    "object": {
      "fill_ter": "t_grass",
      "rotation": [ 0, 3 ],
      "rows": [
        "         ......         ",
        "  zzzzzzzz....zzzzzzzz  ",
        " z         ..         z ",
        " z    ,HTH,.. t  *`*  z ",
        " z  t ,HTH,..   *```* z ",
        " z  R ..........````` z ",
        " z ,,..,,  ..   *```* z ",
        " z HH.,,,  ..    *`*  z ",
        " z TT.,,, ....    .   z ",
        ".z HH.   .ssss.   . t z.",
        ".. ,,.  .ss~~ss.  .   ..",
        ".........s~~~~s.........",
        ".........s~~~~s.........",
        "..   .  .ss~~ss.  .   ..",
        ".z   .   .ssss.   .   z.",
        " z   .    ....    . # z ",
        " z t . t   ..     . H z ",
        " z   ..    ..    .. H z ",
        " z fss............  # z ",
        " z sAs  t  ..         z ",
        " z fsf     ..  #HH# t z ",
        " z         ..         z ",
        "  zzzzzzzz....zzzzzzzz  ",
        "         ......         "
      ],
      "terrain": {
        "#": "t_rock",
        "*": "t_wall_wood",
        ",": "t_dirt",
        ".": "t_pavement",
        "A": "t_sidewalk",
        "H": "t_dirt",
        "R": "t_dirt",
        "T": "t_dirt",
        "`": "t_floor",
        "f": "t_dirt",
        "s": "t_sidewalk",
        "t": "t_tree",
        "z": "t_shrub",
        "~": "t_water_sh"
      },
      "furniture": { "A": "f_statue", "H": "f_bench", "R": "f_trashcan", "T": "f_table", "f": "f_dahlia" },
      "place_items": [ { "item": "trash", "x": 4, "y": 5, "chance": 50 } ],
      "place_item": [ { "item": "char_smoker", "x": 7, "y": 7 } ],
      "place_monsters": [ { "monster": "GROUP_PARK_SCENIC", "x": [ 0, 23 ], "y": [ 0, 23 ], "chance": 1, "repeat": [ 2, 4 ] } ]
    }
  },
  {
    "type": "mapgen",
    "method": "json",
    "om_terrain": "park",
    "//": "Scenic Park",
    "weight": 500,
    "object": {
      "fill_ter": "t_grass",
      "rotation": [ 0, 3 ],
      "rows": [
        "   ,   z ...... z     , ",
        ",    zzz .o..o. zzz,    ",
        " , zzz  z......z  zzz   ",
        "  zz    H......H    zz, ",
        "  z    tH......Ht    z  ",
        " zz  t  H......H  t  zz ",
        " z      z......z      z ",
        "zz  t   ........   t  zz",
        "  zHHHz..........zHHHz  ",
        "..........ssss..........",
        ".o.......ssffss.......o.",
        ".........sfzzfs.........",
        ".........sfzzfs.........",
        ".o.......ssffss.......o.",
        "..........ssss..........",
        "  zHHHz..........zHHHz  ",
        "zz  t   ........   t  zz",
        " z      z......z      z ",
        " zz  t  H......H  t  zz ",
        "  z    tH......Ht    z  ",
        "  zz    H......H    zz ,",
        ",  zzz  z......z  zzz   ",
        "     zzz .o..o. zzz ,   ",
        " , ,   z ...... z       "
      ],
      "terrain": {
        ",": "t_dirt",
        ".": "t_pavement",
        "H": "t_dirt",
        "f": "t_dirt",
        "o": "t_column",
        "s": "t_sidewalk",
        "t": "t_tree",
        "z": "t_shrub"
      },
      "furniture": { "H": "f_bench", "f": "f_dahlia" },
      "place_monsters": [ { "monster": "GROUP_PARK_SCENIC", "x": [ 0, 23 ], "y": [ 0, 23 ], "chance": 1, "repeat": [ 2, 4 ] } ]
    }
  },
  {
    "type": "mapgen",
    "method": "json",
    "om_terrain": "park",
    "//": "Dog Park",
    "weight": 500,
    "object": {
      "fill_ter": "t_grass",
      "rotation": [ 0, 3 ],
      "rows": [
        " ,       ......  ,     ,",
        "  zzzzzzzz....Pzzzzzzz  ",
        " z---------++---------z ",
        " z|#~~s              |z ",
        " z|~~~s              |z ",
        " z|~~ss         t    |z ",
        " z|sss              ,|z,",
        " z|                ,H|z ",
        " z|                ,H|z ",
        ".P|                ,H|z.",
        "..|              t  ,|..",
        "..+        P         +..",
        "..+        R         +..",
        "..|,                 |..",
        ".z|H,                |P.",
        " z|H,t               |z ",
        " z|H,          t     |z ",
        ",z|,                 |z ",
        " z|     t            |z ",
        " z|           ,,,    |z,",
        " z|          ,HHH,   |z ",
        " z---------++---------z ",
        "  zzzzzzzP....zzzzzzzz  ",
        "     ,   ......         "
      ],
      "terrain": {
        "+": "t_chaingate_c",
        ",": "t_dirt",
        "-": "t_chainfence_h",
        ".": "t_pavement",
        "#": "t_rock",
        "H": "t_dirt",
        "P": "t_dirt",
        "R": "t_dirt",
        "s": "t_sidewalk",
        "t": "t_tree",
        "z": "t_shrub",
        "|": "t_chainfence_v",
        "~": "t_water_sh"
      },
      "furniture": { "H": "f_bench", "P": "f_sign", "R": "f_trashcan" },
      "place_signs": [
        { "signage": "Scoop the Poop!", "x": 11, "y": 11 },
        { "signage": "DANGER!  Doggy Minefield!", "x": 1, "y": 9 },
        { "signage": "Dog Park: Off Leash Area", "x": 9, "y": 22 },
        { "signage": "Watch your step!", "x": 14, "y": 1 },
        { "signage": "Use park at your own risk.", "x": 22, "y": 14 }
      ],
      "place_items": [ { "item": "trash", "x": 11, "y": 12, "chance": 50 } ],
      "place_item": [ { "item": "bag_plastic", "x": 10, "y": 11, "repeat": [ 5, 10 ] } ],
      "place_monsters": [ { "monster": "GROUP_PARK_DOG", "x": [ 0, 23 ], "y": [ 0, 23 ], "chance": 1, "repeat": [ 2, 4 ] } ]
    }
  },
  {
    "method": "json",
    "object": {
      "furniture": {
        "#": "f_bench",
        "&": "f_trashcan",
        ".": "f_null",
        "0": "f_boulder_medium",
        "4": "f_null",
        "7": "f_null",
        "C": "f_null",
        "P": "f_plant_harvest",
        "S": "f_null",
        "T": "f_null",
        "W": "f_null",
        "_": "f_null",
        "a": "f_plant_harvest",
        "b": "f_brazier",
        "c": "f_cattails",
        "d": "f_null",
        "e": "f_null",
        "f": "f_dandelion",
        "g": "f_null",
        "h": "f_null",
        "i": "f_cattails",
        "m": "f_null",
        "p": "f_null",
        "s": "f_null",
        "t": "f_table",
        "u": "f_null",
        "w": "f_null"
      },
      "place_items": [
        { "chance": 8, "item": "dogfight", "x": 2, "y": 12 },
        { "chance": 30, "item": "trash", "x": 6, "y": 10 },
        { "chance": 10, "item": "child_items", "x": 7, "y": 18 },
        { "chance": 3, "item": "creepy", "x": 22, "y": 21 },
        { "chance": 10, "item": "trash_forest", "x": 10, "y": 23 },
        { "chance": 20, "item": "trash_forest", "x": 18, "y": 22 },
        { "chance": 10, "item": "trash_forest", "x": 2, "y": 22 },
        { "chance": 10, "item": "trash_forest", "x": 22, "y": 19 },
        { "chance": 10, "item": "magazines", "x": 17, "y": 10 },
        { "chance": 20, "item": "barbecue", "x": 18, "y": 12 },
        { "chance": 20, "item": "barbecue", "x": 8, "y": 12 },
        { "chance": 20, "item": "barbecue", "x": 5, "y": 12 },
        { "chance": 10, "item": "sports", "x": 11, "y": 16 },
        { "chance": 10, "item": "field", "x": 2, "y": 16 },
        { "chance": 10, "item": "field", "x": 1, "y": 13 }
      ],
      "rows": [
        "._____...........d......",
        "._____..................",
        ".________________..d...d",
        ".________________....7..",
        ".p____p____p____p....u..",
        ".p____p____p____p......d",
        ".p____p____p____p..d....",
        ".p____p____p____p.....4.",
        "dp____p____p____p...d...",
        "....f......ss...d.......",
        "f.f...&ssssssssss&.7..e.",
        "..ffd.s####ss####s....C.",
        ".f..fbsttttssttttsb.d...",
        "..fd..s####ss####s.d4.4d",
        ".f.T..ssssssssssssWWu..d",
        "d..dSS.......Td..WwwW.u.",
        "f..SgS....d.....Wwwwwi4.",
        "...dddddddd.....Wwwwwi.4",
        ".....dmmdhd....Wwwwwic..",
        "d..4.dddddd.P.Wwwwwwid.u",
        "P.f.......4...Wwwwwic.u4",
        ".4.P..d4P....d.WWWi4.4..",
        "...u4P..4.P0u.4u...a.u4u",
        ".P.dP.u..a.u4.Pd.u4.P..."
      ],
      "terrain": {
        "#": "t_thconc_floor",
        "&": "t_sidewalk",
        ".": "t_grass",
        "0": "t_grass",
        "4": "t_tree_pine",
        "7": "t_tree_peach",
        "C": "t_covered_well",
        "P": "t_grass",
        "S": "t_sand",
        "T": "t_tree_willow",
        "W": "t_water_sh",
        "_": "t_pavement",
        "a": "t_dirt",
        "b": "t_grass",
        "c": "t_grass",
        "d": "t_dirt",
        "e": "t_water_pump",
        "f": "t_grass",
        "g": "t_sandbox",
        "h": "t_slide",
        "i": "t_water_sh",
        "m": "t_monkey_bars",
        "p": "t_pavement_y",
        "s": "t_sidewalk",
        "t": "t_thconc_floor",
        "u": "t_underbrush",
        "w": "t_water_dp"
      }
    },
    "om_terrain": "park",
    "//": "Picnic Park",
    "type": "mapgen",
    "weight": 300
  },
  {
    "method": "json",
    "object": {
      "furniture": {
        "#": "f_bench",
        "&": "f_trashcan",
        ".": "f_null",
        "0": "f_boulder_medium",
        "1": "f_null",
        "7": "f_null",
        "B": "f_bench",
        "D": "f_dandelion",
        "T": "f_table",
        "_": "f_null",
        "a": "f_null",
        "b": "f_brazier",
        "c": "f_null",
        "d": "f_dandelion",
        "f": "f_bluebell",
        "o": "f_boulder_small",
        "t": "f_table",
        "u": "f_null",
        "|": "f_null"
      },
      "place_items": [
        { "chance": 10, "item": "barbecue", "x": 3, "y": 11 },
        { "chance": 10, "item": "barbecue", "x": 4, "y": 11 },
        { "chance": 10, "item": "barbecue", "x": 21, "y": 11 },
        { "chance": 10, "item": "barbecue", "x": 22, "y": 8 },
        { "chance": 10, "item": "barbecue", "x": 3, "y": 7 },
        { "chance": 10, "item": "snacks", "x": 2, "y": 6 },
        { "chance": 10, "item": "magazines", "x": 8, "y": 3 },
        { "chance": 10, "item": "field", "x": 13, "y": 17 },
        { "chance": 10, "item": "field", "x": 21, "y": 13 },
        { "chance": 10, "item": "field", "x": 12, "y": 11 },
        { "chance": 20, "item": "trash", "x": 17, "y": 10 },
        { "chance": 20, "item": "trash", "x": 18, "y": 10 },
        { "chance": 20, "item": "trash", "x": 5, "y": 10 },
        { "chance": 20, "item": "trash", "x": 6, "y": 10 },
        { "chance": 8, "item": "dogfight", "x": 16, "y": 16 },
        { "chance": 5, "item": "clutter_yard", "x": 19, "y": 15 },
        { "chance": 5, "item": "football_items", "x": 8, "y": 12 },
        { "chance": 5, "item": "stoner", "x": 7, "y": 16 },
        { "chance": 10, "item": "dining", "x": 2, "y": 8 },
        { "chance": 10, "item": "dining", "x": 21, "y": 7 },
        { "chance": 10, "item": "dining", "x": 20, "y": 6 },
        { "chance": 10, "item": "dining", "x": 15, "y": 6 },
        { "chance": 10, "item": "dining", "x": 20, "y": 4 },
        { "chance": 5, "item": "forage_mushroom", "x": 3, "y": 21 }
      ],
      "rows": [
        "...._................_..",
        ".0ffffffff0._0ffffffff0_",
        ".||||||||||_.||||||||||.",
        "......._..........._....",
        ".#tt#..#tt#..#tt#..#tt#.",
        ".#tT#..#tt#..#tt#..#tt#.",
        ".#tt#..#tt#..#tt#..#tt#.",
        ".#tt#..#tt#..#tT#..#tTB.",
        "_#tt#..Btt#..#tt#..#TT#.",
        "..._................._..",
        "..bb.&&.bb....bb.&&.bb..",
        "........_...............",
        "............._..........",
        "...a...............d..._",
        ".................d_..d..",
        "..._..a............d..d.",
        ".7..a..###_....d.....d..",
        "...................D....",
        ".7u_..u7_.......7...u.._",
        "..7..7.....7...u..u...7.",
        ".u..u.c...u...1.7u.7u..u",
        "._.._..u7....c.....uo7.7",
        "7u.1ou.7u.c.u..u.7u17u.u",
        ".7.u7._7..u.7.u7...u..7."
      ],
      "terrain": {
        "#": "t_grass",
        "&": "t_grass",
        ".": "t_grass",
        "0": "t_grass",
        "1": "t_tree_young",
        "7": "t_tree_maple",
        "B": "t_dirt",
        "D": "t_dirt",
        "T": "t_dirt",
        "_": "t_dirt",
        "a": "t_tree_apple",
        "b": "t_grass",
        "c": "t_tree_birch",
        "d": "t_grass",
        "f": "t_grass",
        "o": "t_grass",
        "t": "t_grass",
        "u": "t_underbrush",
        "|": "t_fence_h"
      }
    },
    "om_terrain": "park",
    "//": "Picnic Park",
    "type": "mapgen",
    "weight": 200
  },
  {
    "method": "json",
    "object": {
      "furniture": {
        "#": "f_null",
        "&": "f_toilet",
        "*": "f_datura",
        "+": "f_null",
        ".": "f_null",
        "0": "f_boulder_medium",
        "7": "f_null",
        "B": "f_bench",
        "D": "f_datura",
        "H": "f_ladder",
        "O": "f_boulder_large",
        "S": "f_null",
        "T": "f_trashcan",
        "_": "f_null",
        "a": "f_sink",
        "b": "f_bench",
        "c": "f_null",
        "d": "f_boulder_medium",
        "m": "f_null",
        "s": "f_null",
        "t": "f_null",
        "|": "f_null"
      },
      "place_items": [
        { "chance": 7, "item": "stash_drugs", "x": 21, "y": 3 },
        { "chance": 15, "repeat": [ 1, 3 ], "item": "trash", "x": 21, "y": 6 },
        { "chance": 15, "repeat": [ 1, 3 ], "item": "trash", "x": 21, "y": 4 },
        { "chance": 10, "item": "magazines", "x": 21, "y": 14 },
        { "chance": 10, "item": "child_items", "x": 17, "y": 15 },
        { "chance": 10, "item": "child_items", "x": 15, "y": 15 },
        { "chance": 10, "item": "snacks", "x": 14, "y": 6 },
        { "chance": 10, "item": "toy_box", "x": 16, "y": 14 },
        { "chance": 10, "item": "toy_box", "x": 14, "y": 13 }
      ],
      "place_toilets": [ { "x": 21, "y": 3 }, { "x": 21, "y": 5 } ],
      "place_monsters": [ { "monster": "GROUP_PARK_SCENIC", "x": [ 0, 18 ], "y": [ 0, 23 ], "chance": 1, "repeat": [ 1, 3 ] } ],
      "rows": [
        "..0.d.O.O.O.0.0......_..",
        "_......s.s.._.........._",
        "___7.#######s.....c||||.",
        ".....#HSSSS#s.b_..c+t&|.",
        ".....#######s.b._.c|aT|.",
        "..._.#HSSSS#..B._.c||||.",
        ".....#######s.b...c|aT|.",
        ".7...#HSSSS#._b_..c+t&|.",
        "_....#######s...._c||||.",
        "._...#######s...._..bB..",
        "_*...#m#mmm#.__..._.....",
        ".7.7_#m#m#m#..ss.ss._...",
        ".....#m#m#m#ss#####.....",
        "*..._#mmm#m#..#####s.b._",
        "_.._.#######ss#####..b..",
        ".7._.#mmmmm#s.#####s_b..",
        "7.*..#######..#####...._",
        "*.7....s.s.s..s...s_._..",
        "._._7..._._..__.._....._",
        ".77.*.7bbb...7.bbb...7..",
        "7*......._7.............",
        "..D7.7.....*......_..._.",
        "7....*._7...._.....7....",
        ".7*7...*.._...7.._......"
      ],
      "terrain": {
        "#": "t_sandbox",
        "&": "t_thconc_floor",
        "*": "t_grass",
        "+": "t_door_c",
        ".": "t_grass",
        "0": "t_grass",
        "7": "t_tree_maple",
        "B": "t_dirt",
        "D": "t_dirt",
        "H": "t_sandbox",
        "O": "t_grass",
        "S": "t_slide",
        "T": "t_thconc_floor",
        "_": "t_dirt",
        "a": "t_thconc_floor",
        "b": "t_grass",
        "c": "t_concrete",
        "d": "t_dirt",
        "m": "t_monkey_bars",
        "s": "t_sand",
        "t": "t_thconc_floor",
        "|": "t_brick_wall"
      }
    },
    "om_terrain": "park",
    "//": "Playground",
    "type": "mapgen",
    "weight": 300
  },
  {
    "method": "json",
    "object": {
      "furniture": {
        "#": "f_bench",
        "&": "f_trashcan",
        "*": "f_datura",
        "-": "f_null",
        ".": "f_null",
        "0": "f_boulder_medium",
        "4": "f_null",
        "7": "f_null",
        "T": "f_null",
        "_": "f_null",
        "d": "f_null",
        "f": "f_dandelion",
        "s": "f_null",
        "t": "f_null",
        "u": "f_null",
        "|": "f_null"
      },
      "place_items": [
        { "chance": 10, "item": "forest", "x": 14, "y": 2 },
        { "chance": 20, "item": "trash", "x": 13, "y": 21 },
        { "chance": 20, "repeat": [ 1, 3 ], "item": "trash", "x": 19, "y": 13 }
      ],
      "place_monsters": [ { "monster": "GROUP_PARK_SCENIC", "x": [ 9, 23 ], "y": [ 0, 23 ], "chance": 1, "repeat": [ 1, 3 ] } ],
      "rows": [
        "...___.......s..d..s....",
        "...___...*.......*.....s",
        "..d.___d...s.4.u...4u...",
        "....____...d..*.........",
        "......___.*......u...4.d",
        "......___...u...*...s...",
        "..T....___....s.d.4...d.",
        "..d.....___.d......*dd..",
        "d......d___.....u...d...",
        ".........___......d...u.",
        "...0ttt0..__....d.d.....",
        "..0-|t|-0.___.d.d...###.",
        "..t|ttt|t.___..d........",
        "..ttttttt.____.....&7..d",
        "..t|ttt|td_____.........",
        "..0-|t|-0.__d___.d.###..",
        "...0ttt0.___..__________",
        ".....d..___...._________",
        ".d.....____.....___f....",
        ".......___.......___d.f.",
        "...._____.....7.d.__....",
        "_________.f###...f___...",
        "_______........f...___..",
        "...........f..d....___.."
      ],
      "terrain": {
        "#": "t_grass",
        "&": "t_grass",
        "*": "t_grass",
        "-": "t_wall_log",
        ".": "t_grass",
        "0": "t_grass",
        "4": "t_tree_pine",
        "7": "t_tree_hickory",
        "T": "t_tree_apple",
        "_": "t_sidewalk",
        "d": "t_dirt",
        "f": "t_grass",
        "s": "t_shrub_blueberry",
        "t": "t_thconc_floor",
        "u": "t_underbrush",
        "|": "t_fence_h"
      }
    },
    "om_terrain": "park",
    "//": "Scenic Park",
    "type": "mapgen",
    "weight": 300
  },
  {
    "method": "json",
    "object": {
      "furniture": {
        "#": "f_null",
        "&": "f_trashcan",
        ".": "f_null",
        "0": "f_boulder_medium",
        "7": "f_null",
        "O": "f_boulder_large",
        "S": "f_statue",
        "_": "f_null",
        "b": "f_bench",
        "w": "f_null",
        "|": "f_null"
      },
      "place_items": [
        { "chance": 10, "item": "trash", "x": 14, "y": 20 },
        { "chance": 10, "item": "trash", "x": 9, "y": 20 },
        { "chance": 10, "item": "trash", "x": 18, "y": 17 },
        { "chance": 10, "item": "trash", "x": 9, "y": 3 },
        { "chance": 10, "item": "stoner", "x": 4, "y": 19 }
      ],
      "rows": [
        "........................",
        "........................",
        "..#######__..__#######..",
        "..#||||||&_.._&||||||#..",
        "..#|#####__..__#####|#..",
        "..#|#bbb___..___bbb#|#..",
        "..#|#b_____.._____b#|#..",
        "..#|#b_____.._____b#|#..",
        "..#|#___7......7___#|#..",
        ".._S____...00...____S_..",
        "..______..OwwO..______..",
        ".........0wwww0.........",
        ".........0wwww0.........",
        "..______..OwwO..______..",
        ".._S____...00...____S_..",
        "..#|#___7......7___#|#..",
        "..#|#b_____.._____b#|#..",
        "..#|#b_____.._____b#|#..",
        "..#|#bbb___..___bbb#|#..",
        "..#|#####__..__#####|#..",
        "..#||||||&_.._&||||||#..",
        "..#######__..__#######..",
        "........................",
        "........................"
      ],
      "terrain": {
        "#": "t_shrub",
        "&": "t_grass",
        ".": "t_sidewalk",
        "0": "t_sidewalk",
        "7": "t_tree_maple",
        "O": "t_sidewalk",
        "S": "t_grass",
        "_": "t_grass",
        "b": "t_grass",
        "w": "t_water_sh",
        "|": "t_fence_h"
      }
    },
    "om_terrain": "park",
    "//": "Scenic Park",
    "type": "mapgen",
    "weight": 400
  },
  {
    "method": "json",
    "object": {
      "furniture": {
        "#": "f_null",
        "&": "f_trashcan",
        "-": "f_null",
        ".": "f_null",
        "4": "f_null",
        "B": "f_bench",
        "R": "f_null",
        "S": "f_null",
        "T": "f_trashcan",
        "_": "f_null",
        "a": "f_null",
        "b": "f_bench",
        "c": "f_null",
        "f": "f_dandelion",
        "m": "f_null",
        "r": "f_null",
        "s": "f_null",
        "t": "f_null",
        "v": "f_vending_c",
        "{": "f_dumpster",
        "|": "f_null"
      },
      "place_items": [
        { "chance": 60, "item": "trash", "x": 13, "y": 16 },
        { "chance": 60, "item": "trash", "x": 14, "y": 5 },
        { "chance": 65, "item": "vending_drink_items", "x": 12, "y": 16 }
      ],
      "rows": [
        "..........____..........",
        "..........____..........",
        "..#.......____..........",
        ".##.......____B......#..",
        "...#......____B.........",
        ".|........____&BB...#|..",
        ".|........_______....|..",
        ".|.......{_______....|#.",
        ".|.......cttttc__...f|..",
        ".|..ss...tttttt__....|..",
        ".|..ss...tbttbt__....|..",
        ".|.......tbttbt__r...|..",
        ".|.m.....tttttt__r...|..",
        ".|.m.....cttttc__r#..|..",
        ".|.m.S...tttttt__r...|..",
        ".|.m.S...tttttt__r...|#.",
        "#|...S...cbbvTcRRR...|4.",
        "#|.......cccccc#....#|..",
        ".|f........###.......|..",
        ".|..........#........|a.",
        ".|.4.............f.#.|#.",
        "#|#.................a|#.",
        ".---------------------4.",
        "...#...............#...."
      ],
      "terrain": {
        "#": "t_shrub",
        "&": "t_grass",
        "-": "t_chainfence_h",
        ".": "t_grass",
        "4": "t_tree_pine",
        "B": "t_grass",
        "R": "t_railing_h",
        "S": "t_slide",
        "T": "t_thconc_floor",
        "_": "t_sidewalk",
        "a": "t_shrub_blueberry",
        "b": "t_thconc_floor",
        "c": "t_concrete_wall",
        "f": "t_grass",
        "m": "t_monkey_bars",
        "r": "t_railing_v",
        "s": "t_sandbox",
        "t": "t_thconc_floor",
        "v": "t_thconc_floor",
        "{": "t_grass",
        "|": "t_chainfence_v"
      }
    },
    "om_terrain": "park",
    "//": "Pavilion",
    "type": "mapgen",
    "weight": 100
  }
]
