[
  {
    "type": "palette",
    "id": "prison_palette",
      "terrain": {
        " ": [ "t_grass", "t_grass", "t_grass", "t_dirt" ],
        "#": [ "t_rock" ],
        "%": [ "t_fence_barbed" ],
        "+": [ "t_door_locked_interior" ],
        ",": [ "t_floor" ],
        "-": [ "t_concrete_wall" ],
        ".": [ "t_grass" ],
        "<": [ "t_stairs_down" ],
        "=": [ "t_door_c" ],
        ">": [ "t_stairs_up" ],
        "B": [ "t_bars" ],
        "D": [ "t_floor" ],
        "E": [ "t_floor" ],
        "F": [ "t_chainfence_v" ],
        "G": [ "t_door_bar_locked" ],
        "H": [ "t_chaingate_l" ],
        "O": [ "t_column" ],
        "S": [ "t_floor" ],
        "T": [ "t_floor" ],
        "W": [ "t_floor" ],
        "_": [ "t_pavement" ],
        "b": [ "t_floor" ],
        "c": [ "t_floor" ],
        "d": [ "t_floor" ],
        "e": [ "t_floor" ],
        "f": [ "t_chainfence_h" ],
        "g": [ "t_reinforced_glass" ],
        "h": [ "t_floor" ],
        "i": [ "t_floor" ],
        "l": [ "t_floor" ],
        "m": [ "t_floor" ],
        "n": [ "t_floor" ],
        "o": [ "t_floor" ],
        "r": [ "t_floor" ],
        "s": [ "t_sidewalk" ],
        "t": [ "t_floor" ],
        "w": [ "t_window" ],
        "x": [ "t_console_broken" ],
        "y": [ "t_floor" ],
        "z": [ "t_floor" ],
        "|": [ "t_concrete_wall" ]
      },
      "furniture": {
        "3": [ "f_bench" ],
        "D": [ "f_dryer" ],
        "E": [ "f_exercise" ],
        "S": [ "f_sink" ],
        "T": [ "f_toilet" ],
        "W": [ "f_washer" ],
        "b": [ "f_bed" ],
        "c": [ "f_counter" ],
        "d": [ "f_desk" ],
        "e": [ "f_fridge" ],
        "h": [ "f_chair" ],
        "i": [ "f_locker" ],
        "l": [ "f_locker" ],
        "m": [ "f_locker" ],
        "n": [ "f_oven" ],
        "o": [ "f_bookcase" ],
        "r": [ "f_rack" ],
        "t": [ "f_table" ],
        "z": [ "f_rack" ]
      },
      "toilets": { "T": {} },
      "items": {
        "D": [ { "item": "prison_textile", "chance": 100 } ],
        "W": [ { "item": "prison_textile", "chance": 100 } ],
        "b": [ { "item": "novels", "chance": 30 }, { "item": "contraband", "chance": 10 }, { "item": "bed", "chance": 50 } ],
        "d": [ { "item": "magazines", "chance": 30 }, { "item": "office", "chance": 30 } ],
        "e": { "item": "fridge", "chance": 60 },
        "i": [ { "item": "science", "chance": 30 }, { "item": "cleaning", "chance": 30 } ],
        "m": [ { "item": "softdrugs", "chance": 40 }, { "item": "harddrugs", "chance": 40 } ],
        "o": { "item": "novels", "chance": 70 },
        "r": [ { "item": "science", "chance": 30 }, { "item": "cleaning", "chance": 30 } ],
        "y": { "item": "cleaning", "chance": 60 },
        "z": [ { "item": "cannedfood", "chance": 40 }, { "item": "pasta", "chance": 40 } ]
      }
  },
  {
    "type": "mapgen",
    "method": "json",
    "om_terrain": [
      [ "prison_1_3", "prison_1_2", "prison_1_1" ],
      [ "prison_1_6", "prison_1_5", "prison_1_4" ],
      [ "prison_1_9", "prison_1_8", "prison_1_7" ],
      [ "prison_1_b_3", "prison_1_b_2", "prison_1_b_1" ],
      [ "prison_1_b_6", "prison_1_b_5", "prison_1_b_4" ],
      [ "prison_1_b_9", "prison_1_b_8", "prison_1_b_7" ]
    ],
    "weight": 250,
    "object": {
      "fill_ter": "t_dirt",
      "rows": [
        "                                 ______                                 ",
        "                                 ______|www|                            ",
        "                                 ______wdxdw                            ",
        "                                 ______w,h,w                            ",
        "                                 FFFFFF|w+-|                            ",
        "                                 ______                                 ",
        " %%%%%%%%%%%%%%%%%%%%%%%%%%%%%%%%______%%%%%%%%%%%%%%%%%%%%%%%%%%%%%%%% ",
        " %                               ______                               % ",
        " % |--|                          ______                          |--| % ",
        " % |,,|ffffffffffffffffffffffffffHHHHHHffffffffffffffffffffffffff|,,| % ",
        " % |,,|                        ss______ss                        |,,| % ",
        " % |--|                        ss______ss                        |--| % ",
        " %  F                          ss______ss                          F  % ",
        " %  F                         ss________ss                         F  % ",
        " %  F    |----|------|----|  ss__________ss  |----|------|----|    F  % ",
        " %  F    |bb,,B,,,,,,B,,,T| ss____________ss |T,,,B,,,,,,B,,bb|    F  % ",
        " %  F    |,,,,G,,,,,,G,,,,|ss______________ss|,,,,G,,,,,,G,,,,|    F  % ",
        " %  F    |T,,,B,,,,,,B,,bb|s________________s|bb,,B,,,,,,B,,,T|    F  % ",
        " %  F    |----|,,,,,,|----|s________________s|----|,,,,,,|----|    F  % ",
        " %  F    |bb,,B,,,,,,B,,,T|s________________s|T,,,B,,,,,,B,,bb|    F  % ",
        " %  F    |,,,,G,,,,,,G,,,,|s________________s|,,,,G,,,,,,G,,,,|    F  % ",
        " %  F    |T,,,B,,,,,,B,,bb|s________________s|bb,,B,,,,,,B,,,T|    F  % ",
        " %  F    |----|,,,,,,|----|s________________s|----|,,,,,,|----|    F  % ",
        " %  F    |T,,,B,,,,,,B,,,T|s________________s|T,,,B,,,,,,B,,,T|    F  % ",
        " %  F    |,,,,G,,,,,,G,,,,|ss______________ss|,,,,G,,,,,,G,,,,|    F  % ",
        " %  F    |T,,,B,,,,,,B,,bb| ss____________ss |bb,,B,,,,,,B,,,T|    F  % ",
        " %  F    |----|,,,,,,|----|  ss__________ss  |----|,,,,,,|----|    F  % ",
        " %  F    |bb,,B,,,,,,B,,,T|   ssssssssssss   |T,,,B,,,,,,B,,bb|    F  % ",
        " %  F    |,,,,G,,,,,,G,,,,|-ggg-|gg++gg|-ggg-|,,,,G,,,,,,G,,,,|    F  % ",
        " %  F    |T,,,B,,,,,,B,,bb|,,,,,|,,,,,,|,,,,,|bb,,B,,,,,,B,,,T|    F  % ",
        " %  F    |----|,,,,,,|----|,,,,,=,,,,,3|,,h,,|----|,,,,,,|----|    F  % ",
        " %  F    |bb,,B,,,,,,B,,,T|,,,,,|,,,,,3|,ddd,|T,,,B,,,,,,B,,bb|    F  % ",
        " %  F    |,,,,G,,,,,,G,,,,|h|h|h|3,,,,3|,,,,,|,,,,G,,,,,,G,,,,|    F  % ",
        " %  F    |T,,,B,,,,,,B,,bb|g|g|g|3,,,,3|,,,,,|bb,,B,,,,,,B,,,T|    F  % ",
        " %  F    |----|,,,,,,|----|h|h|h|3,,,,,|+-|--|----|,,,,,,|----|    F  % ",
        " %  F    |bb,,B,,,,,,B,,,T|,,,,,|3,,,,,,,,=,,|T,,,B,,,,,,B,,bb|    F  % ",
        " %  F    |,,,,G,,,,,,G,,,,|,,,,||--++---|=|,,|,,,,G,,,,,,G,,,,|    F  % ",
        " %  F    |T,,,B,,,,,,B,,bb|,,,,|,,,,,,,,|l|ST|bb,,B,,,,,,B,,,T|    F  % ",
        " %  F  |-|-|--|BBGGBB|----|--+-|BBBGGBBB|-|--|----|BBGGBB|--|-|-|  F  % ",
        " %  F  |,,,G,,,,,,,,,,,,,,B,,,,,,,,,,,,,,,,,,B,,,,,,,,,,,,,,G,,,|  F  % ",
        " %  F  |,,dB,,,,,,,,,,,,,,G,,,,,,,,,,,,,,,,,,G,,,,,,,,,,,,,,Bd,,|  F  % ",
        " %  F  |,hdB,,,,,,,,,,,,,,G,,,,,,,,,,,,,,,,,,G,,,,,,,,,,,,,,Bdh,|  F  % ",
        " %  F  |,,dB,,,,,,,,,,,,,,B,,,,,BBBBBBBB,,,,,B,,,,,,,,,,,,,,Bd,,|  F  % ",
        " %  F  |-|-|--|BBGGBB|-++-|,,,,,BccxcccB,,,,,|-++-|BBGGBB|--|-|-|  F  % ",
        " %  F    |T,,,B,,,,,,|,,,,|,,,,,Bc,h,,cB,,,,,|,,,,|,,,,,,B,,,T|    F  % ",
        " %  F    |,,,,G,,,,,,|,,,,|BBGGBBc,,,,,|--+--|,,,,|,,,,,,G,,,,|    F  % ",
        " %  F    |bb,,B,,,,,,|,,,<|,,,,,Bc,rr,,G,,,,o|<,,,|,,,,,,B,,bb|    F  % ",
        " %  F    |----|,,,,,,|----|,,,,,|------|,,,,o|----|,,,,,,|----|    F  % ",
        " %  F    |T,,,B,,,,,,B,,bb|,,,,,|m,,,,,|,,,,o|bb,,B,,,,,,B,,,T|    F  % ",
        " %  F    |,,,,G,,,,,,G,,,,|,,,,,|m,,,,,=,,,,,|,,,,G,,,,,,G,,,,|    F  % ",
        " %  F    |bb,,B,,,,,,B,,,T|,,,,,|m,,bb,|<oooo|T,,,B,,,,,,B,,bb|    F  % ",
        " %  F    |----|,,,,,,|----|--++-|------|-----|----|,,,,,,|----|    F  % ",
        " %  F    |T,,,B,,,,,,B,,bb|ssssssssssssssssss|bb,,B,,,,,,B,,,T|    F  % ",
        " %  F    |,,,,G,,,,,,G,,,,|ssssssssEssEssEsss|,,,,G,,,,,,G,,,,|    F  % ",
        " %  F    |bb,,B,,,,,,B,,,T|ssssssssssssssssss|T,,,B,,,,,,B,,bb|    F  % ",
        " %  F    |----|,,,,,,|----|sssssssssssssssEss|----|,,,,,,|----|    F  % ",
        " %  F    |T,,,B,,,,,,B,,bb|ssssssssssssssssss|bb,,B,,,,,,B,,,T|    F  % ",
        " %  F    |,,,,G,,,,,,G,,,,|sssssssssssssssEss|,,,,G,,,,,,G,,,,|    F  % ",
        " %  F    |bb,,B,,,,,,B,,,T|ssssssssssssssssss|T,,,B,,,,,,B,,bb|    F  % ",
        " %  F    |----|,,,,,,|----|ssssssssssssssssss|----|,,,,,,|----|    F  % ",
        " %  F    |T,,,B,,,,,,B,,bb|ssssssssssssssssss|bb,,B,,,,,,B,,,T|    F  % ",
        " %  F    |,,,,G,,,,,,G,,,,|------------------|,,,,G,,,,,,G,,,,|    F  % ",
        " %  F    |bb,,B,,,,,,B,,,T|                  |T,,,B,,,,,,B,,bb|    F  % ",
        " %  F    |----|------|----|                  |----|------|----|    F  % ",
        " %  F                                                              F  % ",
        " % |--|                                                          |--| % ",
        " % |,,|                                                          |,,| % ",
        " % |,,|ffffffffffffffffffffffffffffffffffffffffffffffffffffffffff|,,| % ",
        " % |--|                                                          |--| % ",
        " %                                                                    % ",
        " %%%%%%%%%%%%%%%%%%%%%%%%%%%%%%%%%%%%%%%%%%%%%%%%%%%%%%%%%%%%%%%%%%%%%% ",
        "                                                                        ",
        "########################################################################",
        "########################################################################",
        "########################################################################",
        "########################################################################",
        "########################################################################",
        "########################################################################",
        "########################################################################",
        "########################################################################",
        "########################################################################",
        "########################################################################",
        "########################################################################",
        "########################################################################",
        "########################################################################",
        "########################################################################",
        "#############################################|----|------|----|#########",
        "#############################################|T,,,|,,,,,,|,,bb|#########",
        "#############################################|,,,,G,,,,,,G,,,,|#########",
        "#############################################|bb,,|,,,,,,|,,,T|#########",
        "################|----------------------------|----|,,,,,,|----|#########",
        "################|,,,,,,,,,,,,,,,,,,,,,,,,,,,,G,,,,,,,,,,,|,,bb|#########",
        "################|,,,,,,,,,,,,,,,,,,,,,,,,,,,,G,,,,,,,,,,,G,,,,|#########",
        "################|,,|-------------------------|,,,,,,,,,,,|,,,T|#########",
        "################|,,|#########################|----|,,,,,,|----|#########",
        "################|,,|######|------------------|T,,,|,,,,,,|,,bb|#########",
        "################|,,|######|,,,,,,,,,,,,,,,,,,|,,,,G,,,,,,G,,,,|#########",
        "################|,,|######|,,,,,,,,,,,,,,,,,,|bb,,|,,,,,,|,,,T|#########",
        "################|,,|######|,htth,,,,,,,,htth,|----|,,,,,,|----|#########",
        "################|,,|######|,htth,,,,,,,,htth,|T,,,|,,,,,,|,,bb|#########",
        "################|,,|######|,htth,,,,,,,,htth,|,,,,G,,,,,,G,,,,|#########",
        "################|,,|######|,htth,O,,,,O,htth,|bb,,|,,,,,,|,,,T|#########",
        "################|,,|######|,htth,,,,,,,,htth,|----|-|++|-|----|#########",
        "###############||++|------|,,,,,,,,,,,,,,,,,,|######|,,|################",
        "###############|i,,|,,,,,,|,,,,,,,,,,,,,,,,,,|######|,,|################",
        "###############|,,,g,h,h,h|,htth,,,,,,,,htth,|######|,,|################",
        "###############|,t,g,h,h,h|,htth,O,,,,O,htth,|######|,,|################",
        "###############|,,,g,h,h,h|,htth,,,,,,,,htth,|######|,,|################",
        "###############|r,,|,,,,,,|,htth,,,,,,,,htth,|######|,,|################",
        "###############|r,,+,,,,,,|,htth,,,,,,,,htth,|######|,,|################",
        "#######|-------|---|-|-++-|,,,,,,,,,,,,,,,,,,|----|#|,,|################",
        "#######|WWWW,,WWWW,rr|,,,,B,,,,,,,,,,,,,,,,,,B,,,,|-|GG|################",
        "#######|,,,,,,,,,,,,,c,,,,G,,,,,,,,,,,,,,,,,,G,,,,,,,,,|################",
        "#######|,tt,tt,tt,,,,|,,,,G,,,,,,,,,,,,,,,,,,G,,,,,,,,,|################",
        "#######|,,,,,,,,,,,,,+,,,,B,,,,,BBBBBBBB,,,,,B,,,,|-|GG|################",
        "#######|DDDD,,DDDD,rr|-GG-|,,,,,BccxcccB,,,,,|-GG-|#|,,|################",
        "#######|-------------|,,,,|,,,,,Bc,h,,cB,,,,,|,,,,|#|,,|################",
        "#####################|,,,,|cccccBc,,,,,|--+--|,,,,|#|,,|################",
        "#####################|,,,>|,,,,,Bc,rr,,G,,,,h|>,,,|#|,,|---|############",
        "#####################|-+--|,,,,c|------|,,,,t|----|#|,,+,,,|############",
        "#############|-------|,,,,,,,,,n|ccScSc|,,,,t|######|,,|yyy|############",
        "#############|z,,,,,,+,,,,,,,,,n|,,,,,,+,,,,h|##|---|++|---|############",
        "#############|z,,,,,,|eeeecSSc,c|l,,,,,|>,,,,|##|..........|############",
        "#############|z,,z,,z|----------|l,,,,,|-----|##|..........|############",
        "#############|z,,z,,z|##########|l,,,,,,,,,,,|##|...|--|...|############",
        "#############|z,,z,,z|##########|l,,,,l|=|=|=|##|...|##|...|############",
        "#############|z,,z,,z|##########|l,,,,l|T|T|T|##|...|##|...|############",
        "#############|-------|##########|------|-|-|-|##|...|##|...|############",
        "################################################|...|##|...|############",
        "################################################|...|--|...|############",
        "################################################|..........|############",
        "################################################|..........|############",
        "################################################|----------|############",
        "########################################################################",
        "########################################################################",
        "########################################################################",
        "########################################################################",
        "########################################################################",
        "########################################################################",
        "########################################################################",
        "########################################################################",
        "########################################################################",
        "########################################################################",
        "########################################################################"
      ],
      "palettes": ["prison_palette"],
      "place_items": [
        { "item": "prison_weapons", "x": [ 11, 12 ], "y": [ 1, 1 ], "chance": 30 },
        { "item": "prison_armor", "x": [ 11, 12 ], "y": [ 1, 1 ], "chance": 50 },
        { "item": "prison_weapons", "x": [ 11, 12 ], "y": [ 1, 1 ], "chance": 30 },
        { "item": "prison_armor", "x": [ 11, 12 ], "y": [ 1, 1 ], "chance": 40 }
      ],
      "items": { "l": [ { "item": "prison_weapons", "chance": 30 }, { "item": "prison_armor", "chance": 30 }, { "item": "cop_torso", "chance": 20 }, { "item": "cop_pants", "chance": 20 }, { "item": "cop_shoes", "chance": 20 } ] },
      "place_item": [ { "item": "visions_solitude", "x": 16, "y": 108, "amount": 1 } ],
      "place_monsters": [
        { "monster": "GROUP_ZOMBIE_PRISON", "x": [ 15, 20 ], "y": [ 34, 37 ], "repeat": [ 1, 2 ], "density": 0.2 },
        { "monster": "GROUP_ROBOT_SECUBOT", "x": [ 15, 20 ], "y": [ 39, 42 ], "density": 0.1 },
        { "monster": "GROUP_ZOMBIE_PRISON", "x": [ 15, 20 ], "y": [ 44, 37 ], "repeat": [ 1, 2 ], "density": 0.2 },
        { "monster": "GROUP_ROBOT_SECUBOT", "x": [ 32, 39 ], "y": [ 39, 42 ], "density": 0.1 },
        { "monster": "GROUP_ZOMBIE_PRISON", "x": [ 51, 56 ], "y": [ 34, 37 ], "repeat": [ 1, 2 ], "density": 0.2 },
        { "monster": "GROUP_ROBOT_SECUBOT", "x": [ 51, 56 ], "y": [ 39, 42 ], "density": 0.1 },
        { "monster": "GROUP_ZOMBIE_PRISON", "x": [ 51, 56 ], "y": [ 44, 37 ], "repeat": [ 1, 2 ], "density": 0.2 },
        { "monster": "GROUP_ROBOT_EYEBOT", "x": [ 24, 47 ], "y": [ 0, 13 ], "density": 0.1 },
        { "monster": "GROUP_ROBOT_EYEBOT", "x": [ 27, 44 ], "y": [ 52, 60 ], "density": 0.1 },
        { "monster": "GROUP_ZOMBIE_PRISON", "x": [ 27, 44 ], "y": [ 96, 113 ], "repeat": [ 1, 2 ], "density": 0.5 },
        { "monster": "GROUP_ZOMBIE_PRISON", "x": [ 51, 56 ], "y": [ 87, 95 ], "repeat": [ 1, 2 ], "density": 0.2 },
        { "monster": "GROUP_ZOMBIE_COP", "x": [ 27, 44 ], "y": [ 24, 47 ], "density": 0.2 },
        { "monster": "GROUP_ZOMBIE_COP", "x": [ 35, 38 ], "y": [ 122, 127 ], "density": 0.2 }
      ],
      "place_vehicles": []
    }
  }
,
  {
    "type": "mapgen",
    "method": "json",
    "om_terrain": [
      [ "prison_1_b_9_hidden", "prison_1_b_8_hidden_lab_stairs", "prison_1_b_7_hidden" ]
    ],
    "weight": 250,
    "object": {
      "fill_ter": "t_dirt",
      "rows": [
        "#############|-------|,,,,,,,,,n|ccScSc|,,,,t|######|,,|yyy|############",
        "#############|z,,,,,,+,,,,,,,,,n|,,,,,,+,,,,h|##|---|++|---|############",
        "#############|z,,,,,,|eeeecSSc,c|l,,,,,|>,,,,|##|..........|############",
        "#############|z,,z,,z|----------|l,,,,,|-----|##|..........|############",
        "#############|z,,z,,z|##########|l,,,,,,,,,,,|##|...|--|...|############",
        "#############|z,,z,,z|##########|l,,,,l|=|=|=|##|...|##|...|############",
        "#############|z,,z,,z|##########|l,,,,l|T|T|T|##|...|##|...|############",
        "#############|-------|##########|-6LL--|-|-|-|##|...|##|...|############",
        "##################################|,,|##########|...|##|...|############",
        "##############--------------------|,,|##########|...|--|...|############",
        "##############|R,R|b,T|b,T|b,T|b,T|,7|##########|..........|############",
        "#######--------R,R|b,,|b,,|b,,|b,,|,,|##########|..........|############",
        "#######|,,,,,,,,,R|,Z,|,Z,|,Z,|,Z,|,,|##########|----------|############",
        "#######|,,,,,,,,,,|,,,|,,,|,,,|,,,|,,|##################################",
        "#######|,,gggggg,,|BGB|BGB|BGB|BGB|,,|##################################",
        "#######|,,g,,,,g,,|,,,,,,,,,,,,,,,|,,|##################################",
        "#######|,,M,/?,g,,M,,,,,,,,,,,,,,,M,,|##################################",
        "#######|,,g,,,,g,,|,,,,,,,,,,,,,,,|,,|##################################",
        "#######|,,gggggg,,|BGB|BGB|BGB|BGB|,,|##################################",
        "#######|,,,,,,,,,,|,,,|,,,|,,,|,,,|<<|##################################",
        "#######|,,,,,,,,,R|,C,|,C,|,C,|,C,----##################################",
        "#######--------R,R|b,,|b,,|b,,|b,,|#####################################",
        "##############|R,R|b,T|b,T|b,T|b,T|#####################################",
        "##############--------------------|#####################################"
      ],
      "palettes": ["prison_palette"],
      "furniture": { "?": "f_autodoc", "/": "f_autodoc_couch", "R": "f_rack" },
      "terrain": {
        "L": "t_door_metal_locked",
        "M": "t_door_metal_c",
        "6": "t_card_science",
        "7": "t_floor",
        "/": "t_floor",
        "?": "t_floor"
      },
      "items": {
        "l": [ { "item": "prison_weapons", "chance": 30 }, { "item": "prison_armor", "chance": 30 }, { "item": "cop_torso", "chance": 20 }, { "item": "cop_pants", "chance": 20 }, { "item": "cop_shoes", "chance": 20 } ],
        "R": [ { "item": "dissection", "chance": 60 }, { "item": "bionics_common", "chance": 10 }, { "item": "mut_lab", "chance": 5 } ] },
      "place_monsters": [ { "monster": "GROUP_ZOMBIE_COP", "x": [ 35, 38 ], "y": [ 2, 7 ], "density": 0.2 } ],
      "monster": { "7": { "monster": "mon_turret"}, "Z": { "monster": "mon_zombie_tough"}, "C": { "monster": "mon_broken_cyborg"} }
    }
  }
]
