[
  {
    "type": "mapgen",
    "method": "json",
    "om_terrain": [ "s_reststop_1" ],
    "weight": 500,
    "object": {
      "rows": [
        "rrrrrrrrrrrrrrrrrrrrrrrr",
        "yrrryrrryrrryrrrrrrryrrr",
        "yrrryrrryrrryrrrrrrryrrr",
        "yrrryrrryrrryrr2222ryrrr",
        "yrrryrrryrrryrr2222ryrrr",
        "yrrryrrryrrryrr2222ryrrr",
        "yyyyyyyyyyyyyyy2222yyyyy",
        "222222222222222222222222",
        "............2222222222..",
        ".----666666----2222----6",
        ".|A        C  722227A   ",
        ".|A  AAA   CC 722227A   ",
        ".|A           |2222|A   ",
        ".|-666-gg-6666-6gg6---  ",
        ".|K                     ",
        ".|K        KKKK         ",
        ".|---  ---------------  ",
        ".|C |  |B|B|B|B|B|B|B|  ",
        ".|D      |+|+|+|+|+|+|  ",
        ".|D              |      ",
        ".|D      |+|+|+|+|+|+|  ",
        ".|C  HF  |B|B|B|B|B|B|BB",
        ".|----------------------",
        "........................"
      ],
      "terrain": {
        " ": "t_floor",
        "+": "t_door_c",
        "-": "t_wall_h",
        ".": [ "t_grass", "t_grass", "t_grass", "t_dirt" ],
        "1": "t_window",
        "2": "t_sidewalk",
        "3": "t_tree_young",
        "4": "t_chaingate_l",
        "5": "t_wall_wood",
        "6": "t_wall_glass_h",
        "7": "t_wall_glass_v",
        "A": "t_floor",
        "B": "t_floor",
        "C": "t_floor",
        "D": "t_floor",
        "E": "t_dirtfloor",
        "F": "t_floor",
        "G": "t_dirtfloor",
        "H": "t_floor",
        "I": "t_floor",
        "K": "t_floor",
        "g": "t_door_glass_c",
        "r": "t_pavement",
        "y": "t_pavement_y",
        "|": "t_wall_v"
      },
      "furniture": {
        "A": "f_rack",
        "C": "f_counter",
        "D": "f_sink",
        "E": "f_sink",
        "F": "f_chair",
        "G": "f_locker",
        "H": "f_table",
        "I": "f_sofa",
        "K": "f_bench"
      },
      "toilets": { "B": {  } },
      "place_loot": [
        { "group": "magazines", "x": 2, "y": [ 10, 12 ], "chance": 80, "repeat": [ 1, 3 ] },
        { "group": "fast_food", "x": 20, "y": [ 10, 12 ], "chance": 90, "repeat": [ 1, 3 ] },
        { "group": "behindcounter", "x": [ 5, 7 ], "y": 11, "chance": 80, "repeat": [ 1, 3 ] }
      ],
      "place_monsters": [ { "monster": "GROUP_ZOMBIE", "x": [ 2, 21 ], "y": [ 2, 21 ], "repeat": [ 1, 2 ] } ]
    }
  },
  {
    "type": "mapgen",
    "method": "json",
    "om_terrain": [ "s_reststop_2" ],
    "weight": 500,
    "object": {
      "rows": [
        "rrrrrrrrrrrrrrrrrrrrrrrr",
        "yrrryrrryrrryrrryrrryrrr",
        "yrrryrrryrrryrrryrrryrrr",
        "yrrryrrryrrryrrryrrryrrr",
        "yrrryrrryrrryrrryrrryrrr",
        "yrrryrrryrrryrrryrrryrrr",
        "yyyyyyyyyyyyyyyyyyyyyyyy",
        "222222222222222222222222",
        "............22E.........",
        "6666666----|22..........",
        "       KKKK722....KHHK..",
        "           722....KHHK..",
        "       KKKK722....KHHK..",
        "      -----|22..........",
        "           g22..........",
        "           g22....KHHK..",
        "-----66666-|22....KHHK..",
        "| C|2222222222....KHHK..",
        "  D|K222222222..........",
        "  D|K222222222..........",
        "  D|K222222222....KHHK..",
        "  D|K222222222....KHHK..",
        "----2222222222....KHHK..",
        "........................"
      ],
      "terrain": {
        " ": "t_floor",
        "+": "t_door_c",
        "-": "t_wall_h",
        ".": [ "t_grass", "t_grass", "t_grass", "t_dirt" ],
        "1": "t_window",
        "2": "t_sidewalk",
        "3": "t_tree_young",
        "4": "t_chaingate_l",
        "5": "t_wall_wood",
        "6": "t_wall_glass_h",
        "7": "t_wall_glass_v",
        "A": "t_floor",
        "B": "t_floor",
        "C": "t_floor",
        "D": "t_floor",
        "E": "t_dirtfloor",
        "F": "t_floor",
        "G": "t_dirtfloor",
        "H": "t_floor",
        "I": "t_floor",
        "K": "t_floor",
        "g": "t_door_glass_c",
        "r": "t_pavement",
        "y": "t_pavement_y",
        "|": "t_wall_v"
      },
      "furniture": {
        "A": "f_rack",
        "C": "f_counter",
        "D": "f_sink",
        "E": "f_trashcan",
        "F": "f_chair",
        "G": "f_locker",
        "H": "f_table",
        "I": "f_sofa",
        "K": "f_bench"
      },
      "toilets": { "B": {  } },
      "place_loot": [
        { "group": "snacks", "x": [ 19, 20 ], "y": [ 10, 12 ], "chance": 75, "repeat": [ 1, 2 ] },
        { "group": "snacks", "x": [ 19, 20 ], "y": [ 15, 17 ], "chance": 75, "repeat": [ 1, 2 ] },
        { "group": "snacks", "x": [ 19, 20 ], "y": [ 20, 22 ], "chance": 75, "repeat": [ 1, 2 ] },
        { "group": "trash_cart", "x": 14, "y": 8, "chance": 80, "repeat": [ 1, 3 ] }
      ],
      "place_monsters": [ { "monster": "GROUP_ZOMBIE", "x": [ 2, 21 ], "y": [ 2, 21 ], "repeat": [ 1, 2 ] } ]
    }
  },
  {
    "type": "mapgen",
    "method": "json",
    "om_terrain": [ "s_restparking_1" ],
    "weight": 500,
    "object": {
      "rows": [
        ",,2.........2,,,,,,,,,,,",
        ",,2.........2,,,,,,,,,,,",
        ",,2.........2,,,,,,,,,,,",
        ",,2.........2,,,,,,,,,,,",
        ",,2.........222222222222",
        ",,2.....................",
        ",,2.........yyyyyyyyyyyy",
        ",,2.........y...y...y...",
        ",,2.........y...y...y...",
        ",,2.........y...y...y...",
        ",,2.........y...y...y...",
        ",,2.........y...y...y...",
        ",,2.....................",
        ",,2.....................",
        ",,2.....................",
        ",,2.....................",
        ",,2.....................",
        ",,2.....................",
        "222.....................",
        "........................",
        "........................",
        "........................",
        "........................",
        "........................"
      ],
      "terrain": {
        " ": "t_floor",
        "+": "t_door_c",
        ",": [ "t_grass", "t_grass", "t_grass", "t_dirt" ],
        "-": "t_wall_h",
        ".": "t_pavement",
        "1": "t_window",
        "2": "t_sidewalk",
        "3": "t_tree_young",
        "4": "t_chaingate_l",
        "5": "t_wall_wood",
        "6": "t_wall_glass_h",
        "7": "t_wall_glass_v",
        "A": "t_floor",
        "B": "t_floor",
        "C": "t_floor",
        "D": "t_floor",
        "E": "t_dirtfloor",
        "F": "t_floor",
        "G": "t_dirtfloor",
        "H": "t_floor",
        "I": "t_floor",
        "K": "t_floor",
        "g": "t_door_glass_c",
        "r": "t_pavement",
        "y": "t_pavement_y",
        "|": "t_wall_v"
      },
      "furniture": {
        "A": "f_rack",
        "C": "f_counter",
        "D": "f_sink",
        "E": "f_sink",
        "F": "f_chair",
        "G": "f_locker",
        "H": "f_table",
        "I": "f_sofa",
        "K": "f_bench"
      },
      "toilets": { "B": {  } }
    }
  },
  {
    "type": "mapgen",
    "method": "json",
    "om_terrain": [ "s_restparking_2" ],
    "weight": 500,
    "object": {
      "rows": [
        ",,,,,,,,,,,2.........2,,",
        ",,,,,,,,,,,2.........2,,",
        ",,,,,,,,,,,2.........2,,",
        ",,,,,,,KHK,2.........2,,",
        "222222,KHK,2.........2,,",
        ".....2,,,,,2.........2,,",
        "yyyyy2,KHK,2.........2,,",
        "y...y2,KHK,2.........2,,",
        "y...y2,,,,,2.........2,,",
        "y...y2222222.........2,,",
        "y...y................2,,",
        "y...y................2,,",
        ".....................222",
        "........................",
        "........................",
        "........................",
        "........................",
        "........................",
        "........................",
        "........................",
        "........................",
        "........................",
        "........................",
        "........................"
      ],
      "terrain": {
        " ": "t_floor",
        "+": "t_door_c",
        ",": [ "t_grass", "t_grass", "t_grass", "t_dirt" ],
        "-": "t_wall_h",
        ".": "t_pavement",
        "1": "t_window",
        "2": "t_sidewalk",
        "3": "t_tree_young",
        "4": "t_chaingate_l",
        "5": "t_wall_wood",
        "6": "t_wall_glass_h",
        "7": "t_wall_glass_v",
        "A": "t_floor",
        "B": "t_floor",
        "C": "t_floor",
        "D": "t_floor",
        "E": "t_dirtfloor",
        "F": "t_floor",
        "G": "t_dirtfloor",
        "H": "t_floor",
        "I": "t_floor",
        "K": "t_floor",
        "g": "t_door_glass_c",
        "r": "t_pavement",
        "y": "t_pavement_y",
        "|": "t_wall_v"
      },
      "furniture": {
        "A": "f_rack",
        "C": "f_counter",
        "D": "f_sink",
        "E": "f_sink",
        "F": "f_chair",
        "G": "f_locker",
        "H": "f_table",
        "I": "f_sofa",
        "K": "f_bench"
      },
      "toilets": { "B": {  } }
    }
  }
]
