[
  {
    "type": "mapgen",
    "method": "json",
    "om_terrain": [ "shipwreck_river_1" ],
    "object": {
      "rows": [
        "........................",
        "........................",
        "........................",
        "........................",
        "........................",
        "........... ............",
        "........................",
        ".........#..............",
        "...c ##ccccccccccccc----",
        ".ccc ##             3r  ",
        "#~~~###             3r  ",
        "..~ -#   ##  6ee    3r  ",
        ".CC-CCcc~~~~  #    ~--#-",
        "~~~  ~~cc           #  .",
        "##~~~ ..cccc~~~~~ccc----",
        "~~#-.~~..~~~##~~~~~~~~~~",
        "..~~~~  ~~.##-..~~~.~~~~",
        "##---.cc.....   ~~......",
        "..........-.-##.......~.",
        "....~~...c..............",
        "........................",
        "........................",
        "........................",
        "........................"
      ],
      "terrain": {
        " ": "t_metal_floor",
        "#": "t_dirt",
        "+": "t_door_metal_c",
        "-": "t_wall_metal",
        ".": [ "t_water_sh", { "ter": "t_water_sh" }, { "ter": "t_dirt" }, { "ter": "t_grass" }, { "ter": "t_dirt" }, { "ter": "t_dirtmound" } ],
        "3": "t_window_frame",
        "6": "t_machinery_light",
        "C": "t_dirtmound",
        "c": "t_guardrail_bg_dp",
        "e": "t_machinery_heavy",
        "r": "t_console_broken",
        "~": "t_water_sh"
      },
      "furniture": { "#": "f_wreckage" },
      "items": { "D": { "item": "office", "chance": 70 } },
      "place_monsters": [ { "monster": "GROUP_RAZORCLAW", "x": [ 2, 21 ], "y": [ 2, 21 ], "density": 0.4 } ]
    }
  },
  {
    "type": "mapgen",
    "method": "json",
    "om_terrain": [ "shipwreck_river_2" ],
    "object": {
      "rows": [
        "........................",
        "........................",
        "........................",
        "........................",
        "........................",
        "........... ............",
        ".C........~~~~~.........",
        "..CC~~~~~~~CCC..........",
        "---------------.........",
        "A-~   ~~>-   #---.......",
        "~-~~~~~~~+ ~~###--~.....",
        " -~ ------    CCC~~.....",
        "+-+--  ~C~~~  C --.~~...",
        "~~~  ~~~~ ---##-#~......",
        "##~~~ ..---~~~~~~~C-....",
        "~~#-.~~..~~~####-C-.....",
        "..~~~~~~~~.##-.C-.......",
        "##---........----.......",
        "..........-.-##.........",
        "....~~..................",
        "........................",
        "........................",
        "........................",
        "........................"
      ],
      "terrain": {
        " ": "t_metal_floor",
        "#": "t_dirt",
        "+": "t_door_metal_c",
        "-": "t_wall_metal",
        ".": [ "t_water_sh", { "ter": "t_water_sh" }, { "ter": "t_dirt" }, { "ter": "t_grass" }, { "ter": "t_dirt" }, { "ter": "t_dirtmound" } ],
        ">": "t_stairs_down",
        "A": "t_metal_floor",
        "C": "t_dirtmound",
        "~": "t_water_sh"
      },
      "furniture": { "#": "f_wreckage", "A": "f_safe_l" },
      "place_loot": [ { "group": "guns_pistol_rare", "x": 0, "y": 9, "chance": 70, "ammo": 95, "magazine": 100 } ],
      "place_monsters": [ { "monster": "GROUP_RAZORCLAW", "x": [ 2, 21 ], "y": [ 2, 21 ], "density": 0.4 } ]
    }
  },
  {
    "type": "mapgen",
    "method": "json",
    "om_terrain": [ "shipwreck_river_3" ],
    "object": {
      "rows": [
        "........................",
        "........................",
        "........................",
        "........................",
        "........................",
        "........................",
        "........................",
        "........................",
        ".... -------------------",
        ".....-### ~~C~ C~#~~66e-",
        ".....--####C~~ ~~~     -",
        "... . -####R~~~ #e ~~ ~#",
        "......-###CC ~~  ~~~~~~-",
        "......--####CC~~~~666ee-",
        ".......-----------------",
        "........................",
        "........................",
        "........................",
        "........................",
        "........................",
        "........................",
        "........................",
        "........................",
        "........................"
      ],
      "terrain": {
        " ": "t_metal_floor",
        "#": "t_metal_floor",
        "+": "t_door_metal_c",
        "-": "t_wall_metal",
        ".": "t_rock",
        "6": "t_machinery_light",
        "C": "t_dirtmound",
        "R": "t_plut_generator",
        "e": "t_machinery_heavy",
        "~": "t_water_sh"
      },
      "furniture": { "#": "f_wreckage" },
      "items": { "C": { "item": "razorclaw_nest", "chance": 80 } },
      "place_monsters": [ { "monster": "GROUP_RAZORCLAW", "x": [ 12, 21 ], "y": [ 9, 13 ], "density": 0.2 } ],
      "place_monster": [ { "monster": "mon_alpha_razorclaw", "x": 13, "y": 11 } ]
    }
  },
  {
    "type": "mapgen",
    "method": "json",
    "om_terrain": [ "shipwreck_river_4" ],
    "object": {
      "rows": [
        "........................",
        "........................",
        "........................",
        "........................",
        "........................",
        "........................",
        "........................",
        "........................",
        "-------------------- ...",
        "-~~~~  -<~-A~~ee666--...",
        "---##---~~-- ~  6###-...",
        "~~~~~~~~~~ +  6e6~~#-...",
        "---~-~~   C-   ~ ~~#-...",
        "-~~~-C   C -9 eee##--...",
        "--------------------....",
        "........................",
        "........................",
        "........................",
        "........................",
        "........................",
        "........................",
        "........................",
        "........................",
        "........................"
      ],
      "terrain": {
        " ": "t_metal_floor",
        "#": "t_metal_floor",
        "+": "t_door_metal_c",
        "-": "t_wall_metal",
        ".": "t_rock",
        "6": "t_machinery_light",
        "9": "t_metal_floor",
        "<": "t_stairs_up",
        "A": "t_metal_floor",
        "C": "t_dirtmound",
        "e": "t_machinery_heavy",
        "~": "t_water_sh"
      },
      "furniture": { "#": "f_wreckage", "9": "f_locker", "A": "f_standing_tank" },
      "items": { "9": { "item": "plumber_gear", "chance": 90 }, "C": { "item": "razorclaw_nest", "chance": 70 } },
      "place_monsters": [ { "monster": "GROUP_RAZORCLAW", "x": [ 0, 9 ], "y": [ 9, 13 ], "density": 0.05 } ]
    }
  }
]
