[
  {
    "type": "mapgen",
    "method": "json",
    "om_terrain": [ "sai" ],
    "weight": 10,
    "object": {
      "rows": [
        "........................",
        "........................",
        "........................",
        "........................",
        "........................",
        "........................",
        "......------------......",
        "......|          |......",
        "......|  ###     |......",
        "......|       #  |......",
        "......|          |......",
        "......|          |......",
        "......|       #  |......",
        "......|       #  |......",
        "......|          |......",
        "......+          |......",
        "......|          |......",
        "......------------......",
        "........................",
        "........................",
        "........................",
        "........................",
        "........................",
        "........................"
      ],
      "terrain": {
        " ": "t_concrete",
        "#": "t_sai_box",
        "+": "t_chaingate_c",
        "-": "t_chainfence_h",
        ".": "t_grass",
        "x": "t_chainfence_posts",
        "|": "t_chainfence_v"
      }
    }
  }
]
