[
    {
        "id": "miner_hat",
        "type": "TOOL_ARMOR",
        "category" : "armor",
        "symbol": "[",
        "color": "yellow",
        "name": "mining helmet",
        "description": "This is a mining helmet with a heavy duty LED flashlight.  Using this will turn the flashlight on and provide light, assuming it is charged with batteries.",
        "flags": [ "WATERPROOF" ],
        "price": 12500,
        "material": ["plastic" ],
        "weight" : 1196,
        "volume": 12,
        "bashing": 6,
        "max_charges": 100,
        "initial_charges": 100,
        "charges_per_use": 1,
        "ammo": "battery",
        "use_action": {
            "type": "transform",
            "msg": "You turn the helmet on.",
            "target": "miner_hat_on",
            "active": true,
            "need_charges": 1,
            "need_charges_msg": "The helmet's batteries are dead."
        },
        "covers" : ["HEAD"],
        "techniques" : ["WBLOCK_1"],
        "warmth" : 5,
        "encumbrance" : 15,
        "coverage" : 80,
        "material_thickness" : 4
    },
    {
        "id": "miner_hat_on",
        "type": "TOOL_ARMOR",
        "category" : "armor",
        "symbol": "[",
        "color": "blue",
        "name": "mining helmet (on)",
        "name_plural": "mining helmets (on)",
        "description": "This is a mining helmet with a heavy duty LED flashlight.  The flashlight is turned on, and continually draining its batteries.  Use it to turn it off.",
        "flags": [ "LIGHT_450", "CHARGEDIM", "WATERPROOF", "TRADER_AVOID" ],
        "price": 12500,
        "material": ["plastic"],
        "weight" : 1196,
        "volume": 12,
        "bashing": 6,
        "max_charges": 100,
        "initial_charges": 100,
        "turns_per_charge": 15,
        "ammo": "battery",
        "revert_to": "miner_hat",
        "use_action": {
            "menu_text": "Turn off",
            "type": "transform",
            "msg": "The %s flicks off.",
            "target": "miner_hat"
        },
        "covers" : ["HEAD"],
        "techniques" : ["WBLOCK_1"],
        "warmth" : 5,
        "encumbrance" : 15,
        "coverage" : 80,
        "material_thickness" : 4
    },
    {
        "type" : "TOOL_ARMOR",
        "id" : "game_watch",
        "name" : "game watch",
        "name_plural" : "game watches",
        "volume" : 1,
        "description" : "A waterproof digital watch with a built-in electronic game system, powered by standard batteries.  Activate to play.",
        "weight" : 112,
        "to_hit" : -1,
        "color" : "light_gray",
        "covers" : ["HAND_EITHER"],
        "price" : 6000,
        "material" : ["plastic"],
        "flags" : [ "WATCH", "WATER_FRIENDLY", "BELTED", "FRAGILE", "ALLOWS_NATURAL_ATTACKS", "OVERSIZE" ],
        "coverage" : 15,
        "symbol" : "[",
        "ammo": "battery",
        "use_action": "PORTABLE_GAME",
        "max_charges": 60,
        "initial_charges": 60
    },
    {
        "id": "holo_cloak",
        "type": "TOOL_ARMOR",
        "name": "hologram cloak",
        "description": "A cloak woven with metallic fibers and covered with hexagonal sheets of reflective carbide.  When activated, it will create an holographic decoy of its wearer.",
        "weight": 1552,
        "volume": 14,
        "price": 5500000,
        "to_hit": -1,
        "material": [ "superalloy" ],
        "symbol": "[",
        "color": "light_gray",
        "covers": [ "TORSO", "HEAD", "ARMS", "LEGS" ],
        "coverage": 65,
        "encumbrance": 10,
        "max_charges": 1000,
        "initial_charges": 500,
        "charges_per_use": 25,
        "ammo": "plutonium",
        "warmth": 10,
        "material_thickness": 1,
        "environmental_protection": 4,
        "use_action": "DIRECTIONAL_HOLOGRAM",
        "flags": [ "OVERSIZE", "HOOD", "WATERPROOF", "OUTER", "VARSIZE" ]
    },
    {
        "type" : "TOOL_ARMOR",
        "category" : "clothing",
        "id" : "fedora",
        "name" : "fedora",
        "weight" : 350,
        "color" : "brown",
        "covers" : ["HEAD"],
        "use_action": {
            "type": "consume_drug",
            "activation_message": "You tip your fedora."
        },
        "symbol" : "[",
        "description" : "A high-crowned, wide-brimmed, sable colored fedora.  Its brim helps keep the sun out of your eyes.  The perfect hat for treasure hunting.",
        "price" : 7500,
        "material" : ["leather"],
        "volume" : 7,
        "warmth" : 7,
        "environmental_protection" : 3,
        "encumbrance" : 10,
        "coverage" : 50,
        "flags" : ["FANCY", "VARSIZE", "SUN_GLASSES"],
        "material_thickness" : 1
    },
    {
        "id": "thermal_socks",
        "type": "TOOL_ARMOR",
        "category" : "clothing",
        "symbol": "[",
        "color": "light_gray",
        "name": "pair of thermal electric socks",
        "name_plural": "pairs of thermal electric socks",
        "description": "This is a pair of socks with internal battery-powered heating elements.  Use it to turn it on.",
        "flags": [ "VARSIZE", "SKINTIGHT" ],
        "price": 5000,
        "material": ["cotton"],
        "weight" : 182,
        "volume": 3,
        "max_charges": 100,
        "initial_charges": 100,
        "charges_per_use": 1,
        "ammo": "battery",
        "use_action": {
            "type": "transform",
            "msg": "You activate your %s.",
            "target": "thermal_socks_on",
            "active": true,
            "need_charges": 1,
            "need_charges_msg": "The %s's batteries are dead."
        },
        "covers" : ["FEET"],
        "warmth" : 10,
        "coverage" : 100,
        "material_thickness" : 1
    },
    {
        "id": "thermal_socks_on",
        "type": "TOOL_ARMOR",
        "category" : "clothing",
        "symbol": "[",
        "color": "light_gray",
        "name": "pair of thermal electric socks (on)",
        "name_plural": "pairs of thermal electric socks (on)",
        "description": "This is a pair of socks with internal battery-powered heating elements.  They are currently on, and continually draining batteries.  Use it to turn them off.",
        "flags": [ "VARSIZE", "SKINTIGHT", "TRADER_AVOID" ],
        "price": 5000,
        "material": ["cotton"],
        "weight" : 182,
        "volume": 3,
        "max_charges": 100,
        "initial_charges": 100,
        "turns_per_charge": 50,
        "ammo": "battery",
        "revert_to": "thermal_socks",
        "use_action": {
            "menu_text": "Turn off",
            "type": "transform",
            "msg": "Your %s deactivates.",
            "target": "thermal_socks"
        },
        "covers" : ["FEET"],
        "warmth" : 60,
        "coverage" : 100,
        "material_thickness" : 1
    },
    {
        "id": "thermal_suit",
        "type": "TOOL_ARMOR",
        "category" : "clothing",
        "symbol": "[",
        "color": "light_gray",
        "name": "thermal electric suit",
        "description": "This is a full-body suit of thin thermal underwear equipped with internal battery-powered heating elements.  Use it to turn it on.",
        "flags": [ "VARSIZE", "SKINTIGHT" ],
        "price": 15000,
        "material": ["cotton"],
        "weight" : 864,
        "volume": 8,
        "max_charges": 200,
        "initial_charges": 200,
        "charges_per_use": 1,
        "ammo": "battery",
        "use_action": {
            "type": "transform",
            "msg": "You activate your %s.",
            "target": "thermal_suit_on",
            "active": true,
            "need_charges": 1,
            "need_charges_msg": "The %s's batteries are dead."
        },
        "covers" : ["TORSO", "ARMS", "LEGS"],
        "warmth" : 10,
        "coverage" : 100,
        "material_thickness" : 1
    },
    {
        "id": "thermal_suit_on",
        "type": "TOOL_ARMOR",
        "category" : "clothing",
        "symbol": "[",
        "color": "light_gray",
        "name": "thermal electric suit (on)",
        "name_plural": "thermal electric suits (on)",
        "description": "This is a full-body suit of thin thermal underwear equipped with internal battery-powered heating elements.  It is currently on, and continually draining batteries.  Use it to turn it off.",
        "flags": [ "VARSIZE", "SKINTIGHT", "TRADER_AVOID" ],
        "price": 15000,
        "material": ["cotton"],
        "weight" : 864,
        "volume": 8,
        "max_charges": 200,
        "initial_charges": 200,
        "turns_per_charge": 25,
        "ammo": "battery",
        "revert_to": "thermal_suit",
        "use_action": {
            "menu_text": "Turn off",
            "type": "transform",
            "msg": "Your %s deactivates.",
            "target": "thermal_suit"
        },
        "covers" : ["TORSO", "ARMS", "LEGS"],
        "warmth" : 60,
        "coverage" : 100,
        "material_thickness" : 1
    },
    {
        "id": "thermal_gloves",
        "type": "TOOL_ARMOR",
        "category" : "clothing",
        "symbol": "[",
        "color": "light_gray",
        "name": "pair of thermal electric gloves",
        "name_plural": "pairs of thermal electric gloves",
        "description": "This is a pair of gloves with internal battery-powered heating elements.  Use it to turn it on.",
        "flags": [ "VARSIZE", "SKINTIGHT" ],
        "price": 5000,
        "material": ["cotton"],
        "weight" : 210,
        "volume": 3,
        "max_charges": 100,
        "initial_charges": 100,
        "charges_per_use": 1,
        "ammo": "battery",
        "use_action": {
            "type": "transform",
            "msg": "You activate your %s.",
            "target": "thermal_gloves_on",
            "active": true,
            "need_charges": 1,
            "need_charges_msg": "The %s's batteries are dead."
        },
        "covers" : ["HANDS"],
        "warmth" : 10,
        "coverage" : 100,
        "material_thickness" : 1
    },
    {
        "id": "thermal_gloves_on",
        "type": "TOOL_ARMOR",
        "category" : "clothing",
        "symbol": "[",
        "color": "light_gray",
        "name": "pair of thermal electric gloves (on)",
        "name_plural": "pairs of thermal electric gloves (on)",
        "description": "This is a pair of gloves with internal battery-powered heating elements.  They are currently on, and continually draining batteries.  Use it to turn them off.",
        "flags": [ "VARSIZE", "SKINTIGHT", "TRADER_AVOID" ],
        "price": 5000,
        "material": ["cotton"],
        "weight" : 210,
        "volume": 3,
        "max_charges": 100,
        "initial_charges": 100,
        "turns_per_charge": 50,
        "ammo": "battery",
        "revert_to": "thermal_gloves",
        "use_action": {
            "menu_text": "Turn off",
            "type": "transform",
            "msg": "Your %s deactivates.",
            "target": "thermal_gloves"
        },
        "covers" : ["HANDS"],
        "warmth" : 60,
        "coverage" : 100,
        "material_thickness" : 1
    },
    {
        "id": "thermal_mask",
        "type": "TOOL_ARMOR",
        "category" : "clothing",
        "symbol": "[",
        "color": "light_gray",
        "name": "thermal electric balaclava",
        "description": "This is a snug cloth mask with internal battery-powered heating elements.  Use it to turn it on.",
        "flags": [ "VARSIZE", "SKINTIGHT" ],
        "price": 5000,
        "material": ["cotton"],
        "weight" : 196,
        "volume": 4,
        "max_charges": 100,
        "initial_charges": 100,
        "charges_per_use": 1,
        "ammo": "battery",
        "use_action": {
            "type": "transform",
            "msg": "You activate your %s.",
            "target": "thermal_mask_on",
            "active": true,
            "need_charges": 1,
            "need_charges_msg": "The %s's batteries are dead."
        },
        "covers" : ["HEAD", "MOUTH"],
        "warmth" : 10,
        "coverage" : 100,
        "material_thickness" : 1
    },
    {
        "id": "thermal_mask_on",
        "type": "TOOL_ARMOR",
        "category" : "clothing",
        "symbol": "[",
        "color": "light_gray",
        "name": "thermal electric balaclava (on)",
        "name_plural": "thermal electric balaclavas (on)",
        "description": "This is a snug cloth mask with internal battery-powered heating elements.  It is are currently on, and continually draining batteries.  Use it to turn it off.",
        "flags": [ "VARSIZE", "SKINTIGHT", "TRADER_AVOID" ],
        "price": 5000,
        "material": ["cotton"],
        "weight" : 196,
        "volume": 4,
        "max_charges": 100,
        "initial_charges": 100,
        "turns_per_charge": 50,
        "ammo": "battery",
        "revert_to": "thermal_mask",
        "use_action": {
            "type": "transform",
            "menu_text": "Turn off",
            "msg": "Your %s deactivates.",
            "target": "thermal_mask"
        },
        "covers" : ["HEAD", "MOUTH"],
        "warmth" : 60,
        "coverage" : 100,
        "material_thickness" : 1
    },
    {
        "id": "binoculars",
        "type": "TOOL_ARMOR",
        "category" : "clothing",
        "symbol": ";",
        "color": "dark_gray",
        "name" : "pair of binoculars",
        "name_plural": "pairs of binoculars",
        "description": "A pair of optics with a neck strap attached.  Useful for seeing long distances.  Wearing this item or carrying it in your inventory will double the distance around you that is mapped during your travels.  You could also use them to focus the sunlight.",
        "price": 30000,
        "material": ["plastic", "glass"],
        "flags" : [ "ZOOM", "OVERSIZE", "BELTED", "ALLOWS_NATURAL_ATTACKS", "FIRESTARTER" ],
        "weight" : 708,
        "volume": 2,
        "bashing": 4,
        "to_hit" : -1,
        "use_action": {
            "type": "firestarter",
            "moves": 1000,
            "moves_slow": 25000,
            "need_sunlight": true
        },
        "covers" : ["TORSO"],
        "encumbrance" : 2,
        "coverage" : 10,
        "material_thickness" : 2
    },
    {
        "id": "wearable_light",
        "type": "TOOL_ARMOR",
        "category" : "clothing",
        "symbol": "[",
        "color": "blue",
        "name": "headlamp",
        "description": "This is an LED headlamp with an adjustable strap so as to be comfortably worn on your head or attached to your helmet.  Use it to turn it on.",
        "price": 4000,
        "material": ["plastic", "aluminum" ],
        "flags" : ["OVERSIZE", "BELTED", "ALLOWS_NATURAL_ATTACKS"],
        "weight" : 520,
        "volume": 2,
        "bashing": 1,
        "max_charges": 100,
        "initial_charges": 100,
        "charges_per_use": 1,
        "ammo": "battery",
        "use_action": {
            "type": "transform",
            "msg": "You turn the headlamp on.",
            "target": "wearable_light_on",
            "active": true,
            "need_charges": 1,
            "need_charges_msg": "The headlamp batteries are dead."
        },
        "covers" : ["HEAD"],
        "coverage" : 15,
        "material_thickness" : 1
    },
    {
        "id": "wearable_light_on",
        "type": "TOOL_ARMOR",
        "category" : "clothing",
        "symbol": "[",
        "color": "blue",
        "name": "headlamp (on)",
        "name_plural": "headlamps (on)",
        "description": "This is an LED headlamp with an adjustable strap so as to be comfortably worn on your head or attached to your helmet.  It is turned on, and continually draining batteries.  Use it to turn it off.",
        "flags": [ "LIGHT_300", "CHARGEDIM", "OVERSIZE", "BELTED", "ALLOWS_NATURAL_ATTACKS", "TRADER_AVOID" ],
        "price": 4000,
        "material": ["plastic", "aluminum"],
        "weight" : 520,
        "volume": 2,
        "bashing": 1,
        "max_charges": 100,
        "initial_charges": 100,
        "turns_per_charge": 20,
        "ammo": "battery",
        "revert_to": "wearable_light",
        "use_action": {
            "type": "transform",
            "menu_text": "Turn off",
            "msg": "The %s flicks off.",
            "target": "wearable_light"
        },
        "covers" : ["HEAD"],
        "coverage" : 15,
        "material_thickness" : 1
    },
    {
        "id": "survivor_light",
        "type": "TOOL_ARMOR",
        "category" : "clothing",
        "symbol": "[",
        "color": "blue",
        "name": "survivor headlamp",
        "description": "This is a custom made LED headlamp reinforced to be more durable, brighter, and with a larger and more efficient battery pack.  The adjustable strap allows it to be comfortably worn on your head or attached to your helmet.  Use it to turn it on.",
        "price": 4000,
        "material": ["plastic", "aluminum" ],
        "flags" : ["OVERSIZE", "BELTED", "ALLOWS_NATURAL_ATTACKS"],
        "weight" : 620,
        "volume": 2,
        "bashing": 1,
        "max_charges": 150,
        "initial_charges": 150,
        "charges_per_use": 1,
        "ammo": "battery",
        "use_action": {
            "type": "transform",
            "msg": "You turn the survivor headlamp on.",
            "target": "survivor_light_on",
            "active": true,
            "need_charges": 1,
            "need_charges_msg": "The survivor headlamp batteries are dead."
        },
        "covers" : ["HEAD"],
        "coverage" : 20,
        "material_thickness" : 1
    },
    {
        "id": "survivor_light_on",
        "type": "TOOL_ARMOR",
        "category" : "clothing",
        "symbol": "[",
        "color": "blue",
        "name": "survivor headlamp (on)",
        "name_plural": "survivor headlamps (on)",
        "description": "This is a custom made LED headlamp reinforced to be more durable, brighter, and with a larger and more efficient battery pack.  The adjustable strap allows it to be comfortably worn on your head or attached to your helmet.  It is turned on, and continually draining batteries.  Use it to turn it off.",
        "flags": [ "LIGHT_350", "CHARGEDIM", "OVERSIZE", "BELTED", "ALLOWS_NATURAL_ATTACKS"],
        "price": 4000,
        "material": ["plastic", "aluminum"],
        "weight" : 620,
        "volume": 2,
        "bashing": 1,
        "max_charges": 150,
        "initial_charges": 150,
        "turns_per_charge": 18,
        "ammo": "battery",
        "revert_to": "survivor_light",
        "use_action": {
            "type": "transform",
            "menu_text": "Turn off",
            "msg": "The %s flicks off.",
            "target": "survivor_light"
        },
        "covers" : ["HEAD"],
        "coverage" : 20,
        "material_thickness" : 1
    },
    {
        "id": "rm13_armor",
        "type": "TOOL_ARMOR",
        "category" : "armor",
        "symbol": "[",
        "color": "dark_gray",
        "name": "RM13 combat armor",
        "description": "Internally powered by a maximum of ten plutonium fuel cells, this full-body suit of sleek black military armor represents the pinnacle of Rivtech's non-rigid powered armor technology.  Use it to turn it on.",
        "flags" : ["VARSIZE", "STURDY", "WATERPROOF", "RAINPROOF", "WATCH", "ALARMCLOCK", "SWIM_GOGGLES", "SUN_GLASSES", "RAD_RESIST"],
        "price": 50000000,
        "material": ["ceramic", "kevlar"],
        "weight" : 6820,
        "volume": 36,
        "to_hit" : -3,
        "max_charges": 5000,
        "ammo": "plutonium",
        "use_action": "RM13ARMOR_OFF",
        "covers" : ["HEAD", "MOUTH", "EYES", "TORSO", "ARMS", "HANDS", "LEGS", "FEET"],
        "storage" : 32,
        "warmth" : 30,
        "environmental_protection" : 15,
        "encumbrance" : 30,
        "coverage" : 100,
        "material_thickness" : 2
    },
    {
        "id": "rm13_armor_on",
        "type": "TOOL_ARMOR",
        "category" : "armor",
        "symbol": "[",
        "color": "dark_gray",
        "name": "RM13 combat armor (on)",
        "name_plural": "RM13 combat armors (on)",
        "description": "Internally powered by a maximum of ten plutonium fuel cells, this full-body suit of sleek black military armor represents the pinnacle of Rivtech's non-rigid powered armor technology.  It is turned on, and continually draining power.  Use it to turn it off.",
        "flags" : ["VARSIZE", "STURDY", "WATERPROOF", "RAINPROOF", "WATCH", "ALARMCLOCK", "SWIM_GOGGLES", "SUN_GLASSES", "RAD_PROOF", "ELECTRIC_IMMUNE", "THERMOMETER", "TRADER_AVOID", "CLIMATE_CONTROL"],
        "price": 50000000,
        "material": ["ceramic", "kevlar"],
        "weight" : 6820,
        "volume": 36,
        "to_hit" : -3,
        "max_charges": 5000,
        "turns_per_charge": 3,
        "ammo": "plutonium",
        "revert_to": "rm13_armor",
        "use_action": "RM13ARMOR_ON",
        "covers" : ["HEAD", "MOUTH", "EYES", "TORSO", "ARMS", "HANDS", "LEGS", "FEET"],
        "storage" : 32,
        "warmth" : 30,
        "environmental_protection" : 40,
        "encumbrance" : 10,
        "coverage" : 100,
        "qualities" : [["GLARE", 2]],
        "material_thickness" : 5
    },
    {
        "id": "rebreather",
        "type": "TOOL_ARMOR",
        "category" : "clothing",
        "symbol": "[",
        "color": "dark_gray",
        "name" : "rebreather mask",
        "description": "A mask worn over your mouth which, when loaded with the proper filters, recycles your exhaled breath for rebreathing while underwater.  Use it to turn it on.",
        "flags" : ["WATER_FRIENDLY"],
        "price": 25000,
        "material": ["plastic", "aluminum"],
        "weight" : 720,
        "volume": 2,
        "to_hit" : -3,
        "max_charges": 60,
        "initial_charges": 60,
        "charges_per_use": 1,
        "ammo": "rebreather_filter",
        "use_action": {
            "type": "transform",
            "msg": "You activate your %s.",
            "target": "rebreather_on",
            "active": true,
            "need_charges": 1,
            "need_charges_msg": "The %s's filter is used up."
        },
        "covers" : ["MOUTH"],
        "warmth" : 10,
        "environmental_protection" : 1,
        "encumbrance" : 30,
        "coverage" : 75,
        "material_thickness" : 1
    },
    {
        "id": "rebreather_on",
        "type": "TOOL_ARMOR",
        "category" : "clothing",
        "symbol": "[",
        "color": "dark_gray",
        "name": "rebreather mask (on)",
        "name_plural": "rebreather masks (on)",
        "description": "A mask worn over your mouth which, when loaded with the proper filters, recycles your exhaled breath for rebreathing while underwater.  It is turned on, and continually consuming its filter.  Use it to turn it off.",
        "flags" : ["WATER_FRIENDLY", "REBREATHER", "TRADER_AVOID"],
        "price": 25000,
        "material": ["plastic", "aluminum"],
        "weight" : 720,
        "volume": 2,
        "to_hit" : -3,
        "max_charges": 60,
        "turns_per_charge": 10,
        "ammo": "rebreather_filter",
        "revert_to": "rebreather",
        "use_action": {
            "type": "transform",
            "menu_text": "Turn off",
            "msg": "Your %s deactivates.",
            "target": "rebreather"
        },
        "covers" : ["MOUTH"],
        "warmth" : 10,
        "environmental_protection" : 15,
        "encumbrance" : 20,
        "coverage" : 75,
        "material_thickness" : 1
    },
    {
        "id": "rebreather_xl",
        "type": "TOOL_ARMOR",
        "category" : "clothing",
        "symbol": "[",
        "color": "dark_gray",
        "name" : "XL rebreather mask",
        "description": "A mask worn over your mouth which, when loaded with the proper filters, recycles your exhaled breath for rebreathing while underwater.  This model has been expanded substantially and can accommodate exotic anatomy.  Use it to turn it on.",
        "flags" : ["WATER_FRIENDLY", "OVERSIZE"],
        "price": 25000,
        "material": ["plastic", "aluminum"],
        "weight" : 960,
        "volume": 5,
        "to_hit" : -3,
        "max_charges": 60,
        "initial_charges": 60,
        "charges_per_use": 1,
        "ammo": "rebreather_filter",
        "use_action": {
            "type": "transform",
            "msg": "You activate your %s.",
            "target": "rebreather_xl_on",
            "active": true,
            "need_charges": 1,
            "need_charges_msg": "The %s's filter is used up."
        },
        "covers" : ["MOUTH"],
        "warmth" : 10,
        "environmental_protection" : 1,
        "encumbrance" : 30,
        "coverage" : 75,
        "material_thickness" : 1
    },
    {
        "id": "rebreather_xl_on",
        "type": "TOOL_ARMOR",
        "category" : "clothing",
        "symbol": "[",
        "color": "dark_gray",
        "name": "XL rebreather mask (on)",
        "name_plural": "XL rebreather masks (on)",
        "description": "A mask worn over your mouth which, when loaded with the proper filters, recycles your exhaled breath for rebreathing while underwater.  This model has been expanded substantially and can accommodate exotic anatomy.  It is turned on, and continually consuming its filter.  Use it to turn it off.",
        "flags" : ["WATER_FRIENDLY", "REBREATHER", "OVERSIZE", "TRADER_AVOID"],
        "price": 25000,
        "material": ["plastic", "aluminum"],
        "weight" : 960,
        "volume": 5,
        "to_hit" : -3,
        "max_charges": 60,
        "turns_per_charge": 10,
        "ammo": "rebreather_filter",
        "revert_to": "rebreather_xl",
        "use_action": {
            "type": "transform",
            "menu_text": "Turn off",
            "msg": "Your %s deactivates.",
            "target": "rebreather_xl"
        },
        "covers" : ["MOUTH"],
        "warmth" : 10,
        "environmental_protection" : 15,
        "encumbrance" : 20,
        "coverage" : 75,
        "material_thickness" : 1
    },
{
        "id": "mask_filter",
        "type": "TOOL_ARMOR",
        "name": "filter mask",
        "description": "A mask that straps over your mouth and nose and filters air.  Protects from smoke, dust, and other contaminants quite well.  It must be prepared before use.",
        "weight": 260,
        "volume": 2,
        "price": 3500,
        "to_hit": 1,
        "material": [ "plastic" ],
        "symbol": "[",
        "color": "light_gray",
        "covers": [ "MOUTH" ],
        "coverage": 100,
        "encumbrance": 20,
        "warmth": 10,
        "material_thickness": 2,
        "environmental_protection": 1,
        "environmental_protection_with_filter": 7,
        "max_charges": 100,
        "initial_charges": 100,
        "ammo": "gasfilter_s",
        "use_action": "GASMASK"
    },
    {
        "id": "mask_gas",
        "type": "TOOL_ARMOR",
        "name": "gas mask",
        "description": "A full gas mask that covers the face and eyes.  Provides excellent protection from smoke, teargas, and other contaminants.  It must be prepared before use.",
        "weight": 897,
        "volume": 4,
        "price": 4900,
        "to_hit": -3,
        "material": [ "plastic" ],
        "symbol": "[",
        "color": "dark_gray",
        "covers": [ "MOUTH", "EYES" ],
        "coverage": 100,
        "encumbrance": 30,
        "warmth": 20,
        "material_thickness": 2,
        "environmental_protection": 1,
        "environmental_protection_with_filter": 16,
        "max_charges": 100,
        "initial_charges": 100,
        "ammo": "gasfilter_m",
        "use_action": "GASMASK"
  },
  {
        "id": "mask_gas_xl",
        "type": "TOOL_ARMOR",
        "name": "XL gas mask",
        "description": "A rather roomy mask with filters attached, designed to accommodate exotic anatomy.  Provides excellent protection from smoke, teargas, and other contaminants.  It must be prepared before use.",
        "weight": 1397,
        "volume": 6,
        "price": 25000,
        "to_hit": -3,
        "material": [ "plastic" ],
        "symbol": "[",
        "color": "dark_gray",
        "covers": [ "MOUTH", "EYES" ],
        "coverage": 100,
        "encumbrance": 30,
        "warmth": 20,
        "material_thickness": 2,
        "environmental_protection": 1,
        "environmental_protection_with_filter": 16,
        "max_charges": 100,
        "initial_charges": 100,
        "ammo": "gasfilter_m",
        "use_action": "GASMASK",
        "flags": [ "OVERSIZE" ]
    },
    {
        "id": "mask_fsurvivor",
        "type": "TOOL_ARMOR",
        "category": "armor",
        "name": "survivor firemask",
        "description": "A custom-built, Nomex-insulated gas mask that covers the face and eyes.  It provides excellent protection from heat, smoke, teargas, and shrapnel.  It must be prepared before use.",
        "weight": 708,
        "volume": 5,
        "price": 24000,
        "to_hit": -3,
        "material": [ "kevlar", "nomex" ],
        "symbol": "[",
        "color": "light_gray",
        "covers": [ "MOUTH", "EYES" ],
        "coverage": 100,
        "encumbrance": 30,
        "warmth": 15,
        "qualities": [ [ "GLARE", 2 ] ],
        "material_thickness": 3,
        "environmental_protection": 1,
        "environmental_protection_with_filter": 15,
        "max_charges": 100,
        "initial_charges": 100,
        "ammo": "gasfilter_m",
        "use_action": "GASMASK",
        "flags": [ "VARSIZE", "STURDY", "SUN_GLASSES" ]
    },
    {
        "id": "mask_fsurvivorxl",
        "type": "TOOL_ARMOR",
        "category": "armor",
        "name": "XL survivor firemask",
        "description": "A custom-built, Nomex-insulated gas mask that covers the face and eyes regardless of your state of mutation.  It provides excellent protection from heat, smoke, teargas, and shrapnel.   It must be prepared before use.",
        "weight": 1108,
        "volume": 5,
        "price": 24000,
        "to_hit": -3,
        "material": [ "kevlar", "nomex" ],
        "symbol": "[",
        "color": "light_gray",
        "covers": [ "MOUTH", "EYES" ],
        "coverage": 100,
        "encumbrance": 35,
        "warmth": 15,
        "qualities": [ [ "GLARE", 2 ] ],
        "material_thickness": 3,
        "environmental_protection": 1,
        "environmental_protection_with_filter": 15,
        "max_charges": 100,
        "initial_charges": 100,
        "ammo": "gasfilter_m",
        "use_action": "GASMASK",
        "flags": [ "VARSIZE", "STURDY", "OVERSIZE", "SUN_GLASSES" ]
    },
    {
        "id": "mask_bunker",
        "type": "TOOL_ARMOR",
        "category": "armor",
        "symbol": "[",
        "color": "light_gray",
        "name": "firefighter PBA mask",
        "description": "A full-face mask commonly used by firefighters.  The protective breathing apparatus provides excellent protection from smoke, flame, and other dangers.  It must be prepared before use.",
        "flags": [ "VARSIZE", "WATERPROOF", "STURDY", "SUN_GLASSES" ],
        "price": 100000,
        "material": [ "plastic", "nomex" ],
        "weight": 1260,
        "volume": 6,
        "to_hit": -3,
        "max_charges": 100,
        "initial_charges": 100,
        "ammo": "gasfilter_m",
        "use_action": "GASMASK",
        "covers": [ "MOUTH", "EYES" ],
        "warmth": 30,
        "environmental_protection": 1,
        "environmental_protection_with_filter": 16,
        "encumbrance": 20,
        "coverage": 100,
        "qualities": [ [ "GLARE", 2 ] ],
        "material_thickness": 3
    },
    {
        "id": "mask_hsurvivor",
        "type": "TOOL_ARMOR",
        "category": "armor",
        "name": "heavy survivor mask",
        "description": "A custom-built, steel reinforced gas mask that covers the face and eyes.  Provides excellent protection from smoke, teargas, and shrapnel.  It must be prepared before use.",
        "weight": 858,
        "volume": 5,
        "price": 24000,
        "to_hit": -3,
        "max_charges": 100,
        "initial_charges": 100,
        "ammo": "gasfilter_m",
        "use_action": "GASMASK",
        "material": [ "kevlar", "steel" ],
        "symbol": "[",
        "color": "dark_gray",
        "covers": [ "MOUTH", "EYES" ],
        "coverage": 100,
        "encumbrance": 30,
        "warmth": 15,
        "material_thickness": 3,
        "environmental_protection": 1,
        "environmental_protection_with_filter": 15,
        "qualities": [ [ "GLARE", 1 ] ],
        "flags": [ "VARSIZE", "STURDY", "SUN_GLASSES" ]
    },
    {
        "id": "mask_lsurvivor",
        "type": "TOOL_ARMOR",
        "category": "armor",
        "name": "light survivor mask",
        "description": "A custom-built, reinforced gas mask that covers the face and eyes.  Provides excellent protection from smoke, teargas, and shrapnel.  It must be prepared before use.",
        "weight": 466,
        "volume": 5,
        "price": 24000,
        "to_hit": -3,
        "max_charges": 100,
        "initial_charges": 100,
        "charges_per_use": 1,
        "ammo": "gasfilter_m",
        "use_action": "GASMASK",
        "material": [ "kevlar", "cotton" ],
        "symbol": "[",
        "color": "dark_gray",
        "covers": [ "MOUTH", "EYES" ],
        "coverage": 100,
        "encumbrance": 20,
        "warmth": 15,
        "material_thickness": 3,
        "environmental_protection": 1,
        "environmental_protection_with_filter": 15,
        "qualities": [ [ "GLARE", 1 ] ],
        "flags": [ "VARSIZE", "STURDY", "SUN_GLASSES" ]
    },
    {
        "id": "mask_survivor",
        "type": "TOOL_ARMOR",
        "category": "armor",
        "name": "survivor mask",
        "description": "A custom-built, leather reinforced gas mask that covers the face and eyes.  Provides excellent protection from smoke, teargas, and shrapnel.  It must be prepared before use.",
        "weight": 682,
        "volume": 5,
        "price": 24000,
        "to_hit": -3,
        "max_charges": 100,
        "initial_charges": 100,
        "ammo": "gasfilter_m",
        "use_action": "GASMASK",
        "material": [ "kevlar", "leather" ],
        "symbol": "[",
        "color": "dark_gray",
        "covers": [ "MOUTH", "EYES" ],
        "coverage": 100,
        "encumbrance": 25,
        "warmth": 15,
        "material_thickness": 3,
        "environmental_protection": 1,
        "environmental_protection_with_filter": 15,
        "qualities": [ [ "GLARE", 1 ] ],
        "flags": [ "VARSIZE", "STURDY", "SUN_GLASSES" ]
    },
    {
        "id": "mask_survivorxl",
        "type": "TOOL_ARMOR",
        "category": "armor",
        "name": "XL survivor mask",
        "description": "A custom-built, reinforced gas mask that covers the face and eyes regardless of your state of mutation.  Provides excellent protection from smoke, teargas, and shrapnel.  It must be prepared before use.",
        "weight": 982,
        "volume": 5,
        "price": 24000,
        "to_hit": -3,
        "max_charges": 100,
        "initial_charges": 100,
        "ammo": "gasfilter_m",
        "use_action": "GASMASK",
        "material": [ "kevlar", "plastic" ],
        "symbol": "[",
        "color": "dark_gray",
        "covers": [ "MOUTH", "EYES" ],
        "coverage": 100,
        "encumbrance": 30,
        "warmth": 15,
        "material_thickness": 3,
        "environmental_protection": 1,
        "environmental_protection_with_filter": 15,
        "qualities": [ [ "GLARE", 1 ] ],
        "flags": [ "VARSIZE", "STURDY", "OVERSIZE", "SUN_GLASSES" ]
    },
    {
        "id": "mask_wsurvivor",
        "type": "TOOL_ARMOR",
        "category": "armor",
        "name": "winter survivor mask",
        "description": "A custom-built, fur-trimmed gas mask that covers the face and eyes.  Quite warm, it still provides excellent protection from smoke, teargas, and shrapnel.  It must be prepared before use.",
        "weight": 682,
        "volume": 5,
        "price": 24000,
        "to_hit": -3,
        "max_charges": 100,
        "initial_charges": 100,
        "ammo": "gasfilter_m",
        "use_action": "GASMASK",
        "material": [ "kevlar", "fur" ],
        "symbol": "[",
        "color": "light_gray",
        "covers": [ "MOUTH", "EYES" ],
        "coverage": 100,
        "encumbrance": 30,
        "warmth": 75,
        "material_thickness": 3,
        "environmental_protection": 1,
        "environmental_protection_with_filter": 15,
        "qualities": [ [ "GLARE", 1 ] ],
        "flags": [ "VARSIZE", "STURDY", "SUN_GLASSES" ]
    },
    {
        "id": "mask_wsurvivorxl",
        "type": "TOOL_ARMOR",
        "category": "armor",
        "name": "XL winter survivor mask",
        "description": "A custom-built, fur-trimmed gas mask that covers the face and eyes regardless of your state of mutation.  Quite warm, it still provides excellent protection from smoke, teargas, and shrapnel.  It must be prepared before use.",
        "weight": 1062,
        "volume": 5,
        "price": 24000,
        "to_hit": -3,
        "max_charges": 100,
        "initial_charges": 100,
        "ammo": "gasfilter_m",
        "use_action": "GASMASK",
        "material": [ "kevlar", "fur" ],
        "symbol": "[",
        "color": "light_gray",
        "covers": [ "MOUTH", "EYES" ],
        "coverage": 100,
        "encumbrance": 35,
        "warmth": 75,
        "material_thickness": 3,
        "environmental_protection": 1,
        "environmental_protection_with_filter": 15,
        "qualities": [ [ "GLARE", 1 ] ],
        "flags": [ "VARSIZE", "STURDY", "OVERSIZE", "SUN_GLASSES" ]
    },
    {
        "id": "goggles_nv",
        "type": "TOOL_ARMOR",
        "category" : "clothing",
        "symbol": "[",
        "color": "dark_gray",
        "name" : "pair of light amp goggles",
        "name_plural" : "pairs of light amp goggles",
        "description": "A pair of battery-powered goggles that amplify ambient light, allowing you to see in the dark.  Use it to turn them on.",
        "flags" : ["FRAGILE"],
        "price": 92000,
        "material": ["plastic", "steel"],
        "weight" : 1020,
        "volume": 4,
        "to_hit" : -3,
        "max_charges": 200,
        "initial_charges": 200,
        "charges_per_use": 1,
        "ammo": "battery",
        "use_action": {
            "type": "transform",
            "msg": "You activate your %s.",
            "target": "goggles_nv_on",
            "active": true,
            "need_charges": 1,
            "need_charges_msg": "The %s's batteries are dead."
        },
        "covers" : ["EYES"],
        "warmth" : 10,
        "environmental_protection" : 6,
        "encumbrance" : 40,
        "coverage" : 100,
        "material_thickness" : 2
    },
    {
        "id": "goggles_nv_on",
        "type": "TOOL_ARMOR",
        "category" : "clothing",
        "symbol": "[",
        "color": "dark_gray",
        "name": "pair of light amp goggles (on)",
        "name_plural": "pairs of light amp goggles (on)",
        "description": "A pair of battery-powered goggles that amplify ambient light, allowing you to see in the dark.  It is turned on, and continually draining batteries.  Use it to turn them off.",
        "flags" : ["GNV_EFFECT", "FRAGILE", "TRADER_AVOID"],
        "price": 92000,
        "material": ["plastic", "steel"],
        "weight" : 1020,
        "volume": 4,
        "to_hit" : -3,
        "max_charges": 200,
        "initial_charges": 200,
        "turns_per_charge": 7,
        "ammo": "battery",
        "revert_to": "goggles_nv",
        "use_action": {
            "type": "transform",
            "menu_text": "Turn off",
            "msg": "Your %s deactivates.",
            "target": "goggles_nv"
        },
        "covers" : ["EYES"],
        "warmth" : 25,
        "environmental_protection" : 6,
        "encumbrance" : 20,
        "coverage" : 100,
        "material_thickness" : 2
    },
    {
        "id": "goggles_ir",
        "type": "TOOL_ARMOR",
        "category" : "clothing",
        "symbol": "[",
        "color": "dark_gray",
        "name" : "pair of infrared goggles",
        "name_plural" : "pairs of infrared goggles",
        "description": "A pair of battery-powered goggles that grant infrared vision, allowing you to see warm-blooded creatures in the dark.  Use it to turn them on.",
        "flags" : ["FRAGILE"],
        "price": 92000,
        "material": ["plastic", "steel"],
        "weight" : 1240,
        "volume": 4,
        "to_hit" : -3,
        "max_charges": 200,
        "initial_charges": 200,
        "charges_per_use": 1,
        "ammo": "battery",
        "use_action": {
            "type": "transform",
            "msg": "You activate your %s.",
            "target": "goggles_ir_on",
            "active": true,
            "need_charges": 1,
            "need_charges_msg": "The %s's batteries are dead."
        },
        "covers" : ["EYES"],
        "warmth" : 10,
        "environmental_protection" : 6,
        "encumbrance" : 40,
        "coverage" : 100,
        "material_thickness" : 2
    },
    {
        "id": "goggles_ir_on",
        "type": "TOOL_ARMOR",
        "category" : "clothing",
        "symbol": "[",
        "color": "dark_gray",
        "name": "pair of infrared goggles (on)",
        "name_plural": "pairs of infrared goggles (on)",
        "description": "A pair of battery-powered goggles that grant infrared vision, allowing you to see warm-blooded creatures in the dark.  Use it to turn them off.",
        "flags" : ["IR_EFFECT","FRAGILE","TRADER_AVOID"],
        "price": 92000,
        "material": ["plastic", "steel"],
        "weight" : 1240,
        "volume": 4,
        "to_hit" : -3,
        "max_charges": 200,
        "initial_charges": 200,
        "turns_per_charge": 10,
        "ammo": "battery",
        "revert_to": "goggles_ir",
        "use_action": {
            "type": "transform",
            "menu_text": "Turn off",
            "msg": "Your %s deactivates.",
            "target": "goggles_ir"
        },
        "covers" : ["EYES"],
        "warmth" : 25,
        "environmental_protection" : 6,
        "encumbrance" : 20,
        "coverage" : 100,
        "material_thickness" : 2
    },
    {
        "id": "wearable_rx12",
        "type": "TOOL_ARMOR",
        "category" : "clothing",
        "symbol": "[",
        "color": "blue",
        "name": "wearable RX12 jet injector",
        "description": "This is a modified RX12 jet injector which can be worn on the body.  A label on the side warns against using more than two doses per hour.",
        "price": 40000,
        "material": ["ceramic", "superalloy"],
        "flags" : ["OVERSIZE"],
        "weight" : 364,
        "volume": 3,
        "max_charges": 2,
        "charges_per_use": 1,
        "ammo": "ampoule",
        "use_action": "JET_INJECTOR",
        "material_thickness" : 3
    },
    {
        "id": "rx11_stimpack",
        "type": "TOOL_ARMOR",
        "category" : "clothing",
        "symbol": "[",
        "color": "dark_gray",
        "name": "RX11 stimulant delivery system",
        "name_plural" : "RX11 stimulant delivery system",
        "description": "The Rivtech RX11 stimulant delivery system is a jet autoinjector system worn on the user's body.  A simple press of its activator injects powerful chemical stimulants into the bloodstream without using a needle.",
        "price": 40000,
        "material": ["superalloy", "kevlar"],
        "flags" : ["OVERSIZE"],
        "weight" : 212,
        "volume": 3,
        "max_charges": 5,
        "initial_charges": 5,
        "charges_per_use": 1,
        "ammo": "stimpack_ammo",
        "use_action": "STIMPACK",
        "material_thickness" : 3
    },
    {
        "id": "mask_h20survivor",
        "type": "TOOL_ARMOR",
        "category" : "armor",
        "symbol": "[",
        "color": "dark_gray",
        "name" : "survivor divemask",
        "description": "A custom-built, armored rebreather mask that covers the face and eyes.  It provides excellent protection from harm as well providing breathing gas while underwater.  Use it to turn it on.",
        "flags" : ["VARSIZE", "STURDY", "WATER_FRIENDLY",  "SWIM_GOGGLES"],
        "price": 40000,
        "material": ["kevlar", "plastic"],
        "weight" : 982,
        "volume": 6,
        "to_hit" : -3,
        "max_charges": 120,
        "charges_per_use": 1,
        "ammo": "rebreather_filter",
        "use_action": {
            "type": "transform",
            "msg": "You activate your %s.",
            "target": "mask_h20survivor_on",
            "active": true,
            "need_charges": 1,
            "need_charges_msg": "The %s's filter is used up."
        },
        "covers" : ["MOUTH", "EYES"],
        "warmth" : 15,
        "environmental_protection" : 10,
        "encumbrance" : 30,
        "coverage" : 75,
        "material_thickness" : 2
    },
    {
        "id": "mask_h20survivor_on",
        "type": "TOOL_ARMOR",
        "category" : "armor",
        "symbol": "[",
        "color": "dark_gray",
        "name": "survivor divemask (on)",
        "name_plural": "survivor divemasks (on)",
        "description": "A custom-built, armored rebreather mask that covers the face and eyes.  It provides excellent protection from harm as well providing breathing gas while underwater.  It is turned on, and continually consuming its filter.  Use it to turn it off.",
        "flags" : ["VARSIZE", "STURDY", "WATER_FRIENDLY", "REBREATHER", "SWIM_GOGGLES"],
        "price": 40000,
        "material": ["kevlar", "plastic"],
        "weight" : 982,
        "volume": 6,
        "to_hit" : -3,
        "max_charges": 120,
        "turns_per_charge": 10,
        "ammo": "rebreather_filter",
        "revert_to": "mask_h20survivor",
        "use_action": {
            "type": "transform",
            "menu_text": "Turn off",
            "msg": "Your %s deactivates.",
            "target": "mask_h20survivor"
        },
        "covers" : ["MOUTH", "EYES"],
        "warmth" : 15,
        "environmental_protection" : 10,
        "encumbrance" : 20,
        "coverage" : 75,
        "material_thickness" : 2
    },
    {
        "id": "mask_h20survivorxl",
        "type": "TOOL_ARMOR",
        "category" : "armor",
        "symbol": "[",
        "color": "dark_gray",
        "name" : "XL survivor divemask",
        "description": "A custom-built, armored rebreather mask that covers the face and eyes.  It provides excellent protection from harm as well providing breathing gas while underwater.  Use it to turn it on.",
        "flags" : ["VARSIZE", "STURDY", "WATER_FRIENDLY",  "SWIM_GOGGLES", "OVERSIZE"],
        "price": 40000,
        "material": ["kevlar", "plastic"],
        "weight" : 1302,
        "volume": 8,
        "to_hit" : -3,
        "max_charges": 120,
        "charges_per_use": 1,
        "ammo": "rebreather_filter",
        "use_action": {
            "type": "transform",
            "msg": "You activate your %s.",
            "target": "mask_h20survivorxl_on",
            "active": true,
            "need_charges": 1,
            "need_charges_msg": "The %s's filter is used up."
        },
        "covers" : ["MOUTH", "EYES"],
        "warmth" : 15,
        "environmental_protection" : 10,
        "encumbrance" : 30,
        "coverage" : 75,
        "material_thickness" : 2
    },
    {
        "id": "mask_h20survivorxl_on",
        "type": "TOOL_ARMOR",
        "category" : "armor",
        "symbol": "[",
        "color": "dark_gray",
        "name": "XL survivor divemask (on)",
        "name_plural": "XL survivor divemasks (on)",
        "description": "A custom-built, armored rebreather mask that covers the face and eyes regardless of your state of mutation.  It provides excellent protection from harm as well providing breathing gas while underwater.  It is turned on, and continually consuming its filter.  Use it to turn it off.",
        "flags" : ["VARSIZE", "STURDY", "WATER_FRIENDLY", "REBREATHER", "SWIM_GOGGLES", "OVERSIZE", "TRADER_AVOID"],
        "price": 40000,
        "material": ["kevlar", "plastic"],
        "weight" : 1302,
        "volume": 8,
        "to_hit" : -3,
        "max_charges": 120,
        "turns_per_charge": 10,
        "ammo": "rebreather_filter",
        "revert_to": "mask_h20survivorxl",
        "use_action": {
            "type": "transform",
            "menu_text": "Turn off",
            "msg": "Your %s deactivates.",
            "target": "mask_h20survivorxl"
        },
        "covers" : ["MOUTH", "EYES"],
        "warmth" : 15,
        "environmental_protection" : 10,
        "encumbrance" : 20,
        "coverage" : 75,
        "material_thickness" : 2
    },
    {
        "type": "TOOL",
        "id": "folding_poncho",
        "symbol": ",",
        "color": "yellow",
        "name": "folded poncho",
        "description": "A folded lightweight plastic rain poncho with a hood.  Use it to unfold for use.",
        "price": 5000,
        "material": "plastic",
        "weight": 280,
        "volume": 1,
        "use_action": "UNPACK_ITEM"
    },
    {
        "id": "folding_poncho_on",
        "type": "TOOL_ARMOR",
        "category" : "clothing",
        "symbol": "[",
        "color": "yellow",
        "name" : "unfolded poncho",
        "description": "A lightweight plastic rain poncho with a hood.  Use it to fold for storage.",
        "price": 5000,
        "material": "plastic",
        "weight" : 280,
        "volume": 6,
        "to_hit" : -3,
        "revert_to": "folding_poncho",
        "use_action": "PACK_ITEM",
        "covers" : ["TORSO", "ARMS"],
        "flags" : ["WATERPROOF", "RAINPROOF", "HOOD", "OVERSIZE", "OUTER"],
        "environmental_protection" : 1,
        "coverage" : 90,
        "material_thickness" : 1
    },
    {
        "type": "TOOL",
        "id": "emer_blanket",
        "symbol": ",",
        "color": "light_gray",
        "name": "folded emergency blanket",
        "description": "A folded blanket made of space-age materials that covers your most important body parts.  Use it to unfold for use.",
        "price": 425,
        "material": "plastic",
        "weight": 622,
        "volume": 2,
        "use_action": "UNPACK_ITEM"
    },
    {
        "id": "emer_blanket_on",
        "type": "TOOL_ARMOR",
        "category" : "clothing",
        "symbol": "[",
        "color": "light_gray",
        "name" : "emergency blanket",
        "description": "A blanket made of space-age material that covers your most important body parts.  Use it to fold for storage.",
        "price": 425,
        "material": "plastic",
        "weight" : 622,
        "volume": 10,
        "to_hit" : -3,
        "revert_to": "emer_blanket",
        "use_action": "PACK_ITEM",
        "covers" : ["TORSO", "ARMS", "HANDS", "LEGS", "FEET"],
        "flags" : ["OVERSIZE", "OUTER", "ALLOWS_NATURAL_ATTACKS"],
        "warmth" : 50,
        "environmental_protection" : 1,
        "encumbrance" : 50,
        "coverage" : 90,
        "material_thickness" : 1
    },
    {
        "id": "rad_monitor",
        "type": "TOOL_ARMOR",
        "category" : "clothing",
        "symbol": "[",
        "color": "dark_gray",
        "name" : "radiation biomonitor",
        "description": "A small battery-powered biometric safety device worn on the wrist.  Activate to check your current level of radiation exposure.",
        "price": 60000,
        "material": ["plastic", "aluminum"],
        "weight" : 68,
        "volume": 1,
        "to_hit" : -3,
        "max_charges": 20,
        "initial_charges": 20,
        "charges_per_use": 1,
        "ammo": "battery",
        "use_action": "RADGLOVE",
        "material_thickness" : 1
    },
    {
        "type" : "ARMOR",
        "id" : "survivor_belt",
        "name" : "survivor utility belt",
        "weight" : 3390,
        "color" : "brown",
        "covers" : ["TORSO"],
        "storage" : 2,
        "symbol" : "[",
        "description" : "A custom-built leather utility belt covered with straps and pouches containing many useful hand tools and a sheath to carry a smaller blade.  Durable and carefully crafted to be comfortable to wear.  Activate to sheathe/draw a weapon.",
        "price" : 50000,
        "material" : ["leather", "iron"],
        "volume" : 16,
        "flags" : ["VARSIZE", "WATER_FRIENDLY", "STURDY", "WAIST", "OVERSIZE"],
        "coverage" : 15,
        "material_thickness" : 2,
        "use_action": [ {
            "type": "holster",
            "holster_prompt": "Sheath blade",
            "holster_msg": "You sheath your %s",
            "draw_cost": 3,
            "min_volume": 1,
            "max_volume": 4,
            "flags": [ "SHEATH_KNIFE", "SHEATH_SWORD" ]
        } ],
        "qualities": [["HAMMER", 3], ["SAW_M", 2], ["SAW_W", 2], ["WRENCH", 2],
        ["SCREW", 1], ["HAMMER_FINE", 1], ["SAW_M_FINE", 1], ["WRENCH_FINE", 1], ["SCREW_FINE", 1]]
    },
    {
        "id": "hairpin",
        "type": "TOOL_ARMOR",
        "category" : "clothing",
        "symbol": "[",
        "color": "brown",
        "name" : "hairpin",
        "description": "A plain hairpin to keep your hair in place.",
        "price": 50,
        "material": ["iron"],
        "weight" : 2,
        "use_action": {
            "type": "picklock",
            "pick_quality": 3
        }
    },
    {
        "id" : "fc_hairpin",
        "type" : "TOOL_ARMOR",
        "category" : "clothing",
        "symbol" : "[",
        "color" : "pink",
        "name" : "fancy hairpin",
        "description" : "A pink hairpin with cute flower textures.",
        "price" : 1000,
        "material" : ["plastic"],
        "weight" : 4,
        "use_action": {
            "type": "picklock",
            "pick_quality": 1
        },
        "flags" : ["FANCY"]
    },
  {
    "id": "towel",
    "type": "TOOL_ARMOR",
    "symbol": ",",
    "color": "cyan",
    "name": "towel",
    "description": "This is a fluffy and large towel.  It could be used to dry yourself.  Any person that can travel the length and breadth of the apocalypse, rough it, slum it, struggle against terrible odds, win through and still know where their towel is, is clearly a force to be reckoned with.",
    "price": 4500,
    "material": "cotton",
    "covers" : ["TORSO", "LEGS"],
    "weight": 370,
    "volume": 2,
    "to_hit": -1,
    "use_action": "TOWEL",
    "warmth" : 10,
    "coverage" : 50,
    "material_thickness" : 1
  },
  {
    "id": "towel_wet",
    "type": "TOOL_ARMOR",
    "symbol": ",",
    "color": "blue",
    "name": "towel",
    "description": "This is a large, sopping wet towel.  If you wait a little bit, it should dry out.  Don't panic.",
    "price": 2000,
    "material": "cotton",
    "covers" : ["TORSO", "LEGS"],
    "weight": 400,
    "volume": 2,
    "to_hit": -1,
    "revert_to": "towel",
    "use_action": "TOWEL",
    "flags": ["WET"],
    "coverage" : 50,
    "material_thickness" : 1
  },{
    "id": "towel_soiled",
    "type": "TOOL_ARMOR",
    "symbol": ",",
    "color": "magenta",
    "name": "soiled towel",
    "description": "This is a large towel, covered in a thick, gooey liquid.  You'll need to wash it in some water to make it usable again.  Don't panic.",
    "price": 2000,
    "material": "cotton",
    "covers" : ["TORSO", "LEGS"],
    "weight": 400,
    "volume": 2,
    "to_hit": -1,
    "revert_to": "towel",
    "use_action": "TOWEL",
    "flags": ["WET"],
    "coverage" : 50,
    "material_thickness" : 1
  },
    {
        "type" : "TOOL_ARMOR",
        "id" : "straw_fedora",
        "category": "clothing",
        "name" : "straw fedora",
        "weight" : 300,
        "color" : "light_gray",
        "covers" : ["HEAD"],
        "use_action": {
            "type": "consume_drug",
            "activation_message": "You tip your fedora."
        },
        "symbol" : "[",
        "description" : "Straw fedora hat, comfortable and stylish.  Its brim helps keep the sun out of your eyes.",
        "price" : 5000,
        "material" : ["paper"],
        "volume" : 5,
        "warmth" : 5,
        "environmental_protection" : 3,
        "encumbrance" : 10,
        "coverage" : 50,
        "flags" : ["FANCY", "VARSIZE", "SUN_GLASSES"],
        "material_thickness" : 2
    },
    {
        "id": "patchwork_scarf",
        "type": "TOOL_ARMOR",
        "category" : "clothing",
        "symbol": "[",
        "color": "light_gray",
        "name": "simple patchwork scarf",
        "name_plural" : "simple patchwork scarves",
        "description": "A simple and light cloth scarf, worn over the mouth for warmth.  Use it to loosen it if you get too warm.",
        "price": 1000,
        "material": ["cotton"],
        "weight": 60,
        "volume": 2,
        "to_hit" : -3,
        "use_action": {
            "type": "transform",
            "msg": "You loosen your %s.",
            "target": "patchwork_scarf_loose",
            "menu_text": "Loosen"
        },
        "covers" : ["MOUTH"],
        "flags" : ["OUTER"],
        "warmth" : 20,
        "environmental_protection" : 1,
        "encumbrance" : 3,
        "coverage" : 85,
        "material_thickness" : 1
    },
    {
        "id": "patchwork_scarf_loose",
        "type": "TOOL_ARMOR",
        "category" : "clothing",
        "symbol": "[",
        "color": "light_gray",
        "name" : "simple patchwork scarf (loose)",
        "name_plural" : "simple patchwork scarves (loose)",
        "description": "A simple and light cloth scarf, worn over the mouth for warmth.  Use it to wear it tighter if you get too cold.",
        "price": 1000,
        "material": ["cotton"],
        "weight": 60,
        "volume": 2,
        "to_hit" : -3,
        "revert_to": "patchwork_scarf",
        "use_action": {
            "type": "transform",
            "msg": "You wrap your scarf tighter.",
            "target": "patchwork_scarf",
            "menu_text": "Wrap tighter"
        },
        "covers" : ["MOUTH"],
        "flags" : ["OUTER", "ALLOWS_NATURAL_ATTACKS"],
        "warmth" : 10,
        "environmental_protection" : 1,
        "encumbrance" : 2,
        "coverage" : 45,
        "material_thickness" : 1
    },
    {
        "id": "long_patchwork_scarf",
        "type": "TOOL_ARMOR",
        "category" : "clothing",
        "symbol": "[",
        "color": "light_gray",
        "name": "long patchwork scarf",
        "name_plural" : "long patchwork scarves",
        "description": "A very long light cloth scarf, worn over the mouth for warmth.  With the extra length, it's enough to handle nonstandard facial features and accommodate your hands too.  Use it to loosen it if you get too warm.",
        "price": 1500,
        "material": ["cotton"],
        "weight": 120,
        "volume": 4,
        "to_hit" : -3,
        "use_action": {
            "type": "transform",
            "msg": "You loosen your %s.",
            "target": "long_patchwork_scarf_loose",
            "menu_text": "Loosen"
        },
        "covers" : ["MOUTH"],
        "flags" : ["OVERSIZE", "POCKETS", "OUTER"],
        "warmth" : 20,
        "environmental_protection" : 1,
        "encumbrance" : 3,
        "coverage" : 85,
        "material_thickness" : 1
    },
    {
        "id": "long_patchwork_scarf_loose",
        "type": "TOOL_ARMOR",
        "category" : "clothing",
        "symbol": "[",
        "color": "light_gray",
        "name": "long patchwork scarf (loose)",
        "name_plural" : "long patchwork scarves (loose)",
        "description": "A very long light cloth scarf, worn over the mouth for warmth.  With the extra length, it's enough to handle nonstandard facial features and accommodate your hands too.  Use it to wear it tighter if you get too cold.",
        "price": 1500,
        "material": ["cotton"],
        "weight": 120,
        "volume": 4,
        "to_hit" : -3,
        "use_action": {
            "type": "transform",
            "msg": "You wrap your scarf tighter.",
            "target": "long_patchwork_scarf",
            "menu_text": "Wrap tighter"
        },
        "revert_to": "long_patchwork_scarf",
        "covers" : ["MOUTH"],
        "flags" : ["OVERSIZE", "POCKETS", "OUTER", "ALLOWS_NATURAL_ATTACKS"],
        "warmth" : 10,
        "environmental_protection" : 1,
        "encumbrance" : 2,
        "coverage" : 45,
        "material_thickness" : 1
    },
    {
        "id": "knit_scarf",
        "type": "TOOL_ARMOR",
        "category" : "clothing",
        "symbol": "[",
        "color": "dark_gray",
        "name": "knit scarf",
        "name_plural" : "knit scarves",
        "description": "A long knitted cotton scarf, worn over the mouth for warmth.  Use it to loosen it if you get too warm.",
        "price": 2000,
        "material": ["cotton"],
        "weight": 96,
        "volume": 3,
        "to_hit" : -3,
        "use_action": {
            "type": "transform",
            "msg": "You loosen your %s.",
            "target": "knit_scarf_loose",
            "menu_text": "Loosen"
        },
        "covers" : ["MOUTH"],
        "flags" : ["OUTER"],
        "warmth" : 30,
        "environmental_protection" : 2,
        "encumbrance" : 3,
        "coverage" : 85,
        "material_thickness" : 2
    },
    {
        "id": "knit_scarf_loose",
        "type": "TOOL_ARMOR",
        "category" : "clothing",
        "symbol": "[",
        "color": "dark_gray",
        "name" : "knit scarf (loose)",
        "name_plural" : "knit scarves (loose)",
        "description": "A long knitted cotton scarf, worn over the mouth for warmth.  Use it to wear it tighter if you get too cold.",
        "price": 2000,
        "material": ["cotton"],
        "weight": 96,
        "volume": 3,
        "to_hit" : -3,
        "revert_to": "knit_scarf",
        "use_action": {
            "type": "transform",
            "msg": "You wrap your scarf tighter.",
            "target": "knit_scarf",
            "menu_text": "Wrap tighter"
        },
        "covers" : ["MOUTH"],
        "flags" : ["OUTER", "ALLOWS_NATURAL_ATTACKS"],
        "warmth" : 15,
        "environmental_protection" : 1,
        "encumbrance" : 2,
        "coverage" : 45,
        "material_thickness" : 2
    },
    {
        "id": "long_knit_scarf",
        "type": "TOOL_ARMOR",
        "category" : "clothing",
        "symbol": "[",
        "color": "dark_gray",
        "name": "long knit scarf",
        "name_plural" : "long knit scarves",
        "description": "A really long knitted cotton scarf, worn over the mouth for warmth.  With the extra length, it's enough to handle nonstandard facial features and accommodate your hands too.  Use it to loosen it if you get too warm.",
        "price": 3000,
        "material": ["cotton"],
        "weight": 192,
        "volume": 5,
        "to_hit" : -3,
        "use_action": {
            "type": "transform",
            "msg": "You loosen your %s.",
            "target": "long_knit_scarf_loose",
            "menu_text": "Loosen"
        },
        "covers" : ["MOUTH"],
        "flags" : ["OVERSIZE", "POCKETS", "OUTER"],
        "warmth" : 30,
        "environmental_protection" : 2,
        "encumbrance" : 3,
        "coverage" : 85,
        "material_thickness" : 2
    },
    {
        "id": "long_knit_scarf_loose",
        "type": "TOOL_ARMOR",
        "category" : "clothing",
        "symbol": "[",
        "color": "dark_gray",
        "name": "long knit scarf (loose)",
        "name_plural" : "long knit scarves (loose)",
        "description": "A really long knitted cotton scarf, worn over the mouth for warmth.  With the extra length, it's enough to handle nonstandard facial features and accommodate your hands too.  Use it to wear it tighter if you get too cold.",
        "price": 3000,
        "material": ["cotton"],
        "weight": 192,
        "volume": 5,
        "to_hit" : -3,
        "use_action": {
            "type": "transform",
            "msg": "You wrap your scarf tighter.",
            "target": "long_knit_scarf",
            "menu_text": "Wrap tighter"
        },
        "revert_to": "long_knit_scarf",
        "covers" : ["MOUTH"],
        "flags" : ["OVERSIZE", "POCKETS", "OUTER", "ALLOWS_NATURAL_ATTACKS"],
        "warmth" : 15,
        "environmental_protection" : 1,
        "encumbrance" : 2,
        "coverage" : 45,
        "material_thickness" : 2
    },
    {
        "id": "scarf",
        "type": "TOOL_ARMOR",
        "category" : "clothing",
        "symbol": "[",
        "color": "brown",
        "name": "wool scarf",
        "name_plural" : "wool scarves",
        "description": "A long wool scarf, worn over the mouth for warmth.  Use it to loosen it if you get too warm.",
        "price": 3800,
        "material": ["wool"],
        "weight": 80,
        "volume": 3,
        "to_hit" : -3,
        "use_action": {
            "type": "transform",
            "msg": "You loosen your %s.",
            "target": "scarf_loose",
            "menu_text": "Loosen"
        },
        "covers" : ["MOUTH"],
        "flags" : ["OUTER"],
        "warmth" : 50,
        "environmental_protection" : 2,
        "encumbrance" : 3,
        "coverage" : 85,
        "material_thickness" : 2
    },
    {
        "id": "scarf_loose",
        "type": "TOOL_ARMOR",
        "category" : "clothing",
        "symbol": "[",
        "color": "brown",
        "name" : "wool scarf (loose)",
        "name_plural" : "wool scarves (loose)",
        "description": "A long wool scarf, worn over the mouth for warmth.  Use it to wear it tighter if you get too cold.",
        "price": 3800,
        "material": ["wool"],
        "weight": 80,
        "volume": 3,
        "to_hit" : -3,
        "revert_to": "scarf",
        "use_action": {
            "type": "transform",
            "msg": "You wrap your scarf a bit tighter.",
            "target": "scarf",
            "menu_text": "Wrap tighter"
        },
        "covers" : ["MOUTH"],
        "flags" : ["OUTER", "ALLOWS_NATURAL_ATTACKS"],
        "warmth" : 25,
        "environmental_protection" : 1,
        "encumbrance" : 2,
        "coverage" : 45,
        "material_thickness" : 2
    },
    {
        "id": "scarf_long",
        "type": "TOOL_ARMOR",
        "category" : "clothing",
        "symbol": "[",
        "color": "brown",
        "name": "long wool scarf",
        "name_plural" : "long wool scarves",
        "description": "A really long wool scarf, worn over the mouth for warmth.  With the extra length, it's enough to handle nonstandard facial features and accommodate your hands too.  Use it to loosen it if you get too warm.",
        "price": 4500,
        "material": ["wool"],
        "weight": 160,
        "volume": 5,
        "to_hit" : -3,
        "use_action": {
            "type": "transform",
            "msg": "You loosen your %s.",
            "target": "scarf_long_loose",
            "menu_text": "Loosen"
        },
        "covers" : ["MOUTH"],
        "flags" : ["OVERSIZE", "POCKETS", "OUTER"],
        "warmth" : 50,
        "environmental_protection" : 2,
        "encumbrance" : 3,
        "coverage" : 85,
        "material_thickness" : 2
    },
    {
        "id": "scarf_long_loose",
        "type": "TOOL_ARMOR",
        "category" : "clothing",
        "symbol": "[",
        "color": "brown",
        "name": "long wool scarf (loose)",
        "name_plural" : "long wool scarves (loose)",
        "description": "A really long wool scarf, worn over the mouth for warmth.  With the extra length, it's enough to handle nonstandard facial features and accommodate your hands too.  Use it to wear it tighter if you get too cold.",
        "price": 4500,
        "material": ["wool"],
        "weight": 160,
        "volume": 5,
        "to_hit" : -3,
        "use_action": {
            "type": "transform",
            "msg": "You wrap your scarf tighter.",
            "target": "scarf_long",
            "menu_text": "Wrap tighter"
        },
        "revert_to": "scarf_long",
        "covers" : ["MOUTH"],
        "flags" : ["OVERSIZE", "POCKETS", "OUTER", "ALLOWS_NATURAL_ATTACKS"],
        "warmth" : 25,
        "environmental_protection" : 1,
        "encumbrance" : 2,
        "coverage" : 45,
        "material_thickness" : 2
    },
    {
        "id": "scarf_fur",
        "type": "TOOL_ARMOR",
        "category" : "clothing",
        "symbol": "[",
        "color": "brown",
        "name": "fur scarf",
        "name_plural" : "fur scarves",
        "description": "A long fur scarf, worn over the mouth for warmth.  Use it to loosen it if you get too warm.",
        "price": 9000,
        "material": ["fur"],
        "weight": 140,
        "volume": 4,
        "to_hit" : -3,
        "use_action": {
            "type": "transform",
            "msg": "You loosen your %s.",
            "target": "scarf_fur_loose",
            "menu_text": "Loosen"
        },
        "covers" : ["MOUTH"],
        "flags" : ["OUTER"],
        "warmth" : 70,
        "environmental_protection" : 3,
        "encumbrance" : 10,
        "coverage" : 85,
        "material_thickness" : 3
    },
    {
        "id": "scarf_fur_loose",
        "type": "TOOL_ARMOR",
        "category" : "clothing",
        "symbol": "[",
        "color": "brown",
        "name" : "fur scarf (loose)",
        "name_plural" : "fur scarves (loose)",
        "description": "A long fur scarf, worn over the mouth for warmth.  Use it to wear it tighter if you get too cold.",
        "price": 9000,
        "material": ["fur"],
        "weight": 140,
        "volume": 4,
        "to_hit" : -3,
        "revert_to": "scarf_fur",
        "use_action": {
            "type": "transform",
            "msg": "You wrap your scarf a bit tighter.",
            "target": "scarf_fur",
            "menu_text": "Wrap tighter"
        },
        "covers" : ["MOUTH"],
        "flags" : ["OUTER", "ALLOWS_NATURAL_ATTACKS"],
        "warmth" : 35,
        "environmental_protection" : 2,
        "encumbrance" : 10,
        "coverage" : 45,
        "material_thickness" : 3
    },
    {
        "id": "scarf_fur_long",
        "type": "TOOL_ARMOR",
        "category" : "clothing",
        "symbol": "[",
        "color": "brown",
        "name": "long fur scarf",
        "name_plural" : "long fur scarves",
        "description": "A really long fur scarf, worn over the mouth for warmth.  With the extra length, it's enough to handle nonstandard facial features and accommodate your hands too.  Use it to loosen it if you get too warm.",
        "price": 17700,
        "material": ["fur"],
        "weight": 280,
        "volume": 8,
        "to_hit" : -3,
        "use_action": {
            "type": "transform",
            "msg": "You loosen your %s.",
            "target": "scarf_fur_long_loose",
            "menu_text": "Loosen"
        },
        "covers" : ["MOUTH"],
        "flags" : ["OVERSIZE", "POCKETS", "OUTER"],
        "warmth" : 70,
        "environmental_protection" : 3,
        "encumbrance" : 10,
        "coverage" : 85,
        "material_thickness" : 3
    },
    {
        "id": "scarf_fur_long_loose",
        "type": "TOOL_ARMOR",
        "category" : "clothing",
        "symbol": "[",
        "color": "brown",
        "name": "long fur scarf (loose)",
        "name_plural" : "long fur scarves (loose)",
        "description": "A really long fur scarf, worn over the mouth for warmth.  With the extra length, it's enough to handle nonstandard facial features and accommodate your hands too.  Use it to wear it tighter if you get too cold.",
        "price": 17700,
        "material": ["fur"],
        "weight": 280,
        "volume": 8,
        "to_hit" : -3,
        "use_action": {
            "type": "transform",
            "msg": "You wrap your scarf tighter.",
            "target": "scarf_fur_long",
            "menu_text": "Wrap tighter"
        },
        "revert_to": "scarf_fur_long",
        "covers" : ["MOUTH"],
        "flags" : ["OVERSIZE", "POCKETS", "OUTER", "ALLOWS_NATURAL_ATTACKS"],
        "warmth" : 35,
        "environmental_protection" : 2,
        "coverage" : 45,
        "material_thickness" : 3
    },
    {
        "id": "thermal_outfit",
        "type": "TOOL_ARMOR",
        "category" : "clothing",
        "symbol": "[",
        "color": "light_gray",
        "name": "thermal electric outfit",
        "name_plural": "thermal electric outfits",
        "description": "This suit of thin thermal underwear covers you from head to toe and is equipped with internal battery-powered heating elements.  Use it to turn it on.",
        "flags": [ "VARSIZE", "SKINTIGHT" ],
        "price": 30000,
        "material": ["cotton"],
        "weight" : 1452,
        "volume": 18,
        "max_charges": 500,
        "initial_charges": 500,
        "charges_per_use": 1,
        "ammo": "battery",
        "use_action": {
            "type": "transform",
            "msg": "You activate your %s.",
            "target": "thermal_outfit_on",
            "active": true,
            "need_charges": 1,
            "need_charges_msg": "The %s's batteries are dead."
        },
        "covers" : ["HEAD", "MOUTH", "TORSO", "ARMS", "LEGS", "HANDS", "FEET"],
        "warmth" : 10,
        "coverage" : 100,
        "material_thickness" : 1
    },
    {
        "id": "thermal_outfit_on",
        "type": "TOOL_ARMOR",
        "category" : "clothing",
        "symbol": "[",
        "color": "light_gray",
        "name": "thermal electric outfit (on)",
        "name_plural": "thermal electric outfits (on)",
        "description": "This suit of thin thermal underwear covers you from head to toe and is equipped with internal battery-powered heating elements.  It is currently on, and continually draining batteries.  Use it to turn it off.",
        "flags": [ "VARSIZE", "SKINTIGHT", "TRADER_AVOID" ],
        "price": 30000,
        "material": ["cotton"],
        "weight" : 1452,
        "volume": 18,
        "max_charges": 500,
        "initial_charges": 500,
        "turns_per_charge": 10,
        "ammo": "battery",
        "revert_to": "thermal_outfit",
        "use_action": {
            "type": "transform",
            "menu_text": "Turn off",
            "msg": "Your %s deactivates.",
            "target": "thermal_outfit"
        },
        "covers" : ["HEAD", "MOUTH", "TORSO", "ARMS", "LEGS", "HANDS", "FEET"],
        "warmth" : 60,
        "coverage" : 100,
        "material_thickness" : 1
    },
    {
        "type" : "TOOL_ARMOR",
        "id" : "mask_ski",
        "name" : "ski mask",
        "category" : "clothing",
        "weight" : 86,
        "color" : "dark_gray",
        "covers" : ["HEAD", "MOUTH"],
        "use_action": {
            "type": "transform",
            "menu_text": "Loosen",
            "msg": "You adjust your ski mask for less warmth.",
            "target": "mask_ski_loose"
        },
        "symbol" : "[",
        "description" : "A warm wool mask that protects the head and face from cold.  It has a full face opening that can be adjusted to set how much is exposed.",
        "price" : 1800,
        "material" : ["wool"],
        "volume" : 1,
        "warmth" : 50,
        "encumbrance" : 10,
        "flags" : ["VARSIZE", "SKINTIGHT"],
        "coverage" : 80,
        "material_thickness" : 3
    },
    {
        "type" : "TOOL_ARMOR",
        "id" : "mask_ski_loose",
        "name" : "ski mask (open)",
        "name_plural": "ski masks (open)",
        "category" : "clothing",
        "weight" : 86,
        "color" : "dark_gray",
        "covers" : ["HEAD", "MOUTH"],
        "use_action": {
            "type": "transform",
            "menu_text": "Tighten",
            "msg": "You adjust your ski mask for more warmth.",
            "target": "mask_ski"
        },
        "revert_to": "mask_ski",
        "symbol" : "[",
        "description" : "A warm wool mask that protects the head and face from cold.  It has a full face opening that can be adjusted to set how much is exposed.",
        "price" : 1800,
        "material" : ["wool"],
        "volume" : 1,
        "warmth" : 30,
        "encumbrance" : 10,
        "flags" : ["VARSIZE", "SKINTIGHT"],
        "coverage" : 60,
        "material_thickness" : 3
    },
    {
        "type" : "TOOL_ARMOR",
        "id" : "whistle",
        "name" : "whistle",
        "volume" : 1,
        "description" : "A simple metal whistle, with a cord to wear it around your neck.",
        "weight" : 25,
        "to_hit" : -1,
        "color" : "light_gray",
        "price" : 200,
        "material" : ["steel", "cotton"],
        "flags" : ["WATER_FRIENDLY"],
        "coverage" : 1,
        "symbol" : "[",
        "use_action": {
            "type": "manualnoise",
            "no_charges_message": "Seeing this is an error.",
            "use_message": "You blow the whistle.", "//": "Use of %s not currently supported.",
            "noise_message": "FWEEEET!",
            "noise": 38,
            "moves": 100
        }
    },
    {
        "type" : "TOOL_ARMOR",
        "id" : "harmonica_holder",
        "name" : "harmonica with a holder",
        "name_plural": "harmonicas with holders",
        "category" : "tools",
        "weight" : 200,
        "color" : "brown",
        "covers" : ["HEAD"],
        "max_charges": 1,
        "initial_charges": 1,
        "use_action": {
            "type": "musical_instrument",
            "speed_penalty": 10,
            "volume": 10,
            "fun": -5,
            "fun_bonus": 2,
            "description_frequency": 20,
            "player_descriptions": [
                "You produce a happy tune on the harmonica.",
                "You whistle on the harmonica."
            ],
            "npc_descriptions": [
                "produce a happy tune on the harmonica.",
                "whistle on the harmonica."
            ]
        },
        "symbol" : "-",
        "description" : "A harmonica with a holder, so that you can play it without a free hand.",
        "price" : 1000,
        "material" : ["steel"],
        "volume" : 1,
        "flags" : ["BELTED"],
        "material_thickness" : 1
    },
    {
        "type" : "TOOL_ARMOR",
        "id" : "acoustic_guitar",
        "name" : "acoustic guitar",
        "name_plural": "acoustic guitars",
        "category" : "tools",
        "weight" : 2500,
        "color" : "brown",
        "covers" : ["TORSO"],
        "to_hit" : 2,
        "max_charges": 1,
        "initial_charges": 1,
        "use_action": {
            "type": "musical_instrument",
            "speed_penalty": 15,
            "volume": 20,
            "fun": 2,
            "fun_bonus": 2,
            "description_frequency": 20,
            "player_descriptions": [
                "You strum a few chords on the guitar.",
                "You pluck a few notes on the guitar.",
                "You play a slow blues-y tune on the guitar."
            ],
            "npc_descriptions": [
                "strum a few chords on the guitar.",
                "pluck a few notes on the guitar.",
                "play a slow blues-y tune on the guitar."
            ]
        },
        "symbol" : "-",
        "description" : "A simple wooden acoustic guitar with a strap so you can wear it around, even when not playing.",
        "price" : 1000,
        "material" : ["wood"],
        "volume" : 27,
        "warmth" : 2,
        "encumbrance" : 27,
        "bashing" : 8,
        "flags" : ["BELTED"],
        "coverage" : 10,
        "material_thickness" : 2
    },
    {
        "type" : "TOOL_ARMOR",
        "id" : "bagpipes",
        "name" : "bagpipes",
        "name_plural": "bagpipes",
        "category" : "tools",
        "weight" : 2300,
        "color" : "green",
        "covers" : ["TORSO"],
        "to_hit" : -2,
        "max_charges": 1,
        "initial_charges": 1,
        "use_action": {
            "type": "musical_instrument",
            "speed_penalty": 15,
            "volume": 24,
            "fun": 2,
            "fun_bonus": 2,
            "description_frequency": 20,
            "player_descriptions": [
                "Your pipes drone loudly as you strikes a battle hymn from the chanter.",
                "Your pipes drone a slow and piercing dirge.",
                "You strike a lively quick step march on their pipes."
            ],
            "npc_descriptions": [
                "pipes drone loudly as it strikes a battle hymn from the chanter.",
                "pipes drone a slow and piercing dirge.",
                "strike a lively quick step march on their pipes."
            ]
        },
        "symbol" : "-",
        "description" : "A traditional musical instrument using enclosed reeds fed from a reservoir of air contained within a leather bag.  It has a strap so you can wear it around, even when not playing.",
        "price" : 10000,
        "material" : ["leather", "wood"],
        "volume" : 16,
        "encumbrance" : 15,
        "bashing" : 4,
        "flags" : ["BELTED"],
        "coverage" : 10,
        "material_thickness" : 2
    },
    {
        "type" : "TOOL_ARMOR",
        "id" : "tuba",
        "name" : "tuba",
        "name_plural": "tubas",
        "category" : "tools",
        "weight" : 10000,
        "color" : "yellow",
        "covers" : ["TORSO"],
        "to_hit" : -1,
        "max_charges": 1,
        "initial_charges": 1,
        "use_action": {
            "type": "musical_instrument",
            "speed_penalty": 25,
            "volume": 20,
            "fun": -2,
            "fun_bonus": 4,
            "description_frequency": 20,
            "player_descriptions": [
                "You play a little tune on the tuba.",
                "You play a ditty on the tuba.",
                "You play a marching tune on the tuba."
            ],
            "npc_descriptions": [
                "play a little tune on the tuba.",
                "play a ditty on the tuba.",
                "play a marching tune on the tuba."
            ]
        },
        "symbol" : "&",
        "//~" : "ol' is an informal short-form for old, and here is part of big-ol as large-and-cumbersome.",
        "description" : "A big ol' tuba.  Much easier to play when wearing.",
        "price" : 5500,
        "material" : ["iron"],
        "volume" : 50,
        "encumbrance" : 30,
        "bashing" : 13,
        "coverage" : 20,
        "material_thickness" : 4
    },
    {
        "type" : "TOOL_ARMOR",
        "id" : "saxophone",
        "name" : "saxophone",
        "name_plural": "saxophones",
        "category" : "tools",
        "weight" : 2000,
        "color" : "yellow",
        "covers" : ["TORSO"],
        "to_hit" : 1,
        "max_charges": 1,
        "initial_charges": 1,
        "use_action": {
            "type": "musical_instrument",
            "speed_penalty": 18,
            "volume": 20,
            "fun": -3,
            "fun_bonus": 4,
            "description_frequency": 20,
            "player_descriptions": [
                "You play a little tune on the saxophone.",
                "You play a soulful jazz piece on the sax.",
                "You play a quick, energetic ditty on the sax."
            ],
            "npc_descriptions": [
                "play a little tune on the saxophone.",
                "play a soulful jazz piece on the sax.",
                "play a quick, energetic ditty on the sax."
            ]
        },
        "symbol" : "{",
        "description" : "A brass alto saxophone with a neck strap, so you can wear it while playing.",
        "price" : 7500,
        "material" : ["brass"],
        "volume" : 18,
        "encumbrance" : 30,
        "bashing" : 12,
        "coverage" : 20,
        "material_thickness" : 4
    },
    {
        "id": "powered_earmuffs",
        "type": "TOOL_ARMOR",
        "category" : "armor",
        "symbol": "[",
        "color": "blue",
        "name": "shooter's earmuffs",
        "name_plural" : "shooter's earmuffs",
        "description": "A pair of earmuffs favored by shooters.  The earmuffs are turned off.  They will block sounds over a certain decibel amount, assuming it is charged with batteries.",
        "flags" : ["OVERSIZE", "BELTED", "ALLOWS_NATURAL_ATTACKS"],
        "price": 12500,
        "material": ["plastic" ],
        "weight" : 179,
        "volume": 4,
        "max_charges": 200,
        "initial_charges": 100,
        "charges_per_use": 1,
        "ammo": "battery",
        "use_action": {
            "type": "transform",
            "msg": "You turn the earmuffs on.",
            "target": "powered_earmuffs_on",
            "active": true,
            "need_charges": 1,
            "need_charges_msg": "The earmuff's batteries are dead."
        },
        "covers" : ["HEAD"],
        "warmth" : 5,
        "encumbrance" : 5,
        "coverage" : 10,
        "material_thickness" : 2
    },
    {
        "id": "powered_earmuffs_on",
        "type": "TOOL_ARMOR",
        "category" : "armor",
        "symbol": "[",
        "color": "blue",
        "name": "shooter's earmuffs",
        "name_plural" : "shooter's earmuffs",
        "description": "A pair of earmuffs favored by shooters.  The earmuffs are turned on.  They will block sounds over a certain decibel amount, assuming it is charged with batteries.",
        "flags" : ["OVERSIZE", "BELTED", "ALLOWS_NATURAL_ATTACKS", "PARTIAL_DEAF"],
        "price": 12500,
        "material": ["plastic" ],
        "weight" : 179,
        "volume": 4,
        "max_charges": 200,
        "initial_charges": 100,
        "turns_per_charge": 60,
        "ammo": "battery",
        "revert_to": "powered_earmuffs",
        "use_action": {
            "type": "transform",
            "menu_text": "Turn off",
            "msg": "The %s flicks off.",
            "target": "powered_earmuffs"
        },
        "covers" : ["HEAD"],
        "warmth" : 5,
        "encumbrance" : 5,
        "coverage" : 10,
        "material_thickness" : 2
    },
    {
    "id": "stethoscope",
    "type": "TOOL_ARMOR",
    "symbol": "y",
    "color": "dark_gray",
    "name": "stethoscope",
    "description": "This is a medical listening tool.  Use it to listen to things.  Closely.",
    "price": 4000,
    "material": ["plastic", "aluminum"],
    "weight": 150,
    "volume": 1,
        "covers" : ["TORSO"],
        "encumbrance" : 1,
        "flags" : ["BELTED"],
        "coverage" : 5
    },
    {
        "id": "solarpack",
        "type": "TOOL_ARMOR",
        "name": "solar backpack (folded)",
        "name_plural": "solar backpacks (folded)",
        "description": "Personal portable charging system consisting of an array of solar panels neatly folded in a form of a large backpack.  It can be worn as one, and has an integrated cable to plug it into a cable charger system.",
        "weight": 7500,
        "volume": 20,
        "price": 500000,
        "bashing": 10,
        "to_hit": -1,
        "material": [ "glass", "steel" ],
        "symbol": "[",
        "color": "light_gray",
        "covers": [ "TORSO" ],
        "coverage": 40,
        "encumbrance": 12,
        "material_thickness": 3,
        "use_action": "SOLARPACK",
        "flags": [ "FRAGILE", "OUTER", "ONLY_ONE" ]
    },
    {
        "id": "solarpack_on",
        "type": "TOOL_ARMOR",
        "name": "solar backpack (unfolded)",
        "name_plural": "solar backpacks (unfolded)",
        "description": "Unfolded array of portable solar panels ready to push some power into an active cable charger system.",
        "weight": 7500,
        "volume": 60,
        "price": 500000,
        "bashing": 4,
        "to_hit": -2,
        "material": [ "glass", "steel" ],
        "symbol": "[",
        "color": "blue",
        "covers": [ "TORSO" ],
        "coverage": 40,
        "encumbrance": 20,
        "material_thickness": 1,
        "use_action": "SOLARPACK_OFF",
        "flags": [ "FRAGILE", "OUTER", "ONLY_ONE" ]
    },
    {
        "id": "q_solarpack",
        "type": "TOOL_ARMOR",
        "name": "quantum solar backpack (folded)",
        "name_plural": "quantum solar backpacks (folded)",
        "description": "Personal portable charging system consisting of an array of quantum solar panels neatly folded in a form of a large backpack.  It can be worn as one, and has an integrated cable to plug it into a cable charger system.  Cutting edge technology.",
        "weight": 7500,
        "volume": 20,
        "price": 1500000,
        "bashing": 10,
        "to_hit": -1,
        "material": [ "glass", "steel" ],
        "symbol": "[",
        "color": "light_gray",
        "covers": [ "TORSO" ],
        "coverage": 40,
        "encumbrance": 12,
        "material_thickness": 3,
        "use_action": "SOLARPACK",
        "flags": [ "FRAGILE", "OUTER", "ONLY_ONE" ]
    },
    {
        "id": "q_solarpack_on",
        "type": "TOOL_ARMOR",
        "name": "quantum solar backpack (unfolded)",
        "name_plural": "quantum solar backpacks (unfolded)",
        "description": "Unfolded array of portable quantum solar panels ready to push some power into an active cable charger system.",
        "weight": 7500,
        "volume": 60,
        "price": 1500000,
        "bashing": 4,
        "to_hit": -2,
        "material": [ "glass", "steel" ],
        "symbol": "[",
        "color": "blue",
        "covers": [ "TORSO" ],
        "coverage": 40,
        "encumbrance": 20,
        "material_thickness": 1,
        "use_action": "SOLARPACK_OFF",
        "flags": [ "FRAGILE", "OUTER", "ONLY_ONE" ]
    }
]
