[
  {
    "id": "mon_zombie_grenadier",
    "type": "MONSTER",
    "name": "zombie grenadier",
    "description": "Once a soldier, it is dressed head to toe in combat gear.  Its hands constantly fumble at its many pouches.",
    "default_faction": "zombie",
    "species": [ "ZOMBIE", "HUMAN" ],
    "diff": 20,
    "size": "MEDIUM",
    "hp": 100,
    "speed": 90,
    "material": [ "flesh" ],
    "symbol": "Z",
    "color": "blue_green",
    "aggression": 5,
    "morale": 100,
    "melee_skill": 5,
    "melee_dice": 2,
    "melee_dice_sides": 4,
    "melee_cut": 0,
    "armor_bash": 6,
    "armor_cut": 6,
    "vision_day": 35,
    "vision_night": 3,
    "starting_ammo": { "bot_c4_hack": 2, "bot_flashbang_hack": 3, "bot_gasbomb_hack": 3, "bot_grenade_hack": 10 },
    "special_attacks": [ [ "GRENADIER", 6 ] ],
    "death_drops": {
      "subtype": "collection",
      "groups": [
        [ "mon_zombie_soldier_death_drops", 100 ],
        [ "mon_zombie_grenadier", 100 ]
      ]
    },
    "death_function": [ "DETONATE" ],
    "burn_into": "mon_zombie_scorched",
    "flags": [ "SEES", "HEARS", "SMELLS", "WARM", "BASHES", "GROUP_BASH", "POISON", "BLEED", "NO_BREATHE", "REVIVES", "BONES", "PUSH_MON" ]
  },
  {
    "id": "mon_zombie_grenadier_elite",
    "type": "MONSTER",
    "name": "zombie elite grenadier",
    "description": "Once a soldier, it is dressed head to toe in combat gear and wearing a MOLLE pack.  Its hands quickly open and close its many pouches.",
    "default_faction": "zombie",
    "species": [ "ZOMBIE", "HUMAN" ],
    "diff": 40,
    "size": "MEDIUM",
    "hp": 100,
    "speed": 100,
    "material": [ "flesh" ],
    "symbol": "Z",
    "color": "blue_magenta",
    "aggression": 5,
    "morale": 100,
    "melee_skill": 5,
    "melee_dice": 2,
    "melee_dice_sides": 6,
    "melee_cut": 0,
    "dodge": 1,
    "armor_bash": 8,
    "armor_cut": 12,
    "vision_day": 35,
    "vision_night": 3,
    "starting_ammo": { "bot_c4_hack": 10, "bot_flashbang_hack": 10, "bot_gasbomb_hack": 10, "bot_grenade_hack": 20, "bot_mininuke_hack": 1 },
    "special_attacks": [ [ "GRENADIER_ELITE", 3 ] ],
    "death_drops": {
      "subtype": "collection",
      "groups": [
        [ "mon_zombie_soldier_death_drops", 100 ],
        [ "mon_zombie_grenadier_elite", 100 ]
      ]
    },
    "death_function": [ "DETONATE" ],
    "burn_into": "mon_zombie_scorched",
    "flags": [ "SEES", "HEARS", "SMELLS", "WARM", "BASHES", "GROUP_BASH", "POISON", "BLEED", "NO_BREATHE", "REVIVES", "BONES", "PUSH_MON" ]
  }
]
