[
  {
    "id": "jack",
    "type": "TOOL",
    "name": "bottle jack",
    "description": "A portable hydraulic bottle jack used for lifting vehicles.",
    "material": "steel",
    "symbol": ";",
    "color": "light_gray",
    "weight": 7000,
    "volume": 6,
    "price": 18000,
    "bashing": 8,
    "to_hit": -2,
    "qualities": [ [ "JACK", 16 ] ]
  },
  {
    "id": "jack_makeshift",
    "type": "TOOL",
    "name": "makeshift jack",
    "description": "A poorly constructed improvised scissor jack used for lifting vehicles if you're brave enough to use it.",
    "material": "steel",
    "symbol": ";",
    "color": "light_gray",
    "weight": 1800,
    "volume": 4,
    "price": 800,
    "bashing": 4,
    "to_hit": -2,
    "qualities": [ [ "JACK", 3 ] ]
  },
  {
    "id": "jack_small",
    "type": "TOOL",
    "name": "scissor jack",
    "description": "A compact scissor jack used for lifting vehicles.",
    "material": "steel",
    "symbol": ";",
    "color": "light_gray",
    "weight": 3000,
    "volume": 3,
    "price": 5000,
    "bashing": 4,
    "to_hit": -2,
    "qualities": [ [ "JACK", 4 ] ]
  },
  {
    "id": "oxy_torch",
    "type": "TOOL",
    "name": "acetylene torch",
    "name_plural": "acetylene torches",
    "description": "A compact tool kit intended for welding and cutting metal, this portable oxyacetylene torch includes a torch handle and cutting attachment in an easy-to-carry tote.  It requires connecting to pressurized cylinders of an appropriate welding gas before use.  In addition to its metalworking uses, you can activate it in order to destroy metal barriers.",
    "weight": 1600,
    "volume": 4,
    "price": 20000,
    "material": [ "steel", "plastic" ],
    "symbol": ";",
    "color": "red",
    "ammo": "weldgas",
    "charges_per_use": 4,
    "use_action": "OXYTORCH",
    "qualities": [ [ "WELD", 2 ] ],
    "magazines": [ [ "weldgas", [ "weldtank", "tinyweldtank" ] ] ]
  }
]
