[
    {
        "type" : "npc_class",
        "id" : "NC_NONE",
        "name" : "No class",
        "job_description" : "I'm just wandering.",
        "skills" : [
            {
                "skill" : "ALL", "level" : {
                    "mul" : [
                        { "one_in" : 3 },
                        {
                            "sum" : [
                                { "dice" : [ 4, 2 ] },
                                { "rng" : [ -4, -1 ] }
                            ]
                        }
                    ]
                }
            }
        ]
    },{
        "type" : "npc_class",
        "id" : "NC_TEST_CLASS",
        "name" : "Debug Dude",
        "job_description" : "I'm helping you test the game.",
        "common" : false,
        "bonus_str" : 100,
        "bonus_dex" : { "dice" : [ 10, 10 ] },
        "bonus_int" : { "one_in" : 2 },
        "bonus_per" : {
            "sum" : [
                { "constant" : 100 },
                { "dice" : [ 10, 10 ] }
            ]
        },
        "worn_override": "NC_DEBUG_worn",
        "carry_override": "NC_DEBUG_carried",
        "weapon_override": "NC_DEBUG_weapon",
        "traits": [ [ "DEBUG_NODMG", 100 ] ]
    },{
        "type" : "npc_class",
        "id" : "NC_EVAC_SHOPKEEP",
        "name" : "Merchant",
        "job_description" : "I'm a local shopkeeper.",
        "common" : false,
        "bonus_int" : { "one_in" : 4 },
        "bonus_per" : { "one_in" : 4 },
        "shopkeeper_item_group" : "NC_EVAC_SHOPKEEP_misc",
        "skills" : [
            {
                "skill" : "ALL", "level" : {
                    "mul" : [
                        { "one_in" : 3 },
                        {
                            "sum" : [
                                { "dice" : [ 2, 2 ] },
                                { "constant" : -2 },
                                { "one_in" : 4 }
                            ]
                        }
                    ]
                }
            },
            { "skill": "mechanics", "bonus" : { "one_in" : 2 } },
            { "skill": "electronics", "bonus" : { "rng" : [ 0, 2 ] } },
            { "skill": "speech", "bonus" : { "rng" : [ 1, 3 ] } },
            { "skill": "barter", "bonus" : { "rng" : [ 3, 5 ] } }
        ]
    },{
        "type" : "npc_class",
        "id" : "NC_SHOPKEEP",
        "name" : "Shopkeep",
        "job_description" : "I'm a local shopkeeper.",
        "common" : false
    },{
        "type" : "npc_class",
        "id" : "NC_HACKER",
        "name" : "Hacker",
        "job_description" : "I'm looking for some choice systems to hack.",
        "bonus_str" : { "rng" : [ -4, 0 ] },
        "bonus_dex" : { "rng" : [ -2, 0 ] },
        "bonus_int" : { "rng" : [ 1, 5 ] },
        "bonus_per" : { "rng" : [ -2, 0 ] },
        "skills" : [
            {
                "skill" : "ALL", "level" : {
                    "mul" : [
                        { "one_in" : 3 },
                        {
                            "sum" : [
                                { "dice" : [ 2, 2 ] },
                                { "rng" : [ -1, -2 ] }
                            ]
                        }
                    ]
                }
            },
            { "skill": "electronics", "bonus" : { "rng" : [ 1, 4 ] } },
            { "skill": "computer", "bonus" : { "rng" : [ 3, 6 ] } }
        ]
    },{
        "type" : "npc_class",
        "id" : "NC_DOCTOR",
        "name" : "Doctor",
        "job_description" : "I'm looking for wounded to help.",
        "bonus_str" : { "rng" : [ -2, 0 ] },
        "bonus_int" : { "rng" : [ 0, 2 ] },
        "bonus_per" : { "one_in" : 4 },
        "skills" : [
            {
                "skill" : "ALL", "level" : {
                    "mul" : [
                        { "one_in" : 3 },
                        {
                            "sum" : [
                                { "dice" : [ 3, 2 ] },
                                { "rng" : [ -1, -3 ] }
                            ]
                        }
                    ]
                }
            },
            { "skill": "firstaid", "bonus" : { "rng" : [ 2, 6 ] } }
        ]
    },{
        "type" : "npc_class",
        "id" : "NC_TRADER",
        "name" : "Trader",
        "job_description" : "I'm collecting gear and selling it.",
        "bonus_int" : { "one_in" : 4 },
        "bonus_per" : { "one_in" : 4 }
    },{
        "type" : "npc_class",
        "id" : "NC_NINJA",
        "name" : "Ninja",
        "job_description" : "I'm a wandering master of martial arts.",
        "bonus_str" : { "rng" : [ -1, 0 ] },
        "bonus_dex" : { "rng" : [ 0, 2 ] },
        "bonus_per" : { "rng" : [ 0, 2 ] },
        "skills" : [
            {
                "skill" : "ALL", "level" : {
                    "mul" : [
                        { "one_in" : 3 },
                        {
                            "sum" : [
                                { "dice" : [ 2, 2 ] },
                                { "rng" : [ -1, -2 ] }
                            ]
                        }
                    ]
                }
            },
            { "skill": "dodge", "bonus" : { "rng" : [ 2, 4 ] } },
            { "skill": "melee", "bonus" : { "rng" : [ 1, 4 ] } },
            { "skill": "unarmed", "bonus" : { "rng" : [ 4, 6 ] } },
            { "skill": "throw", "bonus" : { "rng" : [ 0, 2 ] } }
        ]
    },{
        "type" : "npc_class",
        "id" : "NC_COWBOY",
        "name" : "Cowboy",
        "job_description" : "Just looking for some wrongs to right.",
        "bonus_str" : { "rng" : [ 0, 1 ] },
        "bonus_int" : { "rng" : [ -2, 0 ] },
        "bonus_per" : { "rng" : [ 0, 2 ] },
        "skills" : [
            {
                "skill" : "ALL", "level" : {
                    "mul" : [
                        { "one_in" : 3 },
                        {
                            "sum" : [
                                { "dice" : [ 2, 2 ] },
                                { "rng" : [ 0, -4 ] }
                            ]
                        }
                    ]
                }
            },
            { "skill": "gun", "bonus" : { "rng" : [ 1, 3 ] } },
            { "skill": "pistol", "bonus" : { "rng" : [ 1, 3 ] } },
            { "skill": "rifle", "bonus" : { "rng" : [ 0, 2 ] } }
        ]
    },{
        "type" : "npc_class",
        "id" : "NC_SCIENTIST",
        "name" : "Scientist",
        "job_description" : "I'm looking for clues concerning these monsters' origins...",
        "bonus_str" : { "rng" : [ -1, -3 ] },
        "bonus_dex" : { "rng" : [ -1, 0 ] },
        "bonus_int" : { "rng" : [ 2, 5 ] },
        "skills" : [
            {
                "skill" : "ALL", "level" : {
                    "mul" : [
                        { "one_in" : 3 },
                        {
                            "sum" : [
                                { "dice" : [ 2, 2 ] },
                                { "constant" : -4 }
                            ]
                        }
                    ]
                }
            },
            { "skill": "computer", "bonus" : { "rng" : [ 1, 5 ] } },
            { "skill": "electronics", "bonus" : { "rng" : [ 1, 5 ] } },
            { "skill": "firstaid", "bonus" : { "rng" : [ 1, 4 ] } }
        ]
    },{
        "type" : "npc_class",
        "id" : "NC_BOUNTY_HUNTER",
        "name" : "Bounty Hunter",
        "job_description" : "I'm a killer for hire.",
        "skills" : [
            {
                "skill" : "ALL", "level" : {
                    "sum" : [
                        { "dice" : [ 3, 2 ] },
                        { "constant" : -3 }
                    ]
                }
            },
            { "skill": "gun", "bonus" : { "rng" : [ 2, 4 ] } },
            { "skill": "pistol", "bonus" : { "rng" : [ 2, 4 ] } },
            { "skill": "rifle", "bonus" : { "rng" : [ 2, 4 ] } }
        ]
    },{
        "type" : "npc_class",
        "id" : "NC_THUG",
        "name" : "Thug",
        "job_description" : "I'm just here for the paycheck.",
        "bonus_str" : { "rng" : [ 2, 4 ] },
        "bonus_dex" : { "rng" : [ 0, 2 ] },
        "skills" : [
            {
                "skill" : "ALL", "level" : {
                    "sum" : [
                        { "dice" : [ 3, 2 ] },
                        { "constant" : -4 }
                    ]
                }
            },
            { "skill": "dodge", "bonus" : { "rng" : [ 1, 3 ] } },
            { "skill": "melee", "bonus" : { "rng" : [ 2, 4 ] } },
            { "skill": "unarmed", "bonus" : { "rng" : [ 1, 3 ] } },
            { "skill": "bashing", "bonus" : { "rng" : [ 1, 5 ] } },
            { "skill": "stabbing", "bonus" : { "rng" : [ 1, 5 ] } },
            { "skill": "cutting", "bonus" : { "rng" : [ 1, 5 ] } }
        ]
    },{
        "type" : "npc_class",
        "id" : "NC_SCAVENGER",
        "name" : "Scavenger",
        "job_description" : "I'm just trying to survive.",
        "skills" : [
            {
                "skill" : "ALL", "level" : {
                    "sum" : [
                        { "dice" : [ 3, 2 ] },
                        { "constant" : -3 }
                    ]
                }
            },
            { "skill": "gun", "bonus" : { "rng" : [ 2, 4 ] } },
            { "skill": "pistol", "bonus" : { "rng" : [ 2, 5 ] } },
            { "skill": "rifle", "bonus" : { "rng" : [ 0, 3 ] } },
            { "skill": "archery", "bonus" : { "rng" : [ 0, 3 ] } }
        ]
    },{
        "type" : "npc_class",
        "id" : "NC_ARSONIST",
        "name" : "Arsonist",
        "job_description" : "I'm just watching the world burn.",
        "bonus_dex" : { "rng" : [ -2, 0 ] },
        "bonus_int" : { "rng" : [ -2, 0 ] },
        "bonus_per" : { "rng" : [ 0, 2 ] },
        "shopkeeper_item_group" : "NC_ARSONIST_misc",
        "skills" : [
            {
                "skill" : "ALL", "level" : {
                    "sum" : [
                        { "dice" : [ 3, 2 ] },
                        { "rng" : [ 0, -4 ] }
                    ]
                }
            },
            { "skill": "gun", "bonus" : { "rng" : [ 1, 3 ] } },
            { "skill": "pistol", "bonus" : { "rng" : [ 1, 3 ] } },
            { "skill": "throw", "bonus" : { "rng" : [ 0, 2 ] } },
            { "skill": "barter", "bonus" : { "rng" : [ 2, 4 ] } }
        ]
    },{
        "type" : "npc_class",
        "id" : "NC_HUNTER",
        "name" : "Hunter",
        "job_description" : "I'm tracking game.",
        "bonus_str" : { "rng" : [ -2, 0 ] },
        "bonus_dex" : { "rng" : [ -3, -1 ] },
        "bonus_per" : { "rng" : [ 2, 4 ] },
        "shopkeeper_item_group" : "NC_HUNTER_misc",
        "skills" : [
            {
                "skill" : "ALL", "level" : {
                    "sum" : [
                        { "dice" : [ 3, 2 ] },
                        { "rng" : [ 0, -4 ] }
                    ]
                }
            },
            { "skill": "gun", "bonus" : { "rng" : [ 2, 4 ] } },
            { "skill": "rifle", "bonus" : { "rng" : [ 2, 4 ] } },
            { "skill": "archery", "bonus" : { "rng" : [ 2, 4 ] } },
            { "skill": "barter", "bonus" : { "rng" : [ 2, 5 ] } }
        ]
    },{
        "type" : "npc_class",
        "id" : "NC_SOLDIER",
        "name" : "Soldier",
        "job_description" : "I'm just here for the paycheck.",
        "bonus_str" : { "rng" : [ 0, 2 ] },
        "bonus_dex" : { "one_in" : 2 },
        "bonus_int" : { "rng" : [ 0, -2 ] },
        "skills" : [
            {
                "skill" : "ALL", "level" : {
                    "sum" : [
                        { "dice" : [ 3, 2 ] },
                        { "constant" : -3 }
                    ]
                }
            },
            { "skill": "dodge", "bonus" : { "rng" : [ 1, 2 ] } },
            { "skill": "melee", "bonus" : { "rng" : [ 1, 2 ] } },
            { "skill": "unarmed", "bonus" : { "rng" : [ 1, 2 ] } },
            { "skill": "rifle", "bonus" : { "rng" : [ 3, 5 ] } },
            { "skill": "gun", "bonus" : { "rng" : [ 2, 4 ] } }
        ]
    },{
        "type" : "npc_class",
        "id" : "NC_BARTENDER",
        "name" : "Bartender",
        "job_description" : "I'm looking for new drink recipes.",
        "common" : false,
        "bonus_per" : { "one_in" : 4 },
        "shopkeeper_item_group" : "NC_BARTENDER_misc",
        "skills" : [
            {
                "skill" : "ALL", "level" : {
                    "mul" : [
                        { "one_in" : 3 },
                        {
                            "sum" : [
                                { "dice" : [ 2, 2 ] },
                                { "constant" : -2 },
                                { "one_in" : 4 }
                            ]
                        }
                    ]
                }
            },
            { "skill": "speech", "bonus" : { "rng" : [ 1, 5 ] } },
            { "skill": "barter", "bonus" : { "rng" : [ 2, 4 ] } }
        ]
    },{
        "type" : "npc_class",
        "id" : "NC_JUNK_SHOPKEEP",
        "name" : "Shopkeep",
        "job_description" : "I'm a local shopkeeper.",
        "common" : false,
        "bonus_per" : { "one_in" : 4 },
        "shopkeeper_item_group" : "NC_JUNK_SHOPKEEP_misc",
        "skills" : [
            {
                "skill" : "ALL", "level" : {
                    "mul" : [
                        { "one_in" : 3 },
                        {
                            "sum" : [
                                { "dice" : [ 2, 2 ] },
                                { "constant" : -2 },
                                { "one_in" : 4 }
                            ]
                        }
                    ]
                }
            },
            { "skill": "speech", "bonus" : { "rng" : [ 1, 5 ] } },
            { "skill": "barter", "bonus" : { "rng" : [ 2, 4 ] } }
        ]
    },{
        "type" : "npc_class",
        "id" : "NC_APIS",
        "name" : "Apis",
        "job_description" : "I'm bugged - I shouldn't talk to you.",
        "common" : false,
        "bonus_dex" : { "rng" : [ 5, 10 ] },
        "bonus_int" : { "rng" : [ -4, -8 ] },
        "bonus_per" : { "rng" : [ 4, 8 ] },
        "skills" : [
            { "skill": "dodge", "level" : { "dice" : [ 2, 2 ] } },
            { "skill": "melee", "level" : { "dice" : [ 2, 2 ] } },
            { "skill": "unarmed", "level" : { "dice" : [ 2, 2 ] } }
        ],
        "worn_override": "EMPTY_GROUP",
        "carry_override": "EMPTY_GROUP",
        "weapon_override": "EMPTY_GROUP",
        "//": "NPCs can't run yet and we want this one to be fast, so road runner.",
        "traits": [
            [ "THRESH_INSECT", 100 ],
            [ "BEE", 100 ],
            [ "MANDIBLES", 100 ],
            [ "TAIL_STING", 100 ],
            [ "INSECT_ARMS_OK", 100 ],
            [ "CHITIN3", 100 ],
            [ "POISONOUS2", 100 ],
            [ "PAINRESIST", 100 ],
            [ "ADRENALINE", 100 ],
            [ "FLEET2", 100 ],
            [ "ANTENNAE", 100 ]
        ]
    }
]
