[
    {
"//": [ "The responses here are currently merged with the built in responses as not all",
        "responses for the topics here have been moved to json.",
        "Some of the topics here can be moved to NPC type specific files later."
],
        "type": "talk_topic",
        "//": "Generic responses for NPCs that can have missions",
        "id": [ "TALK_SHELTER", "TALK_EVAC_MERCHANT", "TALK_ARSONIST", "TALK_OLD_GUARD_REP", "TALK_EVAC_GUARD2" ],
        "responses": [
            {
                "text": "About that job...",
                "topic": "TALK_MISSION_INQUIRE",
                "condition": "has_assigned_mission"
            },
            {
                "text": "About one of those jobs...",
                "topic": "TALK_MISSION_LIST_ASSIGNED",
                "condition": "has_many_assigned_missions"
            }
        ]
    }
]
