[
  {
    "id": "mag_cutting",
    "type": "BOOK",
    "name": "All About Swords",
    "name_plural": "All About Swords",
    "description": "An interesting magazine that contains information about swords and sword fighting techniques from all across the world.",
    "weight": 80,
    "volume": 1,
    "price": 450,
    "material": [ "paper" ],
    "symbol": "?",
    "color": "pink",
    "skill": "cutting",
    "max_level": 1,
    "intelligence": 5,
    "time": 8,
    "fun": 1
  },
  {
    "id": "manual_cutting",
    "type": "BOOK",
    "name": "knife fighter's notes",
    "name_plural": "knife fighter's notes",
    "description": "It seems to be a guide to edged weapon combat, poorly photocopied and released on spiral- bound paper.  Still, there are lots of useful tips for beginners.",
    "weight": 454,
    "volume": 1,
    "price": 2000,
    "material": [ "paper" ],
    "symbol": "?",
    "color": "green",
    "skill": "cutting",
    "max_level": 3,
    "intelligence": 4,
    "time": 18
  },
  {
    "id": "manual_knives",
    "type": "BOOK",
    "name": "Spetsnaz Knife Techniques",
    "name_plural": "Spetsnaz Knife Techniques",
    "description": "A classic Soviet text on the art of attacking with a blade.",
    "weight": 454,
    "volume": 1,
    "price": 5200,
    "material": [ "paper" ],
    "symbol": "?",
    "color": "blue",
    "skill": "cutting",
    "required_level": 1,
    "max_level": 4,
    "intelligence": 4,
    "time": 18
  }
]
