[
  {
    "id": "book_icef",
    "type": "BOOK",
    "name": "Internal Combustion Fundamentals",
    "name_plural": "Internal Combustion Fundamentals",
    "description": "A college-level textbook that details the operation, maintenance, and repair of internal combustion engines.",
    "weight": 1587,
    "volume": 6,
    "price": 5950,
    "bashing": 4,
    "material": [ "paper" ],
    "symbol": "?",
    "color": "blue",
    "skill": "mechanics",
    "required_level": 4,
    "max_level": 8,
    "intelligence": 6,
    "time": 30,
    "fun": -1
  },
  {
    "id": "mag_fieldrepair",
    "copy-from": "book_magazine",
    "type": "BOOK",
    "name": "army improvised field repairs",
    "name_plural": "army improvised field repairs",
    "description": "A compact manual with faded print detailing a number of improvised field repairs that can be made to vehicles.",
    "skill": "mechanics"
  },
  {
    "id": "mag_mechanics",
    "type": "BOOK",
    "name": "Popular Mechanics",
    "name_plural": "Popular Mechanics",
    "description": "A magazine about mechanical innovations.  Full of entertaining articles and advertisements for esoteric gadgets.",
    "weight": 70,
    "volume": 1,
    "price": 450,
    "material": [ "paper" ],
    "symbol": "?",
    "color": "pink",
    "skill": "mechanics",
    "max_level": 1,
    "intelligence": 5,
    "time": 8,
    "fun": 2
  },
  {
    "id": "manual_mechanics",
    "type": "BOOK",
    "name": "Under the Hood",
    "description": "An advanced mechanics manual, covering all sorts of topics.",
    "weight": 454,
    "volume": 3,
    "price": 5500,
    "material": [ "paper" ],
    "symbol": "?",
    "color": "green",
    "skill": "mechanics",
    "max_level": 3,
    "intelligence": 5,
    "time": 18
  },
  {
    "id": "textbook_biodiesel",
    "type": "BOOK",
    "name": "Biodiesel: Renewable Fuel Resource",
    "name_plural": "Biodiesel: Renewable Fuel Resource",
    "description": "A large textbook for college students about biodiesel.",
    "weight": 1200,
    "volume": 8,
    "price": 1500,
    "bashing": 4,
    "material": [ "paper" ],
    "symbol": "?",
    "color": "blue",
    "skill": "mechanics",
    "required_level": 3,
    "max_level": 6,
    "intelligence": 9,
    "time": 30
  },
  {
    "id": "textbook_mechanics",
    "type": "BOOK",
    "name": "Mechanical Mastery",
    "name_plural": "Mechanical Mastery",
    "description": "An advanced guide on mechanics and welding, covering topics like \"Grinding off rust\" and \"Making cursive E's\".",
    "weight": 1587,
    "volume": 6,
    "price": 4950,
    "bashing": 4,
    "material": [ "paper" ],
    "symbol": "?",
    "color": "blue",
    "skill": "mechanics",
    "required_level": 3,
    "max_level": 6,
    "intelligence": 6,
    "time": 30,
    "fun": -1
  }
]
