[
  {
    "id": "atomic_survival",
    "type": "BOOK",
    "name": "Survival Under Atomic Attack",
    "name_plural": "copies of Survival Under Atomic Attack",
    "description": "A wordy and intricate guide to wilderness and urban survival in a worst case scenario.  While filled with loads of useful information, the madman who wrote this was a terrible writer, and gleaning knowledge from the rants is a chore.",
    "weight": 1920,
    "volume": 8,
    "price": 920,
    "bashing": 8,
    "material": [ "paper" ],
    "symbol": "?",
    "color": "blue",
    "skill": "survival",
    "required_level": 1,
    "max_level": 8,
    "intelligence": 10,
    "time": 55,
    "fun": -3
  },
  {
    "id": "fun_survival",
    "type": "BOOK",
    "name": "Through the Lens",
    "name_plural": "Through the Lens",
    "description": "A colorful digest devoted to backpacking and wilderness photography.  The photos are beautiful, though the terminology in the sections on survivalcraft assume some proficiency.",
    "weight": 440,
    "volume": 1,
    "price": 450,
    "material": [ "paper" ],
    "symbol": "?",
    "color": "pink",
    "skill": "survival",
    "required_level": 1,
    "max_level": 3,
    "intelligence": 5,
    "time": 8,
    "fun": 3
  },
  {
    "id": "mag_dude",
    "type": "BOOK",
    "name": "Alpha Male Quarterly",
    "name_plural": "Alpha Male Quarterlies",
    "description": "This is a full-size glossy men's magazine.  There's a brief article about hiking and a list of simple wilderness survival tips somewhere in between the photos of bikini-clad women and the gadget advertisements.",
    "weight": 180,
    "volume": 2,
    "price": 450,
    "material": [ "paper" ],
    "symbol": "?",
    "color": "pink",
    "skill": "survival",
    "max_level": 1,
    "intelligence": 5,
    "time": 24,
    "fun": 1
  },
  {
    "id": "mag_survival",
    "type": "BOOK",
    "name": "Outdoor Adventures",
    "name_plural": "Outdoor Adventures",
    "description": "A glossy magazine about surviving and hunting in the wilderness.  There's an exciting article about a bear attack in the back pages.",
    "weight": 80,
    "volume": 1,
    "price": 450,
    "material": [ "paper" ],
    "symbol": "?",
    "color": "pink",
    "skill": "survival",
    "max_level": 1,
    "intelligence": 5,
    "time": 8,
    "fun": 2
  },
  {
    "id": "manual_survival",
    "type": "BOOK",
    "name": "Pitching a Tent",
    "name_plural": "copies of Pitching a Tent",
    "description": "A guide detailing the basics of woodsmanship and outdoor survival.",
    "weight": 454,
    "volume": 3,
    "price": 2900,
    "material": [ "paper" ],
    "symbol": "?",
    "color": "green",
    "skill": "survival",
    "max_level": 3,
    "intelligence": 4,
    "time": 18
  },
  {
    "id": "pocket_survival",
    "type": "BOOK",
    "name": "Pocket Survival Guide",
    "description": "This pocket-sized leather-bound survival guide combines a wealth of concise information with simple to follow instructions and easy to read illustrations.",
    "weight": 212,
    "volume": 1,
    "price": 4000,
    "material": [ "paper", "leather" ],
    "symbol": "?",
    "color": "green",
    "skill": "survival",
    "max_level": 2,
    "intelligence": 6,
    "time": 20
  },
  {
    "id": "survival_book",
    "type": "BOOK",
    "name": "Autobiography of a Mountain Man",
    "name_plural": "Autobiography of a Mountain Man",
    "//": "Since it's a novel, price point is much more reasonable.",
    "description": "An amusing historical novel filled with detailed descriptions of surviving in the wild, potentially containing great insights for an experienced outdoorsman.",
    "weight": 1920,
    "volume": 8,
    "price": 920,
    "bashing": 8,
    "material": [ "paper" ],
    "symbol": "?",
    "color": "light_blue",
    "skill": "survival",
    "required_level": 5,
    "max_level": 8,
    "intelligence": 10,
    "time": 55,
    "fun": 1
  },
  {
    "id": "textbook_survival",
    "type": "BOOK",
    "name": "Outdoor Survival Guide",
    "description": "A thick soft-cover book filled with vital information about surviving in the wild, aimed at the experienced backpacker.",
    "weight": 910,
    "volume": 8,
    "price": 6000,
    "bashing": 4,
    "material": [ "paper" ],
    "symbol": "?",
    "color": "blue",
    "skill": "survival",
    "required_level": 3,
    "max_level": 6,
    "intelligence": 8,
    "time": 30
  }
]
