[
  {
    "id": "mag_animecon",
    "copy-from": "mag_tailor",
    "type": "BOOK",
    "name": "Boston AnimeCon magazine",
    "name_plural": "Boston AnimeCon magazines",
    "description": "A short magazine printed as an advertisement for the now canceled Boston AnimeCon.  A few costume ideas are intermixed with miscellaneous information about the event."
  },
  {
    "id": "mag_beauty",
    "type": "BOOK",
    "name": "Beauty Magazine",
    "description": "This is a full-size glossy women's magazine.  There are a few simple patterns and basic sewing tips somewhere in between the fashion photos and the makeup advertisements.",
    "weight": 180,
    "volume": 2,
    "price": 450,
    "material": [ "paper" ],
    "symbol": "?",
    "color": "pink",
    "skill": "tailor",
    "max_level": 1,
    "intelligence": 5,
    "time": 24,
    "fun": 1
  },
  {
    "id": "mag_tailor",
    "type": "BOOK",
    "name": "Sew Awesome Monthly",
    "name_plural": "Sew Awesome Monthlies",
    "description": "A well presented monthly magazine all about knitting, crocheting, and needlepoint.  Filled with ideas and project patterns.",
    "weight": 75,
    "volume": 1,
    "price": 400,
    "material": [ "paper" ],
    "symbol": "?",
    "color": "pink",
    "skill": "tailor",
    "max_level": 1,
    "intelligence": 5,
    "time": 8,
    "fun": 2
  },
  {
    "id": "manual_tailor",
    "type": "BOOK",
    "name": "Sew What?  Clothing!",
    "name_plural": "Sew What?  Clothing!",
    "description": "A colorful book about tailoring.",
    "weight": 454,
    "volume": 3,
    "price": 1900,
    "material": [ "paper" ],
    "symbol": "?",
    "color": "green",
    "skill": "tailor",
    "max_level": 3,
    "intelligence": 4,
    "time": 18
  },
  {
    "id": "tailor_portfolio",
    "type": "BOOK",
    "name": "clothing designer's portfolio",
    "description": "A leather bound portfolio that once belonged to a clothing designer.  Filled with sketches and notes, a skilled tailor could learn a lot from this volume.",
    "weight": 2063,
    "volume": 8,
    "price": 9200,
    "bashing": 8,
    "material": [ "paper", "leather" ],
    "symbol": "?",
    "color": "light_gray",
    "skill": "tailor",
    "required_level": 5,
    "max_level": 8,
    "intelligence": 10,
    "time": 55,
    "fun": -1
  },
  {
    "id": "textbook_tailor",
    "type": "BOOK",
    "name": "Sewing Techniques for Designers",
    "name_plural": "Sewing Techniques for Designers",
    "description": "A massive, hardbound book full of a wealth of information for the professional clothing designer.",
    "weight": 2600,
    "volume": 8,
    "price": 6000,
    "bashing": 4,
    "material": [ "paper" ],
    "symbol": "?",
    "color": "blue",
    "skill": "tailor",
    "required_level": 3,
    "max_level": 6,
    "intelligence": 8,
    "time": 30
  }
]
