[
  {
    "id": "lw12mag",
    "type": "MAGAZINE",
    "name": "LW-12 magazine",
    "description": "A 12-round polymer magazine for use with the Leadworks LLC L39-45 and L39B-45 pistols.",
    "weight": 60,
    "volume": 1,
    "price": 5800,
    "material": "plastic",
    "symbol": "#",
    "color": "light_gray",
    "ammo_type": "45",
    "capacity": 12,
    "reliability": 10,
    "reload_time": 140,
    "flags": [ "MAG_COMPACT" ]
  },
  {
    "id": "m1911bigmag",
    "type": "MAGAZINE",
    "name": "M1911 extended magazine",
    "description": "An extended 10-round magazine for use with the M1911 handgun.",
    "weight": 100,
    "volume": 2,
    "price": 3720,
    "material": "steel",
    "symbol": "#",
    "color": "light_gray",
    "ammo_type": "45",
    "capacity": 10,
    "reliability": 9,
    "flags": [ "MAG_COMPACT" ]
  },
  {
    "id": "m1911mag",
    "type": "MAGAZINE",
    "name": "M1911 magazine",
    "description": "A military issue 7-round magazine for use with the M1911 handgun.",
    "weight": 70,
    "volume": 1,
    "price": 2980,
    "material": "steel",
    "symbol": "#",
    "color": "light_gray",
    "ammo_type": "45",
    "capacity": 7,
    "reliability": 10,
    "flags": [ "MAG_COMPACT" ]
  },
  {
    "id": "mac10mag",
    "type": "MAGAZINE",
    "name": "MAC-10 magazine",
    "description": "A cheap 30-round steel box magazine for use with the MAC-10 SMG.",
    "weight": 210,
    "volume": 2,
    "price": 1800,
    "material": "steel",
    "symbol": "#",
    "color": "light_gray",
    "ammo_type": "45",
    "capacity": 30,
    "reliability": 7,
    "flags": [ "MAG_COMPACT" ]
  },
  {
    "id": "tdi_mag",
    "type": "MAGAZINE",
    "name": "TDI Vector magazine",
    "description": "A 30-round steel box magazine for use with the TDI Vector",
    "weight": 210,
    "volume": 2,
    "price": 1800,
    "material": "steel",
    "symbol": "#",
    "color": "light_gray",
    "ammo_type": "45",
    "capacity": 30,
    "reliability": 9,
    "flags": [ "MAG_COMPACT" ]
  },
  {
    "id": "thompson_bigmag",
    "type": "MAGAZINE",
    "name": "Thompson extended magazine",
    "description": "An extended 30-round magazine for the Thompson submachine gun.",
    "weight": 255,
    "volume": 3,
    "price": 4000,
    "material": "steel",
    "symbol": "#",
    "color": "light_gray",
    "ammo_type": "45",
    "capacity": 30,
    "reliability": 8,
    "reload_time": 120,
    "flags": [ "MAG_COMPACT" ]
  },
  {
    "id": "thompson_drum",
    "type": "MAGAZINE",
    "name": "Thompson drum magazine",
    "description": "A 50-round drum magazine for the Thompson submachine gun.  Made famous by gangsters, but the military preferred standard 20 and 30-round magazines due to greater reliability.",
    "weight": 500,
    "volume": 4,
    "price": 8000,
    "material": "steel",
    "symbol": "#",
    "color": "light_gray",
    "ammo_type": "45",
    "capacity": 50,
    "reliability": 7,
    "reload_time": 150,
    "flags": [ "MAG_BULKY" ]
  },
  {
    "id": "thompson_mag",
    "type": "MAGAZINE",
    "name": "Thompson magazine",
    "description": "A standard 20-round magazine for the Thompson submachine gun.",
    "weight": 170,
    "volume": 2,
    "price": 3000,
    "material": "steel",
    "symbol": "#",
    "color": "light_gray",
    "ammo_type": "45",
    "capacity": 20,
    "reliability": 8,
    "flags": [ "MAG_COMPACT" ]
  },
  {
    "id": "ump45mag",
    "type": "MAGAZINE",
    "name": "UMP45 magazine",
    "description": "A standard 30-round box magazine for use with the H&K UMP45 SMG.",
    "weight": 200,
    "volume": 2,
    "price": 4950,
    "material": "steel",
    "symbol": "#",
    "color": "light_gray",
    "ammo_type": "45",
    "capacity": 25,
    "reliability": 9,
    "flags": [ "MAG_COMPACT" ]
  },
  {
    "id": "usp45mag",
    "type": "MAGAZINE",
    "name": "USP .45 magazine",
    "description": "A standard capacity magazine for use with the H&K USP handgun.",
    "weight": 60,
    "volume": 1,
    "price": 5900,
    "material": "plastic",
    "symbol": "#",
    "color": "light_gray",
    "ammo_type": "45",
    "capacity": 12,
    "reliability": 10,
    "flags": [ "MAG_COMPACT" ]
  }
]
