[
  {
    "id": "ak74mag",
    "type": "MAGAZINE",
    "name": "AK-74M magazine",
    "description": "A standard magazine made for the AK-74M rifle, made of steel-reinforced polymer.  Holds 30 rounds.",
    "weight": 230,
    "volume": 2,
    "price": 1500,
    "material": [ "steel", "plastic" ],
    "symbol": "#",
    "color": "light_gray",
    "ammo_type": "545x39",
    "capacity": 30,
    "reliability": 9,
    "flags": [ "MAG_COMPACT" ]
  },
  {
    "id": "rpk74mag",
    "type": "MAGAZINE",
    "name": "AK-74M extended magazine",
    "//": "Technically it's meant for the RPK-74, but can always rename if we add an RPK.",
    "description": "A 45-round magazine compatible with the AK-74M rifle, though originally designed for the RPK-74 light machine gun.",
    "weight": 300,
    "volume": 3,
    "price": 8500,
    "material": "plastic",
    "symbol": "#",
    "color": "light_gray",
    "ammo_type": "545x39",
    "capacity": 45,
    "reliability": 8,
    "reload_time": 130,
    "flags": [ "MAG_BULKY" ]
  }
]
