[
  {
    "id": "pressurized_tank",
    "type": "MAGAZINE",
    "name": "pressurized fuel tank",
    "description": "A pressurized 3L canister designed to feed a flamethrower.",
    "weight": 600,
    "volume": 12,
    "price": 5000,
    "material": "steel",
    "symbol": "#",
    "color": "light_gray",
    "ammo_type": "flammable",
    "capacity": 3000,
    "reliability": 9,
    "reload_time": 3
  },
  {
    "id": "aux_pressurized_tank",
    "type": "MAGAZINE",
    "name": "small pressurized fuel tank",
    "description": "A pressurized 0.5L canister built for use with a small auxiliary flamethrower.",
    "weight": 100,
    "volume": 2,
    "price": 3000,
    "material": "steel",
    "symbol": "#",
    "color": "light_gray",
    "ammo_type": "flammable",
    "capacity": 500,
    "reliability": 9,
    "reload_time": 3
  },
  {
    "id": "rm4502",
    "type": "MAGAZINE",
    "name": "RM450-2 fuel canister",
    "description": "A 2L pressurized steel canister with a valve designed for the RM451's feed system.",
    "weight": 400,
    "volume": 8,
    "price": 15000,
    "material": "steel",
    "symbol": "#",
    "color": "light_gray",
    "ammo_type": "flammable",
    "capacity": 2000,
    "reliability": 10,
    "reload_time": 3
  },
  {
    "id": "rm4504",
    "type": "MAGAZINE",
    "name": "RM450-4 fuel canister",
    "description": "A 4L pressurized steel canister with a valve designed for the RM451's feed system.",
    "weight": 800,
    "volume": 16,
    "price": 20000,
    "material": "steel",
    "symbol": "#",
    "color": "light_gray",
    "ammo_type": "flammable",
    "capacity": 4000,
    "reliability": 10,
    "reload_time": 3
  }
]
