[
  {
    "id": "nailmag",
    "type": "MAGAZINE",
    "name": "nail rifle magazine",
    "description": "An improvised magazine for use with a nail rifle.  Little more than a tin can, spring and some duct tape it is awkward to reload and not especially reliable.",
    "weight": 60,
    "volume": 1,
    "price": 1920,
    "material": "steel",
    "symbol": "#",
    "color": "light_gray",
    "ammo_type": "nail",
    "capacity": 50,
    "reliability": 6,
    "reload_time": 300,
    "flags": [ "MAG_COMPACT" ]
  }
]
