[
  {
    "id": "stash_water",
    "type": "item_group",
    "subtype": "collection",
    "entries": [
      { "item": "funnel" },
      { "item": "water_clean", "container-item": "bottle_plastic" },
      { "item": "water_clean", "container-item": "jug_plastic", "charges-min": 7, "charges-max": 15 },
      { "item": "water_clean", "container-item": "30gal_drum", "charges-min": 150, "charges-max": 350 }
    ]
  },
  {
    "id": "cabin_suicide",
    "type": "item_group",
    "subtype": "collection",
    "entries": [
      { "item": "usp_45", "charges": 11, "ammo-item": "45_acp" },
      { "item": "45_casing", "charges-min": 1, "charges-max": 1 },
      { "item": "corpse" },
      { "group": "underwear" },
      { "group": "cabin_suicide_over" },
      { "group": "cabin_suicide_shirt" },
      { "group": "cabin_suicide_legs" },
      { "group": "cabin_suicide_shoes" },
      { "group": "cabin_suicide_extras", "count-min": 3, "count-max": 6 }
    ]
  },
  {
    "id": "cabin_suicide_shirt",
    "type": "item_group",
    "subtype": "distribution",
    "items": [
      [ "hoodie", 30 ],
      [ "kevlar", 10 ],
      [ "longshirt", 40 ],
      [ "undershirt", 20 ]
    ]
  },
  {
    "id": "cabin_suicide_over",
    "type": "item_group",
    "subtype": "distribution",
    "items": [
      [ "chestrig", 20 ],
      [ "jacket_light", 30 ],
      [ "jacket_leather", 30 ],
      [ "jacket_evac", 30 ],
      [ "jacket_army", 30 ],
      [ "jacket_flannel", 30 ],
      [ "vest", 10 ]
    ]
  },
  {
    "id": "cabin_suicide_legs",
    "type": "item_group",
    "subtype": "distribution",
    "items": [
      [ "jeans", 35 ],
      [ "pants", 40 ],
      [ "pants_cargo", 20 ],
      [ "pants_survivor", 5 ]
    ]
  },
  {
    "id": "cabin_suicide_shoes",
    "type": "item_group",
    "subtype": "distribution",
    "items": [
      [ "boots", 35 ],
      [ "boots_combat", 6 ],
      [ "boots_hiking", 15 ],
      [ "boots_survivor", 5 ],
      [ "sneakers", 40 ]
    ]
  },
  {
    "id": "cabin_suicide_extras",
    "type": "item_group",
    "subtype": "distribution",
    "items": [
      { "item": "water_clean", "prob": 10, "container-item": "canteen", "charges-min": 1, "charges-max": 5 },
      [ "3006", 25 ],
      [ "45_acp", 25 ],
      [ "bandages", 15 ],
      [ "bandana", 10 ],
      [ "cig", 5 ],
      [ "cell_phone", 15 ],
      [ "gloves_fingerless", 5 ],
      [ "holster", 5 ],
      [ "hatchet", 5 ],
      [ "hat_ball", 5 ],
      [ "knife_combat", 5 ],
      [ "locket", 5 ],
      [ "mask_gas", 10 ],
      [ "molotov", 5 ],
      [ "matches", 25 ],
      [ "mbag", 10 ],
      [ "machete", 2 ],
      [ "photo_album", 5 ],
      [ "pipe", 5 ],
      [ "poncho", 5 ],
      [ "sheath", 5 ],
      [ "scarf", 10 ],
      [ "survivormap", 2 ],
      [ "wristwatch", 15 ]
    ]
  },
  {
    "type": "mapgen",
    "method": "json",
    "om_terrain": [ "dirtroad1_aban1" ],
    "weight": 333,
    "object": {
      "fill_ter": "t_dirt",
      "rows": [
        "..^.                ....",
        "..^. ^         ^   ..T.T",
        "TT..      ..    . ..s.ss",
        "..ss s   . .  .   . s. T",
        ".T..     .         ..T..",
        ".ss. ...          ^ ..^.",
        "...T.  .             ss.",
        ".ss.T^ .            ^s.T",
        "..TT   .   .. .     ....",
        ".ss.T  .   ^.    .  .s..",
        "....  .       .   . ..T.",
        ". ..    .     .  .  s..s",
        "..T... . .          ..z.",
        "TT...   ..    ^   ^T..^.",
        "..^.    ^ .        ...T.",
        "..^..              .....",
        ".T... .   ^    ^    .T.^",
        "..T.....           .sz..",
        "....         .     .....",
        ".T....s        .  ...^..",
        "..^.   .   .   . s .. T.",
        "..^.   ^ .s.    T. . ...",
        ".^..  ^  ..       ^..^..",
        "...T       s   ^  ^ ..T."
      ],
      "set": [ { "point": "terrain", "id": "t_dirt", "x": [ 0, 23 ], "y": [ 0, 23 ], "repeat": [ 15, 30 ] } ],
      "terrain": {
        " ": "t_dirt",
        ".": [ "t_grass", "t_grass", "t_grass", "t_grass", "t_dirt" ],
        "T": "t_tree",
        "W": "t_water_dp",
        "^": "t_tree_young",
        "s": "t_underbrush",
        "w": "t_water_sh",
        "z": "t_shrub_strawberry"
      },
      "place_items": [ { "item": "forest", "x": [ 2, 21 ], "y": [ 5, 19 ], "chance": 80, "repeat": [ 0, 5 ] } ]
    }
  },
  {
    "type": "mapgen",
    "method": "json",
    "om_terrain": [ "dirtroad2_aban1" ],
    "weight": 333,
    "object": {
      "fill_ter": "t_dirt",
      "rows": [
        "..^.                ....",
        "..^.               ..T.T",
        ".ss.T  .            ^s.T",
        "..ss     . .  .   . s. T",
        ".T..     .         ..T..",
        "TT...   ..        ^T..^.",
        "...T.  .             ss.",
        ".ss.^^ .            ^s.T",
        "..TT   .   .  ..    ....",
        ".ss.^  .       . .  .s..",
        "....  .       .   . ..T.",
        ". ..    .     .s . Ts..s",
        "..T... . .        T ..z.",
        "TT...   ..        ss..^.",
        "..^.      .        ...T.",
        "..^..              .....",
        ".T... .             .T.^",
        "..T.....           .sz..",
        "....       . .     s..s.",
        "..T... . .          ..z.",
        "..^.   .   .   .   .sTT.",
        "..^.     . .     . . ...",
        ".^..   ^ ..        ..^..",
        "...T                ..T."
      ],
      "set": [
        { "point": "terrain", "id": "t_dirt", "x": [ 0, 23 ], "y": [ 0, 23 ], "repeat": [ 15, 30 ] },
        { "point": "terrain", "id": "t_underbrush", "x": [ 0, 23 ], "y": [ 0, 23 ], "repeat": [ 10, 30 ] },
        { "point": "terrain", "id": "t_tree_young", "x": [ 0, 23 ], "y": [ 0, 23 ], "repeat": [ 10, 30 ] }
      ],
      "terrain": {
        " ": "t_dirt",
        ".": [ "t_grass", "t_grass", "t_grass", "t_grass", "t_dirt" ],
        "T": "t_tree",
        "W": "t_water_dp",
        "^": "t_tree_young",
        "s": "t_underbrush",
        "w": "t_water_sh",
        "z": "t_shrub_strawberry"
      },
      "place_items": [ { "item": "forest", "x": [ 2, 21 ], "y": [ 5, 19 ], "chance": 80, "repeat": [ 0, 5 ] } ]
    }
  },
  {
    "type": "mapgen",
    "method": "json",
    "om_terrain": [ "forest_aban1" ],
    "weight": 333,
    "object": {
      "fill_ter": "t_dirt",
      "rows": [
        "..^.                ....",
        "..^.               ..T.T",
        ".ss.T  .            ^s.T",
        "..ss     . .  .   . s. T",
        ".T..     .         ..T..",
        "TT...   ..        ^T..^.",
        "...T.  .             ss.",
        ".ss.^^ .            ^s.T",
        "..TT   .   .  ..    ....",
        ".ss.^  .       . .  .s..",
        "....  .       .   . ..T.",
        ". ..    .     .s . Ts..s",
        "..T... . .        T ..z.",
        "TT...   ..        ss..^.",
        "..^.      .        ...T.",
        "..^..              .....",
        ".T... .             .T.^",
        "..T.....           .sz..",
        "....       . .     s..s.",
        "..T... . .          ..z.",
        "..^.   .   .   .   .sTT.",
        "..^.     . .     . . ...",
        ".^..   ^ ..        ..^..",
        "...T                ..T."
      ],
      "set": [
        { "point": "terrain", "id": "t_dirt", "x": [ 0, 23 ], "y": [ 0, 23 ], "repeat": [ 15, 30 ] },
        { "point": "terrain", "id": "t_underbrush", "x": [ 0, 23 ], "y": [ 0, 23 ], "repeat": [ 20, 30 ] },
        { "point": "terrain", "id": "t_tree_young", "x": [ 0, 23 ], "y": [ 0, 23 ], "repeat": [ 20, 30 ] },
        { "point": "terrain", "id": "t_tree", "x": [ 0, 23 ], "y": [ 0, 23 ], "repeat": [ 20, 30 ] }
      ],
      "terrain": {
        " ": "t_grass",
        ".": [ "t_grass", "t_grass", "t_grass", "t_grass", "t_dirt" ],
        "T": "t_tree",
        "W": "t_water_dp",
        "^": "t_tree_young",
        "s": "t_underbrush",
        "w": "t_water_sh",
        "z": "t_shrub_strawberry"
      },
      "place_items": [ { "item": "forest", "x": [ 2, 21 ], "y": [ 5, 19 ], "chance": 80, "repeat": [ 0, 5 ] } ]
    }
  },
  {
    "type": "mapgen",
    "method": "json",
    "om_terrain": [ "cabin_aban1" ],
    "weight": 333,
    "object": {
      "fill_ter": "t_floor",
      "rows": [
        ".[^...........T.z.......",
        "..^...z....^.........z..",
        "..z...zz....z..^.T.....^",
        ".[..^......^.......z.^..",
        ".#...~~~~# .z #~~~~~~~#.",
        "^..z..     ...        [.",
        ".....H6     .         [.",
        ".##0###2###3+###2###2##.",
        ".#       #    3  66  >#.",
        ".#   .   +   7#  66  .z.",
        ".#  ...  #   7#      ..^",
        ".#########   7#       #.",
        ".#___ 6   .. 7#####+###S",
        ".2_=_     ..... #9   9#.",
        ".2___   ...ww^. #9   9#^",
        ".# H     ..wWw  #9   9#.",
        "^#####+#..S ... ###+###.",
        ".3..     ..#   z  +  ;#.",
        ".#.^..   ..#@@    #A   z",
        ".#   ...   #@@   :# 88#.",
        "...0##.^.#####22#.#####~",
        ".zw.......zz...z....^...",
        ".S.ww^...T......Tz.z.S..",
        "..^...T......z.^..^.z.^."
      ],
      "set": [
        { "point": "bash", "x": 7, "y": 7 },
        { "point": "bash", "x": 3, "y": 20 },
        { "point": "bash", "x": [ 14, 22 ], "y": 4, "repeat": [ 3, 5 ] },
        { "point": "bash", "x": [ 14, 22 ], "y": 7, "repeat": [ 3, 5 ] },
        { "point": "bash", "x": [ 11, 12 ], "y": 7, "repeat": [ 0, 2 ] },
        { "point": "bash", "x": [ 1, 9 ], "y": 11, "repeat": [ 0, 8 ] },
        { "point": "bash", "x": [ 13, 15 ], "y": 20, "repeat": [ 0, 4 ] },
        { "point": "bash", "x": [ 17, 21 ], "y": [ 13, 15 ], "repeat": [ 4, 10 ] }
      ],
      "terrain": {
        " ": "t_floor",
        "#": "t_wall_log",
        "+": "t_door_c",
        ".": [ "t_grass", "t_grass", "t_grass", "t_dirt", "t_dirt" ],
        "0": "t_window_empty",
        "2": "t_window_domestic",
        "3": "t_door_b",
        "=": "t_rock_floor",
        "S": "t_shrub_strawberry",
        "T": "t_tree",
        "W": "t_water_dp",
        "[": "t_fence_v",
        "^": "t_tree_young",
        "_": "t_rock_floor",
        "w": "t_water_sh",
        "z": "t_underbrush",
        "{": "t_door_glass_c",
        "~": "t_fence_h"
      },
      "furniture": {
        "6": "f_table",
        "7": "f_bookcase",
        "8": "f_bathtub",
        "9": "f_rack",
        ":": "f_dresser",
        "=": "f_woodstove",
        ">": "f_counter",
        "?": "f_sofa",
        "@": "f_bed",
        "A": "f_sink",
        "B": "f_chair",
        "C": "f_desk",
        "D": "f_trashcan",
        "E": "f_cupboard",
        "F": "f_fridge",
        "G": "f_oven",
        "H": "f_armchair"
      },
      "toilets": {  ";": {} },
      "place_items": [ { "item": "trash_forest", "x": [ 2, 21 ], "y": [ 5, 19 ], "chance": 80, "repeat": [ 0, 20 ] } ]
    }
  },
  {
    "type": "mapgen",
    "method": "json",
    "om_terrain": [ "car_corner_aban1" ],
    "weight": 333,
    "object": {
      "fill_ter": "t_floor",
      "rows": [
        "..^################++##.",
        "..^...z....^....z....z[.",
        "..z...zz......R..T....[^",
        "....^......^.......z.^..",
        "......^.....z.^.......[.",
        "^..................z..[.",
        "............z.....z...[.",
        "............T........z[.",
        ".................^....[.",
        "................z...^...",
        "......z.........z.^.zz.^",
        "............T...........",
        ".......^.z.....z......[S",
        ".T..^......^z..z...z..[.",
        "..z.......z.....T...^zz^",
        ".......z......z.......[.",
        ".z..^..z.^..^...z..T....",
        "...T...........z.z..z...",
        ".z.....z..T........z..[z",
        "...^......z....z......[.",
        "~~~~~~~~~~~~~.zz~..~~~[.",
        ".zw.......zz...z....^...",
        ".S.ww^...T......Tz.z.S..",
        "..^...T......z.^..^.z.^."
      ],
      "set": [
        { "point": "bash", "x": [ 1, 20 ], "y": 20, "repeat": [ 4, 10 ] },
        { "point": "bash", "x": 22, "y": [ 1, 19 ], "repeat": [ 3, 5 ] },
        { "point": "terrain", "id": "t_dirtmound", "x": [ 14, 14 ], "y": [ 2, 2 ] }
      ],
      "terrain": {
        " ": "t_floor",
        "#": "t_wall_wood",
        "+": "t_door_c",
        ".": [ "t_grass", "t_grass", "t_grass", "t_dirt", "t_dirt" ],
        "0": "t_window_empty",
        "2": "t_window_domestic",
        "3": "t_door_b",
        "=": "t_rock_floor",
        "R": "t_dirtmound",
        "S": [ "t_shrub_strawberry", "t_underbrush" ],
        "T": "t_tree",
        "W": "t_water_dp",
        "[": "t_fence_v",
        "^": "t_tree_young",
        "_": "t_rock_floor",
        "w": "t_water_sh",
        "z": "t_underbrush",
        "{": "t_door_glass_c",
        "~": "t_fence_h"
      },
      "furniture": {
        "6": "f_table",
        "7": "f_bookcase",
        "8": "f_bathtub",
        "9": "f_rack",
        ":": "f_dresser",
        "=": "f_woodstove",
        ">": "f_counter",
        "?": "f_sofa",
        "@": "f_bed",
        "A": "f_sink",
        "B": "f_chair",
        "C": "f_desk",
        "D": "f_trashcan",
        "E": "f_cupboard",
        "F": "f_fridge",
        "G": "f_oven",
        "H": "f_armchair"
      },
      "place_items": [ { "item": "trash_forest", "x": [ 2, 21 ], "y": [ 5, 19 ], "chance": 80, "repeat": [ 0, 2 ] } ],
      "add": [ { "item": "teddy", "x": 14, "y": 2 }, { "item": "locket", "x": 14, "y": 2 } ],
      "place_vehicles": [ { "vehicle": "car", "x": 5, "y": 7, "chance": 80, "fuel": 0, "status": 1, "rotation": 0 } ]
    }
  },
  {
    "type": "mapgen",
    "method": "json",
    "om_terrain": [ "dirtplaza_aban1" ],
    "weight": 333,
    "object": {
      "fill_ter": "t_dirt",
      "rows": [
        " [~~~~  T           ~~~~",
        " [^  ^^  ^     ^     T  ",
        " [s TT         s s      ",
        "   s s          ^       ",
        " ^          ^   s       ",
        "T                     ^ ",
        "   T                    ",
        " [s                  s  ",
        " [                      ",
        " [s T T      s       s  ",
        "           ^            ",
        " [   ss        s    s  s",
        " [T                   z ",
        "                  ss  ^ ",
        "  ^                     ",
        " [^   z      z  s       ",
        " [             T       ^",
        " [T                 sz  ",
        " [                 s    ",
        " [T                     ",
        "  ^              s  s   ",
        "  ^       s             ",
        "                  ^  ^  ",
        " [                ^   T "
      ],
      "set": [
        { "point": "bash", "x": 1, "y": [ 0, 23 ], "repeat": [ 5, 10 ] },
        { "point": "terrain", "id": "t_grass", "x": [ 0, 14 ], "y": [ 0, 3 ], "repeat": [ 10, 30 ] },
        { "point": "terrain", "id": "t_underbrush", "x": [ 0, 23 ], "y": [ 0, 23 ], "repeat": [ 10, 30 ] },
        { "point": "terrain", "id": "t_tree_young", "x": [ 0, 23 ], "y": [ 0, 23 ], "repeat": [ 10, 30 ] }
      ],
      "terrain": {
        " ": "t_dirt",
        "W": "t_water_dp",
        "[": "t_fence_v",
        "s": "t_underbrush",
        "w": "t_water_sh",
        "z": "t_shrub_strawberry",
        "~": "t_fence_h"
      },
      "place_items": [ { "item": "forest", "x": [ 2, 21 ], "y": [ 5, 19 ], "chance": 80, "repeat": [ 0, 20 ] } ]
    }
  },
  {
    "type": "mapgen",
    "method": "json",
    "om_terrain": [ "barn_aban1" ],
    "weight": 333,
    "object": {
      "fill_ter": "t_dirtfloor",
      "rows": [
        "~~~~~~..~~.z~~~~.T.~~~~.",
        "..^...z....^....z....z[.",
        "..z...zz.........T....[^",
        "....^......^.......z.^..",
        "......^.....z.^.......[.",
        "^.....^............z..[.",
        "...z........z.....z...[.",
        ".....z......T........z[.",
        "..^.....T........^....[.",
        "................z...^...",
        "......z.........z.^.zz.^",
        "............T...........",
        ".......^.z.....z......[S",
        ".T..^......^z..z...z..[.",
        "..z####################^",
        "...#  @ @@#CC #AA>#   #.",
        ".z.#  @   #C B#   #   #.",
        "...#E     #~~ #   #   #.",
        ".z.#FG                #z",
        "...+F:                #.",
        "...+A:C               #.",
        ".zw#AE   A#~~ #~~ #   #.",
        ".S.#HH   A#9 9#   #   #.",
        "..^#HHH  A#9 9#   #   #."
      ],
      "set": [ { "point": "terrain", "id": "t_dirt", "x": [ 0, 14 ], "y": [ 0, 3 ], "repeat": [ 8, 10 ] } ],
      "terrain": {
        " ": "t_dirtfloor",
        "#": "t_wall_wood",
        "+": "t_door_c",
        ".": "t_grass",
        "0": "t_window_empty",
        "2": "t_window_domestic",
        "3": "t_door_b",
        "=": "t_rock_floor",
        "S": "t_shrub_strawberry",
        "T": "t_tree",
        "W": "t_water_dp",
        "[": "t_fence_v",
        "^": "t_tree_young",
        "_": "t_rock_floor",
        "w": "t_water_sh",
        "z": "t_underbrush",
        "{": "t_door_glass_c",
        "~": "t_fence_h"
      },
      "furniture": {
        "6": "f_table",
        "7": "f_bookcase",
        "8": "f_bathtub",
        "9": "f_rack",
        ":": "f_dresser",
        "=": "f_woodstove",
        ">": "f_counter",
        "?": "f_sofa",
        "@": "f_makeshift_bed",
        "A": "f_locker",
        "B": "f_chair",
        "C": "f_desk",
        "D": "f_trashcan",
        "E": "f_cupboard",
        "F": "f_fridge",
        "G": "f_oven",
        "H": "f_hay"
      },
      "add": [
        { "item": "oil_lamp", "x": 7, "y": 15 },
        { "item": "45_acp", "x": 12, "y": 15 },
        { "item": "3006", "x": 12, "y": 15 },
        { "item": "3006", "x": 12, "y": 15, "chance": 2 },
        { "item": "3006", "x": 12, "y": 15, "chance": 3 },
        { "item": "pillow", "x": 6, "y": 15 },
        { "item": "sheet", "x": 6, "y": 16 },
        { "item": "sheet", "x": 9, "y": 15 },
        { "item": "mess_kit", "x": 17, "y": 15 },
        { "item": "nail", "x": 15, "y": 15 },
        { "item": "ax", "x": 15, "y": 15 },
        { "item": "compositebow", "x": 16, "y": 15 },
        { "item": "quiver", "x": 16, "y": 15 },
        { "item": "arrow_wood_heavy", "x": 16, "y": 15 },
        { "item": "knife_hunting", "x": 16, "y": 15 },
        { "item": "flashlight", "x": 11, "y": 16 },
        { "item": "child_book", "x": 11, "y": 16 },
        { "item": "child_book", "x": 11, "y": 15 },
        { "item": "pot", "x": 11, "y": 23 },
        { "item": "battery", "x": 11, "y": 16, "chance": 3 }
      ],
      "place_loot": [
        { "group": "cabin_suicide", "x": [ 4, 4 ], "y": [ 15, 15 ], "chance": 80 },
        { "group": "cannedfood", "x": [ 11, 11 ], "y": [ 22, 23 ], "chance": 90 },
        { "group": "cannedfood", "x": [ 13, 13 ], "y": [ 22, 23 ], "chance": 90 },
        { "group": "cannedfood", "x": [ 11, 11 ], "y": [ 22, 23 ], "chance": 90 },
        { "group": "cannedfood", "x": [ 13, 13 ], "y": [ 22, 23 ], "chance": 90 },
        { "group": "stash_water", "x": [ 20, 20 ], "y": [ 15, 15 ], "chance": 80 },
        { "group": "stash_water", "x": [ 19, 19 ], "y": [ 15, 15 ], "chance": 80 },
        { "item": "survivor_special_700", "x": 13, "y": 15, "chance": 80, "ammo": 100 }
      ]
    }
  }
]
