[
  {
    "type": "mapgen",
    "method": "json",
    "om_terrain": [ "s_clothes" ],
    "weight": 200,
    "object": {
      "rows": [
        "~~~~~~~~~~~~~~~~~~~~~~~~",
        "~~~~~~~~~~~~~~~~~~~~~~~~",
        "~~~~~~~~~~~~~~~~~~~~~~~~",
        "***|===::----==::==|****",
        "***|]....%.|##...#@|****",
        "***|]....#.|.......|****",
        "***|]......|%#.....|****",
        "***|[..[..[|.#....U|****",
        "***|[..[..[|.#....U|****",
        "***|[..[..[|.......|****",
        "***|[..[..[|].....#|****",
        "***|[..[..[|]..@..#|****",
        "***|[..[..[|]..T..#|****",
        "***|[.....[|].....#|****",
        "***|--|--i-|-i-|---|****",
        "***|dd|o.......+..]|****",
        "***|.h|o..TTh.F|---|****",
        "***O..|o..hh..}|ust|****",
        "***|..+........+...O****",
        "***|--|--O-+---|---|****",
        "**********~~~***********",
        "**********~~~***********",
        "**********~~~***********",
        "**********~~~***********"
      ],
      "terrain": {
        "#": "t_floor",
        "%": "t_console_broken",
        "*": "t_grass",
        "+": "t_door_c",
        "-": "t_wall",
        ".": "t_floor",
        ":": "t_door_glass_c",
        "=": "t_wall_glass",
        "@": "t_floor",
        "F": "t_floor",
        "O": "t_window",
        "T": "t_floor",
        "U": "t_floor",
        "[": "t_floor",
        "]": "t_floor",
        "d": "t_floor",
        "h": "t_floor",
        "i": "t_door_locked_interior",
        "o": "t_floor",
        "s": "t_floor",
        "t": "t_floor",
        "u": "t_floor",
        "|": "t_wall",
        "}": "t_floor",
        "~": "t_sidewalk"
      },
      "furniture": {
        "#": "f_counter",
        "@": "f_mannequin",
        "F": "f_fridge",
        "T": "f_table",
        "U": "f_bigmirror",
        "[": "f_bookcase",
        "]": "f_rack",
        "d": "f_desk",
        "h": "f_chair",
        "o": "f_sofa",
        "s": "f_sink",
        "u": "f_trashcan",
        "}": "f_locker"
      },
      "toilets": { "t": {  } },
      "place_items": [
        { "item": "shoestore_shoes", "x": 4, "y": [ 7, 13 ], "chance": 60, "repeat": [ 1, 6 ] },
        { "item": "shoestore_shoes", "x": 7, "y": [ 7, 12 ], "chance": 60, "repeat": [ 1, 6 ] },
        { "item": "shoestore_shoes", "x": 10, "y": [ 7, 13 ], "chance": 60, "repeat": [ 1, 6 ] },
        { "item": "shoestore_accessories", "x": 4, "y": [ 4, 6 ], "chance": 70, "repeat": [ 1, 3 ] },
        { "item": "hatstore_hats", "x": [ 12, 13 ], "y": 4, "chance": 50, "repeat": [ 1, 2 ] },
        { "item": "hatstore_hats", "x": [ 17, 18 ], "y": 4, "chance": 50, "repeat": [ 1, 2 ] },
        { "item": "hatstore_hats", "x": 18, "y": [ 10, 13 ], "chance": 50, "repeat": [ 1, 4 ] },
        { "item": "hatstore_hats", "x": 15, "y": [ 11, 12 ], "chance": 50, "repeat": [ 1, 2 ] },
        { "item": "hatstore_accessories", "x": 12, "y": [ 10, 13 ], "chance": 50, "repeat": [ 1, 4 ] },
        { "item": "fridge", "x": 14, "y": 16, "chance": 30 },
        { "item": "livingroom", "x": 14, "y": 17, "chance": 30 },
        { "item": "office", "x": [ 4, 5 ], "y": 15, "chance": 50 },
        { "item": "cleaning", "x": 18, "y": 15, "chance": 50 },
        { "item": "trash", "x": 16, "y": 17, "chance": 75 }
      ]
    }
  }
]
