[
  {
    "type": "mapgen",
    "method": "json",
    "om_terrain": [ "s_gas" ],
    "weight": 350,
    "object": {
      "fill_ter": "t_pavement",
      "rows": [
        "........................",
        ".-----..................",
        ".|...|..........sss.....",
        ".|.Q.|...........&s.....",
        ".|...|...........1s.....",
        ".|...|P..........2s.....",
        ".--+--..........sss.....",
        "........................",
        "...s9s...........s9s....",
        "........................",
        "....5.............5.....",
        "........................",
        "........................",
        "........................",
        "........................",
        "....5.............5.....",
        "........................",
        "........................",
        "........................",
        "........................",
        "........................",
        "....5.............5.....",
        "...s9s...........s9s....",
        "........................"
      ],
      "place_terrain": [ { "ter": "t_gas_tank", "x": 3, "y": 5 } ],
      "terrain": {
        "&": "t_atm",
        "+": "t_chaingate_l",
        "-": "t_chainfence_h",
        ".": "t_pavement",
        "5": "t_gas_pump",
        "s": "t_little_column",
        "|": "t_chainfence_v"
      },
      "furniture": { "9": "f_aut_gas_console" },
      "signs": { "P": { "signage": "Danger!  Do not smoke!  Risk of explosion!" } },
      "vendingmachines": { "1": { "item_group": "vending_drink" }, "2": { "item_group": "vending_food" } },
      "place_liquids": [ { "liquid": "gasoline", "x": 3, "y": 5, "repeat": [ 200, 1075 ] } ]
    }
  }
]
