[
  {
    "id": "record_patient",
    "type": "item_group",
    "items": [ [ "record_patient", 100 ] ]
  },
  {
    "type": "mapgen",
    "method": "json",
    "om_terrain": [ "office_doctor" ],
    "weight": 500,
    "object": {
      "fill_ter": "t_dirt",
      "rows": [
        "     ~~                 ",
        "     ~~                 ",
        "   ##++##wwww#wwww####  ",
        "   #.................#  ",
        "   #....bbbb....bbbb.#  ",
        "   w.................w  ",
        "   w....bbbb....bbbb.w  ",
        "   #.................#  ",
        "   ##+##ccc##++#######  ",
        "   #s.#d.h..#..#Scc..#  ",
        "   #&.#d.......!....I#  ",
        "   ##########..#.t..I#  ",
        "   #I.......#..#....I#  ",
        "   #I..t....+..#######  ",
        "   #I....ccS#..#HHllO#  ",
        "   ##########..#H...O#  ",
        "   #o.......#..#H...O#  ",
        "   #d.hd.h..+..#H...6#  ",
        "   #o.......#..###X###r ",
        "   ##########.......5#r ",
        "   #...+....+........;~ ",
        "   #..C#.&.s#..eccScc#  ",
        "   ###################  ",
        "                        "
      ],
      "palettes": [ "office_doctor" ],
      "items": {
        "C": { "item": "cleaning", "chance": 50 },
        "H": { "item": "harddrugs", "chance": 60 },
        "I": { "item": "dissection", "chance": 60 },
        "O": { "item": "softdrugs", "chance": 60 },
        "S": { "item": "gear_medical", "chance": 30 },
        "c": { "item": "gear_medical", "chance": 30 },
        "e": { "item": "fridge", "chance": 50 },
        "t": { "item": "gear_medical", "chance": 30 }
      },
      "place_items": [ { "item": "record_patient", "x": 7, "y": 6, "chance": 50 } ],
      "place_loot": [ { "item": "anesthesia", "x": 16, "y": [ 14, 17 ], "chance": 75 } ],
      "computers": {
        "5": {
          "name": "Medical Supply Access",
          "security": 2,
          "options": [ { "name": "Unlock Door", "action": "unlock" } ],
          "failures": [ { "action": "shutdown" }, { "action": "alarm" } ]
        },
        "6": {
          "name": "Medical Supply Access",
          "security": 2,
          "options": [ { "name": "Lock Door", "action": "lock" }, { "name": "Unlock Door", "action": "unlock" } ],
          "failures": [ { "action": "shutdown" }, { "action": "alarm" } ]
        }
      }
    }
  },
  {
    "id": "doctors_books",
    "type": "item_group",
    "items": [
      [ "mag_firstaid", 50 ],
      [ "textbook_firstaid", 200 ],
      [ "manual_swimming", 50 ],
      [ "manual_first_aid", 200 ],
      [ "pocket_firstaid", 100 ],
      [ "textbook_chemistry", 200 ],
      [ "adv_chemistry", 200 ],
      [ "emergency_book", 200 ],
      [ "record_patient", 100 ],
      [ "recipe_medicalmut", 50 ],
      [ "recipe_serum", 10 ],
      [ "recipe_labchem", 100 ],
      [ "recipe_augs", 100 ]
    ]
  },
  {
    "type": "mapgen",
    "method": "json",
    "om_terrain": [ "office_doctor" ],
    "weight": 500,
    "object": {
      "fill_ter": "t_dirt",
      "rows": [
        "           ~~           ",
        "           ~~           ",
        "   ###0####::###ww###   ",
        "   #dh...o#..#thh.ht#   ",
        "   #d%...y#::#h....h#   ",
        "   ####+###........h#   ",
        "   #..#..+........ht#   ",
        "   #B.#..#9999#..####   ",
        "   #s.#..#%c%c#..#B.#   ",
        "   #..+..#....#..#.c#   ",
        "   #cc#..#h...#..+.c#   ",
        "   ####..###+##..####   ",
        "   #$$#..co..h%..#B.#   ",
        "   #..!......hc..#.c#   ",
        "   #$$#..%h...c..+.c#   ",
        "   ####..ccc.cc..####   ",
        "   #..!.............;   ",
        "   #oo#.............#   ",
        "   ####+#+###+#####+#   ",
        "   #d...#.s#s.#.....#   ",
        "   #%h.o#.&#&.#ooooo#   ",
        "   ##0###############   ",
        "                        ",
        "                        "
      ],
      "palettes": [ "office_doctor" ],
      "place_loot": [
        { "group": "waitingroom", "x": 14, "y": 3, "chance": 60 },
        { "group": "waitingroom", "x": 19, "y": 3, "chance": 60 },
        { "group": "waitingroom", "x": 19, "y": 6, "chance": 60 },
        { "group": "gear_medical", "x": 19, "y": [ 9, 10 ], "chance": 60, "repeat": [ 2, 4 ] },
        { "group": "gear_medical", "x": 19, "y": [ 13, 14 ], "chance": 60, "repeat": [ 2, 4 ] },
        { "group": "cleaning", "x": [ 15, 19 ], "y": 20, "chance": 50, "repeat": [ 1, 5 ] },
        { "group": "gear_medical", "x": 10, "y": 12, "chance": 50, "repeat": [ 2, 5 ] },
        { "group": "softdrugs", "x": [ 4, 5 ], "y": 17, "chance": 40, "repeat": [ 1, 4 ] },
        { "group": "office", "x": 4, "y": 19, "chance": 50 },
        { "group": "office", "x": 4, "y": [ 3, 4 ], "chance": 50, "repeat": [ 1, 2 ] },
        { "group": "doctors_books", "x": 9, "y": 3, "chance": 40 },
        { "group": "doctors_books", "x": 7, "y": 20, "chance": 40 },
        { "group": "gear_medical", "x": [ 4, 5 ], "y": 10, "chance": 60, "repeat": [ 2, 5 ] },
        { "group": "drugs_analgesic", "x": [ 4, 5 ], "y": 12, "chance": 75 },
        { "group": "drugs_rare", "x": [ 4, 5 ], "y": 14, "chance": 75 },
        { "item": "anesthesia", "x": [ 4, 5 ], "y": 14, "chance": 75 }
      ]
    }
  },
  {
    "type": "mapgen",
    "method": "json",
    "om_terrain": [ "office_doctor" ],
    "weight": 200,
    "object": {
      "fill_ter": "t_dirt",
      "rows": [
        "    ~~                  ",
        "    ~~                  ",
        " #0#::#0###########0### ",
        " #y......YYYt#YYYoeccS# ",
        " #ccccc.....Y#.......c0 ",
        " #..Wrc...t.Y#......ht# ",
        " 0..........Y#CtT...ht# ",
        " ######..########!##### ",
        " #&...+............+.I# ",
        " #r..S#............#.I# ",
        " #######!########!##### ",
        " #S.ol#...#lo.S#.....l# ",
        " #....!...!....#.hh..l# ",
        " 0...t#...#t...#.ddd..0 ",
        " #.W.B#...#B.W.#yrA..o# ",
        " #######!############## ",
        "    #...........X....H# ",
        "    ##+###+####5#....H# ",
        "    #c..#....c###OOO.H# ",
        "    #S..'.?/..c######## ",
        "    #S..#.....c#        ",
        "    ############        ",
        "                        ",
        "                        "
      ],
      "palettes": [ "office_doctor" ],
      "terrain": { "?": "t_floor", "/": "t_floor", "Y": "t_floor", "A": "t_floor", "R": "t_floor", "'": "t_door_glass_o" },
      "furniture": { "?": "f_autodoc", "/": "f_autodoc_couch", "Y": "f_sofa", "T": "f_table", "A": "f_armchair", "R": "f_trashcan" },
      "computers": {
        "5": {
          "name": "Medical Supply Access",
          "security": 2,
          "options": [ { "name": "Unlock Door", "action": "unlock" } ],
          "failures": [ { "action": "shutdown" }, { "action": "alarm" } ]
        }
      },
      "items": {
        "B": { "item": "hospital_bed", "chance": 60 },
        "R": { "item": "trash", "chance": 50 },
        "o": { "item": "doctors_books", "chance": 40 },
        "e": { "item": "fridge", "chance": 60 },
        "C": { "item": "dresser", "chance": 75 },
        "O": { "item": "bionics", "chance": 40 },
        "T": { "item": "office_breakroom", "chance": 70 },
        "H": [
          { "item": "harddrugs", "chance": 50 },
          { "item": "gear_medical", "chance": 50 },
          { "item": "drugs_analgesic", "chance": 50 },
          { "item": "drugs_rare", "chance": 50 },
          { "item": "surgery", "chance": 50 }
        ]
      },
      "place_loot": [
        { "group": "waitingroom", "x": 12, "y": 3, "chance": 60 },
        { "group": "waitingroom", "x": 10, "y": 5, "chance": 60 },
        { "group": "dining", "x": 21, "y": [ 5, 6 ], "chance": 45 },
        { "group": "office", "x": [ 17, 19 ], "y": 13, "chance": 50, "repeat": [ 1, 2 ] },
        { "group": "cleaning", "x": 21, "y": [ 8, 9 ], "chance": 50, "repeat": [ 1, 2 ] },
        { "group": "surgery", "x": 14, "y": [ 19, 20 ], "chance": 70, "repeat": [ 1, 2 ] },
        { "group": "gear_medical", "x": 14, "y": [ 19, 20 ], "chance": 70, "repeat": [ 1, 2 ] },
        { "group": "alcohol", "x": 21, "y": 11, "chance": 70 },
        { "group": "magazines", "x": 17, "y": 3, "chance": 80 },
        { "item": "microwave", "x": 21, "y": 4, "chance": 85 },
        { "item": "laptop", "x": 4, "y": 4, "chance": 85 },
        { "item": "television", "x": 15, "y": 6, "chance": 95 },
        { "item": "soap", "x": 5, "y": 18, "chance": 95 },
        { "item": "anesthesia", "x": 13, "y": 18, "chance": 75 }
      ],
      "vehicles": { "W": { "vehicle": "swivel_chair", "chance": 100, "status": 1 } }
    }
  }
]
