[
  {
    "type": "mapgen",
    "method": "json",
    "om_terrain": [ "s_restaurant" ],
    "weight": 1000,
    "object": {
      "fill_ter": "t_floor",
      "rows": [
        "ssssssssssssssssssssssss",
        "ssssssssssssssssssssssss",
        "ssss|-------------|sssss",
        "____|&wlwF|.......|sssss",
        "____DwlwlF|A...@#^gsssss",
        "____|lwlw#|.......+sssss",
        "____|#lwlS|A......+sssss",
        "___d|#wlwS|......^gsssss",
        "___d|Rlwl#|A......|sssss",
        "____|Rwlw#|......BCsssss",
        "____|#lwlO|A.....T'sssss",
        "____|#wlwO|......BCsssss",
        "____|#lwl#|A......|sssss",
        "____|{wlw{|.......|sssss",
        "____|wlwlw|A.....BCsssss",
        "_|--|--+--|......T'sssss",
        "_|Sl+............BCsssss",
        "_|ll|.............|sssss",
        "_|Pl|.............|sssss",
        "_|--|BTB..BTB..BTB|sssss",
        "____|C'C--C'C--C'C|sssss",
        "sssbbbbbbbbbbbbbbbbbssss",
        "ssssssssssssssssssssssss",
        "ssssssssssssssssssssssss"
      ],
      "terrain": {
        "#": "t_linoleum_white",
        "&": "t_linoleum_white",
        "'": "t_window",
        "+": "t_door_c",
        ",": "t_pavement_y",
        "-": "t_wall",
        ".": "t_carpet_green",
        "@": "t_console_broken",
        "C": "t_curtains",
        "D": "t_door_locked",
        "F": "t_linoleum_white",
        "G": "t_wall_glass",
        "O": "t_linoleum_white",
        "P": "t_linoleum_white",
        "R": "t_linoleum_white",
        "S": "t_linoleum_white",
        "W": "t_window",
        "_": "t_pavement",
        "b": "t_shrub",
        "d": "t_pavement",
        "f": "t_floor",
        "g": "t_wall_glass",
        "l": "t_linoleum_gray",
        "s": "t_sidewalk",
        "w": "t_linoleum_white",
        "{": "t_linoleum_white",
        "|": "t_wall"
      },
      "furniture": {
        "#": "f_counter",
        "&": "f_trashcan",
        "A": "f_statue",
        "B": "f_bench",
        "F": "f_fridge",
        "O": "f_oven",
        "R": "f_woodstove",
        "S": "f_sink",
        "T": "f_table",
        "^": "f_indoor_plant",
        "d": "f_dumpster",
        "{": "f_rack"
      },
      "toilets": { "P": {  } },
      "place_items": [
        { "item": "restaur_table", "x": 17, "y": 10, "chance": 30, "repeat": [ 1, 2 ] },
        { "item": "restaur_table", "x": 17, "y": 15, "chance": 30, "repeat": [ 1, 2 ] },
        { "item": "restaur_table", "x": 6, "y": 19, "chance": 30, "repeat": [ 1, 2 ] },
        { "item": "restaur_table", "x": 11, "y": 19, "chance": 30, "repeat": [ 1, 2 ] },
        { "item": "restaur_table", "x": 16, "y": 19, "chance": 30, "repeat": [ 1, 2 ] },
        { "item": "restaur_bath", "x": [ 2, 3 ], "y": [ 3, 18 ], "chance": 25 },
        { "item": "restaur_trash", "x": 5, "y": 3, "chance": 75, "repeat": [ 1, 3 ] },
        { "item": "restaur_fridge", "x": 9, "y": [ 3, 4 ], "chance": 70, "repeat": [ 2, 3 ] },
        { "item": "restaur_sink", "x": 9, "y": [ 6, 7 ], "chance": 75, "repeat": [ 2, 3 ] },
        { "item": "restaur_kitchen", "x": 9, "y": 5, "chance": 25, "repeat": [ 1, 2 ] },
        { "item": "restaur_kitchen", "x": 9, "y": [ 8, 9 ], "chance": 25, "repeat": [ 1, 2 ] },
        { "item": "restaur_kitchen", "x": 9, "y": 12, "chance": 25, "repeat": [ 1, 2 ] },
        { "item": "restaur_kitchen", "x": 5, "y": [ 6, 7 ], "chance": 25, "repeat": [ 1, 2 ] },
        { "item": "restaur_kitchen", "x": 5, "y": [ 10, 12 ], "chance": 25, "repeat": [ 1, 2 ] },
        { "item": "restaur_rack", "x": 5, "y": 13, "chance": 75 },
        { "item": "restaur_rack", "x": 9, "y": 13, "chance": 75 },
        { "item": "restaur_trash", "x": 3, "y": [ 7, 8 ], "chance": 50, "repeat": [ 1, 2 ] },
        { "item": "trash", "x": 3, "y": [ 7, 8 ], "chance": 50, "repeat": [ 1, 2 ] },
        { "item": "trash", "x": [ 0, 2 ], "y": [ 3, 13 ], "chance": 20, "repeat": [ 1, 2 ] }
      ],
      "place_monsters": [
        { "monster": "GROUP_GROCERY", "x": [ 5, 9 ], "y": [ 9, 14 ], "chance": 5 },
        { "monster": "GROUP_ROACH", "x": [ 7, 19 ], "y": 19, "chance": 20 }
      ]
    }
  }
]
