[
  {
    "id": "TALK_SCAVENGER_MERC",
    "type": "talk_topic",
    "dynamic_line": {
      "u_is_wearing": "badge_marshal",
      "yes": "I haven't done anything wrong...",
      "no": "..."
    },
    "responses": [
      {
        "text": "Who are you?",
        "topic": "TALK_SCAVENGER_MERC_NEW"
      },
      {
        "text": "Any tips for surviving?",
        "topic": "TALK_SCAVENGER_MERC_TIPS"
      },
      {
        "text": "What would it cost to hire you?",
        "topic": "TALK_SCAVENGER_MERC_HIRE"
      },
      {
        "text": "Well, bye.",
        "topic": "TALK_DONE"
      }
    ]
  },
  {
    "id": "TALK_SCAVENGER_MERC_NEW",
    "type": "talk_topic",
    "dynamic_line": "I'm just a hired hand.  Someone pays me and I do what needs to be done.",
    "responses": [
      {
        "text": "...",
        "topic": "TALK_SCAVENGER_MERC"
      }
    ]
  },
  {
    "id": "TALK_SCAVENGER_MERC_TIPS",
    "type": "talk_topic",
    "dynamic_line": "If you have to fight your way out of an ambush, the only thing that is going to save you is having a party that can return fire.  People who work alone are easy pickings for monsters and bandits.",
    "responses": [
      {
        "text": "I suppose I should hire a party then?",
        "topic": "TALK_SCAVENGER_MERC"
      }
    ]
  },
  {
    "id": "TALK_SCAVENGER_MERC_HIRE",
    "type": "talk_topic",
    "dynamic_line": "I'm currently waiting for a customer to return... I'll make you a deal though, $8,000 will cover my expenses if I get a small cut of the loot.  I can't accept cash cards, so you'll have to find an ATM to deposit money into your bank account.",
    "responses": [
      {
        "text": "I might be back.",
        "topic": "TALK_SCAVENGER_MERC"
      }
    ]
  },
  {
    "id": "TALK_SCAVENGER_MERC_HIRE_SUCCESS",
    "type": "talk_topic",
    "dynamic_line": "I guess you're the boss.",
    "responses": [
      {
        "text": "Glad to have you aboard.",
        "success": {
          "effect": "follow",
          "opinion": {
            "trust": 1,
            "value": 1
          },
          "topic": "TALK_DONE"
        }
      }
    ]
  }
]
