[
  {
    "result": "3006_clip",
    "type": "recipe",
    "category": "CC_WEAPON",
    "subcategory": "CSC_WEAPON_MAGAZINES",
    "skill_used": "fabrication",
    "difficulty": 3,
    "skills_required": [ "gun", 2 ],
    "time": 20000,
    "book_learn": [ [ "recipe_bullets", 2 ], [ "mag_rifle", 3 ] ],
    "qualities": [
      { "id": "SAW_M", "level": 1 },
      { "id": "HAMMER", "level": 1 }
    ],
    "tools": [ [ [ "small_repairkit", 10 ], [ "large_repairkit", 5 ] ] ],
    "components": [ [ [ "steel_chunk", 1 ] ] ]
  },
  {
    "result": "762x39_clip",
    "type": "recipe",
    "category": "CC_WEAPON",
    "subcategory": "CSC_WEAPON_MAGAZINES",
    "skill_used": "fabrication",
    "difficulty": 3,
    "skills_required": [ "gun", 2 ],
    "time": 20000,
    "book_learn": [ [ "recipe_bullets", 2 ], [ "mag_rifle", 3 ] ],
    "qualities": [
      { "id": "SAW_M", "level": 1 },
      { "id": "HAMMER", "level": 1 }
    ],
    "tools": [ [ [ "small_repairkit", 10 ], [ "large_repairkit", 5 ] ] ],
    "components": [ [ [ "steel_chunk", 2 ] ] ]
  },
  {
    "result": "762R_clip",
    "type": "recipe",
    "category": "CC_WEAPON",
    "subcategory": "CSC_WEAPON_MAGAZINES",
    "skill_used": "fabrication",
    "difficulty": 3,
    "skills_required": [ "gun", 2 ],
    "time": 20000,
    "book_learn": [ [ "recipe_bullets", 2 ], [ "mag_rifle", 3 ] ],
    "qualities": [
      { "id": "SAW_M", "level": 1 },
      { "id": "HAMMER", "level": 1 }
    ],
    "tools": [ [ [ "small_repairkit", 10 ], [ "large_repairkit", 5 ] ] ],
    "components": [ [ [ "steel_chunk", 1 ] ] ]
  },
  {
    "result": "garandclip",
    "type": "recipe",
    "category": "CC_WEAPON",
    "subcategory": "CSC_WEAPON_MAGAZINES",
    "skill_used": "fabrication",
    "difficulty": 3,
    "skills_required": [ "gun", 2 ],
    "time": 20000,
    "book_learn": [ [ "recipe_bullets", 2 ], [ "mag_rifle", 3 ] ],
    "qualities": [
      { "id": "SAW_M", "level": 1 },
      { "id": "HAMMER", "level": 1 }
    ],
    "tools": [ [ [ "small_repairkit", 10 ], [ "large_repairkit", 5 ] ] ],
    "components": [ [ [ "steel_chunk", 1 ] ] ]
  },
  {
    "result": "nailmag",
    "type": "recipe",
    "category": "CC_WEAPON",
    "subcategory": "CSC_WEAPON_MAGAZINES",
    "skill_used": "fabrication",
    "difficulty": 1,
    "skills_required": [ "gun", 2 ],
    "time": 8000,
    "autolearn": true,
    "qualities": [
      { "id": "HAMMER", "level": 2 },
      { "id": "SAW_M", "level": 1 },
      { "id": "SCREW", "level": 1 }
    ],
    "components": [
      [ [ "can_drink_unsealed", 1 ], [ "can_food_unsealed", 1 ], [ "canister_empty", 1 ] ],
      [ [ "spring", 1 ] ],
      [ [ "scrap", 1 ] ],
      [ [ "duct_tape", 20 ] ]
    ]
  },
  {
    "result": "survivor223mag",
    "type": "recipe",
    "category": "CC_WEAPON",
    "subcategory": "CSC_WEAPON_MAGAZINES",
    "skill_used": "fabrication",
    "difficulty": 2,
    "skills_required": [ "gun", 1 ],
    "time": 20000,
    "autolearn": true,
    "qualities": [
      { "id": "SAW_M", "level": 1 },
      { "id": "HAMMER", "level": 1 },
      { "id": "SCREW_FINE", "level": 1 }
    ],
    "components": [
      [ [ "sheet_metal", 1 ] ],
      [ [ "spring", 1 ] ],
      [ [ "duct_tape", 40 ] ]
    ]
  },
  {
    "result": "survivor9mm_mag",
    "type": "recipe",
    "category": "CC_WEAPON",
    "subcategory": "CSC_WEAPON_MAGAZINES",
    "skill_used": "fabrication",
    "difficulty": 2,
    "skills_required": [ "gun", 1 ],
    "time": 20000,
    "autolearn": true,
    "qualities": [
      { "id": "SAW_M", "level": 1 },
      { "id": "HAMMER", "level": 1 },
      { "id": "SCREW_FINE", "level": 1 }
    ],
    "components": [
      [ [ "sheet_metal", 1 ] ],
      [ [ "spring", 1 ] ],
      [ [ "duct_tape", 40 ] ]
    ]
  },
  {
    "result": "aux_pressurized_tank",
    "type": "recipe",
    "category": "CC_WEAPON",
    "subcategory": "CSC_WEAPON_MAGAZINES",
    "skill_used": "fabrication",
    "difficulty": 4,
    "skills_required": [ "mechanics", 3 ],
    "time": 40000,
    "autolearn": true,
    "using": [ [ "welding_standard", 2 ] ],
    "qualities": [ { "id": "HAMMER", "level": 2 } ],
    "components": [ [ [ "metal_tank_little", 1 ] ] ]
  }
]
