[
  {
    "result": "shot_00",
    "type": "uncraft",
    "skill_used": "gun",
    "difficulty": 5,
    "time": 100,
    "qualities": [ { "id": "PULL", "level": 1 } ],
    "components": [
        [ [ "shot_hull", 1 ] ],
        [ [ "shotgun_primer", 1 ] ],
        [ [ "gunpowder", 6 ] ],
        [ [ "lead", 10 ] ]
    ],
    "flags": [ "UNCRAFT_SINGLE_CHARGE" ]
  },
  {
    "result": "shot_beanbag",
    "type": "uncraft",
    "skill_used": "gun",
    "difficulty": 5,
    "time": 100,
    "qualities": [ { "id": "PULL", "level": 1 } ],
    "components": [
        [ [ "shot_hull", 1 ] ],
        [ [ "shotgun_primer", 1 ] ],
        [ [ "gunpowder", 3 ] ],
        [ [ "rubber_slug", 1 ] ]
    ],
    "flags": [ "UNCRAFT_SINGLE_CHARGE" ]
  },
  {
    "result": "shot_bird",
    "type": "uncraft",
    "skill_used": "gun",
    "difficulty": 5,
    "time": 100,
    "qualities": [ { "id": "PULL", "level": 1 } ],
    "components": [
        [ [ "shot_hull", 1 ] ],
        [ [ "shotgun_primer", 1 ] ],
        [ [ "gunpowder", 3 ] ],
        [ [ "lead", 10 ] ]
    ],
    "flags": [ "UNCRAFT_SINGLE_CHARGE" ]
  },
  {
    "result": "shot_flechette",
    "type": "uncraft",
    "skill_used": "gun",
    "difficulty": 5,
    "time": 100,
    "qualities": [ { "id": "PULL", "level": 1 } ],
    "components": [
        [ [ "shot_hull", 1 ] ],
        [ [ "shotgun_primer", 1 ] ],
        [ [ "gunpowder", 6 ] ],
        [ [ "combatnail", 10 ] ]
    ],
    "flags": [ "UNCRAFT_SINGLE_CHARGE" ]
  },
  {
    "type": "uncraft",
    "result": "shot_he",
    "skill_used": "gun",
    "difficulty": 5,
    "time": 5000, "//": "A little more carefully...",
    "qualities": [ { "id": "PULL", "level": 1 } ],
    "components": [
        [ [ "shot_hull", 1 ] ],
        [ [ "shotgun_primer", 1 ] ],
        [ [ "gunpowder", 3 ] ],
        [ [ "chem_rdx", 1 ] ]
    ],
    "flags": [ "UNCRAFT_SINGLE_CHARGE" ]
  },
  {
    "result": "shot_slug",
    "type": "uncraft",
    "skill_used": "gun",
    "difficulty": 5,
    "time": 100,
    "qualities": [ { "id": "PULL", "level": 1 } ],
    "components": [
        [ [ "shot_hull", 1 ] ],
        [ [ "shotgun_primer", 1 ] ],
        [ [ "gunpowder", 6 ] ],
        [ [ "lead", 20 ] ]
    ],
    "flags": [ "UNCRAFT_SINGLE_CHARGE" ]
  }
]
