[{"name":"i_ltgray","custom":"","invertcustom":"c_white","nobrightcustom":""},{"name":"c_pink","custom":"","invertcustom":"i_magenta","nobrightcustom":""},{"name":"c_ltred","custom":"","invertcustom":"i_red","nobrightcustom":""},{"name":"c_ltcyan","custom":"","invertcustom":"i_cyan","nobrightcustom":""},{"name":"c_white","custom":"","invertcustom":"i_ltgray","nobrightcustom":""},{"name":"c_ltblue","custom":"","invertcustom":"i_blue","nobrightcustom":""},{"name":"c_yellow","custom":"","invertcustom":"i_brown","nobrightcustom":""},{"name":"c_dkgray","custom":"","invertcustom":"i_ltgray","nobrightcustom":""},{"name":"c_ltgreen","custom":"","invertcustom":"i_ltgreen","nobrightcustom":""}]