[
  {
    "type": "mapgen",
    "method": "json",
    "om_terrain": [ "dispensary" ],
    "weight": 100,
    "object": {
      "rows": [
        "ssssssssssssssssssssssss",
        "ssssssssssssssssssssssss",
        "__|||||||--e--||||---|__",
        "__|&.+..bb...bbb^|.C.-__",
        "_#|S.|...........|aa.-u_",
        "_#||||...........|.C.-u_",
        "_#|t.....cccDDDD.+...|__",
        "_u|..........C.D.|^.^|#_",
        "__||+|||||||||||||||||u_",
        "_#|H..|......C.......|#_",
        "__|...|..............|__",
        "_u|c..|..c|....|c....|#_",
        "__|{..|..c|....|c....|__",
        "_#|...+..c|....|.....|__",
        "__|b..|..c|...c|.....|__",
        "_#|b..|..c|...c|.....|#_",
        "_#|b..|..............|__",
        "_#|...|..............|#_",
        "__||+|||||||||||||||||#_",
        "___pppppddBBdddu___uu___",
        "___pppppdddddd#__4____#_",
        "___ppppp__________#u4u__",
        "________________u___#___",
        "________________________"
      ],
      "terrain": {
        "#": "t_underbrush_harvested_summer",
        "&": "t_floor",
        "+": "t_door_c",
        "-": "t_wall_glass",
        ".": "t_floor",
        "4": "t_tree_pine",
        "B": "t_dirt",
        "C": "t_floor",
        "D": "t_floor",
        "H": "t_floor",
        "S": "t_floor",
        "^": "t_floor",
        "_": "t_grass",
        "a": "t_floor",
        "b": "t_floor",
        "c": "t_floor",
        "d": "t_dirt",
        "e": "t_door_glass_c",
        "p": "t_pavement",
        "s": "t_sidewalk",
        "t": "t_floor",
        "u": "t_underbrush",
        "{": "t_floor",
        "|": "t_wall"
      },
      "furniture": {
        "&": "f_toilet",
        "B": "f_bench",
        "C": "f_chair",
        "D": "f_displaycase",
        "H": "f_armchair",
        "S": "f_sink",
        "^": "f_indoor_plant",
        "a": "f_desk",
        "b": "f_bench",
        "c": "f_counter",
        "t": "f_trashcan",
        "{": "f_fridge"
      },
      "toilets": { "&": {  } },
      "place_items": [
        { "item": "tools_earthworking", "x": 13, "y": 17, "chance": 25 },
        { "item": "tools_earthworking", "x": 16, "y": 15, "chance": 25 },
        { "item": "tools_earthworking", "x": 14, "y": 14, "chance": 25 },
        { "item": "tools_earthworking", "x": 19, "y": 9, "chance": 25 },
        { "item": "snacks", "x": 3, "y": 11, "chance": 25 },
        { "item": "snacks", "x": 9, "y": 13, "chance": 5 },
        { "item": "fridgesnacks", "x": 3, "y": 12, "chance": 80 },
        { "item": "smoke_shop", "x": 15, "y": 6, "chance": 50 }
      ],
      "place_item": [
        { "item": "pipe_glass", "x": 12, "y": 6 },
        { "item": "pipe_glass", "x": 13, "y": 6 },
        { "item": "joint", "x": 14, "y": 6 },
        { "item": "lighter", "x": 14, "y": 6 },
        { "item": "matches", "x": 13, "y": 7 },
        { "item": "pipe_tobacco", "x": 15, "y": 7 },
        { "item": "seed_weed", "x": 9, "y": 11, "repeat": 2 },
        { "item": "cannabis", "x": 14, "y": 11 },
        { "item": "seed_weed", "x": 9, "y": 12 },
        { "item": "cannabis", "x": 19, "y": 12 },
        { "item": "cannabis", "x": 16, "y": 13 },
        { "item": "cannabis", "x": 20, "y": 13 },
        { "item": "seed_weed", "x": 9, "y": 14 },
        { "item": "cannabis", "x": 11, "y": 14 },
        { "item": "cannabis", "x": 19, "y": 14 },
        { "item": "joint", "x": 9, "y": 15 },
        { "item": "cannabis", "x": 11, "y": 15 },
        { "item": "cannabis", "x": 20, "y": 15 }
      ]
    }
  }
]
