[
  {
    "id": "barrel_small",
    "type": "GUNMOD",
    "name": "shortened barrel",
    "description": "A shortened barrel results in markedly reduced accuracy, and a minor increase in noise, but also greatly improves the ease with which the weapon can be carried and wielded.",
    "volume": 0,
    "price": 12000,
    "material": [ "steel" ],
    "symbol": ":",
    "color": "light_gray",
    "location": "barrel",
    "mod_targets": [ "smg", "rifle", "shotgun" ],
    "dispersion_modifier": 75,
    "loudness_modifier": 2,
    "flags": [ "IRREMOVABLE" ]
  },
  {
    "id": "upstest",
    "type": "GUNMOD",
    "name": "upstest",
    "description": "Testmod for UPS drain on mods, this should never spawn, if you see this, it's a bug. 50 UPS drain.",
    "weight": 450,
    "volume": 2,
    "price": 20000,
    "bashing": 5,
    "material": [ "steel" ],
    "symbol": ":",
    "color": "light_gray",
    "location": "barrel",
    "mod_targets": [ "smg", "rifle", "shotgun", "pistol" ],
    "damage_modifier": 500,
    "dispersion_modifier": 500,
    "ups_charges": 50,
    "min_skills": [ [ "gun", 1 ] ]
  },
  {
    "id": "lead_barrel_big",
    "copy-from": "barrel_big",
    "type": "GUNMOD",
    "name": "LW barrel extension",
    "description": "A Leadworks built in longer barrel increases the muzzle velocity of a firearm, contributing to both accuracy and damage, but slows aiming.",
    "weight": 0,
    "volume": 0,
    "price": 0,
    "damage_modifier": 3,
    "dispersion_modifier": -45,
    "range_modifier": 3,
    "flags": [ "IRREMOVABLE" ]
  },
  {
    "id": "lead_barrel_small",
    "copy-from": "barrel_small",
    "type": "GUNMOD",
    "name": "LW shortened barrel",
    "description": "A Leadworks built in shortened barrel results in reduced weapon range, and a minor increase in noise, but also greatly improves the ease with which the weapon can be carried and wielded.",
    "price": 0,
    "volume": 0,
    "dispersion_modifier": 0,
    "range_modifier": -6,
    "flags": [ "IRREMOVABLE" ]
  },
  {
    "id": "lead_barrel_heavy_duty",
    "copy-from": "barrel_big",
    "type": "GUNMOD",
    "name": "LW heavy duty barrel",
    "description": "A Leadworks built in heavy duty barrel especially designed for prolonged shooting.  Reduced accuracy but increase damage output and weapon range.",
    "weight": 0,
    "volume": 0,
    "price": 0,
    "damage_modifier": 3,
    "dispersion_modifier": 0,
    "range_modifier": 3,
    "flags": [ "IRREMOVABLE" ]
  }
]
