[
  {
    "id": "p226_357sig",
    "copy-from": "pistol_base",
    "type": "GUN",
    "name": "SIG P226",
    "description": "A SIG Sauer P226 chambered for .357 SIG.  The P226 is a DA/SA, short-recoil operated semi-automatic pistol.",
    "weight": 800,
    "volume": 2,
    "price": 50000,
    "to_hit": -1,
    "bashing": 8,
    "material": [ "steel", "aluminum", "plastic" ],
    "symbol": "(",
    "color": "dark_gray",
    "ammo": "357sig",
    "dispersion": 480,
    "durability": 7,
    "magazine_well": 1,
    "magazines": [ [ "357sig", [ "p226mag_15rd_357sig" ] ] ]
  }
]
