[
  {
    "result": "acidbomb",
    "type" : "recipe",
    "category": "CC_WEAPON",
    "subcategory": "CSC_WEAPON_EXPLOSIVE",
    "skill_used": "fabrication",
    "time": 500,
    "reversible": true,
    "autolearn": true,
    "components": [
      [ [ "jar_glass", 1 ], [ "bottle_glass", 1 ], [ "clay_canister", 2 ], [ "flask_glass", 2 ] ],
      [ [ "acid", 2 ] ],
      [ [ "string_6", 1 ] ]
    ]
  },
  {
    "result": "dynamite",
    "type" : "recipe",
    "category": "CC_WEAPON",
    "subcategory": "CSC_WEAPON_EXPLOSIVE",
    "skill_used": "cooking",
    "difficulty": 7,
    "time": 10000,
    "book_learn": [ [ "textbook_anarch", 5 ], [ "adv_chemistry", 6 ], [ "textbook_chemistry", 6 ] ],
    "qualities": [ { "id": "CHEM", "level": 2 } ],
    "tools": [ [ [ "surface_heat", 25, "LIST" ] ] ],
    "components": [
      [ [ "paper", 5 ], [ "rolling_paper", 32 ] ],
      [ [ "acid", 2 ], [ "chem_sulphuric_acid", 2 ], [ "chem_nitric_acid", 2 ] ],
      [ [ "ammonia", 1 ], [ "chem_ethanol", 250 ], [ "denat_alcohol", 250 ] ],
      [ [ "soap", 3 ], [ "tallow", 2 ], [ "tallow_tainted", 2 ], [ "lard", 2 ], [ "cooking_oil", 2 ] ]
    ]
  },
  {
    "result": "EMPbomb",
    "type" : "recipe",
    "category": "CC_WEAPON",
    "subcategory": "CSC_WEAPON_EXPLOSIVE",
    "skill_used": "electronics",
    "difficulty": 4,
    "time": 32000,
    "reversible": true,
    "book_learn": [ [ "textbook_anarch", 5 ], [ "advanced_electronics", 5 ] ],
    "using": [ [ "soldering_standard", 6 ] ],
    "qualities" : [ { "id": "SCREW", "level": 1 } ],
    "components": [
      [ [ "superglue", 1 ], [ "string_36", 1 ] ],
      [ [ "scrap", 3 ], [ "can_food_unsealed", 1 ], [ "can_drink_unsealed", 1 ], [ "clay_canister", 1], [ "canister_empty", 1 ] ],
      [ [ "amplifier", 1 ], [ "power_supply", 1 ] ],
      [ [ "cable", 5 ] ]
    ]
  },
  {
    "result": "firecracker",
    "type" : "recipe",
    "category": "CC_WEAPON",
    "subcategory": "CSC_WEAPON_EXPLOSIVE",
    "skill_used": "fabrication",
    "difficulty": 1,
    "time": 1000,
    "reversible": true,
    "autolearn": true,
    "qualities" : [ { "id": "CUT", "level": 1 } ],
    "components": [
      [ [ "thread", 10 ] ],
      [ [ "paper", 1 ], [ "rolling_paper", 6 ] ],
      [ [ "gunpowder", 5 ], [ "chem_black_powder", 5 ] ]
    ]
  },
  {
    "result": "firecracker_pack",
    "type" : "recipe",
    "category": "CC_WEAPON",
    "subcategory": "CSC_WEAPON_EXPLOSIVE",
    "skill_used": "fabrication",
    "time": 3000,
    "reversible": true,
    "autolearn": true,
    "qualities" : [ { "id": "CUT", "level": 1 } ],
    "components": [
      [ [ "firecracker", 25 ] ],
      [ [ "paper", 5 ] ],
      [ [ "string_6", 1 ] ]
    ]
  },
  {
    "type" : "recipe",
    "result": "fertilizer_bomb",
    "category": "CC_WEAPON",
    "subcategory": "CSC_WEAPON_EXPLOSIVE",
    "skill_used": "cooking",
    "skills_required": ["survival", 2],
    "difficulty": 3,
    "time": 20000,
    "autolearn": true,
    "book_learn": [["adv_chemistry", 2] , ["textbook_chemistry", 2] , ["recipe_labchem", 3] , ["atomic_survival", 2]],
    "qualities":[ {"id" : "CHEM", "level" : 2 } ],
    "components": [
      [ [ "jug_plastic", 1 ], [ "jar_3l_glass", 1 ] ],
      [ [ "fertilizer_liquid", 4 ], [ "fertilizer_commercial", 4 ] ],
      [ [ "gasoline", 400 ], [ "diesel", 400 ], [ "sugar", 100 ] ],
      [ [ "string_6", 1 ], [ "rag", 1] ]
    ]
  },
  {
    "result": "flashbang",
    "type" : "recipe",
    "category": "CC_WEAPON",
    "subcategory": "CSC_WEAPON_EXPLOSIVE",
    "skill_used": "fabrication",
    "skills_required": [ "cooking", 6 ],
    "difficulty": 6,
    "time": 40000,
    "reversible": true,
    "book_learn": [ [ "recipe_labchem", 7 ], [ "textbook_anarch", 7 ] ],
    "qualities" : [ { "id": "SCREW", "level": 1 } ],
    "components": [
      [ [ "pilot_light", 1 ] ],
      [ [ "superglue", 1 ], [ "duct_tape", 75 ], [ "string_36", 1 ] ],
      [ [ "canister_empty", 1 ], [ "can_drink_unsealed", 1 ], [ "clay_canister", 1 ], [ "can_food_unsealed", 1 ] ],
      [ [ "oxy_powder", 75 ] ],
      [ [ "incendiary", 50 ] ]
    ]
  },
  {
    "result": "gasbomb_makeshift",
    "type" : "recipe",
    "//" : "Displaces older teargas recipe.  Conventional teargas grenades generally aren't trichloramine.",
    "category": "CC_WEAPON",
    "subcategory": "CSC_WEAPON_EXPLOSIVE",
    "skill_used": "cooking",
    "skills_required": [ "mechanics", 1 ],
    "difficulty": 4,
    "time": 8000,
    "autolearn": true,
    "book_learn": [ [ "textbook_gaswarfare", 3 ] ],
    "qualities" : [ { "id": "SCREW", "level": 1 } ],
    "components": [
      [ [ "bleach", 2 ], [ "oxy_powder", 200 ] ],
      [ [ "ammonia", 2 ], [ "lye_powder", 200 ] ],
      [ [ "canister_empty", 1 ], [ "can_food_unsealed", 1 ], [ "can_drink_unsealed", 1 ] ],
      [ [ "superglue", 1 ] ]
    ]
  },
  {
    "result": "grenade",
    "type" : "recipe",
    "category": "CC_WEAPON",
    "subcategory": "CSC_WEAPON_EXPLOSIVE",
    "skill_used": "fabrication",
    "skills_required": [ "mechanics", 1 ],
    "difficulty": 2,
    "time": 5000,
    "reversible": true,
    "autolearn": true,
    "qualities" : [ { "id": "SCREW", "level": 1 } ],
    "components": [
      [ [ "pilot_light", 1 ] ],
      [ [ "superglue", 1 ], [ "duct_tape", 75 ], [ "string_36", 1 ] ],
      [ [ "canister_empty", 1 ], [ "can_drink_unsealed", 1 ], [ "clay_canister", 1], [ "can_food_unsealed", 1 ] ],
      [ [ "bb", 100 ], [ "nail", 30 ] ],
      [ [ "gunpowder", 72 ], [ "chem_black_powder", 72 ], [ "shot_he", 3 ], [ "shot_flechette", 12 ], [ "shot_00", 12 ], [ "shot_slug", 12 ], [ "shot_bird", 24 ] ]
    ]
  },
  {
    "result": "matchbomb",
    "type" : "recipe",
    "category": "CC_WEAPON",
    "subcategory": "CSC_WEAPON_EXPLOSIVE",
    "skill_used": "fabrication",
    "difficulty": 3,
    "time": 10000,
    "autolearn": true,
    "tools": [ [ [ "matches", 20 ] ] ],
    "components": [
      [ [ "string_6", 1 ] ],
      [ [ "bottle_glass", 1 ], [ "clay_canister", 1 ], [ "flask_glass", 1 ], [ "jar_glass", 1 ] ]
    ]
  },
  {
    "result": "mininuke",
    "type" : "recipe",
    "category": "CC_WEAPON",
    "subcategory": "CSC_WEAPON_EXPLOSIVE",
    "skill_used": "mechanics",
    "skills_required": [ "electronics", 5 ],
    "difficulty": 10,
    "time": 360000,
    "reversible": true,
    "decomp_learn": 10,
    "book_learn": [[ "recipe_lab_elec", 5 ]],
    "qualities" : [
      { "id": "SCREW", "level": 1 },
      { "id": "WRENCH", "level": 1 }
    ],
    "components": [
      [ [ "can_food_unsealed", 2 ], [ "steel_chunk", 2 ], [ "scrap", 6 ], [ "canister_empty", 1 ], [ "can_drink_unsealed", 2 ] ],
      [ [ "grenade", 1 ], [ "40mm_frag", 2 ], [ "40mm_concussive", 2 ] ],
      [ [ "plut_cell", 6 ] ],
      [ [ "battery", 2 ] ],
      [ [ "power_supply", 1 ] ]
    ]
  },
  {
    "result": "molotov",
    "type" : "recipe",
    "category": "CC_WEAPON",
    "subcategory": "CSC_WEAPON_EXPLOSIVE",
    "skill_used": "fabrication",
    "time": 500,
    "reversible": true,
    "autolearn": true,
    "components": [
      [ [ "rag", 1 ] ],
      [ [ "bottle_glass", 1 ], [ "flask_glass", 1 ], [ "clay_canister", 1 ] ],
      [ [ "gasoline", 500 ], [ "diesel", 500 ], [ "chem_ethanol", 500 ], [ "denat_alcohol", 500 ], [ "lamp_oil", 500 ] ]
    ]
  },
  {
    "result": "nail_bomb",
    "type" : "recipe",
    "category": "CC_WEAPON",
    "subcategory": "CSC_WEAPON_EXPLOSIVE",
    "skill_used": "fabrication",
    "skills_required": [ "mechanics", 1 ],
    "difficulty": 2,
    "time": 5000,
    "reversible": true,
    "autolearn": true,
    "components": [
      [ [ "superglue", 1 ], [ "duct_tape", 75 ], [ "string_36", 1 ] ],
      [ [ "bottle_glass", 1 ], [ "clay_canister", 1 ], [ "flask_glass", 1 ] ],
      [ [ "nail", 40 ] ],
      [ [ "gunpowder", 72 ], [ "chem_black_powder", 72 ], [ "shot_he", 3 ], [ "shot_flechette", 12 ], [ "shot_00", 12 ], [ "shot_slug", 12 ], [ "shot_bird", 24 ] ]
    ]
  },
  {
    "result": "pipebomb",
    "type" : "recipe",
    "category": "CC_WEAPON",
    "subcategory": "CSC_WEAPON_EXPLOSIVE",
    "skill_used": "fabrication",
    "difficulty": 1,
    "time": 5000,
    "reversible": true,
    "autolearn": true,
    "qualities": [ { "id": "SAW_M", "level": 1 } ],
    "components": [
      [ [ "pipe", 1 ] ],
      [ [ "gunpowder", 72 ], [ "chem_black_powder", 72 ], [ "shot_he", 3 ], [ "shot_flechette", 12 ], [ "shot_00", 12 ], [ "shot_slug", 12 ], [ "shot_bird", 24 ] ],
      [ [ "string_6", 1 ] ]
    ]
  },
  {
    "result": "scrambler",
    "type" : "recipe",
    "category": "CC_WEAPON",
    "subcategory": "CSC_WEAPON_EXPLOSIVE",
    "skill_used": "electronics",
    "skills_required": [ "computer", 4 ],
    "difficulty": 8,
    "time": 32000,
    "reversible": true,
    "book_learn": [ [ "textbook_anarch", 8 ] , [ "advanced_electronics", 8 ] ],
    "using": [ [ "soldering_standard", 6 ] ],
    "qualities" : [ { "id": "SCREW", "level": 1 } ],
    "components": [
      [ [ "EMPbomb", 1 ] ],
      [ [ "antenna", 1 ] ],
      [ [ "transponder", 1 ] ],
      [ [ "e_scrap", 2 ] ]
    ]
  },
  {
    "result": "smokebomb",
    "type" : "recipe",
    "category": "CC_WEAPON",
    "subcategory": "CSC_WEAPON_EXPLOSIVE",
    "skill_used": "cooking",
    "skills_required": [ "mechanics", 1 ],
    "difficulty": 3,
    "time": 7500,
    "autolearn": true,
    "qualities" : [ { "id": "SCREW", "level": 1 } ],
    "components": [
      [ [ "water", 1 ], [ "water_clean", 1 ], [ "salt_water", 1 ], [ "saline", 5 ] ],
      [ [ "candy", 1 ], [ "cola", 1 ] ],
      [ [ "vitamins", 10 ], [ "aspirin", 8 ] ],
      [ [ "canister_empty", 1 ], [ "can_food_unsealed", 1 ], [ "clay_canister", 1], [ "can_drink_unsealed", 1 ] ],
      [ [ "superglue", 1 ] ]
    ]
  },
  {
    "result": "tool_anfo_charge",
    "type" : "recipe",
    "category": "CC_WEAPON",
    "subcategory": "CSC_WEAPON_EXPLOSIVE",
    "skill_used": "cooking",
    "difficulty": 7,
    "time": 120000,
    "reversible": true,
    "book_learn": [ [ "manual_launcher", 7 ], [ "textbook_anarch", 8 ] ],
    "tools": [ [ [ "welder", 20 ], [ "welder_crude", 30 ], [ "toolset", 30 ], [ "soldering_iron", 30 ] ] ],
    "components": [
      [ [ "keg", 1 ], [ "keg_steel", 1 ] ],
      [ [ "chem_anfo", 70 ] ] ,
      [ [ "dynamite", 2 ] ]
    ]
  },
  {
    "result": "tool_black_powder_bomb",
    "type" : "recipe",
    "category": "CC_WEAPON",
    "subcategory": "CSC_WEAPON_EXPLOSIVE",
    "skill_used": "fabrication",
    "difficulty": 2,
    "time": 15000,
    "reversible": true,
    "book_learn": [ [ "manual_launcher", 2 ], [ "textbook_anarch", 3 ] ],
    "qualities": [ { "id": "SAW_M", "level": 1 } ],
    "components": [
      [ [ "can_drink_unsealed", 1 ] ],
      [ [ "chem_black_powder", 100 ] ],
      [ [ "string_6", 1 ] ]
    ]
  },
  {
    "result": "tool_black_powder_charge",
    "type" : "recipe",
    "category": "CC_WEAPON",
    "subcategory": "CSC_WEAPON_EXPLOSIVE",
    "skill_used": "fabrication",
    "difficulty": 4,
    "time": 25000,
    "reversible": true,
    "book_learn": [ [ "manual_launcher", 4 ], [ "textbook_anarch", 5 ] ],
    "qualities": [ { "id": "SAW_M", "level": 1 } ],
    "components": [
      [ [ "jug_plastic", 1 ] ],
      [ [ "chem_black_powder", 600 ] ],
      [ [ "scrap", 20 ] ],
      [ [ "string_6", 1 ] ]
    ]
  },
  {
    "result": "tool_rdx_charge",
    "type" : "recipe",
    "category": "CC_WEAPON",
    "subcategory": "CSC_WEAPON_EXPLOSIVE",
    "skill_used": "fabrication",
    "difficulty": 9,
    "time": 300000,
    "reversible": true,
    "using": [ [ "cordage", 5 ] ],
    "book_learn": [ [ "manual_launcher", 9 ] ],
    "qualities": [ { "id": "SAW_M", "level": 1 } ],
    "components": [
      [ [ "keg", 1 ], [ "keg_steel", 1] ],
      [ [ "chem_rdx", 60 ] ],
      [ [ "chem_hmtd", 200 ] ],
      [ [ "scrap", 50 ] ]
    ]
  },
  {
    "result": "tool_rdx_sand_bomb",
    "type" : "recipe",
    "category": "CC_WEAPON",
    "subcategory": "CSC_WEAPON_EXPLOSIVE",
    "skill_used": "fabrication",
    "difficulty": 4,
    "time": 30000,
    "reversible": true,
    "book_learn": [[ "manual_launcher", 4 ] , [ "textbook_anarch", 5 ]],
    "qualities": [ { "id": "SAW_M", "level": 1 } ],
    "components": [
      [ [ "pipe", 1 ] ],
      [ [ "chem_rdx", 2 ] ],
      [ [ "chem_hmtd", 1 ] ],
      [ [ "string_6", 1 ] ],
      [ [ "material_sand", 50 ] ]
    ]
  }
]
