[
  {
    "method": "json",
    "object": {
      "place_item": [
        { "item": "television", "repeat": 1, "x": 11, "y": 2 },
        { "item": "down_blanket", "repeat": 1, "x": 6, "y": 4 },
        { "item": "toaster", "repeat": 1, "x": 12, "y": 11 },
        { "item": "lawnmower", "repeat": 1, "x": 17, "y": 20 }
      ],
      "furniture": {
        "#": "f_null",
        "&": "f_trashcan",
        "+": "f_null",
        "-": "f_null",
        ".": "f_null",
        "4": "f_null",
        "6": "f_null",
        "B": "f_bed",
        "C": "f_null",
        "D": "f_dryer",
        "F": "f_fridge",
        "H": "f_armchair",
        "I": "f_indoor_plant",
        "L": "f_null",
        "P": "f_null",
        "S": "f_null",
        "T": "f_table",
        "W": "f_null",
        "^": "f_indoor_plant",
        "_": "f_null",
        "a": "f_null",
        "b": "f_sofa",
        "c": "f_null",
        "d": "f_null",
        "e": "f_table",
        "f": "f_bluebell",
        "g": "f_cupboard",
        "h": "f_counter",
        "i": "f_chair",
        "j": "f_washer",
        "k": "f_bathtub",
        "l": "f_null",
        "m": "f_fireplace",
        "n": "f_counter",
        "o": "f_oven",
        "p": "f_null",
        "q": "f_toilet",
        "r": "f_sink",
        "s": "f_null",
        "t": "f_null",
        "u": "f_null",
        "v": "f_null",
        "w": "f_null",
        "x": "f_chair",
        "y": "f_dandelion",
        "{": "f_dresser",
        "|": "f_null"
      },
      "place_items": [
        { "chance": 50, "item": "pantry", "x": 12, "y": 10 },
        { "chance": 25, "item": "tools_mechanic", "x": 20, "y": 18 },
        { "chance": 25, "item": "clothing_male", "x": 12, "y": 6 },
        { "chance": 25, "item": "softdrugs", "x": 2, "y": 15 },
        { "chance": 15, "item": "stoner", "x": 10, "y": 6 },
        { "chance": 15, "item": "stoner", "x": 2, "y": 4 },
        { "chance": 45, "item": "tools_common", "x": 21, "y": 18 },
        { "chance": 35, "item": "tools_earthworking", "x": 19, "y": 20 },
        { "chance": 35, "item": "bath_linens", "x": 2, "y": 11 },
        { "chance": 80, "item": "fridge", "x": 12, "y": 9 },
        { "chance": 75, "item": "dresser_male", "x": 5, "y": 6 },
        { "chance": 35, "item": "alcohol", "x": 10, "y": 15 },
        { "chance": 35, "item": "alcohol", "x": 10, "y": 13 }
      ],
      "place_monsters": [ { "chance": 5, "density": 1, "monster": "GROUP_ZOMBIE", "x": 7, "y": 10 } ],
      "rows": [
        "..ffSffS.ssfSfs..ppppp..",
        ".||w|||||d|W||s..pppppC.",
        ".|ccccc|___TH|s..pppppC.",
        ".|ecccB|_____ws..pppppC.",
        ".|eiccB|_____|s..pppppC.",
        "#|ccccc|_____ws..pppppC.",
        ".|ccc{^|__bbb|s..pppppCP",
        ".||d||||__||||s..pppppC.",
        ".|&_______llo|s..pppppC.",
        ".W________llF|sP|+++++|#",
        ".|D_______|lgwsP|6tttt|.",
        ".|j_______|lg|sP|ttttt|#",
        ".|||d|____||||sP|ttttt|.",
        ".|kLL|____H__|sP|ttttt|.",
        "#|LLL|I_____m|sP|ttttt|.",
        "#|nqr|T___H__|sP|ttttt|.",
        ".|||||||uv||||sP|ttttt|.",
        ".CSS..Paaaasssss|ttttt|.",
        ".CS..PPaaaa...PPdttxhh|.",
        ".C#...PPPPPPPP..|||||||.",
        ".CS.4...P.........#.PSC.",
        ".C.P......###..y.P.#SSC#",
        ".C--------------------C.",
        ".......#...#........#..."
      ],
      "terrain": {
        "#": "t_underbrush",
        "&": "t_floor",
        "+": "t_door_metal_locked",
        "-": "t_chainfence_h",
        ".": "t_grass",
        "4": "t_tree_pine",
        "6": "t_gates_mech_control",
        "B": "t_carpet_purple",
        "C": "t_chainfence_v",
        "D": "t_floor",
        "F": "t_linoleum_gray",
        "H": "t_floor",
        "I": "t_floor",
        "L": "t_linoleum_white",
        "P": "t_palisade_gate_o",
        "S": "t_shrub",
        "T": "t_floor",
        "W": "t_window",
        "^": "t_carpet_purple",
        "_": "t_floor",
        "a": "t_concrete",
        "b": "t_floor",
        "c": "t_carpet_purple",
        "d": "t_door_c",
        "e": "t_carpet_purple",
        "f": "t_grass",
        "g": "t_linoleum_gray",
        "h": "t_thconc_floor",
        "i": "t_carpet_purple",
        "j": "t_floor",
        "k": "t_linoleum_white",
        "l": "t_linoleum_gray",
        "m": "t_floor",
        "n": "t_linoleum_white",
        "o": "t_linoleum_gray",
        "p": "t_pavement",
        "q": "t_linoleum_white",
        "r": "t_linoleum_white",
        "s": "t_sidewalk",
        "t": "t_thconc_floor",
        "u": "t_door_glass_c",
        "v": "t_wall_glass",
        "w": "t_window_domestic",
        "x": "t_thconc_floor",
        "y": "t_grass",
        "{": "t_carpet_purple",
        "|": "t_wall"
      }
    },
    "om_terrain": "house",
    "type": "mapgen",
    "weight": 100
  },
  {
    "method": "json",
    "object": {
      "place_item": [
        { "item": "television", "repeat": 1, "x": 9, "y": 3 },
        { "item": "pillow", "repeat": 1, "x": 20, "y": 3 },
        { "item": "television", "repeat": 1, "x": 20, "y": 5 },
        { "item": "pillow", "repeat": 1, "x": 20, "y": 9 },
        { "item": "joint_roach", "repeat": 1, "x": 4, "y": 20 },
        { "item": "lawnmower", "repeat": 1, "x": 14, "y": 21 }
      ],
      "furniture": {
        "#": "f_null",
        "&": "f_sink",
        "+": "f_null",
        "-": "f_null",
        ".": "f_null",
        "4": "f_null",
        "A": "f_armchair",
        "B": "f_bluebell",
        "C": "f_cupboard",
        "F": "f_fridge",
        "H": "f_sofa",
        "S": "f_null",
        "T": "f_table",
        "_": "f_null",
        "a": "f_null",
        "b": "f_bed",
        "c": "f_null",
        "d": "f_null",
        "e": "f_bench",
        "f": "f_dandelion",
        "g": "f_chair",
        "h": "f_toilet",
        "i": "f_bathtub",
        "j": "f_null",
        "k": "f_null",
        "m": "f_null",
        "o": "f_oven",
        "p": "f_null",
        "r": "f_null",
        "s": "f_null",
        "t": "f_null",
        "w": "f_null",
        "{": "f_dresser",
        "|": "f_null"
      },
      "place_items": [
        { "chance": 45, "item": "tools_home", "x": 5, "y": 17 },
        { "chance": 45, "item": "camping", "x": 13, "y": 21 },
        { "chance": 35, "item": "softdrugs", "x": 16, "y": 10 },
        { "chance": 25, "item": "homebooks", "x": 9, "y": 10 },
        { "chance": 35, "item": "stoner", "x": 20, "y": 4 },
        { "chance": 25, "item": "kitchen_nonfood", "x": 7, "y": 9 },
        { "chance": 50, "item": "magazines", "x": 7, "y": 3 },
        { "chance": 75, "item": "pantry", "x": 13, "y": 10 },
        { "chance": 15, "item": "clutter_yard", "x": 16, "y": 20 },
        { "chance": 15, "item": "clutter_yard", "x": 8, "y": 15 },
        { "chance": 15, "item": "clutter_yard", "x": 14, "y": 12 },
        { "chance": 80, "item": "fridge", "x": 7, "y": 10 },
        { "chance": 15, "item": "supplies_fuel", "x": 5, "y": 18 },
        { "chance": 75, "item": "dresser_male", "x": 19, "y": 3 },
        { "chance": 80, "item": "dresser_female", "x": 20, "y": 7 }
      ],
      "rows": [
        ".ppppsssssss............",
        ".pppp..f#B#s..##Bf##B...",
        ".pppp.|ww||+|||w|||w||..",
        ".pppp.|H_Tr_|TT_|_|{b|..",
        ".ppppd|H__r_|g__+_|_b|#.",
        ".ppppd|_____|||||_+_Tw#.",
        ".ppppf|A__________||||##",
        ".pppp.||||________+_{|-c",
        ".ppppd|Co___|+|||+|__|#c",
        ".pppp.w&__r_|_|h&_|_bw#c",
        ".pppp.|F_Tr_|C|i__|_b|dc",
        ".pppp.||ww|+|||||||w||dc",
        ".ppppsjsssssdd.df###dddc",
        "|ttttt|a..............dc",
        "|ttttt+a........ee.....c",
        "|ttttt|d...ddd.....d...c",
        "|ttttt|#d...d..........c",
        "|tttttw#d..............c",
        "|ttttt|d......d........c",
        "|||||||#d..............c",
        "c###d##4#...|+||...k...c",
        "cS#...##...#|mm|#.....#c",
        "cS###....##S||||##..###c",
        "------------------------"
      ],
      "terrain": {
        "#": "t_underbrush",
        "&": "t_floor",
        "+": "t_door_c",
        "-": "t_chainfence_h",
        ".": "t_grass",
        "4": "t_tree_pine",
        "A": "t_floor",
        "B": "t_grass",
        "C": "t_floor",
        "F": "t_floor",
        "H": "t_floor",
        "S": "t_shrub",
        "T": "t_floor",
        "_": "t_floor",
        "a": "t_concrete",
        "b": "t_floor",
        "c": "t_chainfence_v",
        "d": "t_dirt",
        "e": "t_grass",
        "f": "t_grass",
        "g": "t_floor",
        "h": "t_floor",
        "i": "t_floor",
        "j": "t_chaingate_c",
        "k": "t_shrub_blueberry",
        "m": "t_metal_floor",
        "o": "t_floor",
        "p": "t_pavement",
        "r": "t_railing_v",
        "s": "t_sidewalk",
        "t": "t_thconc_floor",
        "w": "t_window",
        "{": "t_floor",
        "|": "t_wall"
      }
    },
    "om_terrain": "house",
    "type": "mapgen",
    "weight": 100
  },
  {
    "method": "json",
    "object": {
      "place_item": [
        { "item": "pillow", "repeat": 1, "x": 11, "y": 10 },
        { "item": "television", "repeat": 1, "x": 2, "y": 12 },
        { "item": "lawnmower", "repeat": 1, "x": 7, "y": 20 }
      ],
      "furniture": {
        "#": "f_null",
        "&": "f_sink",
        "+": "f_null",
        "-": "f_null",
        ".": "f_null",
        "4": "f_null",
        "7": "f_null",
        "B": "f_bathtub",
        "C": "f_cupboard",
        "D": "f_dresser",
        "F": "f_fridge",
        "H": "f_sofa",
        "S": "f_null",
        "T": "f_trashcan",
        "W": "f_null",
        "^": "f_indoor_plant",
        "_": "f_null",
        "a": "f_armchair",
        "b": "f_bed",
        "c": "f_null",
        "d": "f_null",
        "e": "f_counter",
        "f": "f_toilet",
        "g": "f_null",
        "h": "f_null",
        "i": "f_null",
        "l": "f_null",
        "s": "f_null",
        "t": "f_table",
        "w": "f_null",
        "{": "f_bookcase",
        "|": "f_null"
      },
      "place_items": [
        { "chance": 20, "item": "tools_earthworking", "x": 18, "y": 9 },
        { "chance": 20, "item": "tools_earthworking", "x": 21, "y": 8 },
        { "chance": 50, "item": "magazines", "x": 8, "y": 12 },
        { "chance": 50, "item": "magazines", "x": 6, "y": 2 },
        { "chance": 65, "item": "homebooks", "x": 6, "y": 3 },
        { "chance": 80, "item": "fridge", "x": 2, "y": 6 },
        { "chance": 65, "item": "dresser_stack", "x": 15, "y": 12 },
        { "chance": 25, "item": "bed", "x": [ 2, 3 ], "y": 8 },
        { "chance": 45, "item": "tool_common_stack", "x": 6, "y": 20 },
        { "chance": 45, "item": "trash", "x": 4, "y": 2 },
        { "chance": 45, "item": "sports", "x": 6, "y": 19 },
        { "chance": 10, "item": "stoner", "x": 13, "y": 10 },
        { "chance": 55, "item": "bed", "x": [ 11, 12 ], "y": 11 },
        { "chance": 35, "item": "softdrugs", "x": 14, "y": 4 },
        { "chance": 50, "item": "kitchen_nonfood", "x": 2, "y": 4 },
        { "chance": 75, "item": "pantry", "x": 2, "y": 2 },
        { "chance": 10, "item": "shoes", "x": 4, "y": 12 },
        { "chance": 15, "item": "alcohol", "x": 8, "y": [ 8, 9 ] }
      ],
      "place_toilets": [ { "x": 14, "y": 2 } ],
      "rows": [
        "...dS...sss..SS....s....",
        ".||||||w|+|w||||||.s....",
        ".|ClT|{_____a|flB|.s....",
        ".wCll|{_____t|lll|.s..d.",
        ".|elll______a|ell|#s....",
        ".|&lll______^|&ll|#s.d..",
        ".|Flll___t___||+||#s#...",
        "d|||||__||_______|-g---.",
        ".|HHH___a|^______|#s..c.",
        ".w______t||||||+||.s..c.",
        ".|______H|_bb____|.s.dc.",
        ".|t_____H|_bb____w.s..c.",
        ".|t_____H|_____D^|.s..c#",
        ".|||Wh|||||w||||||.s..c#",
        ".cd.ssssssssssssssss.#c.",
        ".cd...................cd",
        ".c........d.....d.....c.",
        ".c....................c.",
        "dc...||i|............dc.",
        ".cd.#|..|#...d..#.7...c.",
        ".c#4.|..|##.....7..d.#c.",
        ".cS#d||||S##..#..#S.##c.",
        ".c--------------------c.",
        "......d................."
      ],
      "terrain": {
        "#": "t_underbrush",
        "&": "t_linoleum_white",
        "+": "t_door_c",
        "-": "t_chainfence_h",
        ".": "t_grass",
        "4": "t_tree_pine",
        "7": "t_tree_maple",
        "B": "t_linoleum_white",
        "C": "t_linoleum_white",
        "D": "t_floor",
        "F": "t_linoleum_white",
        "H": "t_floor",
        "S": "t_shrub",
        "T": "t_linoleum_white",
        "W": "t_wall_glass",
        "^": "t_floor",
        "_": "t_floor",
        "a": "t_floor",
        "b": "t_floor",
        "c": "t_chainfence_v",
        "d": "t_dirt",
        "e": "t_linoleum_white",
        "f": "t_linoleum_white",
        "g": "t_chaingate_c",
        "h": "t_door_glass_c",
        "i": "t_door_metal_c",
        "l": "t_linoleum_white",
        "s": "t_sidewalk",
        "t": "t_floor",
        "w": "t_window_domestic",
        "{": "t_floor",
        "|": "t_wall"
      }
    },
    "om_terrain": "house",
    "type": "mapgen",
    "weight": 100
  },
  {
    "method": "json",
    "object": {
      "place_item": [ { "item": "television", "repeat": 1, "x": 5, "y": 3 }, { "item": "television", "repeat": 1, "x": 14, "y": 7 } ],
      "furniture": {
        "#": "f_null",
        "&": "f_sink",
        "+": "f_null",
        "-": "f_null",
        ".": "f_null",
        "4": "f_null",
        "A": "f_armchair",
        "B": "f_bookcase",
        "C": "f_cupboard",
        "D": "f_null",
        "F": "f_fridge",
        "H": "f_sofa",
        "S": "f_null",
        "T": "f_toilet",
        "W": "f_null",
        "^": "f_indoor_plant",
        "_": "f_null",
        "a": "f_null",
        "b": "f_bed",
        "c": "f_null",
        "d": "f_null",
        "e": "f_null",
        "f": "f_null",
        "g": "f_bathtub",
        "h": "f_null",
        "i": "f_trashcan",
        "j": "f_fireplace",
        "k": "f_null",
        "l": "f_null",
        "o": "f_oven",
        "s": "f_null",
        "t": "f_table",
        "w": "f_null",
        "{": "f_dresser",
        "|": "f_null"
      },
      "place_items": [
        { "chance": 85, "item": "novels", "x": 12, "y": 11 },
        { "chance": 75, "item": "fridge", "x": 15, "y": 3 },
        { "chance": 45, "item": "knifeblock", "x": 14, "y": 3 },
        { "chance": 25, "item": "alcohol", "x": 12, "y": 7 },
        { "chance": 15, "item": "snacks", "x": 14, "y": 8 },
        { "chance": 75, "item": "dresser_stack", "x": 7, "y": 12 },
        { "chance": 75, "item": "dresser_stack", "x": 5, "y": 5 },
        { "chance": 65, "item": "cannedfood", "x": 13, "y": 3 },
        { "chance": 10, "item": "stoner", "x": 7, "y": 4 },
        { "chance": 35, "item": "bed", "x": [ 5, 6 ], "y": [ 9, 10 ] },
        { "chance": 55, "item": "bed", "x": [ 5, 6 ], "y": 7 },
        { "chance": 25, "item": "pool_side", "x": 14, "y": 21 },
        { "chance": 25, "item": "pool_side", "x": 19, "y": 17 },
        { "chance": 25, "item": "pool_side", "x": 14, "y": 12 },
        { "chance": 15, "item": "softdrugs", "x": 21, "y": 4 },
        { "chance": 25, "item": "magazines", "x": 19, "y": 10 },
        { "chance": 60, "item": "textbooks", "x": 12, "y": 12 },
        { "chance": 15, "item": "oven", "x": 17, "y": 3 }
      ],
      "place_monsters": [ { "chance": 3, "density": 1, "monster": "GROUP_DOGS", "x": 11, "y": 8 } ],
      "place_toilets": [ { "x": 19, "y": 3 } ],
      "rows": [
        "d......deee...d.........",
        "...dddds|+|..s.s.s.s.s..",
        "..dd||a||_|a||||a||||||.",
        "..dd|t_H|__t|CCF&o|Tlg|.",
        "..d.|t_H|___|lllll|&ll|.",
        "..d.|{__|___||lll|||+||.",
        "..d#|___+_____________|.",
        ".-h-|bb_|___H_t_A_____|.",
        ".fd#|||||^__H_t_______|d",
        ".fd.|bb_|___H_____|A__|.",
        ".fd.abb_+________i|t_j|.",
        ".fd#|___|___B||Dk||A__|.",
        ".fd#|__{|A__B|cccc|___|.",
        "df.d||||||aa||cccc|a|a|.",
        ".f.dd..ccccccccccccc.#f.",
        ".f..dddccccccccccccc..f.",
        ".f.....ccwwwwwwWWWcc..f.",
        ".f..4..ccwwwwwwWWWcc.df#",
        ".fd....ccwwwwwwWWWcc..f.",
        ".f.....ccwwwwwwWWWcc..f.",
        ".f.SSd.ccccccccccccc.4f.",
        ".f#SS..ccccccccccccc.#f.",
        ".fs#.......d........##f#",
        ".----------------------."
      ],
      "terrain": {
        "#": "t_underbrush",
        "&": "t_linoleum_white",
        "+": "t_door_c",
        "-": "t_fence_h",
        ".": "t_grass",
        "4": "t_tree_pine",
        "A": "t_floor",
        "B": "t_floor",
        "C": "t_linoleum_white",
        "D": "t_door_glass_c",
        "F": "t_linoleum_white",
        "H": "t_floor",
        "S": "t_sandbox",
        "T": "t_linoleum_white",
        "W": "t_water_sh",
        "^": "t_floor",
        "_": "t_floor",
        "a": "t_window_domestic",
        "b": "t_floor",
        "c": "t_concrete",
        "d": "t_dirt",
        "e": "t_sidewalk",
        "f": "t_fence_v",
        "g": "t_linoleum_white",
        "h": "t_fencegate_c",
        "i": "t_floor",
        "j": "t_floor",
        "k": "t_wall_glass",
        "l": "t_linoleum_white",
        "o": "t_linoleum_white",
        "s": "t_shrub",
        "t": "t_floor",
        "w": "t_water_dp",
        "{": "t_floor",
        "|": "t_wall"
      }
    },
    "om_terrain": "house",
    "type": "mapgen",
    "weight": 100
  },
  {
    "method": "json",
    "object": {
      "place_item": [ { "item": "television", "repeat": 1, "x": 5, "y": 3 }, { "item": "television", "repeat": 1, "x": 14, "y": 7 } ],
      "furniture": {
        "#": "f_null",
        "&": "f_sink",
        "+": "f_null",
        "-": "f_null",
        ".": "f_null",
        "4": "f_null",
        "A": "f_armchair",
        "B": "f_bathtub",
        "C": "f_chair",
        "D": "f_dresser",
        "F": "f_fridge",
        "H": "f_sofa",
        "S": "f_null",
        "T": "f_toilet",
        "W": "f_null",
        "^": "f_indoor_plant",
        "_": "f_null",
        "a": "f_null",
        "b": "f_bed",
        "c": "f_null",
        "d": "f_null",
        "e": "f_null",
        "f": "f_null",
        "g": "f_cupboard",
        "h": "f_null",
        "i": "f_null",
        "j": "f_fireplace",
        "k": "f_null",
        "l": "f_null",
        "m": "f_null",
        "o": "f_oven",
        "s": "f_null",
        "t": "f_table",
        "w": "f_null",
        "{": "f_bookcase",
        "|": "f_null"
      },
      "place_items": [
        { "chance": 85, "item": "novels", "x": 12, "y": 11 },
        { "chance": 75, "item": "fridge", "x": 15, "y": 3 },
        { "chance": 45, "item": "knifeblock", "x": 14, "y": 3 },
        { "chance": 25, "item": "alcohol", "x": 12, "y": 7 },
        { "chance": 15, "item": "snacks", "x": 14, "y": 8 },
        { "chance": 85, "item": "house_suicide_shotgun", "x": 19, "y": 11 },
        { "chance": 75, "item": "dresser_stack", "x": 7, "y": 12 },
        { "chance": 75, "item": "dresser_stack", "x": 5, "y": 5 },
        { "chance": 65, "item": "cannedfood", "x": 13, "y": 3 },
        { "chance": 10, "item": "stoner", "x": 7, "y": 4 },
        { "chance": 35, "item": "bed", "x": [ 5, 6 ], "y": [ 9, 10 ] },
        { "chance": 55, "item": "bed", "x": [ 5, 6 ], "y": 7 },
        { "chance": 25, "item": "pool_side", "x": 14, "y": 21 },
        { "chance": 25, "item": "pool_side", "x": 19, "y": 17 },
        { "chance": 25, "item": "pool_side", "x": 14, "y": 12 },
        { "chance": 15, "item": "softdrugs", "x": 21, "y": 4 },
        { "chance": 25, "item": "magazines", "x": 19, "y": 10 },
        { "chance": 60, "item": "textbooks", "x": 12, "y": 12 },
        { "chance": 15, "item": "oven", "x": 17, "y": 3 }
      ],
      "place_toilets": [ { "x": 19, "y": 3 } ],
      "rows": [
        "d......deee...d.........",
        "...dddds|h|..s.s.s.s.s..",
        "..dd||a||_|a||||a||||||.",
        "..dd|t_H|__t|ggF&o|TlB|.",
        "..d.|t_H|___|lllll|&ll|.",
        "..d.|D__|___||lll|||+||.",
        "..d#|___+_____________|.",
        ".-i-|bb_|___H_t_A_____|.",
        ".fd#|||||^__H_t_______|d",
        ".fd.|bb_|___H__CC_|A__|.",
        ".fd.abb_+_____D{{C|t_j|.",
        ".fd#|___|___{||km||A__|.",
        ".fd#|__D|A__{|cccc|___|.",
        "df.d||||||aa||cccc|a|a|.",
        ".f.dd..ccccccccccccc.#f.",
        ".f..dddccccccccccccc..f.",
        ".f.....ccwwwwwwWWWcc..f.",
        ".f..4..ccwwwwwwWWWcc.df#",
        ".fd....ccwwwwwwWWWcc..f.",
        ".f.....ccwwwwwwWWWcc..f.",
        ".f.SSd.ccccccccccccc.4f.",
        ".f#SS..ccccccccccccc.#f.",
        ".fs#.......d........##f#",
        ".----------------------."
      ],
      "terrain": {
        "#": "t_underbrush",
        "&": "t_linoleum_white",
        "+": "t_door_c",
        "-": "t_fence_h",
        ".": "t_grass",
        "4": "t_tree_pine",
        "A": "t_floor",
        "B": "t_linoleum_white",
        "C": "t_floor",
        "D": "t_floor",
        "F": "t_linoleum_white",
        "H": "t_floor",
        "S": "t_sandbox",
        "T": "t_linoleum_white",
        "W": "t_water_sh",
        "^": "t_floor",
        "_": "t_floor",
        "a": "t_window_boarded",
        "b": "t_floor",
        "c": "t_concrete",
        "d": "t_dirt",
        "e": "t_sidewalk",
        "f": "t_fence_v",
        "g": "t_linoleum_white",
        "h": "t_door_boarded",
        "i": "t_fencegate_c",
        "j": "t_floor",
        "k": "t_door_glass_c",
        "l": "t_linoleum_white",
        "m": "t_wall_glass",
        "o": "t_linoleum_white",
        "s": "t_shrub",
        "t": "t_floor",
        "w": "t_water_dp",
        "{": "t_floor",
        "|": "t_wall"
      }
    },
    "om_terrain": "house",
    "type": "mapgen",
    "weight": 100
  },
  {
    "method": "json",
    "object": {
      "place_item": [ { "item": "television", "repeat": 1, "x": 14, "y": 7 }, { "item": "lawnmower", "repeat": 1, "x": 12, "y": 12 } ],
      "furniture": {
        "#": "f_null",
        "&": "f_sink",
        "+": "f_null",
        "-": "f_null",
        ".": "f_null",
        "4": "f_null",
        "7": "f_null",
        "A": "f_armchair",
        "B": "f_bed",
        "C": "f_chair",
        "D": "f_dresser",
        "F": "f_fridge",
        "H": "f_sofa",
        "S": "f_null",
        "T": "f_table",
        "W": "f_null",
        "_": "f_null",
        "a": "f_null",
        "b": "f_bluebell",
        "c": "f_null",
        "d": "f_null",
        "e": "f_counter",
        "f": "f_null",
        "g": "f_cupboard",
        "h": "f_chair",
        "i": "f_chair",
        "j": "f_desk",
        "k": "f_trashcan",
        "l": "f_toilet",
        "m": "f_bathtub",
        "n": "f_null",
        "o": "f_brazier",
        "r": "f_null",
        "s": "f_null",
        "t": "f_null",
        "w": "f_null",
        "{": "f_bookcase",
        "|": "f_null"
      },
      "place_items": [
        { "chance": 25, "item": "cubical_office", "x": 8, "y": 2 },
        { "chance": 20, "item": "clutter_bedroom", "x": 3, "y": 8 },
        { "chance": 20, "item": "clutter_bedroom", "x": 18, "y": 4 },
        { "chance": 25, "item": "novels", "x": 6, "y": 14 },
        { "chance": 65, "item": "alcohol", "x": 2, "y": 3 },
        { "chance": 75, "item": "cannedfood", "x": 2, "y": 2 },
        { "chance": 15, "item": "bags", "x": 12, "y": 9 },
        { "chance": 30, "item": "softdrugs", "x": 19, "y": 9 },
        { "chance": 65, "item": "trash", "x": 2, "y": 4 },
        { "chance": 20, "item": "clutter_bathroom", "x": 20, "y": 10 },
        { "chance": 40, "item": "novels", "x": 10, "y": 10 },
        { "chance": 40, "item": "novels", "x": 16, "y": 4 },
        { "chance": 20, "item": "clutter_yard", "x": 19, "y": 20 },
        { "chance": 20, "item": "clutter_yard", "x": 5, "y": 17 },
        { "chance": 20, "item": "clutter_yard", "x": 17, "y": 14 },
        { "chance": 25, "item": "textbooks", "x": 10, "y": 2 },
        { "chance": 25, "item": "snacks", "x": 13, "y": 7 },
        { "chance": 75, "item": "dresser_stack", "x": 4, "y": 10 },
        { "chance": 75, "item": "dresser_stack", "x": 18, "y": 2 },
        { "chance": 65, "item": "bed", "x": 2, "y": [ 7, 8 ] },
        { "chance": 65, "item": "bed", "x": 21, "y": [ 2, 3 ] },
        { "chance": 85, "item": "dining", "x": 5, "y": 2 },
        { "chance": 65, "item": "magazines", "x": 10, "y": 9 }
      ],
      "place_monsters": [
        { "chance": 10, "density": 1, "monster": "GROUP_DOGS", "x": 14, "y": 15 },
        { "chance": 8, "density": 1, "monster": "GROUP_DOGS", "x": 8, "y": 6 }
      ],
      "place_toilets": [ { "x": 18, "y": 9 } ],
      "rows": [
        "..s.s.s.s.s.SSSSS.s.s...",
        ".||w|w||||||SSSSS||w|||.",
        ".|gg&eF|_hj|w|+|w|D__B|.",
        "d|e____|___|____T|___B|.",
        ".|k____||+||____{|____|.",
        ".|Th_____________|||+||.",
        ".|||||________________w.",
        ".|B__+_______TTT______|d",
        "d|B__|___________|||+||.",
        ".w___|T___{|H___H|l__e|.",
        ".|__D|A___{|H___H|m__&|.",
        ".||w||||nW|||w|w||w||||.",
        ".-b..tittttt.dsdsdsd.b-.",
        ".-b..rtttttr.........b-.",
        ".-b..tittttt.........b-.",
        "#-...rtrtrtr........#.-d",
        ".-......c....cccc..#4#-.",
        ".-b.....c...cc..cc....-#",
        ".-b.....c.cccC..Cc...#-#",
        ".-b.aa..cc....o..c..#4-.",
        "#-..aa...cc..C.Ccc...#-.",
        ".-#d......ccccccc..4.#-#",
        ".-##d....d......7.d.#s-.",
        ".ffffffffffffffffffffff."
      ],
      "terrain": {
        "#": "t_underbrush",
        "&": "t_floor",
        "+": "t_door_c",
        "-": "t_fence_v",
        ".": "t_grass",
        "4": "t_tree_pine",
        "7": "t_tree_maple",
        "A": "t_floor",
        "B": "t_floor",
        "C": "t_grass",
        "D": "t_floor",
        "F": "t_floor",
        "H": "t_floor",
        "S": "t_sidewalk",
        "T": "t_floor",
        "W": "t_wall_glass",
        "_": "t_floor",
        "a": "t_sandbox",
        "b": "t_grass",
        "c": "t_concrete",
        "d": "t_dirt",
        "e": "t_floor",
        "f": "t_fence_h",
        "g": "t_floor",
        "h": "t_floor",
        "i": "t_thconc_floor",
        "j": "t_floor",
        "k": "t_floor",
        "l": "t_floor",
        "m": "t_floor",
        "n": "t_door_glass_c",
        "o": "t_grass",
        "r": "t_rock_wall",
        "s": "t_shrub",
        "t": "t_thconc_floor",
        "w": "t_window_domestic",
        "{": "t_floor",
        "|": "t_wall"
      }
    },
    "om_terrain": "house",
    "type": "mapgen",
    "weight": 100
  },
  {
    "method": "json",
    "object": {
      "place_item": [
        { "item": "television", "repeat": 1, "x": 4, "y": 4 },
        { "item": "cannabis", "repeat": 1, "x": 18, "y": 14 },
        { "item": "cannabis", "repeat": 1, "x": 18, "y": 15 }
      ],
      "furniture": {
        "#": "f_plant_harvest",
        "&": "f_sink",
        "+": "f_null",
        "-": "f_null",
        ".": "f_null",
        "7": "f_pinball_machine",
        "A": "f_armchair",
        "B": "f_bookcase",
        "C": "f_null",
        "D": "f_null",
        "F": "f_fridge",
        "H": "f_sofa",
        "S": "f_null",
        "T": "f_table",
        "W": "f_null",
        "^": "f_indoor_plant",
        "_": "f_null",
        "a": "f_counter",
        "b": "f_bed",
        "c": "f_null",
        "d": "f_null",
        "e": "f_null",
        "f": "f_null",
        "g": "f_null",
        "h": "f_shower",
        "i": "f_toilet",
        "j": "f_null",
        "k": "f_null",
        "l": "f_null",
        "o": "f_oven",
        "p": "f_plant_harvest",
        "r": "f_null",
        "s": "f_null",
        "t": "f_table",
        "u": "f_null",
        "w": "f_null",
        "{": "f_dresser",
        "|": "f_null"
      },
      "place_items": [
        { "chance": 75, "item": "misc_smoking", "x": 4, "y": 13 },
        { "chance": 75, "item": "misc_smoking", "x": 2, "y": 10 },
        { "chance": 65, "item": "tools_earthworking", "x": 19, "y": 16 },
        { "chance": 65, "item": "tools_earthworking", "x": 17, "y": 12 },
        { "chance": 75, "item": "cannedfood", "x": 11, "y": 3 },
        { "chance": 35, "item": "tools_home", "x": 21, "y": 18 },
        { "chance": 35, "item": "tools_home", "x": 21, "y": 16 },
        { "chance": 50, "item": "stoner", "x": 4, "y": 11 },
        { "chance": 50, "item": "stoner", "x": 5, "y": [ 10, 11 ] },
        { "chance": 50, "item": "stoner", "x": 4, "y": 5 },
        { "chance": 15, "item": "magazines", "x": 2, "y": [ 12, 13 ] },
        { "chance": 30, "item": "softdrugs", "x": 9, "y": 8 },
        { "chance": 75, "item": "fridge", "x": 10, "y": 2 },
        { "chance": 50, "item": "kitchen", "x": 9, "y": 3 },
        { "chance": 50, "item": "homebooks", "x": 6, "y": 13 },
        { "chance": 50, "item": "homebooks", "x": 13, "y": 7 },
        { "chance": 15, "item": "stash_drugs", "x": 4, "y": 10 },
        { "chance": 75, "item": "dresser_stack", "x": 17, "y": [ 2, 3 ] },
        { "chance": 65, "item": "bed", "x": [ 20, 21 ], "y": [ 2, 3 ] },
        { "chance": 30, "item": "snacks", "x": 2, "y": 3 }
      ],
      "place_toilets": [ { "x": 11, "y": 8 } ],
      "rows": [
        "....s.s.s....SSS...s.s..",
        ".||W|||||||W||g|||W||||.",
        ".|_____7|&Fo|^_^|{__bb|.",
        ".|H_t___|a_a|___|{__bb|.",
        ".|H_t___________|^____|.",
        ".|H_t___________||||+||.",
        ".|______||+||_________W.",
        ".|A____^|&_h|BA_______|.",
        ".|||__|||a_i|||||||||||.",
        ".|_____^|||||s.......uc.",
        ".|H_tt__|CC.........uucu",
        ".|H_tt__jCC...|www|www|u",
        ".|H_____kCC...wddddddd|.",
        ".|tHHHB_|CCSSSldpdpdpd|.",
        ".|||W||||rr...wdpdddpd|.",
        ".c............|dpdddpd|.",
        ".c.#####D#D...wdpdpdpT|.",
        ".c.DDDDDDDD...weddpdpd|.",
        ".c.##D#s###...weeddddT|.",
        ".c.DDDDDDDD...|www|www|.",
        ".c.###D##D#.........ffc.",
        ".c...................fc.",
        ".----------------------.",
        "........................"
      ],
      "terrain": {
        "#": "t_dirt",
        "&": "t_floor",
        "+": "t_door_c",
        "-": "t_chainfence_h",
        ".": "t_grass",
        "7": "t_floor",
        "A": "t_floor",
        "B": "t_floor",
        "C": "t_concrete",
        "D": "t_dirt",
        "F": "t_floor",
        "H": "t_floor",
        "S": "t_sidewalk",
        "T": "t_dirtfloor",
        "W": "t_window_alarm",
        "^": "t_floor",
        "_": "t_floor",
        "a": "t_floor",
        "b": "t_floor",
        "c": "t_chainfence_v",
        "d": "t_dirtfloor",
        "e": "t_dirtmoundfloor",
        "f": "t_dirtmound",
        "g": "t_door_locked_alarm",
        "h": "t_floor",
        "i": "t_floor",
        "j": "t_door_metal_locked",
        "k": "t_wall_glass_alarm",
        "l": "t_door_glass_c",
        "o": "t_floor",
        "p": "t_dirtfloor",
        "r": "t_railing_h",
        "s": "t_shrub",
        "t": "t_floor",
        "u": "t_underbrush",
        "w": "t_wall_glass",
        "{": "t_floor",
        "|": "t_wall"
      }
    },
    "om_terrain": "house",
    "type": "mapgen",
    "weight": 100
  },
  {
    "method": "json",
    "object": {
      "place_item": [
        { "item": "television", "repeat": 1, "x": 7, "y": 8 },
        { "item": "splinter", "repeat": 1, "x": 22, "y": 9 },
        { "item": "lawnmower", "repeat": 1, "x": 20, "y": 19 },
        { "item": "splinter", "repeat": 1, "x": 17, "y": 21 },
        { "item": "splinter", "repeat": 1, "x": 21, "y": 21 }
      ],
      "furniture": {
        "#": "f_null",
        "&": "f_trashcan",
        "+": "f_null",
        "-": "f_null",
        ".": "f_null",
        "4": "f_null",
        "A": "f_armchair",
        "B": "f_bed",
        "C": "f_null",
        "D": "f_dresser",
        "F": "f_fridge",
        "H": "f_sofa",
        "S": "f_null",
        "T": "f_toilet",
        "W": "f_null",
        "^": "f_indoor_plant",
        "_": "f_null",
        "a": "f_null",
        "b": "f_counter",
        "c": "f_null",
        "d": "f_null",
        "e": "f_chair",
        "f": "f_null",
        "g": "f_bathtub",
        "h": "f_bench",
        "i": "f_cupboard",
        "j": "f_null",
        "k": "f_sink",
        "l": "f_null",
        "m": "f_null",
        "n": "f_sink",
        "o": "f_oven",
        "p": "f_counter",
        "q": "f_null",
        "r": "f_null",
        "s": "f_null",
        "t": "f_table",
        "w": "f_null",
        "{": "f_bookcase",
        "|": "f_null"
      },
      "place_items": [
        { "chance": 75, "item": "trash", "x": 10, "y": 4 },
        { "chance": 75, "item": "fridge", "x": 5, "y": 5 },
        { "chance": 35, "item": "magazines", "x": 13, "y": 12 },
        { "chance": 35, "item": "magazines", "x": 5, "y": 9 },
        { "chance": 35, "item": "magazines", "x": 5, "y": 7 },
        { "chance": 45, "item": "child_items", "x": 3, "y": 19 },
        { "chance": 45, "item": "child_items", "x": 5, "y": 18 },
        { "chance": 65, "item": "tools_earthworking", "x": 19, "y": 19 },
        { "chance": 75, "item": "novels", "x": 12, "y": [ 4, 5 ] },
        { "chance": 15, "item": "stoner", "x": 8, "y": 11 },
        { "chance": 65, "item": "cannedfood", "x": 7, "y": 4 },
        { "chance": 65, "item": "cannedfood", "x": 5, "y": 4 },
        { "chance": 65, "item": "pantry", "x": 6, "y": 6 },
        { "chance": 75, "item": "dresser_stack", "x": 20, "y": 6 },
        { "chance": 25, "item": "book_military", "x": 13, "y": 9 },
        { "chance": 35, "item": "alcohol", "x": 8, "y": 4 },
        { "chance": 35, "item": "bedroom", "x": 17, "y": 5 },
        { "chance": 35, "item": "softdrugs", "x": 19, "y": 9 },
        { "chance": 75, "item": "bed", "x": [ 19, 20 ], "y": 4 }
      ],
      "rows": [
        "......d......f...d......",
        "d............f..........",
        ".......dsssd|+a|dsssd..d",
        "..d.|||a|||||__|||||||..",
        "....|iobbe&|{__t|^_BB|..",
        "..C#|F_____|{___|____ad.",
        "-cjc||bkb_______+___D|c-",
        "-.C#|H__________||||||#-",
        "-.C#aH_t________+lllg|#-",
        "-.C#|H_t_____tA_|Tnpg|.-",
        "-.C.|||||a|+|||a||||||.-",
        "-.C.d..|hh___e|###..#..-",
        "-.C....w_____tw.d.....#-",
        "-.CCCCCq_____ew.....d..-",
        "-......|wwwwww|........-",
        "-d..........d.........#-",
        "-....d...........d.....-",
        "-.....................d-",
        "-..SS....d....4...WrWW#-",
        "-..SS............#WmmWs-",
        "-#......s.s.s...##WWWW#-",
        "-##s#......d...###s#s##-",
        "cccccccccccccccccccccccc",
        "........................"
      ],
      "terrain": {
        "#": "t_underbrush",
        "&": "t_floor",
        "+": "t_door_c",
        "-": "t_chainfence_v",
        ".": "t_grass",
        "4": "t_tree_pine",
        "A": "t_floor",
        "B": "t_floor",
        "C": "t_concrete",
        "D": "t_floor",
        "F": "t_floor",
        "H": "t_floor",
        "S": "t_sandbox",
        "T": "t_linoleum_white",
        "W": "t_wall_metal",
        "^": "t_floor",
        "_": "t_floor",
        "a": "t_window_domestic",
        "b": "t_floor",
        "c": "t_chainfence_h",
        "d": "t_dirt",
        "e": "t_floor",
        "f": "t_sidewalk",
        "g": "t_linoleum_white",
        "h": "t_floor",
        "i": "t_floor",
        "j": "t_chaingate_c",
        "k": "t_floor",
        "l": "t_linoleum_white",
        "m": "t_metal_floor",
        "n": "t_linoleum_white",
        "o": "t_floor",
        "p": "t_linoleum_white",
        "q": "t_door_glass_c",
        "r": "t_door_metal_c",
        "s": "t_shrub",
        "t": "t_floor",
        "w": "t_wall_glass",
        "{": "t_floor",
        "|": "t_wall"
      }
    },
    "om_terrain": "house",
    "type": "mapgen",
    "weight": 100
  },
  {
    "method": "json",
    "object": {
      "place_item": [
        { "item": "television", "repeat": 1, "x": 13, "y": 8 },
        { "item": "splinter", "repeat": 1, "x": 4, "y": 9 },
        { "item": "splinter", "repeat": 1, "x": 17, "y": 9 },
        { "item": "splinter", "repeat": 1, "x": 18, "y": 19 },
        { "item": "splinter", "repeat": 1, "x": 5, "y": 20 },
        { "item": "lawnmower", "repeat": 1, "x": 7, "y": 22 }
      ],
      "furniture": {
        "#": "f_null",
        "&": "f_sink",
        "+": "f_null",
        "-": "f_null",
        ".": "f_null",
        "4": "f_null",
        "7": "f_null",
        "B": "f_bench",
        "C": "f_counter",
        "D": "f_null",
        "F": "f_fridge",
        "H": "f_sofa",
        "S": "f_null",
        "T": "f_toilet",
        "^": "f_indoor_plant",
        "_": "f_null",
        "a": "f_armchair",
        "b": "f_bed",
        "c": "f_null",
        "d": "f_dresser",
        "e": "f_bathtub",
        "f": "f_null",
        "g": "f_null",
        "m": "f_null",
        "o": "f_oven",
        "s": "f_null",
        "t": "f_table",
        "w": "f_null",
        "{": "f_bookcase",
        "|": "f_null"
      },
      "place_items": [
        { "chance": 15, "item": "bags", "x": 15, "y": 9 },
        { "chance": 40, "item": "alcohol", "x": 15, "y": 7 },
        { "chance": 75, "item": "fridge", "x": 8, "y": 12 },
        { "chance": 45, "item": "magazines", "x": 12, "y": 5 },
        { "chance": 75, "item": "garden_shed", "x": 8, "y": 20 },
        { "chance": 75, "item": "trash", "x": 8, "y": 11 },
        { "chance": 35, "item": "softdrugs", "x": 14, "y": 12 },
        { "chance": 75, "item": "dresser_stack", "x": 8, "y": 9 },
        { "chance": 65, "item": "cannedfood", "x": 10, "y": 12 },
        { "chance": 65, "item": "tools_earthworking", "x": 9, "y": 20 },
        { "chance": 55, "item": "book_survival", "x": 12, "y": 6 },
        { "chance": 75, "item": "bed", "x": [ 8, 9 ], "y": 7 },
        { "chance": 65, "item": "kitchen_nonfood", "x": 10, "y": 13 }
      ],
      "place_monsters": [ { "chance": 6, "density": 1, "monster": "GROUP_HOUSE", "x": 12, "y": 10 } ],
      "place_toilets": [ { "x": 15, "y": 12 } ],
      "rows": [
        "...........S.._.........",
        "...........S.........._.",
        "_...#.4..__SS...4#......",
        "......s.__|+w|..#.....#.",
        "......___.|ft|......_...",
        "......_..#|f{|sss..#....",
        "...#.#_||||f{||w|.#7#...",
        "..._s#_wbb|fffat|#..#...",
        "....#7_|ff|fftfH|.##..._",
        ".....#_|df+fftfHw.#7#...",
        ".#..#._||||ffff^|#.#....",
        "..#7#s_w&ffff|+||s_..#..",
        "._.###_|FfCff|fT|#......",
        "....#7_|ofCff|e&|##.....",
        ".....#_||w|D|||||#_.....",
        "......___BBccc.s##...#..",
        "..._#.#__ccccc7##.......",
        ".......7__...###7#......",
        "........._......#....._.",
        "..#....--g-#.._....#....",
        "_.....#-mm-##.....#s#...",
        "...#..s----s#.#...##....",
        "...._...s####......._...",
        "............_..........."
      ],
      "terrain": {
        "#": "t_underbrush",
        "&": "t_floor",
        "+": "t_door_c",
        "-": "t_wall_metal",
        ".": "t_grass",
        "4": "t_tree_pine",
        "7": "t_tree",
        "B": "t_concrete",
        "C": "t_floor",
        "D": "t_door_locked",
        "F": "t_floor",
        "H": "t_floor",
        "S": "t_sidewalk",
        "T": "t_floor",
        "^": "t_floor",
        "_": "t_dirt",
        "a": "t_floor",
        "b": "t_floor",
        "c": "t_concrete",
        "d": "t_floor",
        "e": "t_floor",
        "f": "t_floor",
        "g": "t_door_metal_c",
        "m": "t_metal_floor",
        "o": "t_floor",
        "s": "t_shrub",
        "t": "t_floor",
        "w": "t_window_domestic",
        "{": "t_floor",
        "|": "t_wall"
      }
    },
    "om_terrain": "house",
    "type": "mapgen",
    "weight": 100
  },
  {
    "method": "json",
    "object": {
      "place_item": [
        { "item": "cig_butt", "repeat": 1, "x": 9, "y": 8 },
        { "item": "pet_carrier", "repeat": 1, "x": 13, "y": 11 },
        { "item": "splinter", "repeat": 1, "x": 22, "y": 16 },
        { "item": "splinter", "repeat": 1, "x": 2, "y": 19 },
        { "item": "lawnmower", "repeat": 1, "x": 10, "y": 21 }
      ],
      "furniture": {
        "#": "f_null",
        "&": "f_sink",
        "+": "f_null",
        "-": "f_null",
        ".": "f_null",
        "4": "f_null",
        "7": "f_null",
        "A": "f_armchair",
        "B": "f_bathtub",
        "C": "f_null",
        "D": "f_null",
        "F": "f_fridge",
        "H": "f_sofa",
        "S": "f_null",
        "T": "f_trashcan",
        "W": "f_null",
        "^": "f_indoor_plant_y",
        "_": "f_null",
        "a": "f_cupboard",
        "b": "f_bed",
        "c": "f_null",
        "d": "f_null",
        "e": "f_counter",
        "f": "f_bookcase",
        "g": "f_null",
        "h": "f_washer",
        "i": "f_chair",
        "j": "f_toilet",
        "k": "f_dryer",
        "l": "f_null",
        "m": "f_null",
        "n": "f_null",
        "o": "f_oven",
        "p": "f_null",
        "s": "f_null",
        "t": "f_table",
        "w": "f_null",
        "{": "f_dresser",
        "|": "f_null"
      },
      "place_items": [
        { "chance": 35, "item": "knifeblock", "x": 4, "y": 11 },
        { "chance": 25, "item": "fridge", "x": 4, "y": 8 },
        { "chance": 15, "item": "bags", "x": 15, "y": 10 },
        { "chance": 75, "item": "bed", "x": [ 16, 17 ], "y": [ 6, 7 ] },
        { "chance": 65, "item": "dresser_stack", "x": 16, "y": 10 },
        { "chance": 10, "item": "cannedfood", "x": 5, "y": 6 },
        { "chance": 99, "item": "house_suicide_shotgun", "x": 10, "y": 9 },
        { "chance": 35, "item": "bedroom", "x": 17, "y": 8 },
        { "chance": 35, "item": "bedroom", "x": 15, "y": 6 },
        { "chance": 45, "item": "softdrugs", "x": 16, "y": 14 },
        { "chance": 45, "item": "softdrugs", "x": 16, "y": 12 },
        { "chance": 35, "item": "trash", "x": 13, "y": 14 },
        { "chance": 35, "item": "trash", "x": 11, "y": 11 },
        { "chance": 35, "item": "trash", "x": 6, "y": [ 10, 11 ] },
        { "chance": 35, "item": "trash", "x": 12, "y": 9 },
        { "chance": 35, "item": "trash", "x": 11, "y": 8 },
        { "chance": 35, "item": "trash", "x": 7, "y": 7 },
        { "chance": 35, "item": "trash", "x": 8, "y": 5 },
        { "chance": 75, "item": "camping", "x": 11, "y": 21 }
      ],
      "place_monsters": [ { "chance": 3, "density": 1, "monster": "GROUP_ZOMBIE", "x": 8, "y": 18 } ],
      "place_toilets": [ { "x": 15, "y": 12 } ],
      "place_traps": [ { "trap": "tr_nailboard", "x": 9, "y": 4 } ],
      "rows": [
        ".....d...s...........d..",
        ".........s..d...d.......",
        "...d....sss...d..dd.d...",
        ".......|gDW|....dddd....",
        "......#|___|#d#..d.dd.##",
        "...|||||__^|||||W||.d#7-",
        ".cc|aa_|___|_h|_bb|#d.#-",
        "d-#Wa_________|_bb|.d..-",
        ".-#|F______H__|___|.d#.-",
        "#-#|o______H__+___W#dd.-",
        "#-#W&______H__|_{i|#7d#-",
        ".-#|e_T|______|||||.#d.-",
        ".-.|||||______|j_B|.#d#-",
        ".-...##|Atkt__+__B|#dd#-",
        ".-....#|f{{fA_|&e_|Sd7#-",
        ".-d....||ln||||||||#d#.-",
        ".-.#...dCCCCddd..d#dd#.-",
        "d-..7#.dCCCCdddddddd4S.-",
        ".-#.#..dddddd......##..-",
        ".-.......ddd...........-",
        ".-.......wwpw#.....7...-",
        ".-...d..#wmmw##7d.....#-",
        ".-.....##wwww###.....##-",
        ".-cccccccccccccccccccccc"
      ],
      "terrain": {
        "#": "t_underbrush",
        "&": "t_floor",
        "+": "t_door_c",
        "-": "t_chainfence_v",
        ".": "t_grass",
        "4": "t_tree_pine",
        "7": "t_tree",
        "A": "t_floor",
        "B": "t_floor",
        "C": "t_concrete",
        "D": "t_door_locked",
        "F": "t_floor",
        "H": "t_floor",
        "S": "t_shrub",
        "T": "t_floor",
        "W": "t_window_boarded_noglass",
        "^": "t_floor",
        "_": "t_floor",
        "a": "t_floor",
        "b": "t_floor",
        "c": "t_chainfence_h",
        "d": "t_dirt",
        "e": "t_floor",
        "f": "t_floor",
        "g": "t_window_boarded",
        "h": "t_floor",
        "i": "t_floor",
        "j": "t_floor",
        "k": "t_floor",
        "l": "t_door_glass_c",
        "m": "t_metal_floor",
        "n": "t_wall_glass",
        "o": "t_floor",
        "p": "t_door_metal_c",
        "s": "t_sidewalk",
        "t": "t_floor",
        "w": "t_wall_metal",
        "{": "t_floor",
        "|": "t_wall"
      }
    },
    "om_terrain": "house",
    "type": "mapgen",
    "weight": 100
  },
  {
    "method": "json",
    "object": {
      "place_item": [
        { "item": "splinter", "repeat": 1, "x": 2, "y": 4 },
        { "item": "splinter", "repeat": 1, "x": 17, "y": 9 },
        { "item": "television", "repeat": 1, "x": 13, "y": 13 },
        { "item": "television", "repeat": 1, "x": 20, "y": 17 },
        { "item": "splinter", "repeat": 1, "x": 1, "y": 19 },
        { "item": "splinter", "repeat": 1, "x": 10, "y": 22 }
      ],
      "furniture": {
        "#": "f_null",
        "&": "f_sink",
        "+": "f_null",
        "-": "f_null",
        ".": "f_null",
        "4": "f_null",
        "7": "f_null",
        "B": "f_bathtub",
        "C": "f_cupboard",
        "D": "f_null",
        "H": "f_sofa",
        "S": "f_null",
        "T": "f_table",
        "^": "f_indoor_plant_y",
        "_": "f_null",
        "a": "f_armchair",
        "b": "f_bed",
        "c": "f_counter",
        "d": "f_null",
        "e": "f_toilet",
        "f": "f_fridge",
        "g": "f_null",
        "h": "f_chair",
        "o": "f_oven",
        "s": "f_null",
        "t": "f_null",
        "w": "f_null",
        "{": "f_dresser",
        "|": "f_null"
      },
      "place_items": [
        { "chance": 25, "item": "harddrugs", "x": 12, "y": 15 },
        { "chance": 25, "item": "harddrugs", "x": 10, "y": 14 },
        { "chance": 75, "item": "methchef", "x": [ 13, 14 ], "y": 20 },
        { "chance": 75, "item": "methchef", "x": 15, "y": [ 17, 18 ] },
        { "chance": 75, "item": "methchef", "x": 13, "y": [ 17, 18 ] },
        { "chance": 65, "item": "floor_trash", "x": 16, "y": 20 },
        { "chance": 65, "item": "floor_trash", "x": 16, "y": 17 },
        { "chance": 65, "item": "floor_trash", "x": 9, "y": 17 },
        { "chance": 65, "item": "floor_trash", "x": 15, "y": 15 },
        { "chance": 65, "item": "floor_trash", "x": 19, "y": 13 },
        { "chance": 65, "item": "floor_trash", "x": 11, "y": 13 },
        { "chance": 65, "item": "floor_trash", "x": 6, "y": 12 },
        { "chance": 65, "item": "floor_trash", "x": 17, "y": 11 },
        { "chance": 75, "item": "bed", "x": [ 10, 11 ], "y": 17 },
        { "chance": 75, "item": "bed", "x": [ 20, 21 ], "y": [ 14, 15 ] },
        { "chance": 75, "item": "bed", "x": [ 13, 14 ], "y": 11 },
        { "chance": 35, "item": "alcohol", "x": 4, "y": 11 },
        { "chance": 65, "item": "dresser_stack", "x": 21, "y": 11 },
        { "chance": 75, "item": "magazines", "x": 13, "y": 15 },
        { "chance": 65, "item": "cannedfood", "x": 4, "y": 14 }
      ],
      "place_monsters": [ { "chance": 6, "density": 0.05, "monster": "GROUP_ZOMBIE", "x": 13, "y": 4 } ],
      "place_toilets": [ { "x": 5, "y": 17 } ],
      "rows": [
        ".....d...ss....d........",
        "........#ss.............",
        "........#ss...#...4.....",
        ".4.d.#...ss#...7...S.4..",
        ".........ss#.....#.d...d",
        "....7.S.#ss...S.4.......",
        "..#......ss.#..d...#..#.",
        ".....#d#|tt|tt|...#7#...",
        "...##4##ttttttt#........",
        "d...####ttttttt##.d#S...",
        "...||||||D||-|||-|||-||.",
        ".#.|C__|___^_bb___|__{|.",
        "...-o_____________+___|#",
        "..d|f________TT___|___|#",
        "...|c&c|__a_______|_bb|d",
        "..#|||||____HHH___|_bb|.",
        "..#|B__+____||||__|||||.",
        ".#.|Be&|__bb|T_T____TT|.",
        "..#|||||g||||T_T_____h|.",
        "d...#d##..##|_________w.",
        "..S..####7.d|TT_______|.",
        ".....#4#S#..|||||||w|||.",
        "..#...#........##d..#...",
        "........d............d.."
      ],
      "terrain": {
        "#": "t_underbrush",
        "&": "t_floor",
        "+": "t_door_curtain_c",
        "-": "t_window_domestic_taped",
        ".": "t_grass",
        "4": "t_tree_pine",
        "7": "t_tree",
        "B": "t_floor",
        "C": "t_floor",
        "D": "t_door_c",
        "H": "t_floor",
        "S": "t_shrub",
        "T": "t_floor",
        "^": "t_floor",
        "_": "t_floor",
        "a": "t_floor",
        "b": "t_floor",
        "c": "t_floor",
        "d": "t_dirt",
        "e": "t_floor",
        "f": "t_floor",
        "g": "t_door_boarded_damaged",
        "h": "t_floor",
        "o": "t_floor",
        "s": "t_sidewalk",
        "t": "t_thconc_floor",
        "w": "t_window_boarded_noglass",
        "{": "t_floor",
        "|": "t_wall"
      }
    },
    "om_terrain": "house",
    "type": "mapgen",
    "weight": 100
  }
]
