[
  {
    "type": "mapgen",
    "method": "json",
    "om_terrain": [ "house" ],
    "weight": 150,
    "object": {
      "fill_ter": "t_floor",
      "rows": [
        "..ssssss.......p.sss....",
        ".lssssssl.....T.#sss#...",
        "..ssssss........#sss#...",
        "..ssssss..#######sss##..",
        "..ssssss---vvv---v;v--..",
        "..ssssss|      Y    P|..",
        "..ssssssv  n?        |..",
        "..ssssssvn n?        v..",
        "..ssssssv  n?        |..",
        "..ssssss|           Cv..",
        "..|--;--|    l   c  c|..",
        "..|h         |   c  Ov..",
        "..vn        hc   c  u|..",
        "..vn        hc      Cv..",
        "..|h         |      f|..",
        "..|------+---|--~=~--|..",
        "..|tii+      |.......q..",
        "..vii-|      v..bbb..q..",
        "..|SC|o      v..nnn..q..",
        "..|--|o  @@ d|..bbb..q..",
        "..|r ;o  @@ d|......Tq..",
        "..|-----v----|QQQggQQQ..",
        "........................",
        "........................"
      ],
      "set": [
        { "point": "terrain", "id": "t_dirt", "x": [ 0, 0 ], "y": [ 0, 23 ], "repeat": [ 6, 10 ] },
        { "point": "terrain", "id": "t_dirt", "x": [ 1, 1 ], "y": [ 2, 23 ], "repeat": [ 5, 9 ] },
        { "point": "terrain", "id": "t_dirt", "x": [ 22, 23 ], "y": [ 0, 23 ], "repeat": [ 8, 15 ] },
        { "point": "terrain", "id": "t_dirt", "x": [ 19, 20 ], "y": [ 16, 20 ], "repeat": [ 2, 4 ] },
        { "point": "terrain", "id": "t_dirt", "x": [ 14, 15 ], "y": [ 16, 21 ], "repeat": [ 2, 4 ] },
        { "point": "terrain", "id": "t_dirt", "x": [ 9, 13 ], "y": [ 0, 2 ], "repeat": [ 4, 7 ] },
        { "point": "terrain", "id": "t_dirt", "x": [ 1, 22 ], "y": [ 23, 23 ], "repeat": [ 5, 10 ] }
      ],
      "terrain": {
        "+": "t_door_c",
        "-": "t_wall",
        ".": "t_grass",
        "p": "t_grass",
        ";": "t_door_locked",
        "?": "t_floor",
        "@": "t_floor",
        "C": "t_floor",
        "O": "t_floor",
        "P": "t_floor",
        "Q": "t_fence_h",
        "S": "t_linoleum_gray",
        "T": "t_tree",
        "c": "t_floor",
        "d": "t_floor",
        "f": "t_floor",
        "Y": "t_floor",
        "h": "t_floor",
        "i": "t_linoleum_gray",
        "n": "t_floor",
        "o": "t_floor",
        "q": "t_fence_v",
        "r": "t_floor",
        "s": "t_sidewalk",
        "t": "t_linoleum_gray",
        "u": "t_floor",
        "v": "t_window_domestic",
        "|": "t_wall",
        "b": "t_grass",
        "=": "t_door_glass_c",
        "l": "t_column",
        "#": "t_shrub",
        "g": "t_fencegate_c",
        "~": "t_wall_glass"
      },
      "furniture": {
        "?": "f_sofa",
        "@": "f_bed",
        "C": "f_cupboard",
        "O": "f_oven",
        "P": "f_indoor_plant",
        "S": "f_sink",
        "c": "f_counter",
        "p": "f_mailbox",
        "Y": "f_rack_coat",
        "d": "f_dresser",
        "f": "f_fridge",
        "h": "f_chair",
        "n": "f_table",
        "o": "f_bookcase",
        "r": "f_rack",
        "u": "f_sink",
        "b": "f_bench",
        "t": "f_table"
      },
      "toilets": { "t": {  } },
      "items": {
        "Y": { "item": "coat_rack", "chance": 35, "repeat": [ 1, 4 ] },
        "p": { "item": "mail", "chance": 20, "repeat": [ 1, 5 ] }
      },
      "place_loot": [
        { "group": "magazines", "x": [ 11, 11 ], "y": [ 6, 8 ], "chance": 50, "repeat": [ 1, 4 ] },
        { "group": "homebooks", "x": [ 6, 6 ], "y": [ 18, 19 ], "chance": 80, "repeat": [ 1, 2 ] },
        { "group": "livingroom", "x": [ 14, 20 ], "y": [ 6, 7 ], "chance": 90, "repeat": [ 1, 3 ] },
        { "group": "dining", "x": [ 13, 13 ], "y": [ 12, 13 ], "chance": 80, "repeat": [ 1, 2 ] },
        { "group": "fridge", "x": [ 20, 20 ], "y": [ 14, 14 ], "chance": 90, "repeat": [ 1, 5 ] },
        { "group": "oven", "x": [ 20, 20 ], "y": [ 11, 11 ], "chance": 75, "repeat": [ 1, 3 ] },
        { "group": "kitchen", "x": [ 20, 20 ], "y": [ 9, 9 ], "chance": 85, "repeat": [ 1, 2 ] },
        { "group": "kitchen", "x": [ 20, 20 ], "y": [ 13, 13 ], "chance": 85, "repeat": [ 1, 2 ] },
        { "group": "dresser", "x": [ 12, 12 ], "y": [ 19, 20 ], "chance": 90, "repeat": [ 1, 4 ] },
        { "group": "drugs_rare", "x": [ 3, 3 ], "y": [ 20, 20 ], "chance": 5, "repeat": [ 1, 2 ] },
        { "group": "harddrugs", "x": [ 3, 3 ], "y": [ 20, 20 ], "chance": 15, "repeat": [ 1, 2 ] },
        { "group": "dining", "x": [ 17, 17 ], "y": [ 10, 12 ], "chance": 80, "repeat": [ 1, 3 ] },
        { "group": "groce_premade", "x": [ 16, 18 ], "y": [ 18, 18 ], "chance": 85, "repeat": [ 1, 3 ] },
        { "group": "bed", "x": [ 9, 10 ], "y": [ 19, 20 ], "chance": 90, "repeat": [ 1, 3 ] },
        { "group": "cleaning", "x": [ 4, 4 ], "y": [ 18, 18 ], "chance": 80, "repeat": [ 1, 2 ] },
        { "group": "bedroom", "x": [ 8, 12 ], "y": [ 16, 18 ], "chance": 80, "repeat": [ 1, 3 ] },
        { "group": "guns_pistol_common", "x": [ 3, 3 ], "y": [ 20, 20 ], "chance": 75, "ammo": 95, "magazine": 100 },
        { "item": "television", "x": [ 9, 9 ], "y": [ 7, 7 ], "chance": 75 }
      ],
      "place_monsters": [ { "monster": "GROUP_ZOMBIE", "x": [ 2, 21 ], "y": [ 2, 21 ], "chance": 6 } ],
      "place_vehicles": [ { "vehicle": "suburban_home", "x": 4, "y": 4, "chance": 15, "fuel": 80, "status": 50, "rotation": 270 } ]
    }
  }
]
