[
  {
    "type": "snippet",
    "category": "tip",
    "text": [ "Fires can spread easily, especially with abundance of fuel." ]
  },
  {
    "type": "snippet",
    "category": "tip",
    "text": [ "Even without electricity ovens can be useful fire containers." ]
  },
  {
    "type": "snippet",
    "category": "tip",
    "text": [ "Light itself doesn't draw zombies, it's sight, noise or smell." ]
  },
  {
    "type": "snippet",
    "category": "tip",
    "text": [ "Moose may not be your friend." ]
  },
  {
    "type": "snippet",
    "category": "tip",
    "text": [ "Turnout gear protects from fire but not from overheating." ]
  },
  {
    "type": "snippet",
    "category": "tip",
    "text": [ "Peek around corners.  You may see your enemy before it sees you." ]
  },
  {
    "type": "snippet",
    "category": "tip",
    "text": [ "Cold food lasts longer.  Find a cool basement or make a root cellar." ]
  },
  {
    "type": "snippet",
    "category": "tip",
    "text": [ "You died?  That's a part of the experience.  Try again with what you've learned." ]
  },
  {
    "type": "snippet",
    "category": "tip",
    "text": [ "Freezing food?  Put it by a fire or heat it up in a pan." ]
  },
  {
    "type": "snippet",
    "category": "tip",
    "text": [ "Underground cave or a basement is always cool, but never freezes." ]
  },
  {
    "type": "snippet",
    "category": "tip",
    "text": [ "Afraid of wild life?  Yell untill it goes away.  But beware of what comes instead." ]
  },
  {
    "type": "snippet",
    "category": "tip",
    "text": [ "Animals and zombies are not friends.  You can take advantage of that." ]
  },
  {
    "type": "snippet",
    "category": "tip",
    "text": [ "Door is not the only way in.  Or out if that matters." ]
  },
  {
    "type": "snippet",
    "category": "tip",
    "text": [ "Don't fight against the odds.  There's no shame in running to survive." ]
  },
  {
    "type": "snippet",
    "category": "tip",
    "text": [ "You don't have to sit next to fire to use it." ]
  },
  {
    "type": "snippet",
    "category": "tip",
    "text": [ "Many items have special actions.  Try to find out what they do." ]
  },
  {
    "type": "snippet",
    "category": "tip",
    "text": [ "Dangerous place is not always equal to good loot.  Use your head." ]
  },
  {
    "type": "snippet",
    "category": "tip",
    "text": [ "Getting in is not a problem.  Think of way out and don't get cornered." ]
  },
  {
    "type": "snippet",
    "category": "tip",
    "text": [ "There is often more then one way to achieve something.  Think outside of the box." ]
  },
  {
    "type": "snippet",
    "category": "tip",
    "text": [ "Survival order: shelter, water, food, then everything else." ]
  },
  {
    "type": "snippet",
    "category": "tip",
    "text": [ "Balance armor versus encumbrance.  Even dropping a backpack can help in melee." ]
  },
  {
    "type": "snippet",
    "category": "tip",
    "text": [ "Scared of melee?  Throw some things at enemies and use reach weapons like spears." ]
  },
  {
    "type": "snippet",
    "category": "tip",
    "text": [ "Makeshift weapons can break easily, but they are weapons, and can be made again." ]
  },
  {
    "type": "snippet",
    "category": "tip",
    "text": [ "Not much survives a car at 120mph.  Can you?" ]
  },
  {
    "type": "snippet",
    "category": "tip",
    "text": [ "You don't want an overgrown cockroach in your rotten food.  Get rid of it." ]
  },
  {
    "type": "snippet",
    "category": "tip",
    "text": [ "Medicine can help you survive in a pinch but avoid overdose and addictions." ]
  },
  {
    "type": "snippet",
    "category": "tip",
    "text": [ "Use your map wisely.  Prioritize looting places that will get yout what you need." ]
  },
  {
    "type": "snippet",
    "category": "tip",
    "text": [ "Wounds heal over time.  Bandaging and disinfecting can speed up the process." ]
  },
  {
    "type": "snippet",
    "category": "tip",
    "text": [ "Don't get grabbed by zombies.  Their bites can be infectious." ]
  },
  {
    "type": "snippet",
    "category": "tip",
    "text": [ "Feeling odd after waking up?  Try eating healthier and your health may improve." ]
  },
  {
    "type": "snippet",
    "category": "tip",
    "text": [ "Eat well or your health might suffer.  Fast food is only good in a pinch." ]
  },
  {
    "type": "snippet",
    "category": "tip",
    "text": [ "Nature can provide.  You can live off the land if you learn how." ]
  },
  {
    "type": "snippet",
    "category": "tip",
    "text": [ "Raw food and water from unsafe sources can't be healthy?  Right?" ]
  },
  {
    "type": "snippet",
    "category": "tip",
    "text": [ "Why walk all day to nearest town when you can adapt a vehicle?" ]
  },
  {
    "type": "snippet",
    "category": "tip",
    "text": [ "Food from before cataclysm won't last forever.  Keep that in mind." ]
  },
  {
    "type": "snippet",
    "category": "tip",
    "text": [ "You can make unusual things from usual stuff.  Go full MacGyver style if needed." ]
  },
  {
    "type": "snippet",
    "category": "tip",
    "text": [ "There are fungi you want to eat, and those you want to burn.  You'll know the difference." ]
  },
  {
    "type": "snippet",
    "category": "tip",
    "text": [ "Having a backup weapon is wise.  So is having a backup plan." ]
  },
  {
    "type": "snippet",
    "category": "tip",
    "text": [ "Windows can't stop zombies but they can stop gas, bile, and smoke.  And your smell." ]
  },
  {
    "type": "snippet",
    "category": "tip",
    "text": [ "Wet and angry?  A dry towel will bring your smile back." ]
  },
  {
    "type": "snippet",
    "category": "tip",
    "text": [ "Like to gamble?  Use mutagen!  Be a winner today!" ]
  },
  {
    "type": "snippet",
    "category": "tip",
    "text": [ "Smoking and napping is asking for more than a hole in your shirt." ]
  },
  {
    "type": "snippet",
    "category": "tip",
    "text": [ "You're on fire?  Stop and wait to put it out." ]
  },
  {
    "type": "snippet",
    "category": "tip",
    "text": [ "Why it's called chicken walker?  Because you'll chicken out every time you'll see it." ]
  },
  {
    "type": "snippet",
    "category": "tip",
    "text": [ "Routine kills.  Stay alert! Don't let your guard down." ]
  },
  {
    "type": "snippet",
    "category": "tip",
    "text": [ "Most medicine doesn't work instantly, so just don't swallow whole bottle of pills." ]
  },
  {
    "type": "snippet",
    "category": "tip",
    "text": [ "Famous last words:  Let's poke this electric zombie with a metal stick." ]
  },
  {
    "type": "snippet",
    "category": "tip",
    "text": [ "A full stomach will not solve your starvation.  Give it time and eat regularly." ]
  },
  {
    "type": "snippet",
    "category": "tip",
    "text": [ "Be mindful of environmental protection of your gear.  It can take you places." ]
  },
  {
    "type": "snippet",
    "category": "tip",
    "text": [ "Don't overlook protective gear, like gas masks or turnout gear.  You never know." ]
  },
  {
    "type": "snippet",
    "category": "tip",
    "text": [ "Out of resources?  Breaking or disassembling stuff can yield interesting components." ]
  },
  {
    "type": "snippet",
    "category": "tip",
    "text": [ "Food's shelf life is not given.  Storage conditions matter, especially temperature." ]
  },
  {
    "type": "snippet",
    "category": "tip",
    "text": [ "Frozen food doesn't rot, but may be inedible if not defrosted." ]
  },
  {
    "type": "snippet",
    "category": "tip",
    "text": [ "Some dry foods can be eaten frozen.  Some foods become mushy after defrosting." ]
  },
  {
    "type": "snippet",
    "category": "tip",
    "text": [ "Thirsty on a long winter journey?  Take a thermos with you." ]
  },
  {
    "type": "snippet",
    "category": "tip",
    "text": [ "'Tis but a scratch?'  Bandage and disinfect it anyway to speed up healing." ]
  },
  {
    "type": "snippet",
    "category": "tip",
    "text": [ "Broken limb pinned you down?  Hospital might have next gen tech to get you going." ]
  }
]
