[
  {
    "method": "json",
    "om_terrain": "dollarstore",
    "type": "mapgen",
    "flags": [ "SIDEWALK" ],
    "weight": 100,
    "object": {
      "furniture": {
        "#": "f_counter",
        "&": "f_trashcan",
        "+": "f_null",
        "-": "f_null",
        "l": "f_stool",
        ".": "f_null",
        "P": "f_sign",
        "_": "f_null",
        "d": "f_null",
        "{": "f_rack",
        "|": "f_null"
      },
      "place_items": [
        { "chance": 10, "repeat": [ 1, 3 ], "item": "trash", "x": 20, "y": 6 },
        { "chance": 10, "repeat": [ 1, 4 ], "item": "trash", "x": 4, "y": 6 },
        { "chance": 35, "repeat": [ 1, 4 ], "item": "dollar_clothes", "x": [ 15, 17 ], "y": 13 },
        { "chance": 35, "repeat": [ 4, 8 ], "item": "dollar_clothes", "x": [ 15, 17 ], "y": [ 16, 17 ] },
        { "chance": 35, "repeat": [ 4, 8 ], "item": "dollar_food", "x": 20, "y": [ 13, 19 ] },
        { "chance": 35, "repeat": [ 1, 2 ], "item": "dollar_books", "x": 5, "y": 10 },
        { "chance": 35, "repeat": [ 1, 2 ], "item": "dollar_books", "x": 9, "y": 10 },
        { "chance": 35, "repeat": [ 1, 2 ], "item": "dollar_books", "x": 13, "y": 10 },
        { "chance": 35, "repeat": [ 1, 2 ], "item": "dollar_books", "x": 17, "y": 10 },
        { "chance": 35, "repeat": [ 3, 6 ], "item": "dollar_books", "x": [ 10, 14 ], "y": 20 },
        { "chance": 35, "repeat": [ 3, 6 ], "item": "dollar_tools", "x": 4, "y": [ 13, 19 ] },
        { "chance": 35, "repeat": [ 2, 5 ], "item": "dollar_tools", "x": [ 5, 8 ], "y": 20 },
        { "chance": 35, "repeat": [ 5, 13 ], "item": "dollar_kitchen", "x": [ 11, 12 ], "y": [ 13, 17 ] }
      ],
      "place_vehicles": [
        { "chance": 75, "fuel": 0, "rotation": 90, "status": 1, "vehicle": "shopping_cart", "x": [ 9, 10 ], "y": [ 11, 19 ] }
      ],
      "rows": [
        "..d....d............d...",
        ".............dd.........",
        "d..d....................",
        "......d..d......d.....d.",
        "........................",
        "...||-P-|++|-P-|---|||..",
        ".d.|&_______________&|..",
        "...|_________________|..",
        "..d|__#___#___#___#__|d.",
        "...|_l#__l#__l#__l#__|..",
        "d..|_##__##__##__##__|..",
        "...|_________________|.d",
        "...|_________________|..",
        "...|{__{{__{{__{{{__{|..",
        ".d.|{__{{__{{_______{|..",
        "...|{__{{__{{_______{|..",
        "...|{__{{__{{__{{{__{|.d",
        "...|{__{{__{{__{{{__{|..",
        "..d|{_______________{|..",
        "...|{_______________{|..",
        "d..|_{{{{_{{{{{_{{{{_|..",
        "...|||||||||||||||||||..",
        ".....d...........d......",
        ".d.......d.............d"
      ],
      "terrain": {
        "#": "t_floor",
        "&": "t_floor",
        "l": "t_floor",
        "+": "t_reinforced_door_glass_c",
        "-": "t_wall_glass",
        ".": "t_grass",
        "P": "t_wall_glass",
        "_": "t_floor",
        "d": "t_dirt",
        "{": "t_floor",
        "|": "t_wall_wood"
      },
      "place_signs": [ { "signage": "Dollar Store", "x": 6, "y": 5 }, { "signage": "OPEN 24/7!", "x": 13, "y": 5 } ]
    }
  },
  {
    "method": "json",
    "om_terrain": "dollarstore",
    "type": "mapgen",
    "flags": [ "SIDEWALK" ],
    "weight": 100,
    "object": {
      "furniture": {
        "#": "f_counter",
        "+": "f_null",
        "-": "f_null",
        ".": "f_null",
        "_": "f_null",
        "l": "f_stool",
        "d": "f_null",
        "s": "f_null",
        "{": "f_rack",
        "|": "f_null"
      },
      "place_items": [
        { "chance": 10, "repeat": [ 1, 4 ], "item": "dollar_books", "x": 10, "y": [ 8, 10 ] },
        { "chance": 10, "repeat": [ 1, 8 ], "item": "dollar_books", "x": 20, "y": [ 13, 19 ] },
        { "chance": 35, "repeat": [ 8, 18 ], "item": "dollar_clothes", "x": [ 10, 17 ], "y": [ 13, 14 ] },
        { "chance": 35, "repeat": [ 6, 15 ], "item": "dollar_tools", "x": 3, "y": [ 7, 19 ] },
        { "chance": 35, "repeat": [ 4, 11 ], "item": "dollar_kitchen", "x": [ 6, 7 ], "y": [ 8, 12 ] },
        { "chance": 35, "repeat": [ 3, 10 ], "item": "dollar_kitchen", "x": [ 6, 7 ], "y": [ 14, 18 ] },
        { "chance": 35, "repeat": [ 1, 10 ], "item": "dollar_food", "x": [ 10, 17 ], "y": [ 17, 18 ] }
      ],
      "place_vehicles": [
        { "chance": 75, "fuel": 0, "rotation": 0, "status": -1, "vehicle": "shopping_cart", "x": [ 15, 16 ], "y": [ 3, 5 ] },
        {
          "chance": 75,
          "fuel": 0,
          "rotation": 180,
          "status": 0,
          "vehicle": "shopping_cart",
          "x": [ 17, 19 ],
          "y": [ 3, 5 ]
        }
      ],
      "rows": [
        "sssssssssssssssssssssss_",
        "ssssssssssssssssssssssss",
        "___d_____dss||------||__",
        "___d____d_ss+........|__",
        "__________ss+........|d_",
        "d_||---|---||........|__",
        "__|..................|__",
        "__|{.................|__",
        "__|{..{{..{..#..#..#.|__",
        "__|{..{{..{..#l.#l.#l|__",
        "__|{..{{..{..##.##.##|__",
        "__|{..{{.............|__",
        "__|{..{{.............|__",
        "_d|{......{{{{{{{{..{|_d",
        "__|{..{{..{{{{{{{{..{|__",
        "__|{..{{............{|__",
        "__|{..{{............{|__",
        "__|{..{{..{{{{{{{{..{|__",
        "__|{..{{..{{{{{{{{..{|__",
        "d_|{................{|d_",
        "__|..................|__",
        "__||||||||||||||||||||__",
        "__d_______d_____________",
        "______d_________d_______"
      ],
      "terrain": {
        "#": "t_floor",
        "+": "t_reinforced_door_glass_c",
        "-": "t_wall_glass_alarm",
        ".": "t_floor",
        "l": "t_floor",
        "_": "t_grass",
        "d": "t_dirt",
        "s": "t_sidewalk",
        "{": "t_floor",
        "|": "t_wall"
      }
    }
  }
]
