[
  {
    "method": "json",
    "object": {
      "furniture": {
        "#": "f_null",
        "&": "f_trashcan",
        ".": "f_null",
        "4": "f_null",
        "7": "f_null",
        "B": "f_brazier",
        "D": "f_dandelion",
        "T": "f_null",
        "W": "f_null",
        "_": "f_null",
        "a": "f_bench",
        "b": "f_bench",
        "c": "f_boulder_small",
        "d": "f_null",
        "f": "f_dandelion",
        "o": "f_boulder_small",
        "t": "f_table",
        "w": "f_null"
      },
      "place_items": [
        { "chance": 15, "item": "barbecue", "x": 19, "y": 4 },
        { "chance": 10, "item": "barbecue", "x": 16, "y": 4 },
        { "chance": 10, "item": "barbecue", "x": 15, "y": 3 },
        { "chance": 15, "item": "barbecue", "x": 12, "y": 1 },
        { "chance": 15, "item": "trash", "x": 12, "y": 1 }
      ],
      "rows": [
        ".....fd........d........",
        "........f...&........d..",
        ".f...........7..........",
        "........bttb..bttb......",
        "..D..fB.bttb..bttb.B....",
        "....4...bttb..btta.....W",
        ".....d..............___W",
        "d.4............_______WW",
        "...#..f......_____WWWWWw",
        ".....7..4..._WW__WWWWwww",
        "..T.........WWWWWWWwwwww",
        "4.....#...4.WWWWWwwwwwww",
        "##.#4.......WWWwwwwwwwww",
        ".#.#...#.....WWwwwwwwwww",
        "#7#..7...#...WWwwwwwwwww",
        "...#.#.#..7..Wwwwwwwwwww",
        "#.4....#....Wwwwwwwwwwww",
        ".#..c##4....Wwwwwwwwwwww",
        "4.#..#..#.#dWwwwwwWWwwww",
        ".#d#.7.......WwwwW...WWW",
        "7..4####.4....WW...o....",
        ".o#..d.#.#.#.4.#.....#.4",
        ".4..##4.#.o7.#.T.4#.7.4#",
        "#.7.T.##..4..#..#.4..#.#"
      ],
      "terrain": {
        "#": "t_underbrush",
        "&": "t_grass",
        ".": "t_grass",
        "4": "t_tree_pine",
        "7": "t_tree_maple",
        "B": "t_grass",
        "D": "t_dirt",
        "T": "t_tree_deadpine",
        "W": "t_water_sh",
        "_": "t_sand",
        "a": "t_dirt",
        "b": "t_grass",
        "c": "t_tree_deadpine",
        "d": "t_dirt",
        "f": "t_grass",
        "o": "t_grass",
        "t": "t_grass",
        "w": "t_water_dp"
      },
      "place_monsters": [
        { "monster": "GROUP_POND_BIRD", "x": [ 16, 23 ], "y": [ 11, 17 ], "repeat": 2 },
        { "monster": "GROUP_POND_FISH", "x": [ 12, 23 ], "y": [ 8, 20 ], "repeat": 3 }
      ]
    },
    "om_terrain": "PublicPond_1a",
    "type": "mapgen",
    "weight": 100
  },
  {
    "method": "json",
    "object": {
      "furniture": {
        "#": "f_null",
        ".": "f_null",
        "4": "f_null",
        "7": "f_null",
        "B": "f_bench",
        "P": "f_sign",
        "S": "f_null",
        "_": "f_null",
        "a": "f_null",
        "b": "f_bench",
        "c": "f_cattails",
        "d": "f_null",
        "i": "f_cattails",
        "o": "f_boulder_small",
        "s": "f_null",
        "|": "f_null"
      },
      "place_items": [
        { "chance": 5, "item": "stoner", "x": 21, "y": 5 },
        { "chance": 3, "item": "creepy", "x": 15, "y": 18 },
        { "chance": 10, "item": "forest", "x": 3, "y": 22 },
        { "chance": 10, "item": "forest", "x": 20, "y": 20 }
      ],
      "rows": [
        "......d........d........",
        ".....................d..",
        "....bbb....bbb..........",
        "....d.SSSSS.........b...",
        "..d..SSS||SSd.......b7..",
        "S...SSsS||sSSS...d..b..d",
        "SS__SsssssssSSS....daaa.",
        "SS__sssssssssSS__Pa.....",
        "ss__sssssssssss__S......",
        "ss__sssssssss____sS.d...",
        "ss__sssssssssss_BssS....",
        "ss__sssssssssss_Bsss....",
        "sssssssssssss____sssS...",
        "ssssssssssssssssssssS.#.",
        "sssssssssssssssssssSod..",
        "ssssssssssssssssss......",
        "ssssssssssssssssssS7...7",
        "ssssssssssssssssssS.#...",
        "ssssssssssssssssssS...#.",
        "SSiicccssscissssssS.4..7",
        ".#..iiicsi..#icsss.#d...",
        "4.7#7o#.#d4.d.#SSS..#7.o",
        ".#4.#.4.#7.#o7...#...4.#",
        ".7#.7##4.#.4#..4#o.7..#."
      ],
      "terrain": {
        "#": "t_underbrush",
        ".": "t_grass",
        "4": "t_tree_pine",
        "7": "t_tree_maple",
        "B": "t_dock",
        "P": "t_sand",
        "S": "t_swater_sh",
        "_": "t_dock",
        "a": "t_sand",
        "b": "t_grass",
        "c": "t_swater_dp",
        "d": "t_dirt",
        "i": "t_swater_sh",
        "o": "t_grass",
        "s": "t_swater_dp",
        "|": "t_rock"
      },
      "place_signs": [ { "signage": "NO lifeguard on duty, swim at own risk!", "x": 17, "y": 7 } ],
      "place_monsters": [
        { "monster": "GROUP_POND_FISH", "x": [ 4, 11 ], "y": [ 7, 18 ], "repeat": 2 },
        { "monster": "GROUP_POND_BIRD", "x": [ 6, 16 ], "y": [ 4, 21 ], "repeat": 3 }
      ]
    },
    "om_terrain": "PublicPond_1b",
    "type": "mapgen",
    "weight": 100
  }
]
