[
  {
    "method": "json",
    "object": {
      "place_item": [ { "item": "chainsaw_off", "chance": 20, "x": 3, "y": 10 }, { "item": "saw", "chance": 70, "x": 3, "y": 10 } ],
      "furniture": {
        "#": "f_table",
        "&": "f_trashcan",
        "+": "f_null",
        "-": "f_null",
        ".": "f_null",
        "1": "f_null",
        "4": "f_null",
        "D": "f_null",
        "P": "f_sign",
        "_": "f_null",
        "c": "f_chair",
        "d": "f_desk",
        "w": "f_null",
        "|": "f_null"
      },
      "place_items": [
        { "chance": 30, "item": "tools_common", "x": 4, "y": 11 },
        { "chance": 20, "repeat": [ 1, 4 ], "item": "trash", "x": 4, "y": 3 },
        { "chance": 30, "item": "tools_earthworking", "x": 3, "y": 11 },
        { "chance": 30, "item": "tools_earthworking", "x": 3, "y": 9 },
        { "chance": 30, "item": "tools_earthworking", "x": 4, "y": 9 },
        { "chance": 20, "repeat": [ 1, 2 ], "item": "office", "x": 3, "y": 5 }
      ],
      "rows": [
        "........................",
        "....PP..................",
        "..-w--..................",
        "..-_&-....1..1..1..1..1.",
        "..wc_+..................",
        "..-d_-..................",
        "..-w--....1..1..1..1..1.",
        "........................",
        "..||||..................",
        "..|##|....1..1..1..1..1.",
        "..|#D+..................",
        "..|##|..................",
        "..||||....4..4..4..4..4.",
        "........................",
        "........................",
        ".4..4..4..4..4..4..4..4.",
        "........................",
        "........................",
        ".4..4..4..4..4..4..4..4.",
        "........................",
        "........................",
        ".4..4..4..4..4..4..4..4.",
        "........................",
        "........................"
      ],
      "terrain": {
        "#": "t_dirtfloor",
        "&": "t_floor",
        "+": "t_door_c",
        "-": "t_wall",
        ".": [
          "t_grass",
          "t_grass",
          "t_grass",
          "t_grass",
          "t_grass",
          "t_grass",
          "t_grass",
          "t_grass",
          "t_grass",
          "t_grass",
          "t_grass",
          "t_grass",
          "t_underbrush",
          "t_dirt",
          "t_dirt"
        ],
        "1": "t_tree_young",
        "4": "t_tree_pine",
        "D": "t_dirtfloor",
        "P": "t_grass",
        "_": "t_floor",
        "c": "t_floor",
        "d": "t_floor",
        "w": "t_window",
        "|": "t_wall_wood"
      },
      "place_signs": [
        { "signage": "<given_name>'s Tree Farm, call us at 555-8758!", "x": 4, "y": 1 },
        { "signage": "Christmas trees available early winter!", "x": 5, "y": 1 }
      ]
    },
    "om_terrain": "TreeFarm_1a",
    "type": "mapgen",
    "weight": 100
  },
  {
    "method": "json",
    "object": {
      "furniture": { ".": "f_null", "1": "f_null", "4": "f_null" },
      "rows": [
        "........................",
        "........................",
        "........................",
        ".1..1..1..1..1..1..1..1.",
        "........................",
        "........................",
        ".1..1..1..1..1..1..1..1.",
        "........................",
        "........................",
        ".1..1..1..1..1..1..1..1.",
        "........................",
        "........................",
        ".4..4..4..4..4..4..4..4.",
        "........................",
        "........................",
        ".4..4..4..4..4..4..4..4.",
        "........................",
        "........................",
        ".4..4..4..4..4..4..4..4.",
        "........................",
        "........................",
        ".4..4..4..4..4..4..4..4.",
        "........................",
        "........................"
      ],
      "terrain": {
        ".": [
          "t_grass",
          "t_grass",
          "t_grass",
          "t_grass",
          "t_grass",
          "t_grass",
          "t_grass",
          "t_grass",
          "t_grass",
          "t_grass",
          "t_grass",
          "t_grass",
          "t_underbrush",
          "t_dirt",
          "t_dirt"
        ],
        "1": "t_tree_young",
        "4": "t_tree_pine"
      }
    },
    "om_terrain": "TreeFarm_1b",
    "type": "mapgen",
    "weight": 100
  }
]
