[
  {
    "id": "water_clean",
    "copy-from": "water",
    "type": "COMESTIBLE",
    "name": "clean water",
    "name_plural": "clean water",
    "description": "Fresh, clean water.  Truly the best thing to quench your thirst.",
    "color": "light_cyan"
  },
  {
    "id": "water_mineral",
    "copy-from": "water",
    "type": "COMESTIBLE",
    "name": "mineral water",
    "name_plural": "mineral water",
    "description": "Fancy mineral water, so fancy it makes you feel fancy just holding it.",
    "container": "bottle_plastic",
    "proportional": { "quench": 1.2 },
    "relative": { "fun": 1 }
  }
]
