[
  {
    "type": "mapgen",
    "method": "json",
    "om_terrain": [ "house" ],
    "weight": 200,
    "object": {
      "fill_ter": "t_floor",
      "rows": [
        "..ssssssss...s..........",
        ".lsssssssslp.s.....T....",
        ".|ssssssss|#.s.xXxXx....",
        ".|sssssssr|#.s..........",
        ".|sssssssr|#.s.XxXxX....",
        ".|sssssssr|#.s..........",
        ".|ssssssss|##s#|vvv|....",
        ".|sssssccc|-v;v-???-|gq.",
        ".|---;----|P       o|.q.",
        ".|r+               o|.q.",
        ".|---+--+-|C        |.q.",
        ".|dd  |BiS|O    hnh v.q.",
        ".|    |Bic|C    hnh v.q.",
        ".|@@  |-iS|u    hnh v.q.",
        ".|@@ P|tiC|f        |.q.",
        ".|-vv---v-----~==~--|.q.",
        ".q....................q.",
        ".q.................T..q.",
        ".q.|----v+v|..mmmm....q.",
        ".q.|r      v..........q.",
        ".q.|  h    v..mmmm....q.",
        ".q.| kkk oo|..........q.",
        ".QQ--vvv----QQQQQQQQQQq.",
        "........................"
      ],
      "set": [
        { "point": "terrain", "id": "t_dirt", "x": [ 0, 0 ], "y": [ 0, 23 ], "repeat": [ 6, 10 ] },
        { "point": "terrain", "id": "t_dirt", "x": [ 23, 23 ], "y": [ 0, 23 ], "repeat": [ 6, 10 ] },
        { "point": "terrain", "id": "t_dirt", "x": [ 2, 21 ], "y": [ 16, 17 ], "repeat": [ 5, 10 ] },
        { "point": "terrain", "id": "t_dirt", "x": [ 20, 23 ], "y": [ 0, 6 ], "repeat": [ 3, 6 ] },
        { "point": "terrain", "id": "t_dirt", "x": [ 14, 15 ], "y": [ 2, 5 ], "repeat": [ 3, 6 ] },
        { "point": "terrain", "id": "t_dirt", "x": [ 12, 13 ], "y": [ 18, 21 ], "repeat": [ 3, 6 ] },
        { "point": "terrain", "id": "t_dirt", "x": [ 21, 21 ], "y": [ 8, 15 ], "repeat": [ 3, 6 ] },
        { "point": "terrain", "id": "t_dirt", "x": [ 18, 21 ], "y": [ 18, 21 ], "repeat": [ 5, 10 ] }
      ],
      "terrain": {
        "+": "t_door_c",
        "-": "t_wall",
        ".": "t_grass",
        "p": "t_grass",
        ";": "t_door_locked",
        "?": "t_floor",
        "@": "t_floor",
        "B": "t_linoleum_gray",
        "C": "t_floor",
        "O": "t_floor",
        "P": "t_floor",
        "Q": "t_fence_h",
        "m": "t_dirtmound",
        "S": "t_linoleum_gray",
        "T": "t_tree",
        "c": "t_linoleum_gray",
        "d": "t_floor",
        "f": "t_floor",
        "h": "t_floor",
        "i": "t_linoleum_gray",
        "k": "t_floor",
        "n": "t_floor",
        "o": "t_floor",
        "q": "t_fence_v",
        "r": "t_floor",
        "s": "t_sidewalk",
        "t": "t_linoleum_gray",
        "u": "t_floor",
        "v": "t_window_domestic",
        "|": "t_wall",
        "=": "t_door_glass_c",
        "l": "t_column",
        "#": "t_shrub",
        "g": "t_fencegate_c",
        "X": "t_shrub_blueberry",
        "x": "t_shrub_strawberry",
        "~": "t_wall_glass"
      },
      "furniture": {
        "?": "f_sofa",
        "@": "f_bed",
        "B": "f_bathtub",
        "C": "f_cupboard",
        "O": "f_oven",
        "P": "f_indoor_plant",
        "S": "f_sink",
        "c": "f_counter",
        "d": "f_dresser",
        "f": "f_fridge",
        "h": "f_chair",
        "p": "f_mailbox",
        "k": "f_desk",
        "n": "f_table",
        "o": "f_bookcase",
        "r": "f_rack",
        "u": "f_sink",
        "t": "f_table"
      },
      "toilets": { "t": {  } },
      "items": { "p": { "item": "mail", "chance": 30, "repeat": [ 2, 5 ] } },
      "place_loot": [
        { "group": "magazines", "x": [ 5, 7 ], "y": [ 21, 21 ], "chance": 80, "repeat": [ 1, 2 ] },
        { "group": "homebooks", "x": [ 9, 10 ], "y": [ 21, 21 ], "chance": 70, "repeat": [ 1, 3 ] },
        { "group": "homebooks", "x": [ 19, 19 ], "y": [ 8, 9 ], "chance": 85, "repeat": [ 1, 3 ] },
        { "group": "livingroom", "x": [ 13, 15 ], "y": [ 9, 13 ], "chance": 40, "repeat": [ 1, 4 ] },
        { "group": "dining", "x": [ 17, 17 ], "y": [ 11, 13 ], "chance": 70, "repeat": [ 1, 3 ] },
        { "group": "fridge", "x": [ 11, 11 ], "y": [ 14, 14 ], "chance": 75, "repeat": [ 1, 5 ] },
        { "group": "oven", "x": [ 11, 11 ], "y": [ 11, 11 ], "chance": 75, "repeat": [ 1, 3 ] },
        { "group": "kitchen", "x": [ 11, 11 ], "y": [ 12, 12 ], "chance": 85, "repeat": [ 1, 2 ] },
        { "group": "kitchen", "x": [ 11, 11 ], "y": [ 10, 10 ], "chance": 85, "repeat": [ 1, 2 ] },
        { "group": "dresser", "x": [ 2, 3 ], "y": [ 11, 11 ], "chance": 90, "repeat": [ 1, 5 ] },
        { "group": "softdrugs", "x": [ 9, 9 ], "y": [ 14, 14 ], "chance": 80, "repeat": [ 1, 2 ] },
        { "group": "drugs_heal_simple", "x": [ 9, 9 ], "y": [ 12, 12 ], "chance": 80, "repeat": [ 1, 2 ] },
        { "group": "farming_seeds", "x": [ 4, 4 ], "y": [ 19, 19 ], "chance": 85, "repeat": [ 1, 4 ] },
        { "group": "hydro", "x": [ 14, 17 ], "y": [ 18, 18 ], "chance": 90, "repeat": [ 1, 4 ] },
        { "group": "hydro", "x": [ 14, 17 ], "y": [ 20, 20 ], "chance": 90, "repeat": [ 1, 4 ] },
        { "group": "tools_common", "x": [ 9, 9 ], "y": [ 3, 5 ], "chance": 75, "repeat": [ 1, 3 ] },
        { "group": "bed", "x": [ 2, 3 ], "y": [ 13, 14 ], "chance": 90, "repeat": [ 1, 3 ] },
        { "group": "cleaning", "x": [ 2, 2 ], "y": [ 9, 9 ], "chance": 80, "repeat": [ 1, 2 ] }
      ],
      "place_monsters": [ { "monster": "GROUP_ZOMBIE", "x": [ 4, 5 ], "y": [ 12, 13 ], "chance": 6 } ],
      "place_vehicles": [ { "vehicle": "suburban_home", "x": 4, "y": 2, "chance": 15, "fuel": 80, "status": 50, "rotation": 270 } ]
    }
  }
]
