[
  {
    "id": "bicycle",
    "type": "vehicle",
    "name": "Bicycle",
    "blueprint": [ "o#o" ],
    "parts": [
      { "x": 0, "y": 0, "parts": [ "xlframe_vertical_2", "saddle", "horn_bicycle", "foot_pedals" ] },
      { "x": 1, "y": 0, "parts": [ "xlframe_vertical", "wheel_bicycle_steerable" ] },
      { "x": -1, "y": 0, "parts": [ "xlframe_vertical", "wheel_bicycle", "basketsm" ] }
    ]
  },

  {
    "id": "bicycle_electric",
    "type": "vehicle",
    "name": "Electric Bicycle",
    "blueprint": [ "o#o" ],
    "parts": [
      { "x": 0, "y": 0, "parts": [ "xlframe_vertical_2", "saddle", "horn_bicycle", "foot_pedals" ] },
      { "x": 1, "y": 0, "parts": [ "xlframe_vertical", "wheel_bicycle_steerable" ] },
      { "x": -1, "y": 0, "parts": [ "xlframe_vertical", "wheel_bicycle", "basketsm" ] },
      { "x": 0, "y": 0, "parts": [ "controls", "controls_electronic", "alternator_motorbike" ] },
      { "x": -1, "y": 0, "part": [ "medium_storage_battery", "engine_electric_small" ] }
    ]
  },
  {
    "id": "motorcycle",
    "type": "vehicle",
    "name": "Motorcycle",
    "blueprint": [ "o#>o" ],
    "parts": [
      { "x": 0, "y": 0, "parts": [ "frame_vertical_2", "saddle" ] },
      { "x": 1, "y": 0, "parts": [ "frame_handle", { "part": "tank_small", "fuel": "gasoline" } ] },
      { "x": -1, "y": 0, "parts": [ "frame_vertical", "wheel_motorbike" ] },
      { "x": 2, "y": 0, "parts": [ "frame_vertical", "wheel_motorbike_steerable" ] },
      { "x": 0, "y": 0, "parts": [ "controls", "controls_electronic", "vehicle_alarm", "horn_car", "engine_vtwin", "alternator_motorbike" ] },
      { "x": 1, "y": 0, "parts": [ "headlight", "battery_motorbike" ] },
      { "x": -1, "y": 0, "parts": [ "muffler", "box" ] }
    ]
  },
  {
    "id": "motorcycle_chassis",
    "type": "vehicle",
    "name": "Motorcycle Chassis",
    "blueprint": [ "o#>" ],
    "parts": [
      { "x": 0, "y": 0, "parts": [ "frame_vertical_2", "saddle" ] },
      { "x": 1, "y": 0, "parts": [ "frame_handle", { "part": "tank_small", "fuel": "gasoline" } ] },
      { "x": -1, "y": 0, "parts": [ "frame_vertical", "wheel_motorbike" ] }
    ]
  },
  {
    "id": "motorcycle_sidecart",
    "type": "vehicle",
    "name": "Motorcycle",
    "blueprint": [
      [ "o#>o" ],
      [ " #> " ]
    ],
    "parts": [
      { "x": 0, "y": 0, "parts": [ "frame_vertical_2", "saddle" ] },
      { "x": 1, "y": 0, "parts": [ "frame_handle", { "part": "tank_small", "fuel": "gasoline" } ] },
      { "x": -1, "y": 0, "parts": [ "frame_vertical", "wheel_motorbike" ] },
      { "x": 2, "y": 0, "parts": [ "frame_vertical", "wheel_motorbike_steerable" ] },
      { "x": 0, "y": 0, "parts": [ "controls", "controls_electronic", "vehicle_alarm", "horn_car", "engine_vtwin", "alternator_motorbike" ] },
      { "x": 1, "y": 0, "parts": [ "headlight", "battery_motorbike" ] },
      { "x": -1, "y": 0, "parts": [ "muffler", "box" ] },
      { "x": 0, "y": 1, "parts": [ "frame_cross", "wheel_motorbike", "seat" ] },
      { "x": 1, "y": 1, "parts": [ "frame_handle", "box" ] }
    ],
    "items": [
      { "x": -1, "y": 0, "chance": 2, "items": [ "joint" ] },
      { "x": -1, "y": 0, "chance": 8, "items": [ "helmet_motor" ] },
      { "x": 0, "y": 1, "chance": 33, "items": [ "helmet_motor" ] }
    ]
  },
  {
    "id": "quad_bike",
    "type": "vehicle",
    "name": "Quad Bike",
    "blueprint": [
      [ "O O" ],
      [ "=#>" ],
      [ "O O" ]
    ],
    "parts": [
      { "x": 0, "y": 0, "parts": [ "frame_vertical_2", "saddle", "controls", "controls_electronic","horn_car" ] },
      { "x": 1, "y": 0, "parts": [ "frame_cover","engine_vtwin", "alternator_motorbike", "battery_motorbike", "headlight", { "part": "tank_small", "fuel": "gasoline" }, "plating_steel" ] },
      { "x": -1, "y": 0, "parts": [ "frame_horizontal", "muffler", "trunk" ] },
      { "x": 1, "y": 1, "parts": [ "frame_horizontal", "wheel_motorbike_steerable" ] },
      { "x": 1, "y": -1, "parts": [ "frame_horizontal", "wheel_motorbike_steerable" ] },
      { "x": -1, "y": -1, "parts": [ "frame_horizontal", "wheel_motorbike" ] },
      { "x": -1, "y": 1, "parts": [ "frame_horizontal", "wheel_motorbike" ] }
    ],
    "items": [ { "x": -1, "y": 0, "chance": 10, "items": [ "helmet_motor" ] } ]
  },
  {
    "id": "quad_bike_chassis",
    "type": "vehicle",
    "name": "Quad Bike Chassis",
    "blueprint": [
      [ "O O" ],
      [ "|#>" ],
      [ "O  " ]
    ],
    "parts": [
      { "x": 0, "y": 0, "parts": [ "frame_vertical_2", "saddle" ] },
      { "x": 1, "y": 0, "part": "frame_cover" },
      { "x": -1, "y": 0, "part": "frame_horizontal" },
      { "x": 1, "y": -1, "parts": [ "frame_horizontal", "wheel_motorbike_steerable" ] },
      { "x": -1, "y": -1, "parts": [ "frame_horizontal", "wheel_motorbike" ] },
      { "x": -1, "y": 1, "parts": [ "frame_horizontal", "wheel_motorbike" ] }
    ]
  },
  {
    "id": "scooter",
    "type": "vehicle",
    "name": "Scooter",
    "blueprint": [ "o>o" ],
    "parts": [
      { "x": 0, "y": 0, "parts": [ "frame_handle", "headlight", "saddle", "controls", "controls_electronic", "horn_car" ] },
      { "x": 0, "y": 0, "parts": [ "engine_1cyl", "alternator_motorbike", "battery_motorbike", { "part": "tank_small", "fuel": "gasoline" } ] },
      { "x": 1, "y": 0, "parts": [ "xlframe_vertical", "wheel_small_steerable" ] },
      { "x": -1, "y": 0, "parts": [ "xlframe_vertical", "wheel_small" ] },
      { "x": -1, "y": 0, "part": "muffler" }
    ]
  },
  {
    "id": "scooter_electric",
    "type": "vehicle",
    "name": "Electric Scooter",
    "blueprint": [ "o>o" ],
    "parts": [
      { "x": 0, "y": 0, "parts": [ "frame_handle", "headlight", "saddle", "controls", "controls_electronic", "horn_car" ] },
      { "x": 0, "y": 0, "parts": [ "engine_electric", "battery_motorbike" ] },
      { "x": 1, "y": 0, "parts": [ "xlframe_vertical", "wheel_small_steerable" ] },
      { "x": -1, "y": 0, "parts": [ "xlframe_vertical", "wheel_small" ] }
    ]
  },
  {
    "id": "superbike",
    "type": "vehicle",
    "name": "Superbike",
    "blueprint": [ "o#>o" ],
    "parts": [
      { "x": 0, "y": 0, "parts": [ "frame_vertical_2", "saddle" ] },
      { "x": 1, "y": 0, "parts": [ "frame_handle", { "part": "tank_small", "fuel": "gasoline" } ] },
      { "x": -1, "y": 0, "parts": [ "frame_vertical", "wheel_motorbike" ] },
      { "x": 2, "y": 0, "parts": [ "frame_vertical", "wheel_motorbike_steerable" ] },
      { "x": 0, "y": 0, "parts": [ "controls", "controls_electronic", "vehicle_alarm", "horn_car", "engine_inline4", "alternator_motorbike" ] },
      { "x": 1, "y": 0, "parts": [ "headlight", "battery_car" ] },
      { "x": -1, "y": 0, "part": "muffler" }
    ]
  },
  {
    "id": "tandem",
    "type": "vehicle",
    "name": "Tandem",
    "blueprint": [ "o##o" ],
    "parts": [
      { "x": 0, "y": 0, "parts": [ "xlframe_vertical_2", "saddle", "horn_bicycle", "foot_pedals" ] },
      { "x": 1, "y": 0, "parts": [ "xlframe_vertical", "wheel_bicycle_steerable" ] },
      { "x": -1, "y": 0, "parts": [ "xlframe_vertical_2", "saddle"  ] },
      { "x": -2, "y": 0, "parts": [ "xlframe_vertical", "wheel_bicycle", "basketsm" ] }
    ]
  },
  {
    "id": "unicycle",
    "type": "vehicle",
    "name": "Unicycle",
    "blueprint": [ "#" ],
    "parts": [
      { "x": 0, "y": 0, "parts": [ "frame_handle", "saddle", "foot_pedals", "wheel_unicycle" ] }
    ]
  }
]
