[
  {
    "id": "hearse",
    "type": "vehicle",
    "name": "Hearse",
    "blueprint": [
      [ "o''-+-o" ],
      [ "+==|#'|" ],
      [ "+==|#'|" ],
      [ "o''-+-o" ]
    ],
    "parts": [
      { "x": 0, "y": 0, "part": "frame_vertical_2" },
      { "x": 0, "y": 0, "part": "reclining_seat" },
      { "x": 0, "y": 0, "part": "seatbelt" },
      { "x": 0, "y": 0, "part": "controls" },
      { "x": 0, "y": 0, "part": "dashboard" },
      { "x": 0, "y": 0, "part": "vehicle_clock" },
      { "x": 0, "y": 0, "part": "vehicle_alarm" },
      { "x": 0, "y": 0, "part": "horn_car" },
      { "x": 0, "y": 0, "part": "roof" },
      { "x": 0, "y": 1, "part": "frame_vertical_2" },
      { "x": 0, "y": 1, "part": "reclining_seat" },
      { "x": 0, "y": 1, "part": "seatbelt" },
      { "x": 0, "y": 1, "part": "roof" },
      { "x": 0, "y": -1, "part": "frame_vertical" },
      { "x": 0, "y": -1, "part": "door" },
      { "x": 0, "y": -1, "part": "roof" },
      { "x": 0, "y": 2, "part": "frame_vertical" },
      { "x": 0, "y": 2, "part": "door" },
      { "x": 0, "y": 2, "part": "roof" },
      { "x": -1, "y": 0, "part": "frame_vertical_2" },
      { "x": -1, "y": 0, "part": "windshield" },
      { "x": -1, "y": 0, "part": "roof" },
      { "x": -1, "y": 1, "part": "frame_vertical_2" },
      { "x": -1, "y": 1, "part": "windshield" },
      { "x": -1, "y": 1, "part": "roof" },
      { "x": -1, "y": -1, "part": "frame_vertical" },
      { "x": -1, "y": -1, "part": "board_vertical" },
      { "x": -1, "y": -1, "part": "roof" },
      { "x": -1, "y": 2, "part": "frame_vertical" },
      { "x": -1, "y": 2, "part": "board_vertical" },
      { "x": -1, "y": 2, "part": "roof" },
      { "x": -2, "y": 0, "part": "frame_vertical_2" },
      { "x": -2, "y": 0, "part": "trunk" },
      { "x": -2, "y": 0, "part": "roof" },
      { "x": -2, "y": 1, "part": "frame_vertical_2" },
      { "x": -2, "y": 1, "part": "trunk" },
      { "x": -2, "y": 1, "part": "roof" },
      { "x": -2, "y": -1, "part": "frame_vertical" },
      { "x": -2, "y": -1, "part": "windshield" },
      { "x": -2, "y": -1, "part": "v_curtain" },
      { "x": -2, "y": -1, "part": "roof" },
      { "x": -2, "y": 2, "part": "frame_vertical" },
      { "x": -2, "y": 2, "part": "windshield" },
      { "x": -2, "y": 2, "part": "v_curtain" },
      { "x": -2, "y": 2, "part": "roof" },
      { "x": 1, "y": 0, "part": "frame_horizontal" },
      { "x": 1, "y": 0, "part": "windshield" },
      { "x": 1, "y": 1, "part": "frame_horizontal" },
      { "x": 1, "y": 1, "part": "windshield" },
      { "x": 1, "y": -1, "part": "frame_vertical" },
      { "x": 1, "y": -1, "part": "windshield" },
      { "x": 1, "y": 2, "part": "frame_vertical" },
      { "x": 1, "y": 2, "part": "windshield" },
      { "x": 2, "y": 0, "part": "frame_horizontal" },
      { "x": 2, "y": 0, "part": "halfboard_horizontal" },
      { "x": 2, "y": 0, "part": "engine_inline4" },
      { "x": 2, "y": 0, "part": "alternator_car" },
      { "x": 2, "y": 0, "part": "battery_car" },
      { "x": 2, "y": 1, "part": "frame_horizontal" },
      { "x": 2, "y": 1, "part": "halfboard_horizontal" },
      { "x": 2, "y": -1, "part": "frame_nw" },
      { "x": 2, "y": -1, "part": "halfboard_nw" },
      { "x": 2, "y": -1, "part": "headlight" },
      { "x": 2, "y": -1, "part": "wheel_steerable" },
      { "x": 2, "y": 2, "part": "frame_ne" },
      { "x": 2, "y": 2, "part": "halfboard_ne" },
      { "x": 2, "y": 2, "part": "headlight" },
      { "x": 2, "y": 2, "part": "wheel_steerable" },
      { "x": -3, "y": 0, "part": "frame_vertical" },
      { "x": -3, "y": 0, "part": "trunk" },
      { "x": -3, "y": 0, "part": "muffler" },
      { "x": -3, "y": 0, "part": "roof" },
      { "x": -3, "y": 1, "part": "frame_vertical" },
      { "x": -3, "y": 1, "part": "trunk" },
      { "x": -3, "y": 1, "part": "roof" },
      { "x": -3, "y": -1, "part": "frame_vertical" },
      { "x": -3, "y": -1, "part": "windshield" },
      { "x": -3, "y": -1, "part": "v_curtain" },
      { "x": -3, "y": -1, "part": "tank", "fuel": "gasoline" },
      { "x": -3, "y": -1, "part": "roof" },
      { "x": -3, "y": 2, "part": "frame_vertical" },
      { "x": -3, "y": 2, "part": "windshield" },
      { "x": -3, "y": 2, "part": "v_curtain" },
      { "x": -3, "y": 2, "part": "roof" },
      { "x": -4, "y": -1, "part": "frame_sw" },
      { "x": -4, "y": -1, "part": "board_sw" },
      { "x": -4, "y": -1, "part": "wheel" },
      { "x": -4, "y": -1, "part": "roof" },
      { "x": -4, "y": 0, "part": "frame_horizontal" },
      { "x": -4, "y": 0, "part": "door" },
      { "x": -4, "y": 0, "part": "v_curtain" },
      { "x": -4, "y": 0, "part": "roof" },
      { "x": -4, "y": 1, "part": "frame_horizontal" },
      { "x": -4, "y": 1, "part": "door" },
      { "x": -4, "y": 1, "part": "v_curtain" },
      { "x": -4, "y": 1, "part": "roof" },
      { "x": -4, "y": 2, "part": "frame_se" },
      { "x": -4, "y": 2, "part": "board_se" },
      { "x": -4, "y": 2, "part": "wheel" },
      { "x": -4, "y": 2, "part": "roof" }
    ]
  },
  {
    "type": "vehicle",
    "id": "pickup_technical",
    "name": "Technical",
    "blueprint": [
      [ "o--+-ox" ],
      [ "=='#'|x" ],
      [ ".#'#'|x" ],
      [ "o--+-ox" ]
    ],
    "parts": [
      { "x": 0, "y": 0, "part": "frame_vertical_2" },
      { "x": 0, "y": 0, "part": "seat" },
      { "x": 0, "y": 0, "part": "seatbelt" },
      { "x": 0, "y": 0, "part": "controls" },
      { "x": 0, "y": 0, "part": "dashboard" },
      { "x": 0, "y": 0, "part": "stereo" },
      { "x": 0, "y": 0, "part": "horn_car" },
      { "x": 0, "y": 0, "part": "roof" },
      { "x": 0, "y": 1, "part": "frame_vertical_2" },
      { "x": 0, "y": 1, "part": "seat" },
      { "x": 0, "y": 1, "part": "seatbelt" },
      { "x": 0, "y": 1, "part": "roof" },
      { "x": 0, "y": -1, "part": "frame_vertical" },
      { "x": 0, "y": -1, "part": "door" },
      { "x": 0, "y": 2, "part": "frame_vertical" },
      { "x": 0, "y": 2, "part": "door" },
      { "x": -1, "y": 0, "part": "frame_vertical_2" },
      { "x": -1, "y": 0, "part": "windshield" },
      { "x": -1, "y": 0, "part": "rebar_plate" },
      { "x": -1, "y": 0, "part": "roof" },
      { "x": -1, "y": 1, "part": "frame_vertical_2" },
      { "x": -1, "y": 1, "part": "windshield" },
      { "x": -1, "y": 1, "part": "rebar_plate" },
      { "x": -1, "y": 1, "part": "roof" },
      { "x": -1, "y": -1, "part": "frame_vertical" },
      { "x": -1, "y": -1, "part": "halfboard_vertical" },
      { "x": -1, "y": 2, "part": "frame_vertical" },
      { "x": -1, "y": 2, "part": "halfboard_vertical" },
      { "x": 1, "y": 0, "part": "frame_horizontal" },
      { "x": 1, "y": 0, "part": "windshield" },
      { "x": 1, "y": 0, "part": "rebar_plate" },
      { "x": 1, "y": 1, "part": "frame_horizontal" },
      { "x": 1, "y": 1, "part": "windshield" },
      { "x": 1, "y": 1, "part": "rebar_plate" },
      { "x": 1, "y": -1, "part": "frame_vertical" },
      { "x": 1, "y": -1, "part": "windshield" },
      { "x": 1, "y": -1, "part": "rebar_plate" },
      { "x": 1, "y": 2, "part": "frame_vertical" },
      { "x": 1, "y": 2, "part": "windshield" },
      { "x": 1, "y": 2, "part": "rebar_plate" },
      { "x": 2, "y": 0, "part": "frame_horizontal" },
      { "x": 2, "y": 0, "part": "halfboard_horizontal" },
      { "x": 2, "y": 0, "part": "engine_v6" },
      { "x": 2, "y": 0, "part": "alternator_car" },
      { "x": 2, "y": 0, "part": "battery_car" },
      { "x": 2, "y": 1, "part": "frame_horizontal" },
      { "x": 2, "y": 1, "part": "halfboard_horizontal" },
      { "x": 2, "y": -1, "part": "frame_nw" },
      { "x": 2, "y": -1, "part": "halfboard_nw" },
      { "x": 2, "y": -1, "part": "wheel_steerable" },
      { "x": 2, "y": -1, "part": "spring_plate" },
      { "x": 2, "y": -1, "part": "headlight" },
      { "x": 2, "y": 2, "part": "frame_ne" },
      { "x": 2, "y": 2, "part": "halfboard_ne" },
      { "x": 2, "y": 2, "part": "wheel_steerable" },
      { "x": 2, "y": 2, "part": "spring_plate" },
      { "x": 2, "y": 2, "part": "headlight" },
      { "x": 3, "y": 0, "part": "ram_spiked" },
      { "x": 3, "y": 1, "part": "ram_spiked" },
      { "x": 3, "y": -1, "part": "ram_spiked" },
      { "x": 3, "y": 2, "part": "ram_spiked" },
      { "x": -2, "y": 0, "part": "frame_vertical" },
      { "x": -2, "y": 0, "part": "trunk" },
      { "x": -2, "y": 0, "part": "muffler" },
      { "x": -2, "y": 0, "part": "roof" },
      { "x": -2, "y": 1, "part": "frame_vertical" },
      { "x": -2, "y": 1, "part": "seat" },
      { "x": -2, "y": 1, "part": "turret_mount" },
      { "x": -2, "y": 1, "part": "mounted_m60", "ammo": 100 },
      { "x": -2, "y": 1, "part": "roof" },
      { "x": -2, "y": -1, "part": "frame_vertical" },
      { "x": -2, "y": -1, "part": "halfboard_vertical" },
      { "x": -2, "y": -1, "part": "tank", "fuel": "gasoline" },
      { "x": -2, "y": 2, "part": "frame_vertical" },
      { "x": -2, "y": 2, "part": "halfboard_vertical" },
      { "x": -2, "y": 2, "part": "tank", "fuel": "gasoline" },
      { "x": -3, "y": -1, "part": "frame_horizontal" },
      { "x": -3, "y": -1, "part": "halfboard_sw" },
      { "x": -3, "y": -1, "part": "wheel" },
      { "x": -3, "y": -1, "part": "spring_plate" },
      { "x": -3, "y": 0, "part": "frame_horizontal" },
      { "x": -3, "y": 0, "part": "trunk" },
      { "x": -3, "y": 1, "part": "frame_horizontal" },
      { "x": -3, "y": 1, "part": "aisle_vertical" },
      { "x": -3, "y": 2, "part": "frame_horizontal" },
      { "x": -3, "y": 2, "part": "halfboard_se" },
      { "x": -3, "y": 2, "part": "wheel" },
      { "x": -3, "y": 2, "part": "spring_plate" }
    ],
    "items": [
      { "x": 0, "y": 0, "chance": 15, "item_groups": "car_misc" },
      { "x": 0, "y": 0, "chance": 10, "item_groups": "car_misc" },
      { "x": 0, "y": 1, "chance": 10, "item_groups": "car_misc" },
      { "x": -3, "y": 0, "chance": 10, "item_groups": "car_kit" },
      { "x": -3, "y": 0, "chance": 8, "item_groups": "fuel_gasoline" },
      { "x": -2, "y": 0, "chance": 40, "items": [ "308" ] },
      { "x": -2, "y": 0, "chance": 20, "items": [ "308", "308" ] },
      { "x": -2, "y": 0, "chance": 10, "items": [ "308", "308" ] },
      { "x": -2, "y": 0, "chance": 5, "items": [ "308", "308" ] }
    ]
  }
]
