[
  {
    "id": "ambulance",
    "type": "vehicle",
    "name": "Ambulance",
    "blueprint": [
      [ "      o " ],
      [ "O----+-O" ],
      [ "|===|#'|" ],
      [ "+=#=|o'>" ],
      [ "|===|#'|" ],
      [ "O--+-+-O" ],
      [ "      o " ]
    ],
    "parts": [
      { "x": 0, "y": 1, "part": "frame_vertical" },
      { "x": 0, "y": 1, "part": "box" },
      { "x": 0, "y": 1, "part": "roof" },
      { "x": 0, "y": 0, "part": "frame_vertical_2" },
      { "x": 0, "y": 0, "part": "seat" },
      { "x": 0, "y": 0, "part": "seatbelt" },
      { "x": 0, "y": 0, "part": "controls" },
      { "x": 0, "y": 0, "part": "dashboard" },
      { "x": 0, "y": 0, "part": "vehicle_clock" },
      { "x": 0, "y": 0, "part": "vehicle_alarm" },
      { "x": 0, "y": 0, "part": "horn_car" },
      { "x": 0, "y": 0, "part": "roof" },
      { "x": 0, "y": 2, "part": "frame_vertical_2" },
      { "x": 0, "y": 2, "part": "seat" },
      { "x": 0, "y": 2, "part": "seatbelt" },
      { "x": 0, "y": 2, "part": "roof" },
      { "x": 0, "y": -1, "part": "frame_vertical" },
      { "x": 0, "y": -1, "part": "door" },
      { "x": 0, "y": 3, "part": "frame_vertical" },
      { "x": 0, "y": 3, "part": "door" },
      { "x": 1, "y": 1, "part": "frame_horizontal" },
      { "x": 1, "y": 1, "part": "windshield" },
      { "x": 1, "y": 0, "part": "frame_horizontal" },
      { "x": 1, "y": 0, "part": "windshield" },
      { "x": 1, "y": 2, "part": "frame_horizontal" },
      { "x": 1, "y": 2, "part": "windshield" },
      { "x": 1, "y": -1, "part": "frame_vertical" },
      { "x": 1, "y": -1, "part": "windshield" },
      { "x": 1, "y": -2, "part": "wing_mirror" },
      { "x": 1, "y": 3, "part": "frame_vertical" },
      { "x": 1, "y": 3, "part": "windshield" },
      { "x": 1, "y": 4, "part": "wing_mirror" },
      { "x": 2, "y": 0, "part": "frame_horizontal" },
      { "x": 2, "y": 0, "part": "halfboard_horizontal" },
      { "x": 2, "y": 1, "part": "frame_cover" },
      { "x": 2, "y": 1, "part": "halfboard_cover" },
      { "x": 2, "y": 1, "part": "engine_v8" },
      { "x": 2, "y": 1, "part": "alternator_truck" },
      { "x": 2, "y": 1, "part": "battery_car" },
      { "x": 2, "y": 2, "part": "frame_horizontal" },
      { "x": 2, "y": 2, "part": "halfboard_horizontal" },
      { "x": 2, "y": -1, "part": "frame_nw" },
      { "x": 2, "y": -1, "part": "halfboard_nw" },
      { "x": 2, "y": -1, "part": "headlight" },
      { "x": 2, "y": -1, "part": "wheel_wide_steerable" },
      { "x": 2, "y": 3, "part": "frame_ne" },
      { "x": 2, "y": 3, "part": "halfboard_ne" },
      { "x": 2, "y": 3, "part": "headlight" },
      { "x": 2, "y": 3, "part": "wheel_wide_steerable" },
      { "x": -1, "y": 0, "part": "frame_horizontal" },
      { "x": -1, "y": 0, "part": "board_horizontal" },
      { "x": -1, "y": 0, "part": "light_red" },
      { "x": -1, "y": 1, "part": "frame_horizontal" },
      { "x": -1, "y": 1, "part": "board_horizontal" },
      { "x": -1, "y": 1, "part": "light_blue" },
      { "x": -1, "y": 2, "part": "frame_horizontal" },
      { "x": -1, "y": 2, "part": "board_horizontal" },
      { "x": -1, "y": 2, "part": "light_red" },
      { "x": -1, "y": -1, "part": "frame_sw" },
      { "x": -1, "y": -1, "part": "board_sw" },
      { "x": -1, "y": -1, "part": "tank", "fuel": "gasoline" },
      { "x": -1, "y": 3, "part": "frame_se" },
      { "x": -1, "y": 3, "part": "board_se" },
      { "x": -1, "y": 3, "part": "tank", "fuel": "gasoline" },
      { "x": -2, "y": 0, "part": "frame_vertical" },
      { "x": -2, "y": 0, "part": "box" },
      { "x": -2, "y": 0, "part": "roof" },
      { "x": -2, "y": 1, "part": "frame_vertical" },
      { "x": -2, "y": 1, "part": "reclining_seat" },
      { "x": -2, "y": 1, "part": "roof" },
      { "x": -2, "y": 2, "part": "frame_vertical" },
      { "x": -2, "y": 2, "part": "lit_aisle_vertical" },
      { "x": -2, "y": 2, "part": "roof" },
      { "x": -2, "y": -1, "part": "frame_vertical" },
      { "x": -2, "y": -1, "part": "board_vertical" },
      { "x": -2, "y": -1, "part": "roof" },
      { "x": -2, "y": 3, "part": "frame_vertical" },
      { "x": -2, "y": 3, "part": "door_opaque" },
      { "x": -2, "y": 3, "part": "roof" },
      { "x": -3, "y": 0, "part": "frame_vertical" },
      { "x": -3, "y": 0, "part": "box" },
      { "x": -3, "y": 0, "part": "roof" },
      { "x": -3, "y": 1, "part": "frame_vertical" },
      { "x": -3, "y": 1, "part": "bed" },
      { "x": -3, "y": 1, "part": "roof" },
      { "x": -3, "y": 2, "part": "frame_vertical" },
      { "x": -3, "y": 2, "part": "aisle_vertical" },
      { "x": -3, "y": 2, "part": "roof" },
      { "x": -3, "y": -1, "part": "frame_vertical" },
      { "x": -3, "y": -1, "part": "board_vertical" },
      { "x": -3, "y": -1, "part": "roof" },
      { "x": -3, "y": 3, "part": "frame_vertical" },
      { "x": -3, "y": 3, "part": "board_vertical" },
      { "x": -3, "y": 3, "part": "roof" },
      { "x": -4, "y": 0, "part": "frame_vertical" },
      { "x": -4, "y": 0, "part": "box" },
      { "x": -4, "y": 0, "part": "roof" },
      { "x": -4, "y": 1, "part": "frame_vertical" },
      { "x": -4, "y": 1, "part": "aisle_vertical" },
      { "x": -4, "y": 1, "part": "roof" },
      { "x": -4, "y": 2, "part": "frame_vertical" },
      { "x": -4, "y": 2, "part": "aisle_vertical" },
      { "x": -4, "y": 2, "part": "roof" },
      { "x": -4, "y": -1, "part": "frame_vertical" },
      { "x": -4, "y": -1, "part": "board_vertical" },
      { "x": -4, "y": -1, "part": "roof" },
      { "x": -4, "y": 3, "part": "frame_vertical" },
      { "x": -4, "y": 3, "part": "board_vertical" },
      { "x": -4, "y": 3, "part": "roof" },
      { "x": -5, "y": 0, "part": "frame_horizontal" },
      { "x": -5, "y": 0, "part": "board_horizontal" },
      { "x": -5, "y": 0, "part": "roof" },
      { "x": -5, "y": 0, "part": "light_red" },
      { "x": -5, "y": 1, "part": "frame_horizontal" },
      { "x": -5, "y": 1, "part": "door" },
      { "x": -5, "y": 1, "part": "roof" },
      { "x": -5, "y": 2, "part": "frame_horizontal" },
      { "x": -5, "y": 2, "part": "board_horizontal" },
      { "x": -5, "y": 2, "part": "beeper" },
      { "x": -5, "y": 2, "part": "roof" },
      { "x": -5, "y": 2, "part": "light_blue" },
      { "x": -5, "y": -1, "part": "frame_sw" },
      { "x": -5, "y": -1, "part": "board_sw" },
      { "x": -5, "y": -1, "part": "wheel_wide" },
      { "x": -5, "y": -1, "part": "roof" },
      { "x": -5, "y": 3, "part": "frame_se" },
      { "x": -5, "y": 3, "part": "board_se" },
      { "x": -5, "y": 3, "part": "wheel_wide" },
      { "x": -5, "y": 3, "part": "roof" }
    ],
    "items": [
      { "x": -2, "y": 0, "chance": 20, "items": [ "bandages" ] },
      { "x": -2, "y": 0, "chance": 15, "items": [ "aspirin" ] },
      { "x": -2, "y": 0, "chance": 15, "items": [ "disinfectant" ] },
      { "x": -2, "y": 0, "chance": 5, "items": [ "codeine" ] },
      { "x": -2, "y": 0, "chance": 25, "item_groups": [ "ambulance_equipment" ] },
      { "x": -3, "y": 0, "chance": 15, "items": [ "bandages" ] },
      { "x": -3, "y": 0, "chance": 15, "items": [ "1st_aid" ] },
      { "x": -3, "y": 0, "chance": 5, "items": [ "adrenaline_injector" ] },
      { "x": -3, "y": 0, "chance": 5, "items": [ "oxycodone" ] },
      { "x": -3, "y": 0, "chance": 5, "items": [ "tramadol" ] },
      { "x": -3, "y": 0, "chance": 25, "item_groups": [ "ambulance_equipment" ] },
      { "x": -4, "y": 0, "chance": 5, "items": [ "morphine" ] },
      { "x": -4, "y": 0, "chance": 12, "items": [ "antibiotics" ] },
      { "x": -4, "y": 0, "chance": 5, "items": [ "thorazine" ] },
      { "x": -4, "y": 0, "chance": 15, "items": [ "disinfectant" ] },
      { "x": -4, "y": 0, "chance": 5, "items": [ "tramadol" ] },
      { "x": -4, "y": 0, "chance": 8, "items": [ "quikclot" ] },
      { "x": -4, "y": 0, "chance": 25, "item_groups": [ "ambulance_equipment" ] }
    ]
  },
  {
    "id": "car_fbi",
    "type": "vehicle",
    "name": "FBI, Emergency",
    "blueprint": [
      [ "o-++-o" ],
      [ "+=##'|" ],
      [ "+=##'|" ],
      [ "o-++-o" ]
    ],
    "parts": [
      { "x": 0, "y": 0, "part": "frame_vertical_2" },
      { "x": 0, "y": 0, "part": "seat" },
      { "x": 0, "y": 0, "part": "seatbelt" },
      { "x": 0, "y": 0, "part": "controls" },
      { "x": 0, "y": 0, "part": "dashboard" },
      { "x": 0, "y": 0, "part": "vehicle_clock" },
      { "x": 0, "y": 0, "part": "vehicle_alarm" },
      { "x": 0, "y": 0, "part": "horn_car" },
      { "x": 0, "y": 0, "part": "roof" },
      { "x": 0, "y": 1, "part": "frame_vertical_2" },
      { "x": 0, "y": 1, "part": "seat" },
      { "x": 0, "y": 1, "part": "seatbelt" },
      { "x": 0, "y": 1, "part": "roof" },
      { "x": 0, "y": 1, "part": "light_blue" },
      { "x": 0, "y": -1, "part": "frame_vertical" },
      { "x": 0, "y": -1, "part": "door" },
      { "x": 0, "y": 2, "part": "frame_vertical" },
      { "x": 0, "y": 2, "part": "door" },
      { "x": -1, "y": 0, "part": "frame_vertical_2" },
      { "x": -1, "y": 0, "part": "seat" },
      { "x": -1, "y": 0, "part": "seatbelt" },
      { "x": -1, "y": 0, "part": "roof" },
      { "x": -1, "y": 1, "part": "frame_vertical_2" },
      { "x": -1, "y": 1, "part": "seat" },
      { "x": -1, "y": 1, "part": "seatbelt" },
      { "x": -1, "y": 1, "part": "roof" },
      { "x": -1, "y": -1, "part": "frame_vertical" },
      { "x": -1, "y": -1, "part": "door" },
      { "x": -1, "y": 2, "part": "frame_vertical" },
      { "x": -1, "y": 2, "part": "door" },
      { "x": 1, "y": 0, "part": "frame_horizontal" },
      { "x": 1, "y": 0, "part": "windshield" },
      { "x": 1, "y": 1, "part": "frame_horizontal" },
      { "x": 1, "y": 1, "part": "windshield" },
      { "x": 1, "y": -1, "part": "frame_vertical" },
      { "x": 1, "y": -1, "part": "windshield" },
      { "x": 1, "y": 2, "part": "frame_vertical" },
      { "x": 1, "y": 2, "part": "windshield" },
      { "x": 2, "y": 0, "part": "frame_horizontal" },
      { "x": 2, "y": 0, "part": "engine_v8" },
      { "x": 2, "y": 0, "part": "alternator_truck" },
      { "x": 2, "y": 0, "part": "battery_car" },
      { "x": 2, "y": 0, "part": "halfboard_horizontal" },
      { "x": 2, "y": 1, "part": "frame_horizontal" },
      { "x": 2, "y": 1, "part": "halfboard_horizontal" },
      { "x": 2, "y": -1, "part": "frame_nw" },
      { "x": 2, "y": -1, "part": "halfboard_nw" },
      { "x": 2, "y": -1, "part": "wheel_steerable" },
      { "x": 2, "y": -1, "part": "headlight" },
      { "x": 2, "y": 2, "part": "frame_ne" },
      { "x": 2, "y": 2, "part": "halfboard_ne" },
      { "x": 2, "y": 2, "part": "wheel_steerable" },
      { "x": 2, "y": 2, "part": "headlight" },
      { "x": -2, "y": 0, "part": "frame_vertical" },
      { "x": -2, "y": 0, "part": "trunk" },
      { "x": -2, "y": 0, "part": "muffler" },
      { "x": -2, "y": 0, "part": "roof" },
      { "x": -2, "y": 1, "part": "frame_vertical" },
      { "x": -2, "y": 1, "part": "trunk" },
      { "x": -2, "y": 1, "part": "roof" },
      { "x": -2, "y": -1, "part": "frame_vertical" },
      { "x": -2, "y": -1, "part": "halfboard_vertical" },
      { "x": -2, "y": -1, "part": "tank", "fuel": "gasoline" },
      { "x": -2, "y": 2, "part": "frame_vertical" },
      { "x": -2, "y": 2, "part": "halfboard_vertical" },
      { "x": -3, "y": -1, "part": "frame_horizontal" },
      { "x": -3, "y": -1, "part": "halfboard_sw" },
      { "x": -3, "y": -1, "part": "wheel" },
      { "x": -3, "y": 0, "part": "frame_horizontal" },
      { "x": -3, "y": 0, "part": "door_trunk" },
      { "x": -3, "y": 1, "part": "frame_horizontal" },
      { "x": -3, "y": 1, "part": "door_trunk" },
      { "x": -3, "y": 2, "part": "frame_horizontal" },
      { "x": -3, "y": 2, "part": "halfboard_se" },
      { "x": -3, "y": 2, "part": "wheel" }
    ],
    "items": [ { "x": -2, "y": 1, "chance": 75, "magazine": 100, "ammo": 50, "item_groups": [ "guns_cop" ] } ]
  },
  {
    "id": "fire_engine",
    "type": "vehicle",
    "name": "Fire Engine",
    "blueprint": [
      [ "OO---+'" ],
      [ "|T|#|#'" ],
      [ "+T|#+H'" ],
      [ "|T|#|#'" ],
      [ "OO---+'" ]
    ],
    "parts": [
      { "x": -5, "y": -2, "part": "frame_horizontal" },
      { "x": -4, "y": -2, "part": "frame_horizontal" },
      { "x": -3, "y": -2, "part": "frame_horizontal" },
      { "x": -2, "y": -2, "part": "frame_horizontal" },
      { "x": -1, "y": -2, "part": "frame_horizontal" },
      { "x": 0, "y": -2, "part": "frame_horizontal" },
      { "x": 1, "y": -2, "part": "frame_horizontal" },
      { "x": -5, "y": -1, "part": "frame_horizontal" },
      { "x": -4, "y": -1, "part": "frame_horizontal" },
      { "x": -3, "y": -1, "part": "frame_horizontal" },
      { "x": -2, "y": -1, "part": "frame_horizontal" },
      { "x": -1, "y": -1, "part": "frame_horizontal" },
      { "x": 0, "y": -1, "part": "frame_horizontal" },
      { "x": 1, "y": -1, "part": "frame_horizontal" },
      { "x": -5, "y": 0, "part": "frame_horizontal" },
      { "x": -4, "y": 0, "part": "frame_horizontal" },
      { "x": -3, "y": 0, "part": "frame_horizontal" },
      { "x": -2, "y": 0, "part": "frame_horizontal" },
      { "x": -1, "y": 0, "part": "frame_horizontal" },
      { "x": 0, "y": 0, "part": "frame_horizontal" },
      { "x": 1, "y": 0, "part": "frame_horizontal" },
      { "x": -5, "y": 1, "part": "frame_horizontal" },
      { "x": -4, "y": 1, "part": "frame_horizontal" },
      { "x": -3, "y": 1, "part": "frame_horizontal" },
      { "x": -2, "y": 1, "part": "frame_horizontal" },
      { "x": -1, "y": 1, "part": "frame_horizontal" },
      { "x": 0, "y": 1, "part": "frame_horizontal" },
      { "x": 1, "y": 1, "part": "frame_horizontal" },
      { "x": -5, "y": 2, "part": "frame_horizontal" },
      { "x": -4, "y": 2, "part": "frame_horizontal" },
      { "x": -3, "y": 2, "part": "frame_horizontal" },
      { "x": -2, "y": 2, "part": "frame_horizontal" },
      { "x": -1, "y": 2, "part": "frame_horizontal" },
      { "x": 0, "y": 2, "part": "frame_horizontal" },
      { "x": 1, "y": 2, "part": "frame_horizontal" },
      { "x": -5, "y": -2, "part": "roof" },
      { "x": -4, "y": -2, "part": "roof" },
      { "x": -3, "y": -2, "part": "roof" },
      { "x": -2, "y": -2, "part": "roof" },
      { "x": -1, "y": -2, "part": "roof" },
      { "x": 0, "y": -2, "part": "roof" },
      { "x": 1, "y": -2, "part": "roof" },
      { "x": -5, "y": -1, "part": "roof" },
      { "x": -4, "y": -1, "part": "roof" },
      { "x": -3, "y": -1, "part": "roof" },
      { "x": -2, "y": -1, "part": "roof" },
      { "x": -1, "y": -1, "part": "roof" },
      { "x": 0, "y": -1, "part": "roof" },
      { "x": 1, "y": -1, "part": "roof" },
      { "x": -5, "y": 0, "part": "roof" },
      { "x": -4, "y": 0, "part": "roof" },
      { "x": -3, "y": 0, "part": "roof" },
      { "x": -2, "y": 0, "part": "roof" },
      { "x": -1, "y": 0, "part": "roof" },
      { "x": 0, "y": 0, "part": "roof" },
      { "x": 1, "y": 0, "part": "roof" },
      { "x": -5, "y": 1, "part": "roof" },
      { "x": -4, "y": 1, "part": "roof" },
      { "x": -3, "y": 1, "part": "roof" },
      { "x": -2, "y": 1, "part": "roof" },
      { "x": -1, "y": 1, "part": "roof" },
      { "x": 0, "y": 1, "part": "roof" },
      { "x": 1, "y": 1, "part": "roof" },
      { "x": -5, "y": 2, "part": "roof" },
      { "x": -4, "y": 2, "part": "roof" },
      { "x": -3, "y": 2, "part": "roof" },
      { "x": -2, "y": 2, "part": "roof" },
      { "x": -1, "y": 2, "part": "roof" },
      { "x": 0, "y": 2, "part": "roof" },
      { "x": 1, "y": 2, "part": "roof" },
      { "x": 1, "y": -2, "part": "windshield" },
      { "x": 1, "y": -1, "part": "windshield" },
      { "x": 1, "y": 0, "part": "windshield" },
      { "x": 1, "y": 1, "part": "windshield" },
      { "x": 1, "y": 2, "part": "windshield" },
      { "x": 1, "y": -2, "part": "turret_mount" },
      { "x": 1, "y": -2, "part": "watercannon" },
      { "x": 1, "y": 2, "part": "turret_mount" },
      { "x": 1, "y": 2, "part": "watercannon" },
      { "x": 1, "y": -1, "part": "headlight" },
      { "x": 1, "y": 1, "part": "headlight" },
      { "x": -5, "y": -2, "part": "floodlight" },
      { "x": -5, "y": 2, "part": "floodlight" },
      { "x": -2, "y": -2, "part": "floodlight" },
      { "x": -2, "y": 2, "part": "floodlight" },
      { "x": 1, "y": -1, "part": "floodlight" },
      { "x": 1, "y": 1, "part": "floodlight" },
      { "x": 0, "y": 0, "part": "light_red" },
      { "x": -4, "y": -1, "part": "light_red" },
      { "x": -4, "y": 1, "part": "light_red" },
      { "x": -5, "y": -2, "part": "wheel_wide" },
      { "x": -4, "y": -2, "part": "wheel_wide" },
      { "x": 0, "y": -2, "part": "wheel_wide_steerable" },
      { "x": -5, "y": 2, "part": "wheel_wide" },
      { "x": -4, "y": 2, "part": "wheel_wide" },
      { "x": 0, "y": 2, "part": "wheel_wide_steerable" },
      { "x": -1, "y": -2, "part": "door" },
      { "x": -1, "y": 2, "part": "door" },
      { "x": 0, "y": -2, "part": "door" },
      { "x": 0, "y": 2, "part": "door" },
      { "x": -5, "y": -1, "part": "door_trunk" },
      { "x": -5, "y": 0, "part": "door_trunk" },
      { "x": -5, "y": 1, "part": "door_trunk" },
      { "x": 0, "y": -1, "part": "seat" },
      { "x": 0, "y": -1, "part": "seatbelt" },
      { "x": 0, "y": 0, "part": "seat" },
      { "x": 0, "y": 0, "part": "seatbelt" },
      { "x": 0, "y": 1, "part": "seat" },
      { "x": 0, "y": 1, "part": "seatbelt" },
      { "x": -1, "y": -1, "part": "seat" },
      { "x": -1, "y": -1, "part": "seatbelt" },
      { "x": -1, "y": 0, "part": "seat" },
      { "x": -1, "y": 0, "part": "seatbelt" },
      { "x": -1, "y": 1, "part": "seat" },
      { "x": -1, "y": 1, "part": "seatbelt" },
      { "x": 0, "y": 0, "part": "controls" },
      { "x": 0, "y": 0, "part": "dashboard" },
      { "x": -5, "y": -1, "part": "storage_battery" },
      { "x": -5, "y": 0, "part": "storage_battery" },
      { "x": -5, "y": 1, "part": "storage_battery" },
      { "x": 1, "y": 0, "part": "engine_v8" },
      { "x": 1, "y": 0, "part": "alternator_truck" },
      { "x": 1, "y": 0, "part": "horn_big" },
      { "x": -3, "y": -1, "part": "board_horizontal" },
      { "x": -3, "y": 0, "part": "board_horizontal" },
      { "x": -3, "y": 1, "part": "board_horizontal" },
      { "x": -5, "y": -2, "part": "board_vertical" },
      { "x": -4, "y": -2, "part": "board_vertical" },
      { "x": -3, "y": -2, "part": "board_vertical" },
      { "x": -5, "y": 2, "part": "board_vertical" },
      { "x": -4, "y": 2, "part": "board_vertical" },
      { "x": -3, "y": 2, "part": "board_vertical" },
      { "x": -3, "y": 2, "part": "beeper" },
      { "x": -4, "y": -1, "part": "tank", "fuel": "water" },
      { "x": -4, "y": 0, "part": "tank", "fuel": "water" },
      { "x": -4, "y": 1, "part": "tank", "fuel": "water" },
      { "x": -3, "y": -1, "part": "tank", "fuel": "water" },
      { "x": -3, "y": 0, "part": "tank", "fuel": "water" },
      { "x": -3, "y": 1, "part": "tank", "fuel": "water" },
      { "x": -2, "y": -1, "part": "tank", "fuel": "water" },
      { "x": -2, "y": 0, "part": "tank", "fuel": "water" },
      { "x": -2, "y": 1, "part": "tank", "fuel": "water" },
      { "x": -1, "y": -2, "part": "tank", "fuel": "gasoline" },
      { "x": -1, "y": 2, "part": "tank", "fuel": "gasoline" },
      { "x": -4, "y": -1, "part": "trunk" },
      { "x": -4, "y": 0, "part": "trunk" },
      { "x": -4, "y": 1, "part": "trunk" },
      { "x": -2, "y": -1, "part": "trunk" },
      { "x": -2, "y": 0, "part": "trunk" },
      { "x": -2, "y": 1, "part": "trunk" }
    ],
    "items": [
      { "x": -4, "y": -1, "chance": 40, "items": [ "firehelmet" ] },
      { "x": -4, "y": -1, "chance": 20, "item_groups": [ "fireman_mask" ] },
      { "x": -4, "y": -1, "chance": 40, "items": [ "bunker_coat" ] },
      { "x": -4, "y": -1, "chance": 40, "items": [ "bunker_pants" ] },
      { "x": -4, "y": -1, "chance": 40, "items": [ "boots_bunker" ] },
      { "x": -4, "y": -1, "chance": 40, "items": [ "fireman_belt" ] },
      { "x": -4, "y": -1, "chance": 20, "items": [ "nomex_suit" ] },
      { "x": -4, "y": -1, "chance": 20, "items": [ "nomex_hood" ] },
      { "x": -4, "y": -1, "chance": 40, "items": [ "nomex_gloves" ] },
      { "x": -4, "y": 0, "chance": 40, "items": [ "firehelmet" ] },
      { "x": -4, "y": 0, "chance": 40, "items": [ "bunker_coat" ] },
      { "x": -4, "y": 0, "chance": 40, "items": [ "bunker_pants" ] },
      { "x": -4, "y": 0, "chance": 40, "items": [ "boots_bunker" ] },
      { "x": -4, "y": 0, "chance": 40, "items": [ "fireman_belt" ] },
      { "x": -4, "y": 0, "chance": 20, "items": [ "nomex_suit" ] },
      { "x": -4, "y": 0, "chance": 20, "items": [ "nomex_hood" ] },
      { "x": -4, "y": 0, "chance": 40, "items": [ "nomex_gloves" ] },
      { "x": -4, "y": 1, "chance": 40, "items": [ "firehelmet" ] },
      { "x": -4, "y": 1, "chance": 20, "item_groups": [ "fireman_mask" ] },
      { "x": -4, "y": 1, "chance": 40, "items": [ "bunker_coat" ] },
      { "x": -4, "y": 1, "chance": 40, "items": [ "bunker_pants" ] },
      { "x": -4, "y": 1, "chance": 40, "items": [ "boots_bunker" ] },
      { "x": -4, "y": 1, "chance": 40, "items": [ "fireman_belt" ] },
      { "x": -4, "y": 1, "chance": 20, "items": [ "nomex_suit" ] },
      { "x": -4, "y": 1, "chance": 20, "items": [ "nomex_hood" ] },
      { "x": -4, "y": 1, "chance": 40, "items": [ "nomex_gloves" ] },
      { "x": -2, "y": -1, "chance": 40, "items": [ "firehelmet" ] },
      { "x": -2, "y": -1, "chance": 20, "item_groups": [ "fireman_gear" ] },
      { "x": -2, "y": -1, "chance": 40, "items": [ "bunker_coat" ] },
      { "x": -2, "y": -1, "chance": 40, "items": [ "bunker_pants" ] },
      { "x": -2, "y": -1, "chance": 40, "items": [ "boots_bunker" ] },
      { "x": -2, "y": -1, "chance": 40, "items": [ "fireman_belt" ] },
      { "x": -2, "y": -1, "chance": 20, "items": [ "nomex_suit" ] },
      { "x": -2, "y": -1, "chance": 20, "items": [ "nomex_hood" ] },
      { "x": -2, "y": -1, "chance": 40, "item_groups": [ "fireman_gloves" ] },
      { "x": -2, "y": 0, "chance": 40, "items": [ "firehelmet" ] },
      { "x": -2, "y": 0, "chance": 40, "items": [ "bunker_coat" ] },
      { "x": -2, "y": 0, "chance": 40, "items": [ "bunker_pants" ] },
      { "x": -2, "y": 0, "chance": 40, "items": [ "boots_bunker" ] },
      { "x": -2, "y": 0, "chance": 40, "items": [ "fireman_belt" ] },
      { "x": -2, "y": 0, "chance": 20, "items": [ "nomex_suit" ] },
      { "x": -2, "y": 0, "chance": 20, "items": [ "nomex_hood" ] },
      { "x": -2, "y": 0, "chance": 40, "items": [ "nomex_gloves" ] },
      { "x": -2, "y": 1, "chance": 40, "items": [ "firehelmet" ] },
      { "x": -2, "y": 1, "chance": 40, "items": [ "bunker_coat" ] },
      { "x": -2, "y": 1, "chance": 40, "items": [ "boots_bunker" ] },
      { "x": -2, "y": 1, "chance": 40, "items": [ "fireman_belt" ] },
      { "x": -2, "y": 1, "chance": 40, "item_groups": [ "fireman_pants" ] },
      { "x": -2, "y": 1, "chance": 20, "item_groups": [ "fireman_torso" ] },
      { "x": -2, "y": 1, "chance": 20, "item_groups": [ "fireman_head" ] },
      { "x": -2, "y": 1, "chance": 40, "item_groups": [ "fireman_gloves" ] }
    ]
  },
  {
    "id": "fire_truck",
    "type": "vehicle",
    "name": "Fire Truck",
    "blueprint": [
      [ "        o" ],
      [ "|+++-+-+-" ],
      [ "|===|#*#*" ],
      [ "+===|=*H|" ],
      [ "|===|#*#*" ],
      [ "|+++-+-+-" ],
      [ "        o" ]
    ],
    "parts": [
      { "x": 2, "y": -1, "part": "hdframe_nw" },
      { "x": 2, "y": -1, "part": "halfboard_nw" },
      { "x": 2, "y": 0, "part": "hdframe_horizontal" },
      { "x": 2, "y": 0, "part": "halfboard_horizontal" },
      { "x": 2, "y": 0, "part": "horn_big" },
      { "x": 2, "y": 1, "part": "hdframe_horizontal" },
      { "x": 2, "y": 1, "part": "halfboard_horizontal" },
      { "x": 2, "y": 1, "part": "headlight" },
      { "x": 2, "y": 2, "part": "hdframe_horizontal" },
      { "x": 2, "y": 2, "part": "halfboard_horizontal" },
      { "x": 2, "y": 2, "part": "horn_big" },
      { "x": 2, "y": 3, "part": "hdframe_ne" },
      { "x": 2, "y": 3, "part": "halfboard_ne" },
      { "x": 1, "y": -1, "part": "hdframe_vertical" },
      { "x": 1, "y": -1, "part": "headlight" },
      { "x": 1, "y": -1, "part": "windshield" },
      { "x": 1, "y": -1, "part": "roof" },
      { "x": 1, "y": -2, "part": "wing_mirror" },
      { "x": 1, "y": 0, "part": "hdframe_horizontal" },
      { "x": 1, "y": 0, "part": "windshield" },
      { "x": 1, "y": 0, "part": "roof" },
      { "x": 1, "y": 1, "part": "hdframe_horizontal" },
      { "x": 1, "y": 1, "part": "windshield" },
      { "x": 1, "y": 1, "part": "roof" },
      { "x": 1, "y": 2, "part": "hdframe_horizontal" },
      { "x": 1, "y": 2, "part": "windshield" },
      { "x": 1, "y": 2, "part": "roof" },
      { "x": 1, "y": 3, "part": "hdframe_vertical" },
      { "x": 1, "y": 3, "part": "headlight" },
      { "x": 1, "y": 3, "part": "windshield" },
      { "x": 1, "y": 3, "part": "roof" },
      { "x": 1, "y": 4, "part": "wing_mirror" },
      { "x": 0, "y": -1, "part": "hdframe_vertical" },
      { "x": 0, "y": -1, "part": "door" },
      { "x": 0, "y": -1, "part": "roof" },
      { "x": 0, "y": -1, "part": "wheel_wide_steerable" },
      { "x": 0, "y": 0, "part": "hdframe_horizontal" },
      { "x": 0, "y": 0, "part": "seat" },
      { "x": 0, "y": 0, "part": "seatbelt" },
      { "x": 0, "y": 0, "part": "controls" },
      { "x": 0, "y": 0, "part": "dashboard" },
      { "x": 0, "y": 0, "part": "vehicle_alarm" },
      { "x": 0, "y": 0, "part": "roof" },
      { "x": 0, "y": 1, "part": "hdframe_horizontal" },
      { "x": 0, "y": 1, "part": "engine_v8" },
      { "x": 0, "y": 1, "part": "alternator_truck" },
      { "x": 0, "y": 1, "part": "battery_car" },
      { "x": 0, "y": 1, "part": "trunk" },
      { "x": 0, "y": 1, "part": "roof" },
      { "x": 0, "y": 2, "part": "hdframe_horizontal" },
      { "x": 0, "y": 2, "part": "seat" },
      { "x": 0, "y": 2, "part": "seatbelt" },
      { "x": 0, "y": 2, "part": "roof" },
      { "x": 0, "y": 3, "part": "hdframe_vertical" },
      { "x": 0, "y": 3, "part": "door" },
      { "x": 0, "y": 3, "part": "roof" },
      { "x": 0, "y": 3, "part": "wheel_wide_steerable" },
      { "x": -1, "y": -1, "part": "hdframe_vertical" },
      { "x": -1, "y": -1, "part": "board_vertical" },
      { "x": -1, "y": -1, "part": "roof" },
      { "x": -1, "y": 0, "part": "hdframe_horizontal" },
      { "x": -1, "y": 0, "part": "seat" },
      { "x": -1, "y": 0, "part": "seatbelt" },
      { "x": -1, "y": 0, "part": "roof" },
      { "x": -1, "y": 0, "part": "light_red" },
      { "x": -1, "y": 1, "part": "hdframe_horizontal" },
      { "x": -1, "y": 1, "part": "trunk" },
      { "x": -1, "y": 1, "part": "roof" },
      { "x": -1, "y": 1, "part": "light_red" },
      { "x": -1, "y": 2, "part": "hdframe_horizontal" },
      { "x": -1, "y": 2, "part": "seat" },
      { "x": -1, "y": 2, "part": "seatbelt" },
      { "x": -1, "y": 2, "part": "roof" },
      { "x": -1, "y": 2, "part": "light_red" },
      { "x": -1, "y": 3, "part": "hdframe_vertical" },
      { "x": -1, "y": 3, "part": "board_vertical" },
      { "x": -1, "y": 3, "part": "roof" },
      { "x": -2, "y": -1, "part": "hdframe_vertical" },
      { "x": -2, "y": -1, "part": "door" },
      { "x": -2, "y": -1, "part": "roof" },
      { "x": -2, "y": 0, "part": "hdframe_horizontal" },
      { "x": -2, "y": 0, "part": "aisle_horizontal" },
      { "x": -2, "y": 0, "part": "roof" },
      { "x": -2, "y": 1, "part": "hdframe_horizontal" },
      { "x": -2, "y": 1, "part": "seat" },
      { "x": -2, "y": 1, "part": "seatbelt" },
      { "x": -2, "y": 1, "part": "roof" },
      { "x": -2, "y": 2, "part": "hdframe_horizontal" },
      { "x": -2, "y": 2, "part": "aisle_horizontal" },
      { "x": -2, "y": 2, "part": "roof" },
      { "x": -2, "y": 3, "part": "hdframe_vertical" },
      { "x": -2, "y": 3, "part": "door" },
      { "x": -2, "y": 3, "part": "roof" },
      { "x": -3, "y": -1, "part": "hdframe_sw" },
      { "x": -3, "y": -1, "part": "board_sw" },
      { "x": -3, "y": -1, "part": "roof" },
      { "x": -3, "y": 0, "part": "hdframe_horizontal" },
      { "x": -3, "y": 0, "part": "board_horizontal" },
      { "x": -3, "y": 0, "part": "roof" },
      { "x": -3, "y": 1, "part": "hdframe_horizontal" },
      { "x": -3, "y": 1, "part": "board_horizontal" },
      { "x": -3, "y": 1, "part": "roof" },
      { "x": -3, "y": 2, "part": "hdframe_horizontal" },
      { "x": -3, "y": 2, "part": "board_horizontal" },
      { "x": -3, "y": 2, "part": "roof" },
      { "x": -3, "y": 3, "part": "hdframe_se" },
      { "x": -3, "y": 3, "part": "board_se" },
      { "x": -3, "y": 3, "part": "roof" },
      { "x": -4, "y": -1, "part": "hdframe_vertical" },
      { "x": -4, "y": -1, "part": "stowboard_vertical" },
      { "x": -4, "y": -1, "part": "roof" },
      { "x": -4, "y": 0, "part": "hdframe_horizontal" },
      { "x": -4, "y": 0, "part": "trunk" },
      { "x": -4, "y": 0, "part": "roof" },
      { "x": -4, "y": 1, "part": "hdframe_horizontal" },
      { "x": -4, "y": 1, "part": "aisle_vertical" },
      { "x": -4, "y": 1, "part": "roof" },
      { "x": -4, "y": 2, "part": "hdframe_horizontal" },
      { "x": -4, "y": 2, "part": "trunk" },
      { "x": -4, "y": 2, "part": "roof" },
      { "x": -4, "y": 3, "part": "hdframe_vertical" },
      { "x": -4, "y": 3, "part": "stowboard_vertical" },
      { "x": -4, "y": 3, "part": "roof" },
      { "x": -5, "y": -1, "part": "hdframe_vertical" },
      { "x": -5, "y": -1, "part": "wheel_wide" },
      { "x": -5, "y": -1, "part": "tank", "fuel": "gasoline" },
      { "x": -5, "y": -1, "part": "stowboard_vertical" },
      { "x": -5, "y": -1, "part": "roof" },
      { "x": -5, "y": 0, "part": "hdframe_horizontal" },
      { "x": -5, "y": 0, "part": "trunk" },
      { "x": -5, "y": 0, "part": "roof" },
      { "x": -5, "y": 1, "part": "hdframe_horizontal" },
      { "x": -5, "y": 1, "part": "aisle_vertical" },
      { "x": -5, "y": 1, "part": "roof" },
      { "x": -5, "y": 2, "part": "hdframe_horizontal" },
      { "x": -5, "y": 2, "part": "trunk" },
      { "x": -5, "y": 2, "part": "roof" },
      { "x": -5, "y": 3, "part": "hdframe_vertical" },
      { "x": -5, "y": 3, "part": "wheel_wide" },
      { "x": -5, "y": 3, "part": "tank", "fuel": "gasoline" },
      { "x": -5, "y": 3, "part": "stowboard_vertical" },
      { "x": -5, "y": 3, "part": "roof" },
      { "x": -6, "y": -1, "part": "hdframe_vertical" },
      { "x": -6, "y": -1, "part": "stowboard_vertical" },
      { "x": -6, "y": -1, "part": "roof" },
      { "x": -6, "y": 0, "part": "hdframe_horizontal" },
      { "x": -6, "y": 0, "part": "trunk" },
      { "x": -6, "y": 0, "part": "roof" },
      { "x": -6, "y": 1, "part": "hdframe_horizontal" },
      { "x": -6, "y": 1, "part": "muffler" },
      { "x": -6, "y": 1, "part": "aisle_vertical" },
      { "x": -6, "y": 1, "part": "roof" },
      { "x": -6, "y": 2, "part": "hdframe_horizontal" },
      { "x": -6, "y": 2, "part": "trunk" },
      { "x": -6, "y": 2, "part": "roof" },
      { "x": -6, "y": 3, "part": "hdframe_vertical" },
      { "x": -6, "y": 3, "part": "stowboard_vertical" },
      { "x": -6, "y": 3, "part": "roof" },
      { "x": -7, "y": -1, "part": "hdframe_sw" },
      { "x": -7, "y": -1, "part": "board_sw" },
      { "x": -7, "y": -1, "part": "roof" },
      { "x": -7, "y": 0, "part": "hdframe_horizontal" },
      { "x": -7, "y": 0, "part": "board_horizontal" },
      { "x": -7, "y": 0, "part": "roof" },
      { "x": -7, "y": 1, "part": "hdframe_horizontal" },
      { "x": -7, "y": 1, "part": "door_opaque" },
      { "x": -7, "y": 1, "part": "roof" },
      { "x": -7, "y": 2, "part": "hdframe_horizontal" },
      { "x": -7, "y": 2, "part": "board_horizontal" },
      { "x": -7, "y": 2, "part": "beeper" },
      { "x": -7, "y": 2, "part": "roof" },
      { "x": -7, "y": 3, "part": "hdframe_se" },
      { "x": -7, "y": 3, "part": "board_se" },
      { "x": -7, "y": 3, "part": "roof" }
    ],
    "items": [
      { "x": 0, "y": 1, "chance": 1, "items": [ "roadmap" ] },
      { "x": -1, "y": 1, "chance": 8, "items": [ "smoxygen_tank", "1st_aid" ] },
      { "x": -1, "y": 1, "chance": 12, "items": [ "extinguisher" ] },
      { "x": -4, "y": 2, "chance": 4, "item_groups": [ "fireman_gear" ] },
      { "x": -4, "y": 0, "chance": 8, "items": [ "flashlight", "oxygen_tank", "smoxygen_tank", "1st_aid" ] },
      { "x": -4, "y": -1, "chance": 4, "item_groups": [ "fireman_gear" ] },
      { "x": -5, "y": 0, "chance": 1, "items": [ "bunker_coat", "bunker_pants", "boots_bunker", "fire_gauntlets", "firehelmet", "mask_bunker" ] },
      { "x": -5, "y": -1, "chance": 7, "items": [ "fire_ax", "hammer_sledge", "shovel", "throw_extinguisher" ] },
      { "x": -5, "y": 3, "chance": 1, "items": [ "fire_ax", "chainsaw_off", "halligan", "throw_extinguisher" ] },
      { "x": -6, "y": 0, "chance": 1, "items": [ "nomex_suit", "nomex_hood", "nomex_gloves", "nomex_socks" ] },
      { "x": -6, "y": -1, "chance": 5, "items": [ "halligan", "crowbar", "hammer_sledge" ] },
      { "x": -6, "y": 2, "chance": 1, "items": [ "entry_suit", "mask_gas", "smoxygen_tank" ] },
      { "x": -6, "y": 3, "chance": 5, "items": [ "halligan", "crowbar", "shovel", "rope_30", "throw_extinguisher" ] }
    ]
  },
  {
    "id": "policecar",
    "type": "vehicle",
    "name": "Police Car",
    "blueprint": [
      [ "o-++-o" ],
      [ "+=##'|" ],
      [ "+=##'|" ],
      [ "o-++-o" ]
    ],
    "parts": [
      { "x": 0, "y": 0, "part": "frame_vertical_2" },
      { "x": 0, "y": 0, "part": "seat" },
      { "x": 0, "y": 0, "part": "seatbelt" },
      { "x": 0, "y": 0, "part": "controls" },
      { "x": 0, "y": 0, "part": "dashboard" },
      { "x": 0, "y": 0, "part": "vehicle_clock" },
      { "x": 0, "y": 0, "part": "vehicle_alarm" },
      { "x": 0, "y": 0, "part": "horn_car" },
      { "x": 0, "y": 0, "part": "roof" },
      { "x": 0, "y": 1, "part": "frame_vertical_2" },
      { "x": 0, "y": 1, "part": "seat" },
      { "x": 0, "y": 1, "part": "seatbelt" },
      { "x": 0, "y": 1, "part": "roof" },
      { "x": 0, "y": -1, "part": "frame_vertical" },
      { "x": 0, "y": -1, "part": "door" },
      { "x": 0, "y": 2, "part": "frame_vertical" },
      { "x": 0, "y": 2, "part": "door" },
      { "x": -1, "y": 0, "part": "frame_vertical_2" },
      { "x": -1, "y": 0, "part": "seat" },
      { "x": -1, "y": 0, "part": "seatbelt" },
      { "x": -1, "y": 0, "part": "roof" },
      { "x": -1, "y": 0, "part": "light_red" },
      { "x": -1, "y": 1, "part": "frame_vertical_2" },
      { "x": -1, "y": 1, "part": "seat" },
      { "x": -1, "y": 1, "part": "seatbelt" },
      { "x": -1, "y": 1, "part": "roof" },
      { "x": -1, "y": 1, "part": "light_blue" },
      { "x": -1, "y": -1, "part": "frame_vertical" },
      { "x": -1, "y": -1, "part": "door" },
      { "x": -1, "y": 2, "part": "frame_vertical" },
      { "x": -1, "y": 2, "part": "door" },
      { "x": 1, "y": 0, "part": "frame_horizontal" },
      { "x": 1, "y": 0, "part": "windshield" },
      { "x": 1, "y": 1, "part": "frame_horizontal" },
      { "x": 1, "y": 1, "part": "windshield" },
      { "x": 1, "y": -1, "part": "frame_vertical" },
      { "x": 1, "y": -1, "part": "windshield" },
      { "x": 1, "y": 2, "part": "frame_vertical" },
      { "x": 1, "y": 2, "part": "windshield" },
      { "x": 2, "y": 0, "part": "frame_horizontal" },
      { "x": 2, "y": 0, "part": "engine_v8" },
      { "x": 2, "y": 0, "part": "alternator_truck" },
      { "x": 2, "y": 0, "part": "battery_car" },
      { "x": 2, "y": 0, "part": "halfboard_horizontal" },
      { "x": 2, "y": 1, "part": "frame_horizontal" },
      { "x": 2, "y": 1, "part": "halfboard_horizontal" },
      { "x": 2, "y": -1, "part": "frame_nw" },
      { "x": 2, "y": -1, "part": "halfboard_nw" },
      { "x": 2, "y": -1, "part": "wheel_steerable" },
      { "x": 2, "y": -1, "part": "headlight" },
      { "x": 2, "y": 2, "part": "frame_ne" },
      { "x": 2, "y": 2, "part": "halfboard_ne" },
      { "x": 2, "y": 2, "part": "wheel_steerable" },
      { "x": 2, "y": 2, "part": "headlight" },
      { "x": -2, "y": 0, "part": "frame_vertical" },
      { "x": -2, "y": 0, "part": "trunk" },
      { "x": -2, "y": 0, "part": "muffler" },
      { "x": -2, "y": 0, "part": "roof" },
      { "x": -2, "y": 1, "part": "frame_vertical" },
      { "x": -2, "y": 1, "part": "trunk" },
      { "x": -2, "y": 1, "part": "roof" },
      { "x": -2, "y": -1, "part": "frame_vertical" },
      { "x": -2, "y": -1, "part": "halfboard_vertical" },
      { "x": -2, "y": -1, "part": "tank", "fuel": "gasoline" },
      { "x": -2, "y": 2, "part": "frame_vertical" },
      { "x": -2, "y": 2, "part": "halfboard_vertical" },
      { "x": -3, "y": -1, "part": "frame_horizontal" },
      { "x": -3, "y": -1, "part": "halfboard_sw" },
      { "x": -3, "y": -1, "part": "wheel" },
      { "x": -3, "y": 0, "part": "frame_horizontal" },
      { "x": -3, "y": 0, "part": "door_trunk" },
      { "x": -3, "y": 1, "part": "frame_horizontal" },
      { "x": -3, "y": 1, "part": "door_trunk" },
      { "x": -3, "y": 2, "part": "frame_horizontal" },
      { "x": -3, "y": 2, "part": "halfboard_se" },
      { "x": -3, "y": 2, "part": "wheel" }
    ],
    "items": [
      { "x": -2, "y": 0, "chance": 5, "item_groups": [ "tools_entry" ] },
      { "x": -2, "y": 0, "chance": 5, "item_groups": [ "cop_gear" ] },
      { "x": -2, "y": 1, "chance": 3, "magazine": 100, "ammo": 50, "item_groups": [ "cop_weapons" ] }
    ]
  },
  {
    "id": "policecar_k9",
    "type": "vehicle",
    "name": "Police K9 Unit",
    "blueprint": [
      [ "o-++-o" ],
      [ "+=##'|" ],
      [ "+=##'|" ],
      [ "o-++-o" ]
    ],
    "parts": [
      { "x": 0, "y": 0, "part": "frame_vertical_2" },
      { "x": 0, "y": 0, "part": "seat" },
      { "x": 0, "y": 0, "part": "seatbelt" },
      { "x": 0, "y": 0, "part": "controls" },
      { "x": 0, "y": 0, "part": "dashboard" },
      { "x": 0, "y": 0, "part": "vehicle_clock" },
      { "x": 0, "y": 0, "part": "vehicle_alarm" },
      { "x": 0, "y": 0, "part": "horn_car" },
      { "x": 0, "y": 0, "part": "roof" },
      { "x": 0, "y": 1, "part": "frame_vertical_2" },
      { "x": 0, "y": 1, "part": "seat" },
      { "x": 0, "y": 1, "part": "seatbelt" },
      { "x": 0, "y": 1, "part": "roof" },
      { "x": 0, "y": -1, "part": "frame_vertical" },
      { "x": 0, "y": -1, "part": "door" },
      { "x": 0, "y": 2, "part": "frame_vertical" },
      { "x": 0, "y": 2, "part": "door" },
      { "x": -1, "y": 0, "part": "frame_vertical_2" },
      { "x": -1, "y": 0, "part": "animal_compartment" },
      { "x": -1, "y": 0, "part": "roof" },
      { "x": -1, "y": 0, "part": "light_red" },
      { "x": -1, "y": 1, "part": "frame_vertical_2" },
      { "x": -1, "y": 1, "part": "seat" },
      { "x": -1, "y": 1, "part": "seatbelt" },
      { "x": -1, "y": 1, "part": "roof" },
      { "x": -1, "y": 1, "part": "light_blue" },
      { "x": -1, "y": -1, "part": "frame_vertical" },
      { "x": -1, "y": -1, "part": "door" },
      { "x": -1, "y": 2, "part": "frame_vertical" },
      { "x": -1, "y": 2, "part": "door" },
      { "x": 1, "y": 0, "part": "frame_horizontal" },
      { "x": 1, "y": 0, "part": "windshield" },
      { "x": 1, "y": 1, "part": "frame_horizontal" },
      { "x": 1, "y": 1, "part": "windshield" },
      { "x": 1, "y": -1, "part": "frame_vertical" },
      { "x": 1, "y": -1, "part": "windshield" },
      { "x": 1, "y": 2, "part": "frame_vertical" },
      { "x": 1, "y": 2, "part": "windshield" },
      { "x": 2, "y": 0, "part": "frame_horizontal" },
      { "x": 2, "y": 0, "part": "engine_v8" },
      { "x": 2, "y": 0, "part": "alternator_truck" },
      { "x": 2, "y": 0, "part": "battery_car" },
      { "x": 2, "y": 0, "part": "halfboard_horizontal" },
      { "x": 2, "y": 1, "part": "frame_horizontal" },
      { "x": 2, "y": 1, "part": "halfboard_horizontal" },
      { "x": 2, "y": -1, "part": "frame_nw" },
      { "x": 2, "y": -1, "part": "halfboard_nw" },
      { "x": 2, "y": -1, "part": "wheel_steerable" },
      { "x": 2, "y": -1, "part": "headlight" },
      { "x": 2, "y": 2, "part": "frame_ne" },
      { "x": 2, "y": 2, "part": "halfboard_ne" },
      { "x": 2, "y": 2, "part": "wheel_steerable" },
      { "x": 2, "y": 2, "part": "headlight" },
      { "x": -2, "y": 0, "part": "frame_vertical" },
      { "x": -2, "y": 0, "part": "trunk" },
      { "x": -2, "y": 0, "part": "muffler" },
      { "x": -2, "y": 0, "part": "roof" },
      { "x": -2, "y": 1, "part": "frame_vertical" },
      { "x": -2, "y": 1, "part": "trunk" },
      { "x": -2, "y": 1, "part": "roof" },
      { "x": -2, "y": -1, "part": "frame_vertical" },
      { "x": -2, "y": -1, "part": "halfboard_vertical" },
      { "x": -2, "y": -1, "part": "tank", "fuel": "gasoline" },
      { "x": -2, "y": 2, "part": "frame_vertical" },
      { "x": -2, "y": 2, "part": "halfboard_vertical" },
      { "x": -3, "y": -1, "part": "frame_horizontal" },
      { "x": -3, "y": -1, "part": "halfboard_sw" },
      { "x": -3, "y": -1, "part": "wheel" },
      { "x": -3, "y": 0, "part": "frame_horizontal" },
      { "x": -3, "y": 0, "part": "door_trunk" },
      { "x": -3, "y": 1, "part": "frame_horizontal" },
      { "x": -3, "y": 1, "part": "door_trunk" },
      { "x": -3, "y": 2, "part": "frame_horizontal" },
      { "x": -3, "y": 2, "part": "halfboard_se" },
      { "x": -3, "y": 2, "part": "wheel" }
    ],
    "items": [
      { "x": 0, "y": 1, "chance": 8, "items": [ "dog_whistle" ] },
      { "x": -2, "y": 0, "chance": 6, "item_groups": [ "cop_gear" ] },
      { "x": -2, "y": 1, "chance": 1, "item_groups": [ "cop_gear" ] },
      { "x": -2, "y": 1, "chance": 2, "magazine": 100, "ammo": 50, "item_groups": [ "cop_weapons" ] }
    ]
  },
  {
    "id": "policesuv",
    "type": "vehicle",
    "name": "Police SUV",
    "blueprint": [
      [ "-o-++-o" ],
      [ "+==##'|" ],
      [ "+==##'|" ],
      [ "-o-++-o" ]
    ],
    "parts": [
      { "x": 0, "y": 0, "part": "frame_vertical_2" },
      { "x": 0, "y": 0, "part": "seat" },
      { "x": 0, "y": 0, "part": "seatbelt" },
      { "x": 0, "y": 0, "part": "controls" },
      { "x": 0, "y": 0, "part": "dashboard" },
      { "x": 0, "y": 0, "part": "vehicle_clock" },
      { "x": 0, "y": 0, "part": "vehicle_alarm" },
      { "x": 0, "y": 0, "part": "horn_car" },
      { "x": 0, "y": 0, "part": "roof" },
      { "x": 0, "y": 1, "part": "frame_vertical_2" },
      { "x": 0, "y": 1, "part": "seat" },
      { "x": 0, "y": 1, "part": "seatbelt" },
      { "x": 0, "y": 1, "part": "roof" },
      { "x": 0, "y": -1, "part": "frame_vertical" },
      { "x": 0, "y": -1, "part": "door" },
      { "x": 0, "y": 2, "part": "frame_vertical" },
      { "x": 0, "y": 2, "part": "door" },
      { "x": -1, "y": 0, "part": "frame_vertical_2" },
      { "x": -1, "y": 0, "part": "seat" },
      { "x": -1, "y": 0, "part": "seatbelt" },
      { "x": -1, "y": 0, "part": "roof" },
      { "x": -1, "y": 0, "part": "light_red" },
      { "x": -1, "y": 1, "part": "frame_vertical_2" },
      { "x": -1, "y": 1, "part": "seat" },
      { "x": -1, "y": 1, "part": "seatbelt" },
      { "x": -1, "y": 1, "part": "roof" },
      { "x": -1, "y": 1, "part": "light_blue" },
      { "x": -1, "y": -1, "part": "frame_vertical" },
      { "x": -1, "y": -1, "part": "door" },
      { "x": -1, "y": 2, "part": "frame_vertical" },
      { "x": -1, "y": 2, "part": "door" },
      { "x": 1, "y": 0, "part": "frame_horizontal" },
      { "x": 1, "y": 0, "part": "windshield" },
      { "x": 1, "y": 1, "part": "frame_horizontal" },
      { "x": 1, "y": 1, "part": "windshield" },
      { "x": 1, "y": -1, "part": "frame_vertical" },
      { "x": 1, "y": -1, "part": "windshield" },
      { "x": 1, "y": 2, "part": "frame_vertical" },
      { "x": 1, "y": 2, "part": "windshield" },
      { "x": 2, "y": 0, "part": "frame_horizontal" },
      { "x": 2, "y": 0, "part": "halfboard_nw" },
      { "x": 2, "y": 0, "part": "engine_v8" },
      { "x": 2, "y": 0, "part": "alternator_truck" },
      { "x": 2, "y": 0, "part": "battery_car" },
      { "x": 2, "y": 1, "part": "frame_horizontal" },
      { "x": 2, "y": 1, "part": "halfboard_ne" },
      { "x": 2, "y": -1, "part": "frame_nw" },
      { "x": 2, "y": -1, "part": "halfboard_nw" },
      { "x": 2, "y": -1, "part": "wheel_steerable" },
      { "x": 2, "y": -1, "part": "headlight_reinforced" },
      { "x": 2, "y": 2, "part": "frame_ne" },
      { "x": 2, "y": 2, "part": "halfboard_ne" },
      { "x": 2, "y": 2, "part": "wheel_steerable" },
      { "x": 2, "y": 2, "part": "headlight_reinforced" },
      { "x": -2, "y": 0, "part": "frame_vertical" },
      { "x": -2, "y": 0, "part": "trunk" },
      { "x": -2, "y": 0, "part": "roof" },
      { "x": -2, "y": 1, "part": "frame_vertical" },
      { "x": -2, "y": 1, "part": "trunk" },
      { "x": -2, "y": 1, "part": "roof" },
      { "x": -2, "y": -1, "part": "frame_vertical" },
      { "x": -2, "y": -1, "part": "halfboard_vertical" },
      { "x": -2, "y": -1, "part": "tank", "fuel": "gasoline" },
      { "x": -2, "y": 2, "part": "frame_vertical" },
      { "x": -2, "y": 2, "part": "halfboard_vertical" },
      { "x": -3, "y": 0, "part": "frame_vertical" },
      { "x": -3, "y": 0, "part": "trunk" },
      { "x": -3, "y": 0, "part": "muffler" },
      { "x": -3, "y": 0, "part": "roof" },
      { "x": -3, "y": 1, "part": "frame_vertical" },
      { "x": -3, "y": 1, "part": "trunk" },
      { "x": -3, "y": 1, "part": "roof" },
      { "x": -3, "y": -1, "part": "frame_vertical" },
      { "x": -3, "y": -1, "part": "halfboard_vertical" },
      { "x": -3, "y": -1, "part": "tank", "fuel": "gasoline" },
      { "x": -3, "y": -1, "part": "wheel" },
      { "x": -3, "y": 2, "part": "frame_vertical" },
      { "x": -3, "y": 2, "part": "halfboard_vertical" },
      { "x": -3, "y": 2, "part": "wheel" },
      { "x": -4, "y": -1, "part": "frame_horizontal" },
      { "x": -4, "y": -1, "part": "halfboard_sw" },
      { "x": -4, "y": 0, "part": "frame_horizontal" },
      { "x": -4, "y": 0, "part": "door_trunk" },
      { "x": -4, "y": 1, "part": "frame_horizontal" },
      { "x": -4, "y": 1, "part": "door_trunk" },
      { "x": -4, "y": 2, "part": "frame_horizontal" },
      { "x": -4, "y": 2, "part": "halfboard_se" }
    ],
    "items": [
      { "x": -2, "y": 0, "chance": 5, "item_groups": [ "cop_gear" ] },
      { "x": -2, "y": 1, "chance": 3, "magazine": 100, "ammo": 50, "item_groups": [ "cop_weapons" ] },
      { "x": -3, "y": 0, "chance": 5, "item_groups": [ "tools_entry" ] },
      { "x": -3, "y": 1, "chance": 4, "items": [ "jumper_cable" ] },
      { "x": -3, "y": 1, "chance": 7, "items": [ "jack_small", "wheel" ] }
    ]
  },
  {
    "id": "policesuv_k9",
    "type": "vehicle",
    "name": "Police K9 Unit",
    "blueprint": [
      [ "-o-++-o" ],
      [ "+==##'|" ],
      [ "+==##'|" ],
      [ "-o-++-o" ]
    ],
    "parts": [
      { "x": 0, "y": 0, "part": "frame_vertical_2" },
      { "x": 0, "y": 0, "part": "seat" },
      { "x": 0, "y": 0, "part": "seatbelt" },
      { "x": 0, "y": 0, "part": "controls" },
      { "x": 0, "y": 0, "part": "dashboard" },
      { "x": 0, "y": 0, "part": "vehicle_clock" },
      { "x": 0, "y": 0, "part": "vehicle_alarm" },
      { "x": 0, "y": 0, "part": "horn_car" },
      { "x": 0, "y": 0, "part": "roof" },
      { "x": 0, "y": 1, "part": "frame_vertical_2" },
      { "x": 0, "y": 1, "part": "seat" },
      { "x": 0, "y": 1, "part": "seatbelt" },
      { "x": 0, "y": 1, "part": "roof" },
      { "x": 0, "y": -1, "part": "frame_vertical" },
      { "x": 0, "y": -1, "part": "door" },
      { "x": 0, "y": 2, "part": "frame_vertical" },
      { "x": 0, "y": 2, "part": "door" },
      { "x": -1, "y": 0, "part": "frame_vertical_2" },
      { "x": -1, "y": 0, "part": "animal_compartment" },
      { "x": -1, "y": 0, "part": "roof" },
      { "x": -1, "y": 0, "part": "light_red" },
      { "x": -1, "y": 1, "part": "frame_vertical_2" },
      { "x": -1, "y": 1, "part": "seat" },
      { "x": -1, "y": 1, "part": "seatbelt" },
      { "x": -1, "y": 1, "part": "roof" },
      { "x": -1, "y": 1, "part": "light_blue" },
      { "x": -1, "y": -1, "part": "frame_vertical" },
      { "x": -1, "y": -1, "part": "door" },
      { "x": -1, "y": 2, "part": "frame_vertical" },
      { "x": -1, "y": 2, "part": "door" },
      { "x": 1, "y": 0, "part": "frame_horizontal" },
      { "x": 1, "y": 0, "part": "windshield" },
      { "x": 1, "y": 1, "part": "frame_horizontal" },
      { "x": 1, "y": 1, "part": "windshield" },
      { "x": 1, "y": -1, "part": "frame_vertical" },
      { "x": 1, "y": -1, "part": "windshield" },
      { "x": 1, "y": 2, "part": "frame_vertical" },
      { "x": 1, "y": 2, "part": "windshield" },
      { "x": 2, "y": 0, "part": "frame_horizontal" },
      { "x": 2, "y": 0, "part": "halfboard_nw" },
      { "x": 2, "y": 0, "part": "engine_v8" },
      { "x": 2, "y": 0, "part": "alternator_truck" },
      { "x": 2, "y": 0, "part": "battery_car" },
      { "x": 2, "y": 1, "part": "frame_horizontal" },
      { "x": 2, "y": 1, "part": "halfboard_ne" },
      { "x": 2, "y": -1, "part": "frame_nw" },
      { "x": 2, "y": -1, "part": "halfboard_nw" },
      { "x": 2, "y": -1, "part": "wheel_steerable" },
      { "x": 2, "y": -1, "part": "headlight_reinforced" },
      { "x": 2, "y": 2, "part": "frame_ne" },
      { "x": 2, "y": 2, "part": "halfboard_ne" },
      { "x": 2, "y": 2, "part": "wheel_steerable" },
      { "x": 2, "y": 2, "part": "headlight_reinforced" },
      { "x": -2, "y": 0, "part": "frame_vertical" },
      { "x": -2, "y": 0, "part": "trunk" },
      { "x": -2, "y": 0, "part": "roof" },
      { "x": -2, "y": 1, "part": "frame_vertical" },
      { "x": -2, "y": 1, "part": "trunk" },
      { "x": -2, "y": 1, "part": "roof" },
      { "x": -2, "y": -1, "part": "frame_vertical" },
      { "x": -2, "y": -1, "part": "halfboard_vertical" },
      { "x": -2, "y": -1, "part": "tank", "fuel": "gasoline" },
      { "x": -2, "y": 2, "part": "frame_vertical" },
      { "x": -2, "y": 2, "part": "halfboard_vertical" },
      { "x": -3, "y": 0, "part": "frame_vertical" },
      { "x": -3, "y": 0, "part": "trunk" },
      { "x": -3, "y": 0, "part": "muffler" },
      { "x": -3, "y": 0, "part": "roof" },
      { "x": -3, "y": 1, "part": "frame_vertical" },
      { "x": -3, "y": 1, "part": "trunk" },
      { "x": -3, "y": 1, "part": "roof" },
      { "x": -3, "y": -1, "part": "frame_vertical" },
      { "x": -3, "y": -1, "part": "halfboard_vertical" },
      { "x": -3, "y": -1, "part": "tank", "fuel": "gasoline" },
      { "x": -3, "y": -1, "part": "wheel" },
      { "x": -3, "y": 2, "part": "frame_vertical" },
      { "x": -3, "y": 2, "part": "halfboard_vertical" },
      { "x": -3, "y": 2, "part": "wheel" },
      { "x": -4, "y": -1, "part": "frame_horizontal" },
      { "x": -4, "y": -1, "part": "halfboard_sw" },
      { "x": -4, "y": 0, "part": "frame_horizontal" },
      { "x": -4, "y": 0, "part": "door_trunk" },
      { "x": -4, "y": 1, "part": "frame_horizontal" },
      { "x": -4, "y": 1, "part": "door_trunk" },
      { "x": -4, "y": 2, "part": "frame_horizontal" },
      { "x": -4, "y": 2, "part": "halfboard_se" }
    ],
    "items": [
      { "x": 0, "y": 1, "chance": 8, "items": [ "dog_whistle" ] },
      { "x": -2, "y": 0, "chance": 3, "item_groups": [ "tools_entry" ] },
      { "x": -2, "y": 0, "chance": 5, "item_groups": [ "cop_gear" ] },
      { "x": -2, "y": 1, "chance": 2, "magazine": 100, "ammo": 50, "item_groups": [ "cop_weapons" ] },
      { "x": -3, "y": 0, "chance": 8, "items": [ "blanket" ] },
      { "x": -3, "y": 1, "chance": 3, "items": [ "jumper_cable" ] },
      { "x": -3, "y": 1, "chance": 5, "items": [ "jack_small", "wheel" ] }
    ]
  },
  {
    "id": "police_k9tpt",
    "type": "vehicle",
    "name": "Police K9 Transport",
    "blueprint": [
      [ "-o-++-o" ],
      [ "+==##'|" ],
      [ "+==##'|" ],
      [ "-o-++-o" ]
    ],
    "parts": [
      { "x": 0, "y": 0, "part": "frame_vertical_2" },
      { "x": 0, "y": 0, "part": "seat" },
      { "x": 0, "y": 0, "part": "seatbelt" },
      { "x": 0, "y": 0, "part": "controls" },
      { "x": 0, "y": 0, "part": "dashboard" },
      { "x": 0, "y": 0, "part": "vehicle_clock" },
      { "x": 0, "y": 0, "part": "vehicle_alarm" },
      { "x": 0, "y": 0, "part": "horn_car" },
      { "x": 0, "y": 0, "part": "roof" },
      { "x": 0, "y": 1, "part": "frame_vertical_2" },
      { "x": 0, "y": 1, "part": "seat" },
      { "x": 0, "y": 1, "part": "seatbelt" },
      { "x": 0, "y": 1, "part": "roof" },
      { "x": 0, "y": -1, "part": "frame_vertical" },
      { "x": 0, "y": -1, "part": "door" },
      { "x": 0, "y": 2, "part": "frame_vertical" },
      { "x": 0, "y": 2, "part": "door" },
      { "x": -1, "y": 0, "part": "frame_vertical_2" },
      { "x": -1, "y": 0, "part": "seat" },
      { "x": -1, "y": 0, "part": "seatbelt" },
      { "x": -1, "y": 0, "part": "roof" },
      { "x": -1, "y": 0, "part": "light_red" },
      { "x": -1, "y": 1, "part": "frame_vertical_2" },
      { "x": -1, "y": 1, "part": "seat" },
      { "x": -1, "y": 1, "part": "seatbelt" },
      { "x": -1, "y": 1, "part": "roof" },
      { "x": -1, "y": 1, "part": "light_blue" },
      { "x": -1, "y": -1, "part": "frame_vertical" },
      { "x": -1, "y": -1, "part": "door" },
      { "x": -1, "y": 2, "part": "frame_vertical" },
      { "x": -1, "y": 2, "part": "door" },
      { "x": 1, "y": 0, "part": "frame_horizontal" },
      { "x": 1, "y": 0, "part": "windshield" },
      { "x": 1, "y": 1, "part": "frame_horizontal" },
      { "x": 1, "y": 1, "part": "windshield" },
      { "x": 1, "y": -1, "part": "frame_vertical" },
      { "x": 1, "y": -1, "part": "windshield" },
      { "x": 1, "y": 2, "part": "frame_vertical" },
      { "x": 1, "y": 2, "part": "windshield" },
      { "x": 2, "y": 0, "part": "frame_horizontal" },
      { "x": 2, "y": 0, "part": "halfboard_nw" },
      { "x": 2, "y": 0, "part": "engine_v6" },
      { "x": 2, "y": 0, "part": "alternator_car" },
      { "x": 2, "y": 0, "part": "battery_car" },
      { "x": 2, "y": 1, "part": "frame_horizontal" },
      { "x": 2, "y": 1, "part": "halfboard_ne" },
      { "x": 2, "y": -1, "part": "frame_nw" },
      { "x": 2, "y": -1, "part": "halfboard_nw" },
      { "x": 2, "y": -1, "part": "wheel_steerable" },
      { "x": 2, "y": -1, "part": "headlight" },
      { "x": 2, "y": 2, "part": "frame_ne" },
      { "x": 2, "y": 2, "part": "halfboard_ne" },
      { "x": 2, "y": 2, "part": "wheel_steerable" },
      { "x": 2, "y": 2, "part": "headlight" },
      { "x": -2, "y": 0, "part": "frame_vertical" },
      { "x": -2, "y": 0, "part": "trunk" },
      { "x": -2, "y": 0, "part": "roof" },
      { "x": -2, "y": 1, "part": "frame_vertical" },
      { "x": -2, "y": 1, "part": "trunk" },
      { "x": -2, "y": 1, "part": "roof" },
      { "x": -2, "y": -1, "part": "frame_vertical" },
      { "x": -2, "y": -1, "part": "halfboard_vertical" },
      { "x": -2, "y": -1, "part": "tank", "fuel": "gasoline" },
      { "x": -2, "y": 2, "part": "frame_vertical" },
      { "x": -2, "y": 2, "part": "halfboard_vertical" },
      { "x": -3, "y": 0, "part": "frame_vertical" },
      { "x": -3, "y": 0, "part": "animal_compartment" },
      { "x": -3, "y": 0, "part": "muffler" },
      { "x": -3, "y": 0, "part": "roof" },
      { "x": -3, "y": 1, "part": "frame_vertical" },
      { "x": -3, "y": 1, "part": "animal_compartment" },
      { "x": -3, "y": 1, "part": "roof" },
      { "x": -3, "y": -1, "part": "frame_vertical" },
      { "x": -3, "y": -1, "part": "halfboard_vertical" },
      { "x": -3, "y": -1, "part": "tank", "fuel": "gasoline" },
      { "x": -3, "y": -1, "part": "wheel" },
      { "x": -3, "y": 2, "part": "frame_vertical" },
      { "x": -3, "y": 2, "part": "halfboard_vertical" },
      { "x": -3, "y": 2, "part": "wheel" },
      { "x": -4, "y": -1, "part": "frame_horizontal" },
      { "x": -4, "y": -1, "part": "halfboard_sw" },
      { "x": -4, "y": 0, "part": "frame_horizontal" },
      { "x": -4, "y": 0, "part": "door_trunk" },
      { "x": -4, "y": 1, "part": "frame_horizontal" },
      { "x": -4, "y": 1, "part": "door_trunk" },
      { "x": -4, "y": 2, "part": "frame_horizontal" },
      { "x": -4, "y": 2, "part": "halfboard_se" }
    ],
    "items": [
      { "x": 0, "y": 1, "chance": 14, "items": [ "dog_whistle" ] },
      { "x": -2, "y": 0, "chance": 7, "item_groups": [ "cop_gear" ] },
      { "x": -2, "y": 0, "chance": 4, "items": [ "dogfood" ] },
      { "x": -2, "y": 1, "chance": 7, "item_groups": [ "cop_gear" ] },
      { "x": -2, "y": 1, "chance": 4, "items": [ "dogfood" ] },
      { "x": -3, "y": 0, "chance": 10, "items": [ "blanket" ] },
      { "x": -3, "y": 1, "chance": 10, "items": [ "blanket" ] }
    ]
  },
  {
    "id": "truck_swat",
    "type": "vehicle",
    "name": "SWAT Truck",
    "blueprint": [
      [ "     o " ],
      [ "O----+-O" ],
      [ "|###|#'|" ],
      [ "+====='>" ],
      [ "|#==|#'|" ],
      [ "O--+-+-O" ],
      [ "     o " ]
    ],
    "parts": [
      { "x": 0, "y": 1, "part": "hdframe_vertical" },
      { "x": 0, "y": 1, "part": "aisle_horizontal" },
      { "x": 0, "y": 1, "part": "hdroof" },
      { "x": 0, "y": 0, "part": "hdframe_vertical_2" },
      { "x": 0, "y": 0, "part": "seat" },
      { "x": 0, "y": 0, "part": "seatbelt" },
      { "x": 0, "y": 0, "part": "controls" },
      { "x": 0, "y": 0, "part": "dashboard" },
      { "x": 0, "y": 0, "part": "light_blue" },
      { "x": 0, "y": 0, "part": "vehicle_alarm" },
      { "x": 0, "y": 0, "part": "horn_car" },
      { "x": 0, "y": 0, "part": "hdroof" },
      { "x": 0, "y": 2, "part": "hdframe_vertical_2" },
      { "x": 0, "y": 2, "part": "seat" },
      { "x": 0, "y": 2, "part": "seatbelt" },
      { "x": 0, "y": 2, "part": "light_red" },
      { "x": 0, "y": 2, "part": "hdroof" },
      { "x": 0, "y": -1, "part": "hdframe_vertical" },
      { "x": 0, "y": -1, "part": "hddoor" },
      { "x": 0, "y": -1, "part": "plating_steel" },
      { "x": 0, "y": 3, "part": "hdframe_vertical" },
      { "x": 0, "y": 3, "part": "hddoor" },
      { "x": 0, "y": 3, "part": "plating_steel" },
      { "x": 1, "y": 1, "part": "hdframe_horizontal" },
      { "x": 1, "y": 1, "part": "reinforced_windshield" },
      { "x": 1, "y": 1, "part": "plating_steel" },
      { "x": 1, "y": 1, "part": "diesel_engine_v6" },
      { "x": 1, "y": 1, "part": "alternator_truck" },
      { "x": 1, "y": 1, "part": "battery_car" },
      { "x": 1, "y": 0, "part": "hdframe_horizontal" },
      { "x": 1, "y": 0, "part": "reinforced_windshield" },
      { "x": 1, "y": 0, "part": "plating_steel" },
      { "x": 1, "y": 2, "part": "hdframe_horizontal" },
      { "x": 1, "y": 2, "part": "reinforced_windshield" },
      { "x": 1, "y": 2, "part": "plating_steel" },
      { "x": 1, "y": -1, "part": "hdframe_vertical" },
      { "x": 1, "y": -1, "part": "reinforced_windshield" },
      { "x": 1, "y": -1, "part": "plating_steel" },
      { "x": 1, "y": -2, "part": "wing_mirror" },
      { "x": 1, "y": 3, "part": "hdframe_vertical" },
      { "x": 1, "y": 3, "part": "reinforced_windshield" },
      { "x": 1, "y": 3, "part": "plating_steel" },
      { "x": 1, "y": 4, "part": "wing_mirror" },
      { "x": 2, "y": 0, "part": "hdframe_horizontal" },
      { "x": 2, "y": 0, "part": "halfboard_horizontal_2" },
      { "x": 2, "y": 0, "part": "plating_steel" },
      { "x": 2, "y": 1, "part": "hdframe_cover" },
      { "x": 2, "y": 1, "part": "halfboard_horizontal_2" },
      { "x": 2, "y": 1, "part": "plating_steel" },
      { "x": 2, "y": 2, "part": "hdframe_horizontal" },
      { "x": 2, "y": 2, "part": "halfboard_horizontal_2" },
      { "x": 2, "y": 2, "part": "plating_steel" },
      { "x": 2, "y": -1, "part": "hdframe_nw" },
      { "x": 2, "y": -1, "part": "halfboard_nw" },
      { "x": 2, "y": -1, "part": "headlight_reinforced" },
      { "x": 2, "y": -1, "part": "wheel_wide_steerable" },
      { "x": 2, "y": -1, "part": "plating_steel" },
      { "x": 2, "y": 3, "part": "hdframe_ne" },
      { "x": 2, "y": 3, "part": "halfboard_ne" },
      { "x": 2, "y": 3, "part": "headlight_reinforced" },
      { "x": 2, "y": 3, "part": "wheel_wide_steerable" },
      { "x": 2, "y": 3, "part": "plating_steel" },
      { "x": -1, "y": 0, "part": "hdframe_horizontal" },
      { "x": -1, "y": 0, "part": "hdboard_horizontal" },
      { "x": -1, "y": 0, "part": "hdroof" },
      { "x": -1, "y": 0, "part": "plating_steel" },
      { "x": -1, "y": 1, "part": "hdframe_horizontal" },
      { "x": -1, "y": 1, "part": "aisle_horizontal" },
      { "x": -1, "y": 1, "part": "hdroof" },
      { "x": -1, "y": 2, "part": "hdframe_horizontal" },
      { "x": -1, "y": 2, "part": "hdboard_horizontal" },
      { "x": -1, "y": 2, "part": "hdroof" },
      { "x": -1, "y": 2, "part": "plating_steel" },
      { "x": -1, "y": -1, "part": "hdframe_sw" },
      { "x": -1, "y": -1, "part": "hdboard_sw" },
      { "x": -1, "y": -1, "part": "tank", "fuel": "diesel" },
      { "x": -1, "y": -1, "part": "hdroof" },
      { "x": -1, "y": -1, "part": "plating_steel" },
      { "x": -1, "y": 3, "part": "hdframe_se" },
      { "x": -1, "y": 3, "part": "hdboard_se" },
      { "x": -1, "y": 3, "part": "tank", "fuel": "diesel" },
      { "x": -1, "y": 3, "part": "hdroof" },
      { "x": -1, "y": 3, "part": "plating_steel" },
      { "x": -2, "y": 0, "part": "hdframe_vertical" },
      { "x": -2, "y": 0, "part": "seat" },
      { "x": -2, "y": 0, "part": "seatbelt" },
      { "x": -2, "y": 0, "part": "hdroof" },
      { "x": -2, "y": 1, "part": "hdframe_vertical" },
      { "x": -2, "y": 1, "part": "aisle_horizontal" },
      { "x": -2, "y": 1, "part": "hdroof" },
      { "x": -2, "y": 2, "part": "hdframe_vertical" },
      { "x": -2, "y": 2, "part": "seat" },
      { "x": -2, "y": 2, "part": "seatbelt" },
      { "x": -2, "y": 2, "part": "hdroof" },
      { "x": -2, "y": -1, "part": "hdframe_vertical" },
      { "x": -2, "y": -1, "part": "hdboard_vertical" },
      { "x": -2, "y": -1, "part": "hdroof" },
      { "x": -2, "y": -1, "part": "plating_steel" },
      { "x": -2, "y": 3, "part": "hdframe_vertical" },
      { "x": -2, "y": 3, "part": "hddoor_opaque" },
      { "x": -2, "y": 3, "part": "hdroof" },
      { "x": -2, "y": 3, "part": "plating_steel" },
      { "x": -3, "y": 0, "part": "hdframe_horizontal" },
      { "x": -3, "y": 0, "part": "seat" },
      { "x": -3, "y": 0, "part": "seatbelt" },
      { "x": -3, "y": 0, "part": "hdroof" },
      { "x": -3, "y": 1, "part": "hdframe_horizontal" },
      { "x": -3, "y": 1, "part": "aisle_horizontal" },
      { "x": -3, "y": 1, "part": "hdroof" },
      { "x": -3, "y": 2, "part": "hdframe_horizontal" },
      { "x": -3, "y": 2, "part": "seat" },
      { "x": -3, "y": 2, "part": "seatbelt" },
      { "x": -3, "y": 2, "part": "hdroof" },
      { "x": -3, "y": -1, "part": "hdframe_vertical" },
      { "x": -3, "y": -1, "part": "hdboard_vertical" },
      { "x": -3, "y": -1, "part": "hdroof" },
      { "x": -3, "y": -1, "part": "plating_steel" },
      { "x": -3, "y": 3, "part": "hdframe_vertical" },
      { "x": -3, "y": 3, "part": "hdboard_vertical" },
      { "x": -3, "y": 3, "part": "hdroof" },
      { "x": -3, "y": 3, "part": "plating_steel" },
      { "x": -4, "y": 0, "part": "hdframe_horizontal" },
      { "x": -4, "y": 0, "part": "seat" },
      { "x": -4, "y": 0, "part": "seatbelt" },
      { "x": -4, "y": 0, "part": "hdroof" },
      { "x": -4, "y": 1, "part": "hdframe_horizontal" },
      { "x": -4, "y": 1, "part": "aisle_horizontal" },
      { "x": -4, "y": 1, "part": "hdroof" },
      { "x": -4, "y": 2, "part": "hdframe_horizontal" },
      { "x": -4, "y": 2, "part": "seat" },
      { "x": -4, "y": 2, "part": "seatbelt" },
      { "x": -4, "y": 2, "part": "hdroof" },
      { "x": -4, "y": -1, "part": "hdframe_vertical" },
      { "x": -4, "y": -1, "part": "hdboard_vertical" },
      { "x": -4, "y": -1, "part": "hdroof" },
      { "x": -4, "y": -1, "part": "plating_steel" },
      { "x": -4, "y": 3, "part": "hdframe_vertical" },
      { "x": -4, "y": 3, "part": "hdboard_vertical" },
      { "x": -4, "y": 3, "part": "hdroof" },
      { "x": -4, "y": 3, "part": "plating_steel" },
      { "x": -5, "y": 0, "part": "hdframe_horizontal" },
      { "x": -5, "y": 0, "part": "hdboard_horizontal" },
      { "x": -5, "y": 0, "part": "hdroof" },
      { "x": -5, "y": 0, "part": "plating_steel" },
      { "x": -5, "y": 1, "part": "hdframe_horizontal" },
      { "x": -5, "y": 1, "part": "hddoor_opaque" },
      { "x": -5, "y": 1, "part": "hdroof" },
      { "x": -5, "y": 1, "part": "plating_steel" },
      { "x": -5, "y": 2, "part": "hdframe_horizontal" },
      { "x": -5, "y": 2, "part": "hdboard_horizontal" },
      { "x": -5, "y": 2, "part": "hdroof" },
      { "x": -5, "y": 2, "part": "plating_steel" },
      { "x": -5, "y": -1, "part": "hdframe_sw" },
      { "x": -5, "y": -1, "part": "hdboard_sw" },
      { "x": -5, "y": -1, "part": "wheel_wide" },
      { "x": -5, "y": -1, "part": "hdroof" },
      { "x": -5, "y": -1, "part": "plating_steel" },
      { "x": -5, "y": 3, "part": "hdframe_se" },
      { "x": -5, "y": 3, "part": "hdboard_se" },
      { "x": -5, "y": 3, "part": "wheel_wide" },
      { "x": -5, "y": 3, "part": "hdroof" },
      { "x": -5, "y": 3, "part": "plating_steel" }
    ],
    "items": [
      { "x": -2, "y": 0, "chance": 50, "item_groups": [ "swat_gear" ] },
      { "x": -2, "y": 2, "chance": 50, "magazine": 100, "ammo": 50, "item_groups": [ "guns_swat" ] },
      { "x": -2, "y": 2, "chance": 50, "item_groups": [ "ammo_swat" ] },
      { "x": -3, "y": 0, "chance": 50, "magazine": 100, "ammo": 50, "item_groups": [ "guns_swat" ] },
      { "x": -3, "y": 0, "chance": 50, "item_groups": [ "mags_swat" ] },
      { "x": -3, "y": 2, "chance": 50, "item_groups": [ "swat_gear" ] },
      { "x": -4, "y": 0, "chance": 50, "magazine": 100, "ammo": 50, "item_groups": [ "guns_swat" ] },
      { "x": -4, "y": 0, "chance": 50, "item_groups": [ "ammo_swat" ] },
      { "x": -4, "y": 2, "chance": 50, "item_groups": [ "swat_gear" ] }
    ]
  }
]
