[
  {
    "id": "autotractor",
    "type": "vehicle",
    "name": "Automatic Tractor",
    "blueprint": [
      [ "O---O" ],
      [ "8|=x|" ],
      [ "O-+-O" ]
    ],
    "parts": [
      { "x": 0, "y": 1, "part": "frame_vertical" },
      { "x": 0, "y": 1, "part": "door_opaque" },
      { "x": 0, "y": 0, "part": "frame_vertical_2" },
      { "x": 0, "y": 0, "part": "reaper_advanced" },
      { "x": 0, "y": 0, "part": "roof" },
      { "x": 0, "y": -1, "part": "frame_vertical" },
      { "x": 0, "y": -1, "part": "board_vertical" },
      { "x": 1, "y": 1, "part": "frame_vertical" },
      { "x": 1, "y": 1, "part": "board_vertical" },
      { "x": 1, "y": 0, "part": "frame_vertical_2" },
      { "x": 1, "y": 0, "part": "robot_controls" },
      { "x": 1, "y": 0, "part": "roof" },
      { "x": 1, "y": -1, "part": "frame_vertical" },
      { "x": 1, "y": -1, "part": "board_vertical" },
      { "x": 2, "y": 1, "part": "frame_ne" },
      { "x": 2, "y": 1, "part": "wheel_wide_steerable" },
      { "x": 2, "y": 1, "part": "board_ne" },
      { "x": 2, "y": 0, "part": "frame_horizontal" },
      { "x": 2, "y": 0, "part": "board_horizontal" },
      { "x": 2, "y": 0, "part": "headlight" },
      { "x": 2, "y": 0, "part": "omnicam" },
      { "x": 2, "y": -1, "part": "frame_nw" },
      { "x": 2, "y": -1, "part": "wheel_wide_steerable" },
      { "x": 2, "y": -1, "part": "board_nw" },
      { "x": -1, "y": 1, "part": "frame_cross" },
      { "x": -1, "y": 1, "part": "storage_battery_mount" },
      { "x": -1, "y": 1, "part": "storage_battery_removable" },
      { "x": -1, "y": 1, "part": "board_se" },
      { "x": -1, "y": 0, "part": "frame_horizontal" },
      { "x": -1, "y": 0, "part": "plow" },
      { "x": -1, "y": 0, "part": "board_horizontal" },
      { "x": -1, "y": -1, "part": "frame_cross" },
      { "x": -1, "y": -1, "part": "storage_battery_mount" },
      { "x": -1, "y": -1, "part": "storage_battery_removable" },
      { "x": -1, "y": -1, "part": "board_sw" },
      { "x": -2, "y": 1, "part": "frame_se" },
      { "x": -2, "y": 1, "part": "engine_electric" },
      { "x": -2, "y": 1, "part": "storage_battery_mount" },
      { "x": -2, "y": 1, "part": "storage_battery_removable" },
      { "x": -2, "y": 1, "part": "cargo_space" },
      { "x": -2, "y": 1, "part": "wheel_wide_steerable" },
      { "x": -2, "y": 0, "part": "seed_drill_advanced" },
      { "x": -2, "y": -1, "part": "frame_sw" },
      { "x": -2, "y": -1, "part": "engine_electric" },
      { "x": -2, "y": -1, "part": "storage_battery_mount" },
      { "x": -2, "y": -1, "part": "storage_battery_removable" },
      { "x": -2, "y": -1, "part": "cargo_space" },
      { "x": -2, "y": -1, "part": "wheel_wide_steerable" }
    ],
    "items": []
  },
  {
    "id": "tractor_plow",
    "type": "vehicle",
    "name": "Plow Tractor",
    "blueprint": [
      [ "&    " ],
      [ "+O  O" ],
      [ "&=#==" ],
      [ "+O  O" ],
      [ "&    " ]
    ],
    "parts": [
      { "x": 2, "y": 0, "part": "frame_horizontal" },
      { "x": 2, "y": 0, "part": "halfboard_vertical" },
      { "x": 2, "y": -1, "part": "frame_horizontal" },
      { "x": 2, "y": 1, "part": "frame_horizontal" },
      { "x": 2, "y": -1, "part": "wheel_wide_steerable" },
      { "x": 2, "y": 1, "part": "wheel_wide_steerable" },
      { "x": 1, "y": 0, "part": "frame_horizontal" },
      { "x": 1, "y": 0, "part": "halfboard_vertical" },
      { "x": 1, "y": 0, "part": "battery_car" },
      { "x": 1, "y": 0, "part": "diesel_engine_v6" },
      { "x": 1, "y": 0, "part": "alternator_truck" },
      { "x": 0, "y": 0, "part": "frame_vertical" },
      { "x": 0, "y": 0, "part": "seat" },
      { "x": 0, "y": 0, "part": "controls" },
      { "x": 0, "y": 0, "part": "dashboard" },
      { "x": -1, "y": 0, "part": "frame_cross" },
      { "x": -1, "y": 0, "part": "tank", "fuel": "diesel" },
      { "x": -1, "y": 0, "part": "halfboard_vertical" },
      { "x": -1, "y": 1, "part": "frame_horizontal" },
      { "x": -1, "y": -1, "part": "frame_horizontal" },
      { "x": -1, "y": 1, "part": "wheel_wide" },
      { "x": -1, "y": -1, "part": "wheel_wide" },
      { "x": -2, "y": 0, "part": "frame_cross" },
      { "x": -2, "y": 1, "part": "frame_cross" },
      { "x": -2, "y": -1, "part": "frame_cross" },
      { "x": -2, "y": 2, "part": "frame_cross" },
      { "x": -2, "y": -2, "part": "frame_cross" },
      { "x": -2, "y": 0, "part": "plow" },
      { "x": -2, "y": 2, "part": "plow" },
      { "x": -2, "y": -2, "part": "plow" }
    ],
    "items": []
  },
  {
    "id": "tractor_reaper",
    "type": "vehicle",
    "name": "Reaper Tractor",
    "blueprint": [
      [ "&    " ],
      [ "+O  O" ],
      [ "&=#==" ],
      [ "+O  O" ],
      [ "&    " ]
    ],
    "parts": [
      { "x": 2, "y": 0, "part": "frame_horizontal" },
      { "x": 2, "y": 0, "part": "halfboard_vertical" },
      { "x": 2, "y": -1, "part": "frame_horizontal" },
      { "x": 2, "y": 1, "part": "frame_horizontal" },
      { "x": 2, "y": -1, "part": "wheel_wide_steerable" },
      { "x": 2, "y": 1, "part": "wheel_wide_steerable" },
      { "x": 1, "y": 0, "part": "frame_horizontal" },
      { "x": 1, "y": 0, "part": "halfboard_vertical" },
      { "x": 1, "y": 0, "part": "battery_car" },
      { "x": 1, "y": 0, "part": "diesel_engine_v6" },
      { "x": 1, "y": 0, "part": "alternator_truck" },
      { "x": 0, "y": 0, "part": "frame_vertical" },
      { "x": 0, "y": 0, "part": "seat" },
      { "x": 0, "y": 0, "part": "controls" },
      { "x": 0, "y": 0, "part": "dashboard" },
      { "x": -1, "y": 0, "part": "frame_cross" },
      { "x": -1, "y": 0, "part": "tank", "fuel": "diesel" },
      { "x": -1, "y": 0, "part": "halfboard_vertical" },
      { "x": -1, "y": 1, "part": "frame_horizontal" },
      { "x": -1, "y": -1, "part": "frame_horizontal" },
      { "x": -1, "y": 1, "part": "wheel_wide" },
      { "x": -1, "y": -1, "part": "wheel_wide" },
      { "x": -2, "y": 0, "part": "reaper" },
      { "x": -2, "y": 1, "part": "frame_cross" },
      { "x": -2, "y": -1, "part": "frame_cross" },
      { "x": -2, "y": 2, "part": "reaper" },
      { "x": -2, "y": -2, "part": "reaper" }
    ],
    "items": []
  },
  {
    "id": "tractor_seed",
    "type": "vehicle",
    "name": "Planter Tractor",
    "blueprint": [
      [ "&    " ],
      [ "+O  O" ],
      [ "&=#==" ],
      [ "+O  O" ],
      [ "&    " ]
    ],
    "parts": [
      { "x": 2, "y": 0, "part": "frame_horizontal" },
      { "x": 2, "y": 0, "part": "halfboard_vertical" },
      { "x": 2, "y": -1, "part": "frame_horizontal" },
      { "x": 2, "y": 1, "part": "frame_horizontal" },
      { "x": 2, "y": -1, "part": "wheel_wide_steerable" },
      { "x": 2, "y": 1, "part": "wheel_wide_steerable" },
      { "x": 1, "y": 0, "part": "frame_horizontal" },
      { "x": 1, "y": 0, "part": "halfboard_vertical" },
      { "x": 1, "y": 0, "part": "battery_car" },
      { "x": 1, "y": 0, "part": "diesel_engine_v6" },
      { "x": 1, "y": 0, "part": "alternator_truck" },
      { "x": 0, "y": 0, "part": "frame_vertical" },
      { "x": 0, "y": 0, "part": "seat" },
      { "x": 0, "y": 0, "part": "controls" },
      { "x": 0, "y": 0, "part": "dashboard" },
      { "x": -1, "y": 0, "part": "frame_cross" },
      { "x": -1, "y": 0, "part": "tank", "fuel": "diesel" },
      { "x": -1, "y": 0, "part": "halfboard_vertical" },
      { "x": -1, "y": 1, "part": "frame_horizontal" },
      { "x": -1, "y": -1, "part": "frame_horizontal" },
      { "x": -1, "y": 1, "part": "wheel_wide" },
      { "x": -1, "y": -1, "part": "wheel_wide" },
      { "x": -2, "y": 0, "part": "seed_drill" },
      { "x": -2, "y": 1, "part": "frame_cross" },
      { "x": -2, "y": -1, "part": "frame_cross" },
      { "x": -2, "y": 2, "part": "seed_drill" },
      { "x": -2, "y": -2, "part": "seed_drill" }
    ],
    "items": []
  }
]
