[
  {
    "id": "flatbed_truck",
    "type": "vehicle",
    "name": "Flatbed Truck",
    "blueprint": [
      [ "-O------+-O" ],
      [ "======='#'|" ],
      [ "======='o'>" ],
      [ "======='#'|" ],
      [ "-O------+-O" ]
    ],
    "parts": [
      { "x": 0, "y": 1, "part": "frame_vertical" },
      { "x": 0, "y": 1, "part": "box" },
      { "x": 0, "y": 1, "part": "roof" },
      { "x": 0, "y": 0, "part": "frame_vertical_2" },
      { "x": 0, "y": 0, "part": "seat" },
      { "x": 0, "y": 0, "part": "seatbelt" },
      { "x": 0, "y": 0, "part": "roof" },
      { "x": 0, "y": 0, "part": "controls" },
      { "x": 0, "y": 0, "part": "dashboard" },
      { "x": 0, "y": 0, "part": "vehicle_alarm" },
      { "x": 0, "y": 0, "part": "horn_car" },
      { "x": 0, "y": 2, "part": "frame_vertical_2" },
      { "x": 0, "y": 2, "part": "seat" },
      { "x": 0, "y": 2, "part": "seatbelt" },
      { "x": 0, "y": 2, "part": "roof" },
      { "x": 0, "y": -1, "part": "frame_vertical" },
      { "x": 0, "y": -1, "part": "door" },
      { "x": 0, "y": 3, "part": "frame_vertical" },
      { "x": 0, "y": 3, "part": "door" },
      { "x": 1, "y": 1, "part": "frame_horizontal" },
      { "x": 1, "y": 1, "part": "windshield" },
      { "x": 1, "y": 0, "part": "frame_horizontal" },
      { "x": 1, "y": 0, "part": "windshield" },
      { "x": 1, "y": 2, "part": "frame_horizontal" },
      { "x": 1, "y": 2, "part": "windshield" },
      { "x": 1, "y": -1, "part": "frame_vertical" },
      { "x": 1, "y": -1, "part": "windshield" },
      { "x": 1, "y": 3, "part": "frame_vertical" },
      { "x": 1, "y": 3, "part": "windshield" },
      { "x": 2, "y": 0, "part": "frame_horizontal" },
      { "x": 2, "y": 0, "part": "halfboard_horizontal" },
      { "x": 2, "y": 1, "part": "frame_cover" },
      { "x": 2, "y": 1, "part": "halfboard_cover" },
      { "x": 2, "y": 1, "part": "engine_v6" },
      { "x": 2, "y": 1, "part": "alternator_truck" },
      { "x": 2, "y": 1, "part": "battery_car" },
      { "x": 2, "y": 2, "part": "frame_horizontal" },
      { "x": 2, "y": 2, "part": "halfboard_horizontal" },
      { "x": 2, "y": -1, "part": "frame_nw" },
      { "x": 2, "y": -1, "part": "halfboard_nw" },
      { "x": 2, "y": -1, "part": "headlight" },
      { "x": 2, "y": -1, "part": "wheel_wide_steerable" },
      { "x": 2, "y": 3, "part": "frame_ne" },
      { "x": 2, "y": 3, "part": "halfboard_ne" },
      { "x": 2, "y": 3, "part": "headlight" },
      { "x": 2, "y": 3, "part": "wheel_wide_steerable" },
      { "x": -1, "y": 0, "part": "frame_horizontal" },
      { "x": -1, "y": 0, "part": "windshield" },
      { "x": -1, "y": 1, "part": "frame_horizontal" },
      { "x": -1, "y": 1, "part": "windshield" },
      { "x": -1, "y": 2, "part": "frame_horizontal" },
      { "x": -1, "y": 2, "part": "windshield" },
      { "x": -1, "y": -1, "part": "frame_sw" },
      { "x": -1, "y": -1, "part": "board_sw" },
      { "x": -1, "y": -1, "part": "tank", "fuel": "gasoline" },
      { "x": -1, "y": 3, "part": "frame_se" },
      { "x": -1, "y": 3, "part": "board_se" },
      { "x": -1, "y": 3, "part": "tank", "fuel": "gasoline" },
      { "x": -2, "y": 0, "part": "frame_vertical" },
      { "x": -2, "y": 0, "part": "cargo_space" },
      { "x": -2, "y": 1, "part": "frame_vertical" },
      { "x": -2, "y": 1, "part": "cargo_space" },
      { "x": -2, "y": 2, "part": "frame_vertical" },
      { "x": -2, "y": 2, "part": "cargo_space" },
      { "x": -2, "y": -1, "part": "frame_vertical" },
      { "x": -2, "y": -1, "part": "halfboard_vertical" },
      { "x": -2, "y": 3, "part": "frame_vertical" },
      { "x": -2, "y": 3, "part": "halfboard_vertical" },
      { "x": -3, "y": 0, "part": "frame_vertical" },
      { "x": -3, "y": 0, "part": "cargo_space" },
      { "x": -3, "y": 1, "part": "frame_vertical" },
      { "x": -3, "y": 1, "part": "cargo_space" },
      { "x": -3, "y": 2, "part": "frame_vertical" },
      { "x": -3, "y": 2, "part": "cargo_space" },
      { "x": -3, "y": -1, "part": "frame_vertical" },
      { "x": -3, "y": -1, "part": "halfboard_vertical" },
      { "x": -3, "y": 3, "part": "frame_vertical" },
      { "x": -3, "y": 3, "part": "halfboard_vertical" },
      { "x": -4, "y": 0, "part": "frame_vertical" },
      { "x": -4, "y": 0, "part": "cargo_space" },
      { "x": -4, "y": 1, "part": "frame_vertical" },
      { "x": -4, "y": 1, "part": "cargo_space" },
      { "x": -4, "y": 2, "part": "frame_vertical" },
      { "x": -4, "y": 2, "part": "cargo_space" },
      { "x": -4, "y": -1, "part": "frame_vertical" },
      { "x": -4, "y": -1, "part": "halfboard_vertical" },
      { "x": -4, "y": 3, "part": "frame_vertical" },
      { "x": -4, "y": 3, "part": "halfboard_vertical" },
      { "x": -5, "y": 0, "part": "frame_vertical" },
      { "x": -5, "y": 0, "part": "cargo_space" },
      { "x": -5, "y": 1, "part": "frame_vertical" },
      { "x": -5, "y": 1, "part": "cargo_space" },
      { "x": -5, "y": 2, "part": "frame_vertical" },
      { "x": -5, "y": 2, "part": "cargo_space" },
      { "x": -5, "y": -1, "part": "frame_vertical" },
      { "x": -5, "y": -1, "part": "halfboard_vertical" },
      { "x": -5, "y": 3, "part": "frame_vertical" },
      { "x": -5, "y": 3, "part": "halfboard_vertical" },
      { "x": -6, "y": 0, "part": "frame_vertical" },
      { "x": -6, "y": 0, "part": "cargo_space" },
      { "x": -6, "y": 1, "part": "frame_vertical" },
      { "x": -6, "y": 1, "part": "cargo_space" },
      { "x": -6, "y": 2, "part": "frame_vertical" },
      { "x": -6, "y": 2, "part": "cargo_space" },
      { "x": -6, "y": -1, "part": "frame_vertical" },
      { "x": -6, "y": -1, "part": "halfboard_vertical" },
      { "x": -6, "y": 3, "part": "frame_vertical" },
      { "x": -6, "y": 3, "part": "halfboard_vertical" },
      { "x": -7, "y": 0, "part": "frame_vertical" },
      { "x": -7, "y": 0, "part": "cargo_space" },
      { "x": -7, "y": 1, "part": "frame_vertical" },
      { "x": -7, "y": 1, "part": "cargo_space" },
      { "x": -7, "y": 2, "part": "frame_vertical" },
      { "x": -7, "y": 2, "part": "cargo_space" },
      { "x": -7, "y": -1, "part": "frame_vertical" },
      { "x": -7, "y": -1, "part": "halfboard_vertical" },
      { "x": -7, "y": -1, "part": "wheel_wide" },
      { "x": -7, "y": 3, "part": "frame_vertical" },
      { "x": -7, "y": 3, "part": "halfboard_vertical" },
      { "x": -7, "y": 3, "part": "wheel_wide" },
      { "x": -8, "y": 0, "part": "frame_horizontal" },
      { "x": -8, "y": 0, "part": "cargo_space" },
      { "x": -8, "y": 1, "part": "frame_horizontal" },
      { "x": -8, "y": 1, "part": "cargo_space" },
      { "x": -8, "y": 1, "part": "beeper" },
      { "x": -8, "y": 2, "part": "frame_horizontal" },
      { "x": -8, "y": 2, "part": "cargo_space" },
      { "x": -8, "y": -1, "part": "frame_vertical" },
      { "x": -8, "y": -1, "part": "halfboard_vertical" },
      { "x": -8, "y": 3, "part": "frame_vertical" },
      { "x": -8, "y": 3, "part": "halfboard_vertical" }
    ],
    "items": [
      { "x": 0, "y": 0, "chance": 1, "items": [ "roadmap" ] },
      { "x": 0, "y": 0, "chance": 2, "items": [ "beer", "beer", "beer", "beer", "beer", "beer" ] },
      { "x": -2, "y": 0, "chance": 7, "item_groups": [ "car_kit" ] },
      { "x": -2, "y": 1, "chance": 7, "items": [ "jack", "wheel_wide" ] },
      { "x": -2, "y": 0, "chance": 2, "item_groups": [ "hardware" ] }
    ]
  },
  {
    "id": "pickup",
    "type": "vehicle",
    "name": "Pickup Truck",
    "blueprint": [
      [ "o---+-o" ],
      [ "==='#'|" ],
      [ "==='#'|" ],
      [ "o---+-o" ]
    ],
    "parts": [
      { "x": 0, "y": 0, "part": "frame_vertical_2" },
      { "x": 0, "y": 0, "part": "seat" },
      { "x": 0, "y": 0, "part": "seatbelt" },
      { "x": 0, "y": 0, "part": "controls" },
      { "x": 0, "y": 0, "part": "dashboard" },
      { "x": 0, "y": 0, "part": "vehicle_alarm" },
      { "x": 0, "y": 0, "part": "stereo" },
      { "x": 0, "y": 0, "part": "horn_car" },
      { "x": 0, "y": 0, "part": "roof" },
      { "x": 0, "y": 1, "part": "frame_vertical_2" },
      { "x": 0, "y": 1, "part": "seat" },
      { "x": 0, "y": 1, "part": "seatbelt" },
      { "x": 0, "y": 1, "part": "roof" },
      { "x": 0, "y": -1, "part": "frame_vertical" },
      { "x": 0, "y": -1, "part": "door" },
      { "x": 0, "y": 2, "part": "frame_vertical" },
      { "x": 0, "y": 2, "part": "door" },
      { "x": -1, "y": 0, "part": "frame_vertical_2" },
      { "x": -1, "y": 0, "part": "windshield" },
      { "x": -1, "y": 0, "part": "roof" },
      { "x": -1, "y": 1, "part": "frame_vertical_2" },
      { "x": -1, "y": 1, "part": "windshield" },
      { "x": -1, "y": 1, "part": "roof" },
      { "x": -1, "y": -1, "part": "frame_vertical" },
      { "x": -1, "y": -1, "part": "halfboard_vertical" },
      { "x": -1, "y": 2, "part": "frame_vertical" },
      { "x": -1, "y": 2, "part": "halfboard_vertical" },
      { "x": 1, "y": 0, "part": "frame_horizontal" },
      { "x": 1, "y": 0, "part": "windshield" },
      { "x": 1, "y": 1, "part": "frame_horizontal" },
      { "x": 1, "y": 1, "part": "windshield" },
      { "x": 1, "y": -1, "part": "frame_vertical" },
      { "x": 1, "y": -1, "part": "windshield" },
      { "x": 1, "y": 2, "part": "frame_vertical" },
      { "x": 1, "y": 2, "part": "windshield" },
      { "x": 2, "y": 0, "part": "frame_horizontal" },
      { "x": 2, "y": 0, "part": "halfboard_horizontal" },
      { "x": 2, "y": 0, "part": "engine_v6" },
      { "x": 2, "y": 0, "part": "alternator_truck" },
      { "x": 2, "y": 0, "part": "battery_car" },
      { "x": 2, "y": 1, "part": "frame_horizontal" },
      { "x": 2, "y": 1, "part": "halfboard_horizontal" },
      { "x": 2, "y": -1, "part": "frame_nw" },
      { "x": 2, "y": -1, "part": "halfboard_nw" },
      { "x": 2, "y": -1, "part": "wheel_steerable" },
      { "x": 2, "y": -1, "part": "headlight" },
      { "x": 2, "y": 2, "part": "frame_ne" },
      { "x": 2, "y": 2, "part": "halfboard_ne" },
      { "x": 2, "y": 2, "part": "wheel_steerable" },
      { "x": 2, "y": 2, "part": "headlight" },
      { "x": -2, "y": 0, "part": "frame_vertical" },
      { "x": -2, "y": 0, "part": "cargo_space" },
      { "x": -2, "y": 0, "part": "muffler" },
      { "x": -2, "y": 0, "part": "roof" },
      { "x": -2, "y": 1, "part": "frame_vertical" },
      { "x": -2, "y": 1, "part": "cargo_space" },
      { "x": -2, "y": 1, "part": "roof" },
      { "x": -2, "y": -1, "part": "frame_vertical" },
      { "x": -2, "y": -1, "part": "halfboard_vertical" },
      { "x": -2, "y": -1, "part": "tank", "fuel": "gasoline" },
      { "x": -2, "y": 2, "part": "frame_vertical" },
      { "x": -2, "y": 2, "part": "halfboard_vertical" },
      { "x": -3, "y": 0, "part": "frame_vertical" },
      { "x": -3, "y": 0, "part": "trunk" },
      { "x": -3, "y": 0, "part": "muffler" },
      { "x": -3, "y": 0, "part": "roof" },
      { "x": -3, "y": 1, "part": "frame_vertical" },
      { "x": -3, "y": 1, "part": "trunk" },
      { "x": -3, "y": 1, "part": "roof" },
      { "x": -3, "y": -1, "part": "frame_vertical" },
      { "x": -3, "y": -1, "part": "halfboard_vertical" },
      { "x": -3, "y": -1, "part": "wheel" },
      { "x": -3, "y": 2, "part": "frame_vertical" },
      { "x": -3, "y": 2, "part": "halfboard_vertical" },
      { "x": -3, "y": 2, "part": "wheel" },
      { "x": -4, "y": -1, "part": "frame_horizontal" },
      { "x": -4, "y": -1, "part": "halfboard_sw" },
      { "x": -4, "y": 0, "part": "frame_horizontal" },
      { "x": -4, "y": 0, "part": "trunk" },
      { "x": -4, "y": 1, "part": "frame_horizontal" },
      { "x": -4, "y": 1, "part": "trunk" },
      { "x": -4, "y": 2, "part": "frame_horizontal" },
      { "x": -4, "y": 2, "part": "halfboard_se" }
    ],
    "items": [
      { "x": 0, "y": 0, "chance": 15, "item_groups": [ "car_misc" ] },
      { "x": 0, "y": 0, "chance": 10, "item_groups": [ "car_misc" ] },
      { "x": 0, "y": 1, "chance": 10, "item_groups": [ "car_misc" ] },
      { "x": 0, "y": 1, "chance": 5, "item_groups": [ "snacks" ] },
      { "x": 0, "y": 0, "chance": 5, "item_groups": [ "fast_food" ] },
      { "x": -2, "y": 0, "chance": 5, "item_groups": [ "farming_tools" ] },
      { "x": -2, "y": 1, "chance": 12, "item_groups": [ "car_kit" ] },
      { "x": -2, "y": 1, "chance": 12, "items": [ "jack", "wheel" ] },
      { "x": -3, "y": 1, "chance": 10, "item_groups": [ "car_kit" ] },
      { "x": -3, "y": 0, "chance": 8, "item_groups": [ "fuel_gasoline" ] },
      { "x": -2, "y": 1, "chance": 3, "items": [ "ax" ] }
    ]
  },
  {
    "id": "semi_truck",
    "type": "vehicle",
    "name": "Semi Truck",
    "blueprint": [
      [ "       o  " ],
      [ "OO ---+-O-" ],
      [ "OO=|#|#'|H" ],
      [ "++-|o|o'|>" ],
      [ "++-|o+o'|>" ],
      [ "OO=|#|#'|H" ],
      [ "OO ---+=O-" ],
      [ "       o  " ]
    ],
    "parts": [
      { "x": -2, "y": 2, "part": "hdframe_vertical_2" },
      { "x": -2, "y": 2, "part": "box" },
      { "x": -2, "y": 2, "part": "roof" },
      { "x": -2, "y": 3, "part": "hdframe_vertical_2" },
      { "x": -2, "y": 3, "part": "bed" },
      { "x": -2, "y": 3, "part": "roof" },
      { "x": -2, "y": 1, "part": "hdframe_vertical_2" },
      { "x": -2, "y": 1, "part": "box" },
      { "x": -2, "y": 1, "part": "roof" },
      { "x": -2, "y": 4, "part": "hdframe_vertical" },
      { "x": -2, "y": 4, "part": "board_vertical" },
      { "x": -2, "y": 4, "part": "tank", "fuel": "diesel" },
      { "x": -2, "y": 0, "part": "hdframe_vertical_2" },
      { "x": -2, "y": 0, "part": "bed" },
      { "x": -2, "y": 0, "part": "roof" },
      { "x": -2, "y": -1, "part": "hdframe_vertical" },
      { "x": -2, "y": -1, "part": "board_vertical" },
      { "x": -2, "y": -1, "part": "tank", "fuel": "diesel" },
      { "x": -1, "y": 2, "part": "hdframe_horizontal" },
      { "x": -1, "y": 2, "part": "door_internal" },
      { "x": -1, "y": 1, "part": "hdframe_horizontal" },
      { "x": -1, "y": 1, "part": "board_horizontal" },
      { "x": -1, "y": 3, "part": "hdframe_horizontal" },
      { "x": -1, "y": 3, "part": "board_horizontal" },
      { "x": -1, "y": 0, "part": "hdframe_horizontal" },
      { "x": -1, "y": 0, "part": "board_horizontal" },
      { "x": -1, "y": 4, "part": "hdframe_vertical" },
      { "x": -1, "y": 4, "part": "board_vertical" },
      { "x": -1, "y": 4, "part": "tank", "fuel": "diesel" },
      { "x": -1, "y": -1, "part": "hdframe_vertical" },
      { "x": -1, "y": -1, "part": "board_vertical" },
      { "x": -1, "y": -1, "part": "tank", "fuel": "diesel" },
      { "x": -3, "y": 2, "part": "hdframe_horizontal" },
      { "x": -3, "y": 2, "part": "board_horizontal" },
      { "x": -3, "y": 2, "part": "beeper" },
      { "x": -3, "y": 3, "part": "hdframe_horizontal" },
      { "x": -3, "y": 3, "part": "board_horizontal" },
      { "x": -3, "y": 1, "part": "hdframe_horizontal" },
      { "x": -3, "y": 1, "part": "board_horizontal" },
      { "x": -3, "y": 0, "part": "hdframe_horizontal" },
      { "x": -3, "y": 0, "part": "board_horizontal" },
      { "x": -3, "y": 4, "part": "hdframe_se" },
      { "x": -3, "y": 4, "part": "board_se" },
      { "x": -3, "y": -1, "part": "hdframe_sw" },
      { "x": -3, "y": -1, "part": "board_sw" },
      { "x": 0, "y": 1, "part": "hdframe_horizontal" },
      { "x": 0, "y": 1, "part": "box" },
      { "x": 0, "y": 1, "part": "roof" },
      { "x": 0, "y": 3, "part": "hdframe_vertical_2" },
      { "x": 0, "y": 3, "part": "seat" },
      { "x": 0, "y": 3, "part": "seatbelt" },
      { "x": 0, "y": 3, "part": "roof" },
      { "x": 0, "y": 0, "part": "hdframe_vertical_2" },
      { "x": 0, "y": 0, "part": "seat" },
      { "x": 0, "y": 0, "part": "seatbelt" },
      { "x": 0, "y": 0, "part": "roof" },
      { "x": 0, "y": 0, "part": "controls" },
      { "x": 0, "y": 0, "part": "dashboard" },
      { "x": 0, "y": 0, "part": "vehicle_alarm" },
      { "x": 0, "y": 0, "part": "horn_big" },
      { "x": 0, "y": 2, "part": "hdframe_horizontal" },
      { "x": 0, "y": 2, "part": "box" },
      { "x": 0, "y": 2, "part": "roof" },
      { "x": 0, "y": 4, "part": "hdframe_vertical" },
      { "x": 0, "y": 4, "part": "door" },
      { "x": 0, "y": -1, "part": "hdframe_vertical" },
      { "x": 0, "y": -1, "part": "door" },
      { "x": -4, "y": 2, "part": "hdframe_vertical" },
      { "x": -4, "y": 1, "part": "hdframe_vertical" },
      { "x": -4, "y": 3, "part": "hdframe_vertical_2" },
      { "x": -4, "y": 3, "part": "trunk" },
      { "x": -4, "y": 0, "part": "hdframe_vertical_2" },
      { "x": -4, "y": 0, "part": "trunk" },
      { "x": 1, "y": 2, "part": "hdframe_horizontal" },
      { "x": 1, "y": 2, "part": "windshield" },
      { "x": 1, "y": 1, "part": "hdframe_horizontal" },
      { "x": 1, "y": 1, "part": "windshield" },
      { "x": 1, "y": 3, "part": "hdframe_horizontal" },
      { "x": 1, "y": 3, "part": "windshield" },
      { "x": 1, "y": 0, "part": "hdframe_horizontal" },
      { "x": 1, "y": 0, "part": "windshield" },
      { "x": 1, "y": 4, "part": "hdframe_vertical" },
      { "x": 1, "y": 4, "part": "windshield" },
      { "x": 1, "y": 5, "part": "wing_mirror" },
      { "x": 1, "y": -1, "part": "hdframe_vertical" },
      { "x": 1, "y": -1, "part": "windshield" },
      { "x": 1, "y": -2, "part": "wing_mirror" },
      { "x": -5, "y": 2, "part": "hdframe_cross" },
      { "x": -5, "y": 1, "part": "hdframe_cross" },
      { "x": -5, "y": 3, "part": "hdframe_horizontal" },
      { "x": -5, "y": 3, "part": "wheel_wide" },
      { "x": -5, "y": 0, "part": "hdframe_horizontal" },
      { "x": -5, "y": 0, "part": "wheel_wide" },
      { "x": -5, "y": 4, "part": "hdframe_horizontal" },
      { "x": -5, "y": 4, "part": "wheel_wide" },
      { "x": -5, "y": -1, "part": "hdframe_horizontal" },
      { "x": -5, "y": -1, "part": "wheel_wide" },
      { "x": 2, "y": 2, "part": "hdframe_vertical_2" },
      { "x": 2, "y": 2, "part": "halfboard_vertical_2" },
      { "x": 2, "y": 1, "part": "hdframe_vertical_2" },
      { "x": 2, "y": 1, "part": "halfboard_vertical_2" },
      { "x": 2, "y": 1, "part": "diesel_engine_v8" },
      { "x": 2, "y": 1, "part": "alternator_truck" },
      { "x": 2, "y": 1, "part": "battery_car" },
      { "x": 2, "y": 3, "part": "hdframe_horizontal" },
      { "x": 2, "y": 3, "part": "halfboard_horizontal" },
      { "x": 2, "y": 0, "part": "hdframe_horizontal" },
      { "x": 2, "y": 0, "part": "halfboard_horizontal" },
      { "x": 2, "y": 4, "part": "hdframe_vertical" },
      { "x": 2, "y": 4, "part": "halfboard_vertical" },
      { "x": 2, "y": 4, "part": "wheel_wide_steerable" },
      { "x": 2, "y": -1, "part": "hdframe_vertical" },
      { "x": 2, "y": -1, "part": "halfboard_vertical" },
      { "x": 2, "y": -1, "part": "wheel_wide_steerable" },
      { "x": -6, "y": 2, "part": "hdframe_cross" },
      { "x": -6, "y": 1, "part": "hdframe_cross" },
      { "x": -6, "y": 3, "part": "hdframe_horizontal" },
      { "x": -6, "y": 3, "part": "wheel_wide" },
      { "x": -6, "y": 0, "part": "hdframe_horizontal" },
      { "x": -6, "y": 0, "part": "wheel_wide" },
      { "x": -6, "y": 4, "part": "hdframe_horizontal" },
      { "x": -6, "y": 4, "part": "wheel_wide" },
      { "x": -6, "y": -1, "part": "hdframe_horizontal" },
      { "x": -6, "y": -1, "part": "wheel_wide" },
      { "x": 3, "y": 2, "part": "hdframe_cover" },
      { "x": 3, "y": 2, "part": "halfboard_cover" },
      { "x": 3, "y": 1, "part": "hdframe_cover" },
      { "x": 3, "y": 1, "part": "halfboard_cover" },
      { "x": 3, "y": 3, "part": "hdframe_horizontal_2" },
      { "x": 3, "y": 3, "part": "halfboard_horizontal_2" },
      { "x": 3, "y": 3, "part": "headlight" },
      { "x": 3, "y": 0, "part": "hdframe_horizontal_2" },
      { "x": 3, "y": 0, "part": "halfboard_horizontal_2" },
      { "x": 3, "y": 0, "part": "headlight" },
      { "x": 3, "y": 4, "part": "hdframe_ne" },
      { "x": 3, "y": 4, "part": "halfboard_ne" },
      { "x": 3, "y": -1, "part": "hdframe_nw" },
      { "x": 3, "y": -1, "part": "halfboard_nw" }
    ],
    "items": [
      { "x": 0, "y": 0, "chance": 20, "items": [ "hat_ball" ] },
      { "x": 0, "y": 0, "chance": 10, "items": [ "cig" ] },
      { "x": 0, "y": 0, "chance": 5, "items": [ "choco_coffee_beans" ] },
      { "x": 0, "y": 1, "chance": 5, "items": [ "colamdew" ] },
      { "x": -4, "y": 0, "chance": 12, "item_groups": [ "car_kit" ] },
      { "x": -4, "y": 0, "chance": 5, "item_groups": [ "fuel_diesel" ] },
      { "x": -4, "y": 3, "chance": 10, "item_groups": [ "car_kit" ] }
    ]
  },
  {
    "id": "truck_trailer",
    "type": "vehicle",
    "name": "Truck Trailer",
    "blueprint": [
      [ "--OO------" ],
      [ "||OO||||||" ],
      [ "+|++|=|++|" ],
      [ "+|++|=|++|" ],
      [ "||OO||||||" ],
      [ "--OO------" ]
    ],
    "parts": [
      { "x": 0, "y": 0, "part": "hdframe_vertical_2" },
      { "x": 0, "y": 0, "part": "cargo_space" },
      { "x": 0, "y": 0, "part": "roof" },
      { "x": 0, "y": -1, "part": "hdframe_vertical_2" },
      { "x": 0, "y": -1, "part": "cargo_space" },
      { "x": 0, "y": -1, "part": "roof" },
      { "x": 0, "y": 1, "part": "hdframe_horizontal" },
      { "x": 0, "y": 1, "part": "cargo_space" },
      { "x": 0, "y": 1, "part": "roof" },
      { "x": 0, "y": -2, "part": "hdframe_horizontal" },
      { "x": 0, "y": -2, "part": "cargo_space" },
      { "x": 0, "y": -2, "part": "roof" },
      { "x": 0, "y": 2, "part": "hdframe_vertical" },
      { "x": 0, "y": 2, "part": "board_vertical" },
      { "x": 0, "y": -3, "part": "hdframe_vertical" },
      { "x": 0, "y": -3, "part": "board_vertical" },
      { "x": 1, "y": 0, "part": "hdframe_horizontal" },
      { "x": 1, "y": 0, "part": "cargo_space" },
      { "x": 1, "y": 0, "part": "roof" },
      { "x": 1, "y": -1, "part": "hdframe_horizontal" },
      { "x": 1, "y": -1, "part": "cargo_space" },
      { "x": 1, "y": -1, "part": "roof" },
      { "x": 1, "y": 1, "part": "hdframe_horizontal" },
      { "x": 1, "y": 1, "part": "cargo_space" },
      { "x": 1, "y": 1, "part": "roof" },
      { "x": 1, "y": -2, "part": "hdframe_horizontal" },
      { "x": 1, "y": -2, "part": "cargo_space" },
      { "x": 1, "y": -2, "part": "roof" },
      { "x": 1, "y": 2, "part": "hdframe_vertical" },
      { "x": 1, "y": 2, "part": "board_vertical" },
      { "x": 1, "y": -3, "part": "hdframe_vertical" },
      { "x": 1, "y": -3, "part": "board_vertical" },
      { "x": -1, "y": 0, "part": "hdframe_cross" },
      { "x": -1, "y": 0, "part": "cargo_space" },
      { "x": -1, "y": 0, "part": "roof" },
      { "x": -1, "y": -1, "part": "hdframe_cross" },
      { "x": -1, "y": -1, "part": "cargo_space" },
      { "x": -1, "y": -1, "part": "roof" },
      { "x": -1, "y": 1, "part": "hdframe_horizontal" },
      { "x": -1, "y": 1, "part": "wheel_wide" },
      { "x": -1, "y": 1, "part": "cargo_space" },
      { "x": -1, "y": 1, "part": "roof" },
      { "x": -1, "y": -2, "part": "hdframe_horizontal" },
      { "x": -1, "y": -2, "part": "wheel_wide" },
      { "x": -1, "y": -2, "part": "cargo_space" },
      { "x": -1, "y": -2, "part": "roof" },
      { "x": -1, "y": 2, "part": "hdframe_horizontal" },
      { "x": -1, "y": 2, "part": "board_vertical" },
      { "x": -1, "y": 2, "part": "wheel_wide" },
      { "x": -1, "y": -3, "part": "hdframe_horizontal" },
      { "x": -1, "y": -3, "part": "board_vertical" },
      { "x": -1, "y": -3, "part": "wheel_wide" },
      { "x": 2, "y": 0, "part": "hdframe_horizontal" },
      { "x": 2, "y": 0, "part": "cargo_space" },
      { "x": 2, "y": 0, "part": "roof" },
      { "x": 2, "y": -1, "part": "hdframe_horizontal" },
      { "x": 2, "y": -1, "part": "cargo_space" },
      { "x": 2, "y": -1, "part": "roof" },
      { "x": 2, "y": 1, "part": "hdframe_horizontal" },
      { "x": 2, "y": 1, "part": "cargo_space" },
      { "x": 2, "y": 1, "part": "roof" },
      { "x": 2, "y": -2, "part": "hdframe_horizontal" },
      { "x": 2, "y": -2, "part": "cargo_space" },
      { "x": 2, "y": -2, "part": "roof" },
      { "x": 2, "y": 2, "part": "hdframe_vertical" },
      { "x": 2, "y": 2, "part": "board_vertical" },
      { "x": 2, "y": -3, "part": "hdframe_vertical" },
      { "x": 2, "y": -3, "part": "board_vertical" },
      { "x": -2, "y": 0, "part": "hdframe_cross" },
      { "x": -2, "y": 0, "part": "cargo_space" },
      { "x": -2, "y": 0, "part": "roof" },
      { "x": -2, "y": -1, "part": "hdframe_cross" },
      { "x": -2, "y": -1, "part": "cargo_space" },
      { "x": -2, "y": -1, "part": "roof" },
      { "x": -2, "y": 1, "part": "hdframe_horizontal" },
      { "x": -2, "y": 1, "part": "wheel_wide" },
      { "x": -2, "y": 1, "part": "cargo_space" },
      { "x": -2, "y": 1, "part": "roof" },
      { "x": -2, "y": -2, "part": "hdframe_horizontal" },
      { "x": -2, "y": -2, "part": "wheel_wide" },
      { "x": -2, "y": -2, "part": "cargo_space" },
      { "x": -2, "y": -2, "part": "roof" },
      { "x": -2, "y": 2, "part": "hdframe_horizontal" },
      { "x": -2, "y": 2, "part": "board_vertical" },
      { "x": -2, "y": 2, "part": "wheel_wide" },
      { "x": -2, "y": -3, "part": "hdframe_horizontal" },
      { "x": -2, "y": -3, "part": "board_vertical" },
      { "x": -2, "y": -3, "part": "wheel_wide" },
      { "x": 3, "y": 0, "part": "hdframe_horizontal" },
      { "x": 3, "y": 0, "part": "cargo_space" },
      { "x": 3, "y": 0, "part": "roof" },
      { "x": 3, "y": -1, "part": "hdframe_horizontal" },
      { "x": 3, "y": -1, "part": "cargo_space" },
      { "x": 3, "y": -1, "part": "roof" },
      { "x": 3, "y": 1, "part": "hdframe_horizontal" },
      { "x": 3, "y": 1, "part": "cargo_space" },
      { "x": 3, "y": 1, "part": "roof" },
      { "x": 3, "y": -2, "part": "hdframe_horizontal" },
      { "x": 3, "y": -2, "part": "cargo_space" },
      { "x": 3, "y": -2, "part": "roof" },
      { "x": 3, "y": 2, "part": "hdframe_vertical" },
      { "x": 3, "y": 2, "part": "board_vertical" },
      { "x": 3, "y": -3, "part": "hdframe_vertical" },
      { "x": 3, "y": -3, "part": "board_vertical" },
      { "x": -3, "y": 0, "part": "hdframe_horizontal" },
      { "x": -3, "y": 0, "part": "cargo_space" },
      { "x": -3, "y": 0, "part": "roof" },
      { "x": -3, "y": -1, "part": "hdframe_horizontal" },
      { "x": -3, "y": -1, "part": "cargo_space" },
      { "x": -3, "y": -1, "part": "roof" },
      { "x": -3, "y": 1, "part": "hdframe_horizontal" },
      { "x": -3, "y": 1, "part": "cargo_space" },
      { "x": -3, "y": 1, "part": "roof" },
      { "x": -3, "y": -2, "part": "hdframe_horizontal" },
      { "x": -3, "y": -2, "part": "cargo_space" },
      { "x": -3, "y": -2, "part": "roof" },
      { "x": -3, "y": 2, "part": "hdframe_vertical" },
      { "x": -3, "y": 2, "part": "board_vertical" },
      { "x": -3, "y": -3, "part": "hdframe_vertical" },
      { "x": -3, "y": -3, "part": "board_vertical" },
      { "x": 4, "y": 0, "part": "hdframe_cross" },
      { "x": 4, "y": 0, "part": "cargo_space" },
      { "x": 4, "y": 0, "part": "roof" },
      { "x": 4, "y": -1, "part": "hdframe_cross" },
      { "x": 4, "y": -1, "part": "cargo_space" },
      { "x": 4, "y": -1, "part": "roof" },
      { "x": 4, "y": 1, "part": "hdframe_horizontal" },
      { "x": 4, "y": 1, "part": "cargo_space" },
      { "x": 4, "y": 1, "part": "roof" },
      { "x": 4, "y": -2, "part": "hdframe_horizontal" },
      { "x": 4, "y": -2, "part": "cargo_space" },
      { "x": 4, "y": -2, "part": "roof" },
      { "x": 4, "y": 2, "part": "hdframe_vertical" },
      { "x": 4, "y": 2, "part": "board_vertical" },
      { "x": 4, "y": -3, "part": "hdframe_vertical" },
      { "x": 4, "y": -3, "part": "board_vertical" },
      { "x": -4, "y": 0, "part": "hdframe_horizontal" },
      { "x": -4, "y": 0, "part": "door_shutter" },
      { "x": -4, "y": -1, "part": "hdframe_horizontal" },
      { "x": -4, "y": -1, "part": "door_shutter" },
      { "x": -4, "y": 1, "part": "hdframe_horizontal" },
      { "x": -4, "y": 1, "part": "door_shutter" },
      { "x": -4, "y": -2, "part": "hdframe_horizontal" },
      { "x": -4, "y": -2, "part": "door_shutter" },
      { "x": -4, "y": 2, "part": "hdframe_se" },
      { "x": -4, "y": 2, "part": "board_se" },
      { "x": -4, "y": -3, "part": "hdframe_sw" },
      { "x": -4, "y": -3, "part": "board_sw" },
      { "x": 5, "y": 0, "part": "hdframe_horizontal" },
      { "x": 5, "y": 0, "part": "board_horizontal" },
      { "x": 5, "y": -1, "part": "hdframe_horizontal" },
      { "x": 5, "y": -1, "part": "board_horizontal" },
      { "x": 5, "y": 1, "part": "hdframe_horizontal" },
      { "x": 5, "y": 1, "part": "board_horizontal" },
      { "x": 5, "y": -2, "part": "hdframe_horizontal" },
      { "x": 5, "y": -2, "part": "board_horizontal" },
      { "x": 5, "y": 2, "part": "hdframe_ne" },
      { "x": 5, "y": 2, "part": "board_ne" },
      { "x": 5, "y": -3, "part": "hdframe_nw" },
      { "x": 5, "y": -3, "part": "board_nw" }
    ],
    "items": [
      { "x": 4, "y": -2, "chance": 2, "items": [ "bubblewrap" ] },
      { "x": 4, "y": -1, "chance": 3, "items": [ "bubblewrap" ] },
      { "x": 4, "y": 0, "chance": 5, "items": [ "rope_30" ] },
      { "x": 4, "y": 1, "chance": 3, "items": [ "bubblewrap" ] },
      { "x": 3, "y": -2, "chance": 4, "items": [ "bubblewrap" ] },
      { "x": 3, "y": -1, "chance": 3, "items": [ "bubblewrap" ] },
      { "x": 3, "y": 0, "chance": 2, "items": [ "rope_30" ] },
      { "x": 3, "y": 1, "chance": 3, "items": [ "bubblewrap" ] },
      { "x": 2, "y": -2, "chance": 2, "items": [ "bubblewrap" ] },
      { "x": 2, "y": -1, "chance": 1, "items": [ "bubblewrap" ] },
      { "x": 2, "y": 0, "chance": 4, "items": [ "bubblewrap" ] },
      { "x": 2, "y": 1, "chance": 3, "items": [ "bubblewrap" ] },
      { "x": 1, "y": -2, "chance": 2, "items": [ "bubblewrap" ] },
      { "x": 1, "y": -1, "chance": 5, "items": [ "bubblewrap" ] },
      { "x": 1, "y": 0, "chance": 3, "items": [ "rope_30" ] },
      { "x": 1, "y": 1, "chance": 3, "items": [ "bubblewrap" ] },
      { "x": 0, "y": -2, "chance": 1, "items": [ "bubblewrap" ] },
      { "x": 0, "y": -1, "chance": 3, "items": [ "bubblewrap" ] },
      { "x": 0, "y": 0, "chance": 3, "items": [ "bubblewrap" ] },
      { "x": 0, "y": 1, "chance": 2, "items": [ "bubblewrap" ] },
      { "x": -1, "y": -2, "chance": 3, "items": [ "bubblewrap" ] },
      { "x": -1, "y": -1, "chance": 3, "items": [ "bubblewrap" ] },
      { "x": -1, "y": 0, "chance": 3, "items": [ "bubblewrap" ] },
      { "x": -1, "y": 1, "chance": 1, "items": [ "bubblewrap" ] },
      { "x": -2, "y": -2, "chance": 3, "items": [ "rope_6" ] },
      { "x": -2, "y": -1, "chance": 1, "items": [ "bubblewrap" ] },
      { "x": -2, "y": 0, "chance": 2, "items": [ "bubblewrap" ] },
      { "x": -2, "y": 1, "chance": 3, "items": [ "bubblewrap" ] },
      { "x": -3, "y": -2, "chance": 1, "items": [ "bubblewrap" ] },
      { "x": -3, "y": -1, "chance": 3, "items": [ "bubblewrap" ] },
      { "x": -3, "y": 0, "chance": 2, "items": [ "bubblewrap" ] },
      { "x": -3, "y": 1, "chance": 5, "items": [ "bubblewrap" ] }
    ]
  },
  {
    "id": "tatra_truck",
    "type": "vehicle",
    "name": "Heavy Duty Cargo Truck",
    "blueprint": [
      [ "-OO--+-O " ],
      [ "|+++'#'|>" ],
      [ "|+++'#'=>" ],
      [ "|+++'#'|>" ],
      [ "-OO--+-O " ]
    ],
    "parts": [
      { "x": -1, "y": 1, "part": "hdframe_vertical_2" },
      { "x": -1, "y": 1, "part": "windshield" },
      { "x": -1, "y": 0, "part": "hdframe_horizontal" },
      { "x": -1, "y": 0, "part": "windshield" },
      { "x": -1, "y": 2, "part": "hdframe_horizontal" },
      { "x": -1, "y": 2, "part": "windshield" },
      { "x": -1, "y": -1, "part": "hdframe_vertical" },
      { "x": -1, "y": -1, "part": "hdhalfboard_sw" },
      { "x": -1, "y": -1, "part": "muffler" },
      { "x": -1, "y": 3, "part": "hdframe_vertical" },
      { "x": -1, "y": 3, "part": "hdhalfboard_se" },
      { "x": -1, "y": 3, "part": "muffler" },
      { "x": 0, "y": 1, "part": "hdframe_vertical_2" },
      { "x": 0, "y": 1, "part": "seat" },
      { "x": 0, "y": 1, "part": "tank", "fuel": "diesel" },
      { "x": 0, "y": 1, "part": "seatbelt" },
      { "x": 0, "y": 1, "part": "hdroof" },
      { "x": 0, "y": 0, "part": "hdframe_vertical_2" },
      { "x": 0, "y": 0, "part": "seat" },
      { "x": 0, "y": 0, "part": "tank", "fuel": "diesel" },
      { "x": 0, "y": 0, "part": "seatbelt" },
      { "x": 0, "y": 0, "part": "hdroof" },
      { "x": 0, "y": 0, "part": "controls" },
      { "x": 0, "y": 0, "part": "dashboard" },
      { "x": 0, "y": 0, "part": "vehicle_clock" },
      { "x": 0, "y": 0, "part": "horn_big" },
      { "x": 0, "y": 2, "part": "hdframe_vertical_2" },
      { "x": 0, "y": 2, "part": "seat" },
      { "x": 0, "y": 2, "part": "tank", "fuel": "diesel" },
      { "x": 0, "y": 2, "part": "seatbelt" },
      { "x": 0, "y": 2, "part": "hdroof" },
      { "x": 0, "y": -1, "part": "hdframe_vertical" },
      { "x": 0, "y": -1, "part": "hddoor" },
      { "x": 0, "y": 3, "part": "hdframe_vertical" },
      { "x": 0, "y": 3, "part": "hddoor" },
      { "x": -2, "y": 1, "part": "hdframe_horizontal" },
      { "x": -2, "y": 1, "part": "wooden_aisle_vertical" },
      { "x": -2, "y": 1, "part": "roof_cloth" },
      { "x": -2, "y": 0, "part": "hdframe_vertical_2" },
      { "x": -2, "y": 0, "part": "cargo_space" },
      { "x": -2, "y": 0, "part": "roof_cloth" },
      { "x": -2, "y": 2, "part": "hdframe_vertical_2" },
      { "x": -2, "y": 2, "part": "cargo_space" },
      { "x": -2, "y": 2, "part": "roof_cloth" },
      { "x": -2, "y": -1, "part": "hdframe_vertical" },
      { "x": -2, "y": -1, "part": "clothboard_vertical" },
      { "x": -2, "y": -1, "part": "roof_cloth" },
      { "x": -2, "y": 3, "part": "hdframe_vertical" },
      { "x": -2, "y": 3, "part": "clothboard_vertical" },
      { "x": -2, "y": 3, "part": "roof_cloth" },
      { "x": 1, "y": 1, "part": "hdframe_horizontal" },
      { "x": 1, "y": 1, "part": "windshield" },
      { "x": 1, "y": 0, "part": "hdframe_horizontal" },
      { "x": 1, "y": 0, "part": "windshield" },
      { "x": 1, "y": 2, "part": "hdframe_horizontal" },
      { "x": 1, "y": 2, "part": "windshield" },
      { "x": 1, "y": -1, "part": "hdframe_vertical" },
      { "x": 1, "y": -1, "part": "windshield" },
      { "x": 1, "y": 3, "part": "hdframe_vertical" },
      { "x": 1, "y": 3, "part": "windshield" },
      { "x": -3, "y": 1, "part": "hdframe_horizontal" },
      { "x": -3, "y": 1, "part": "wooden_aisle_vertical" },
      { "x": -3, "y": 1, "part": "roof_cloth" },
      { "x": -3, "y": 0, "part": "hdframe_horizontal" },
      { "x": -3, "y": 0, "part": "cargo_space" },
      { "x": -3, "y": 0, "part": "roof_cloth" },
      { "x": -3, "y": 2, "part": "hdframe_horizontal" },
      { "x": -3, "y": 2, "part": "cargo_space" },
      { "x": -3, "y": 2, "part": "roof_cloth" },
      { "x": -3, "y": -1, "part": "hdframe_horizontal" },
      { "x": -3, "y": -1, "part": "clothboard_vertical" },
      { "x": -3, "y": -1, "part": "wheel_wide" },
      { "x": -3, "y": -1, "part": "roof_cloth" },
      { "x": -3, "y": 3, "part": "hdframe_horizontal" },
      { "x": -3, "y": 3, "part": "clothboard_vertical" },
      { "x": -3, "y": 3, "part": "wheel_wide" },
      { "x": -3, "y": 3, "part": "roof_cloth" },
      { "x": 2, "y": 1, "part": "hdframe_horizontal" },
      { "x": 2, "y": 1, "part": "hdhalfboard_horizontal" },
      { "x": 2, "y": 1, "part": "diesel_engine_v12" },
      { "x": 2, "y": 1, "part": "alternator_truck" },
      { "x": 2, "y": 1, "part": "battery_car" },
      { "x": 2, "y": 0, "part": "hdframe_horizontal" },
      { "x": 2, "y": 0, "part": "hdhalfboard_horizontal" },
      { "x": 2, "y": 0, "part": "headlight_reinforced" },
      { "x": 2, "y": 2, "part": "hdframe_horizontal" },
      { "x": 2, "y": 2, "part": "hdhalfboard_horizontal" },
      { "x": 2, "y": 2, "part": "headlight_reinforced" },
      { "x": 2, "y": -1, "part": "hdframe_horizontal" },
      { "x": 2, "y": -1, "part": "hdhalfboard_nw" },
      { "x": 2, "y": -1, "part": "wheel_wide_steerable" },
      { "x": 2, "y": 3, "part": "hdframe_horizontal" },
      { "x": 2, "y": 3, "part": "hdhalfboard_ne" },
      { "x": 2, "y": 3, "part": "wheel_wide_steerable" },
      { "x": -4, "y": 1, "part": "hdframe_horizontal" },
      { "x": -4, "y": 1, "part": "wooden_aisle_vertical" },
      { "x": -4, "y": 1, "part": "roof_cloth" },
      { "x": -4, "y": 0, "part": "hdframe_horizontal" },
      { "x": -4, "y": 0, "part": "cargo_space" },
      { "x": -4, "y": 0, "part": "roof_cloth" },
      { "x": -4, "y": 2, "part": "hdframe_horizontal" },
      { "x": -4, "y": 2, "part": "cargo_space" },
      { "x": -4, "y": 2, "part": "roof_cloth" },
      { "x": -4, "y": -1, "part": "hdframe_horizontal" },
      { "x": -4, "y": -1, "part": "clothboard_vertical" },
      { "x": -4, "y": -1, "part": "wheel_wide" },
      { "x": -4, "y": -1, "part": "roof_cloth" },
      { "x": -4, "y": 3, "part": "hdframe_horizontal" },
      { "x": -4, "y": 3, "part": "clothboard_vertical" },
      { "x": -4, "y": 3, "part": "wheel_wide" },
      { "x": -4, "y": 3, "part": "roof_cloth" },
      { "x": 3, "y": 1, "part": "frame_horizontal_2" },
      { "x": 3, "y": 0, "part": "frame_horizontal_2" },
      { "x": 3, "y": 2, "part": "frame_horizontal_2" },
      { "x": -5, "y": 1, "part": "hdframe_horizontal" },
      { "x": -5, "y": 1, "part": "door_shutter" },
      { "x": -5, "y": 1, "part": "roof_cloth" },
      { "x": -5, "y": 0, "part": "hdframe_horizontal" },
      { "x": -5, "y": 0, "part": "door_shutter" },
      { "x": -5, "y": 0, "part": "roof_cloth" },
      { "x": -5, "y": 2, "part": "hdframe_horizontal" },
      { "x": -5, "y": 2, "part": "door_shutter" },
      { "x": -5, "y": 2, "part": "roof_cloth" },
      { "x": -5, "y": -1, "part": "hdframe_vertical" },
      { "x": -5, "y": -1, "part": "clothboard_sw" },
      { "x": -5, "y": -1, "part": "roof_cloth" },
      { "x": -5, "y": 3, "part": "hdframe_vertical" },
      { "x": -5, "y": 3, "part": "clothboard_se" },
      { "x": -5, "y": 3, "part": "roof_cloth" }
    ],
    "items": [
      { "x": 0, "y": 0, "chance": 6, "items": [ "vodka" ] },
      { "x": 0, "y": 1, "chance": 2, "items": [ "ax" ] },
      { "x": 0, "y": 2, "chance": 2, "items": [ "jumper_cable" ] }
    ]
  },
  {
    "id": "animalctrl",
    "type": "vehicle",
    "name": "Animal Control Truck",
    "blueprint": [
      [ "o++-+-o" ],
      [ "+==+#'|" ],
      [ "+==+#'|" ],
      [ "o++-+-o" ]
    ],
    "parts": [
      { "x": 0, "y": 0, "part": "frame_vertical_2" },
      { "x": 0, "y": 0, "part": "seat" },
      { "x": 0, "y": 0, "part": "seatbelt" },
      { "x": 0, "y": 0, "part": "controls" },
      { "x": 0, "y": 0, "part": "dashboard" },
      { "x": 0, "y": 0, "part": "vehicle_alarm" },
      { "x": 0, "y": 0, "part": "stereo" },
      { "x": 0, "y": 0, "part": "horn_car" },
      { "x": 0, "y": 0, "part": "roof" },
      { "x": 0, "y": 1, "part": "frame_vertical_2" },
      { "x": 0, "y": 1, "part": "seat" },
      { "x": 0, "y": 1, "part": "seatbelt" },
      { "x": 0, "y": 1, "part": "roof" },
      { "x": 0, "y": -1, "part": "frame_vertical" },
      { "x": 0, "y": -1, "part": "door" },
      { "x": 0, "y": 2, "part": "frame_vertical" },
      { "x": 0, "y": 2, "part": "door" },
      { "x": -1, "y": 0, "part": "frame_vertical_2" },
      { "x": -1, "y": 0, "part": "stowboard_horizontal" },
      { "x": -1, "y": 0, "part": "roof" },
      { "x": -1, "y": 1, "part": "frame_vertical_2" },
      { "x": -1, "y": 1, "part": "stowboard_horizontal" },
      { "x": -1, "y": 1, "part": "roof" },
      { "x": -1, "y": -1, "part": "frame_vertical" },
      { "x": -1, "y": -1, "part": "halfboard_vertical" },
      { "x": -1, "y": 2, "part": "frame_vertical" },
      { "x": -1, "y": 2, "part": "halfboard_vertical" },
      { "x": 1, "y": 0, "part": "frame_horizontal" },
      { "x": 1, "y": 0, "part": "windshield" },
      { "x": 1, "y": 1, "part": "frame_horizontal" },
      { "x": 1, "y": 1, "part": "windshield" },
      { "x": 1, "y": -1, "part": "frame_vertical" },
      { "x": 1, "y": -1, "part": "windshield" },
      { "x": 1, "y": 2, "part": "frame_vertical" },
      { "x": 1, "y": 2, "part": "windshield" },
      { "x": 2, "y": 0, "part": "frame_horizontal" },
      { "x": 2, "y": 0, "part": "halfboard_horizontal" },
      { "x": 2, "y": 0, "part": "engine_v6" },
      { "x": 2, "y": 0, "part": "alternator_truck" },
      { "x": 2, "y": 0, "part": "battery_car" },
      { "x": 2, "y": 1, "part": "frame_horizontal" },
      { "x": 2, "y": 1, "part": "halfboard_horizontal" },
      { "x": 2, "y": -1, "part": "frame_nw" },
      { "x": 2, "y": -1, "part": "halfboard_nw" },
      { "x": 2, "y": -1, "part": "wheel_steerable" },
      { "x": 2, "y": -1, "part": "headlight" },
      { "x": 2, "y": 2, "part": "frame_ne" },
      { "x": 2, "y": 2, "part": "halfboard_ne" },
      { "x": 2, "y": 2, "part": "wheel_steerable" },
      { "x": 2, "y": 2, "part": "headlight" },
      { "x": -2, "y": 0, "part": "frame_vertical" },
      { "x": -2, "y": 0, "part": "animal_compartment" },
      { "x": -2, "y": 0, "part": "muffler" },
      { "x": -2, "y": 0, "part": "roof" },
      { "x": -2, "y": 1, "part": "frame_vertical" },
      { "x": -2, "y": 1, "part": "animal_compartment" },
      { "x": -2, "y": 1, "part": "roof" },
      { "x": -2, "y": -1, "part": "frame_vertical" },
      { "x": -2, "y": -1, "part": "hatch" },
      { "x": -2, "y": -1, "part": "tank", "fuel": "gasoline" },
      { "x": -2, "y": 2, "part": "frame_vertical" },
      { "x": -2, "y": 2, "part": "hatch" },
      { "x": -3, "y": 0, "part": "frame_vertical" },
      { "x": -3, "y": 0, "part": "animal_compartment" },
      { "x": -3, "y": 0, "part": "muffler" },
      { "x": -3, "y": 0, "part": "roof" },
      { "x": -3, "y": 1, "part": "frame_vertical" },
      { "x": -3, "y": 1, "part": "animal_compartment" },
      { "x": -3, "y": 1, "part": "roof" },
      { "x": -3, "y": -1, "part": "frame_vertical" },
      { "x": -3, "y": -1, "part": "hatch" },
      { "x": -3, "y": -1, "part": "wheel" },
      { "x": -3, "y": 2, "part": "frame_vertical" },
      { "x": -3, "y": 2, "part": "hatch" },
      { "x": -3, "y": 2, "part": "wheel" },
      { "x": -4, "y": -1, "part": "frame_horizontal" },
      { "x": -4, "y": -1, "part": "halfboard_sw" },
      { "x": -4, "y": 0, "part": "frame_horizontal" },
      { "x": -4, "y": 0, "part": "stowboard_horizontal" },
      { "x": -4, "y": 1, "part": "frame_horizontal" },
      { "x": -4, "y": 1, "part": "stowboard_horizontal" },
      { "x": -4, "y": 2, "part": "frame_horizontal" },
      { "x": -4, "y": 2, "part": "halfboard_se" }
    ],
    "items": [
      { "x": 0, "y": 0, "chance": 25, "items": [ "file" ] },
      { "x": 0, "y": 1, "chance": 25, "items": [ "file" ] },
      { "x": 0, "y": 1, "chance": 5, "items": [ "energy_drink" ] },
      { "x": 0, "y": 1, "chance": 5, "items": [ "sports_drink" ] },
      { "x": 0, "y": 1, "chance": 5, "items": [ "irish_coffee" ] },
      { "x": 0, "y": 1, "chance": 5, "items": [ "dog_whistle" ] },
      { "x": -1, "y": 0, "chance": 5, "items": [ "tazer" ] },
      { "x": -1, "y": 0, "chance": 5, "items": [ "dog_whistle" ] },
      { "x": -1, "y": 1, "chance": 25, "items": [ "file" ] },
      { "x": -1, "y": 1, "chance": 5, "items": [ "rope_6" ] },
      { "x": -2, "y": 0, "chance": 20, "items": [ "blanket" ] },
      { "x": -2, "y": 1, "chance": 20, "items": [ "blanket" ] },
      { "x": -3, "y": 0, "chance": 20, "items": [ "blanket" ] },
      { "x": -3, "y": 1, "chance": 20, "items": [ "blanket" ] },
      { "x": -4, "y": 0, "chance": 10, "items": [ "catfood" ] },
      { "x": -4, "y": 0, "chance": 10, "items": [ "dogfood" ] },
      { "x": -4, "y": 1, "chance": 10, "items": [ "catfood" ] },
      { "x": -4, "y": 1, "chance": 10, "items": [ "dogfood" ] },
      { "x": -4, "y": 0, "chance": 3, "items": [ "beartrap" ] }
    ]
  }
]
