[
  {
    "id": "autosweeper",
    "type": "vehicle",
    "name": "Automatic Street Sweeper",
    "blueprint": [
      [ "o--o" ],
      [ "+=Xo" ],
      [ "o--o" ]
    ],
    "parts": [
      { "x": 0, "y": 0, "part": "frame_vertical_2" },
      { "x": 0, "y": 0, "part": "robot_controls" },
      { "x": 0, "y": 0, "part": "engine_electric" },
      { "x": 0, "y": 0, "part": "roof" },
      { "x": -1, "y": 0, "part": "frame_vertical_2" },
      { "x": -1, "y": 0, "part": "roof" },
      { "x": -1, "y": 0, "part": "vehicle_scoop" },
      { "x": -2, "y": 0, "part": "frame_horizontal" },
      { "x": -2, "y": 0, "part": "hatch" },
      { "x": 1, "y": 0, "part": "frame_horizontal" },
      { "x": 1, "y": 0, "part": "board_horizontal" },
      { "x": 1, "y": 0, "part": "headlight" },
      { "x": 1, "y": 0, "part": "omnicam" },
      { "x": -2, "y": -1, "part": "frame_horizontal" },
      { "x": -2, "y": -1, "part": "wheel_steerable" },
      { "x": -2, "y": -1, "part": "storage_battery_mount" },
      { "x": -2, "y": -1, "part": "storage_battery_removable" },
      { "x": -2, "y": -1, "part": "board_sw" },
      { "x": -1, "y": -1, "part": "frame_vertical" },
      { "x": -1, "y": -1, "part": "board_vertical" },
      { "x": 0, "y": -1, "part": "frame_vertical" },
      { "x": 0, "y": -1, "part": "board_vertical" },
      { "x": 1, "y": -1, "part": "frame_horizontal" },
      { "x": 1, "y": -1, "part": "wheel_steerable" },
      { "x": 1, "y": -1, "part": "board_nw" },
      { "x": -2, "y": 1, "part": "frame_horizontal" },
      { "x": -2, "y": 1, "part": "wheel_steerable" },
      { "x": -2, "y": 1, "part": "storage_battery_mount" },
      { "x": -2, "y": 1, "part": "storage_battery_removable" },
      { "x": -2, "y": 1, "part": "board_se" },
      { "x": -1, "y": 1, "part": "frame_vertical" },
      { "x": -1, "y": 1, "part": "board_vertical" },
      { "x": 0, "y": 1, "part": "frame_vertical" },
      { "x": 0, "y": 1, "part": "board_vertical" },
      { "x": 1, "y": 1, "part": "frame_horizontal" },
      { "x": 1, "y": 1, "part": "wheel_steerable" },
      { "x": 1, "y": 1, "part": "board_ne" }
    ],
    "items": [
      { "x": -2, "y": 0, "chance": 50, "item_groups": [ "trash", "trash", "trash", "trash", "trash", "trash" ] },
      { "x": -1, "y": 0, "chance": 100, "item_groups": [ "trash", "trash", "trash", "trash", "trash", "trash", "trash", "trash", "trash", "trash", "trash", "trash", "trash", "trash", "trash", "trash", "trash", "trash" ] }
    ]
  },
  {
    "id": "excavator",
    "type": "vehicle",
    "name": "Excavator",
    "blueprint": [
      [ "o-=o" ],
      [ "|X={" ],
      [ "o-=o" ]
    ],
    "parts": [
      { "x": -1, "y": -1, "part": "frame_sw" },
      { "x": -1, "y": 0, "part": "frame_horizontal" },
      { "x": -1, "y": 1, "part": "frame_se" },
      { "x": 0, "y": -1, "part": "frame_vertical" },
      { "x": 0, "y": 0, "part": "frame_cross" },
      { "x": 0, "y": 1, "part": "frame_vertical" },
      { "x": 1, "y": -1, "part": "frame_vertical" },
      { "x": 1, "y": 0, "part": "frame_cross" },
      { "x": 1, "y": 1, "part": "frame_vertical" },
      { "x": 2, "y": -1, "part": "frame_nw" },
      { "x": 2, "y": 1, "part": "frame_ne" },
      { "x": -1, "y": -1, "part": "roof" },
      { "x": -1, "y": 0, "part": "roof" },
      { "x": -1, "y": 1, "part": "roof" },
      { "x": 0, "y": -1, "part": "roof" },
      { "x": 0, "y": 0, "part": "roof" },
      { "x": 0, "y": 1, "part": "roof" },
      { "x": 1, "y": -1, "part": "roof" },
      { "x": 1, "y": 0, "part": "roof" },
      { "x": 1, "y": 1, "part": "roof" },
      { "x": -1, "y": -1, "part": "wheel" },
      { "x": -1, "y": 1, "part": "wheel" },
      { "x": 1, "y": -1, "part": "wheel_steerable" },
      { "x": 1, "y": 1, "part": "wheel_steerable" },
      { "x": -1, "y": -1, "part": "board_sw" },
      { "x": -1, "y": 0, "part": "hatch" },
      { "x": -1, "y": 1, "part": "board_se" },
      { "x": 0, "y": -1, "part": "door" },
      { "x": 0, "y": 0, "part": "seat" },
      { "x": 0, "y": 0, "part": "seatbelt" },
      { "x": 0, "y": 1, "part": "door" },
      { "x": 1, "y": -1, "part": "reinforced_windshield" },
      { "x": 1, "y": 0, "part": "reinforced_windshield" },
      { "x": 1, "y": 1, "part": "reinforced_windshield" },
      { "x": 2, "y": -1, "part": "halfboard_nw" },
      { "x": 2, "y": 0, "part": "crane_medium" },
      { "x": 2, "y": 1, "part": "halfboard_ne" },
      { "x": 2, "y": -1, "part": "headlight_reinforced" },
      { "x": 2, "y": 1, "part": "headlight_reinforced" },
      { "x": 0, "y": 0, "part": "floodlight" },
      { "x": 0, "y": 0, "part": "controls" },
      { "x": 0, "y": 0, "part": "dashboard" },
      { "x": 0, "y": 0, "part": "horn_big" },
      { "x": 1, "y": 0, "part": "diesel_engine_i6" },
      { "x": 1, "y": 0, "part": "alternator_truck" },
      { "x": 1, "y": 0, "part": "battery_car" },
      { "x": -1, "y": 0, "part": "tank", "fuel": "diesel" },
      { "x": -1, "y": 1, "part": "muffler" }
    ]
  },
  {
    "id": "portable_generator",
    "type": "vehicle",
    "name": "Portable Generator",
    "blueprint": [ [ "o-" ] ],
    "parts": [
      { "x": 0, "y": 0, "part": "frame_cover" },
      { "x": 0, "y": 0, "part": "small_storage_battery" },
      { "x": 0, "y": 0, "part": "engine_1cyl" },
      { "x": 0, "y": 0, "part": "generator_7500w" },
      { "x": 0, "y": 0, "part": "wheel_small" },
      { "x": 1, "y": 0, "part": "frame_cover" },
      { "x": 1, "y": 0, "part": "tank_small", "fuel": "gasoline" },
      { "x": 1, "y": 0, "part": "stowboard_vertical" },
      { "x": 1, "y": 0, "part": "controls" },
      { "x": 1, "y": 0, "part": "wheel_small" }
    ],
    "items": [
      { "x": 1, "y": 0, "chance": 50, "items": [ "jumper_cable" ] },
      { "x": 1, "y": 0, "chance": 30, "items": [ "jumper_cable_heavy" ] },
      { "x": 1, "y": 0, "chance": 20, "item_groups": [ "fuel_gasoline" ] }
    ]
  },
  {
    "id": "road_roller",
    "type": "vehicle",
    "name": "Road Roller",
    "blueprint": [
      [ "B--+'B" ],
      [ "B='H'B" ],
      [ "B=+#'B" ],
      [ "B='H'B" ],
      [ "B--+'B" ]
    ],
    "parts": [
      { "x": -3, "y": -2, "part": "frame_horizontal" },
      { "x": -2, "y": -2, "part": "frame_horizontal" },
      { "x": -1, "y": -2, "part": "frame_horizontal" },
      { "x": 0, "y": -2, "part": "frame_horizontal" },
      { "x": 1, "y": -2, "part": "frame_horizontal" },
      { "x": 2, "y": -2, "part": "frame_horizontal" },
      { "x": -3, "y": -1, "part": "frame_horizontal" },
      { "x": -2, "y": -1, "part": "frame_horizontal" },
      { "x": -1, "y": -1, "part": "frame_horizontal" },
      { "x": 0, "y": -1, "part": "frame_horizontal" },
      { "x": 1, "y": -1, "part": "frame_horizontal" },
      { "x": 2, "y": -1, "part": "frame_horizontal" },
      { "x": -3, "y": 0, "part": "frame_horizontal" },
      { "x": -2, "y": 0, "part": "frame_horizontal" },
      { "x": -1, "y": 0, "part": "frame_horizontal" },
      { "x": 0, "y": 0, "part": "frame_horizontal" },
      { "x": 1, "y": 0, "part": "frame_horizontal" },
      { "x": 2, "y": 0, "part": "frame_horizontal" },
      { "x": -3, "y": 1, "part": "frame_horizontal" },
      { "x": -2, "y": 1, "part": "frame_horizontal" },
      { "x": -1, "y": 1, "part": "frame_horizontal" },
      { "x": 0, "y": 1, "part": "frame_horizontal" },
      { "x": 1, "y": 1, "part": "frame_horizontal" },
      { "x": 2, "y": 1, "part": "frame_horizontal" },
      { "x": -3, "y": 2, "part": "frame_horizontal" },
      { "x": -2, "y": 2, "part": "frame_horizontal" },
      { "x": -1, "y": 2, "part": "frame_horizontal" },
      { "x": 0, "y": 2, "part": "frame_horizontal" },
      { "x": 1, "y": 2, "part": "frame_horizontal" },
      { "x": 2, "y": 2, "part": "frame_horizontal" },
      { "x": -1, "y": -1, "part": "windshield" },
      { "x": -1, "y": 1, "part": "windshield" },
      { "x": 1, "y": -2, "part": "windshield" },
      { "x": 1, "y": -1, "part": "windshield" },
      { "x": 1, "y": 0, "part": "windshield" },
      { "x": 1, "y": 1, "part": "windshield" },
      { "x": 1, "y": 2, "part": "windshield" },
      { "x": -1, "y": 0, "part": "door" },
      { "x": 0, "y": -2, "part": "door" },
      { "x": 0, "y": 2, "part": "door" },
      { "x": -2, "y": -1, "part": "trunk" },
      { "x": -2, "y": 0, "part": "trunk" },
      { "x": -2, "y": 1, "part": "trunk" },
      { "x": -1, "y": -2, "part": "roof" },
      { "x": 0, "y": -2, "part": "roof" },
      { "x": 1, "y": -2, "part": "roof" },
      { "x": -1, "y": -1, "part": "roof" },
      { "x": 0, "y": -1, "part": "roof" },
      { "x": 1, "y": -1, "part": "roof" },
      { "x": -1, "y": 0, "part": "roof" },
      { "x": 0, "y": 0, "part": "roof" },
      { "x": 1, "y": 0, "part": "roof" },
      { "x": -1, "y": 1, "part": "roof" },
      { "x": 0, "y": 1, "part": "roof" },
      { "x": 1, "y": 1, "part": "roof" },
      { "x": -1, "y": 2, "part": "roof" },
      { "x": 0, "y": 2, "part": "roof" },
      { "x": 1, "y": 2, "part": "roof" },
      { "x": -2, "y": -2, "part": "halfboard_horizontal" },
      { "x": -1, "y": -2, "part": "halfboard_horizontal" },
      { "x": -2, "y": 2, "part": "halfboard_horizontal" },
      { "x": -1, "y": 2, "part": "halfboard_horizontal" },
      { "x": 0, "y": -1, "part": "trunk_floor" },
      { "x": 0, "y": 1, "part": "trunk_floor" },
      { "x": 0, "y": 0, "part": "seat" },
      { "x": 0, "y": 0, "part": "seatbelt" },
      { "x": 0, "y": 0, "part": "controls" },
      { "x": 0, "y": 0, "part": "dashboard" },
      { "x": 0, "y": 0, "part": "vehicle_alarm" },
      { "x": 0, "y": 0, "part": "horn_car" },
      { "x": -1, "y": -2, "part": "tank", "fuel": "diesel" },
      { "x": -1, "y": 2, "part": "tank", "fuel": "diesel" },
      { "x": 1, "y": 0, "part": "diesel_engine_i6" },
      { "x": 1, "y": 0, "part": "alternator_truck" },
      { "x": 1, "y": 0, "part": "battery_car" },
      { "x": 1, "y": -1, "part": "headlight" },
      { "x": 1, "y": 1, "part": "headlight" },
      { "x": -3, "y": -2, "part": "roller_drum" },
      { "x": 2, "y": -2, "part": "roller_drum" },
      { "x": -3, "y": -1, "part": "roller_drum" },
      { "x": 2, "y": -1, "part": "roller_drum" },
      { "x": -3, "y": 0, "part": "roller_drum" },
      { "x": 2, "y": 0, "part": "roller_drum" },
      { "x": -3, "y": 1, "part": "roller_drum" },
      { "x": 2, "y": 1, "part": "roller_drum" },
      { "x": -3, "y": 2, "part": "roller_drum" },
      { "x": 2, "y": 2, "part": "roller_drum" }
    ],
    "items": [ { "x": 0, "y": 0, "chance": 5, "items": [ "hat_hard" ] } ]
  },
  {
    "type": "vehicle",
    "id": "forklift",
    "name": "Forklift",
    "blueprint": [
      [ "o#o-" ],
      [ "o|o-" ]
    ],
    "parts": [
      { "x": -1, "y": 0, "part": "frame_sw" },
      { "x": -1, "y": 0, "part": "halfboard_sw" },
      { "x": -1, "y": 0, "part": "wheel_small_steerable" },
      { "x": -1, "y": 1, "part": "frame_se" },
      { "x": -1, "y": 1, "part": "halfboard_se" },
      { "x": -1, "y": 1, "part": "wheel_small_steerable" },
      { "x": 0, "y": 0, "part": "frame_horizontal" },
      { "x": 0, "y": 0, "part": "seat" },
      { "x": 0, "y": 0, "part": "roof" },
      { "x": 0, "y": 0, "part": "controls" },
      { "x": 0, "y": 0, "part": "dashboard" },
      { "x": 0, "y": 1, "part": "frame_horizontal" },
      { "x": 0, "y": 1, "part": "engine_electric" },
      { "x": 0, "y": 1, "part": "roof" },
      { "x": 0, "y": 1, "part": "halfboard_vertical" },
      { "x": 0, "y": 1, "part": "storage_battery" },
      { "x": 1, "y": 0, "part": "frame_nw" },
      { "x": 1, "y": 0, "part": "halfboard_nw" },
      { "x": 1, "y": 0, "part": "wheel_small_steerable" },
      { "x": 1, "y": 1, "part": "frame_ne" },
      { "x": 1, "y": 1, "part": "halfboard_ne" },
      { "x": 1, "y": 1, "part": "wheel_small_steerable" },
      { "x": 2, "y": 0, "part": "forklift_fork" },
      { "x": 2, "y": 1, "part": "forklift_fork" }
    ],
    "items": [
      { "x": 0, "y": 0, "chance": 5, "items": [ "hat_hard" ] },
      { "x": 2, "y": 0, "chance": 10, "items": [ "2x4" ] },
      { "x": 2, "y": 1, "chance": 10, "items": [ "2x4" ] }
    ]
  },
  {
    "id": "trencher",
    "type": "vehicle",
    "name": "Trencher",
    "blueprint": [
      [ "o-=o " ],
      [ "|X==&" ],
      [ "o-=o " ]
    ],
    "parts": [
      { "x": -1, "y": -1, "part": "frame_sw" },
      { "x": -1, "y": 0, "part": "frame_horizontal" },
      { "x": -1, "y": 1, "part": "frame_se" },
      { "x": 0, "y": -1, "part": "frame_vertical" },
      { "x": 0, "y": 0, "part": "frame_cross" },
      { "x": 0, "y": 1, "part": "frame_vertical" },
      { "x": 1, "y": -1, "part": "frame_vertical" },
      { "x": 1, "y": 0, "part": "frame_cross" },
      { "x": 1, "y": 1, "part": "frame_vertical" },
      { "x": 2, "y": -1, "part": "frame_nw" },
      { "x": 2, "y": 1, "part": "frame_ne" },
      { "x": -1, "y": -1, "part": "roof" },
      { "x": -1, "y": 0, "part": "roof" },
      { "x": -1, "y": 1, "part": "roof" },
      { "x": 0, "y": -1, "part": "roof" },
      { "x": 0, "y": 0, "part": "roof" },
      { "x": 0, "y": 1, "part": "roof" },
      { "x": 1, "y": -1, "part": "roof" },
      { "x": 1, "y": 0, "part": "roof" },
      { "x": 1, "y": 1, "part": "roof" },
      { "x": -1, "y": -1, "part": "wheel" },
      { "x": -1, "y": 1, "part": "wheel" },
      { "x": 1, "y": -1, "part": "wheel_steerable" },
      { "x": 1, "y": 1, "part": "wheel_steerable" },
      { "x": -1, "y": -1, "part": "board_sw" },
      { "x": -1, "y": 0, "part": "hatch" },
      { "x": -1, "y": 1, "part": "board_se" },
      { "x": 0, "y": -1, "part": "door" },
      { "x": 0, "y": 0, "part": "seat" },
      { "x": 0, "y": 0, "part": "seatbelt" },
      { "x": 0, "y": 1, "part": "door" },
      { "x": 1, "y": -1, "part": "reinforced_windshield" },
      { "x": 1, "y": 0, "part": "reinforced_windshield" },
      { "x": 1, "y": 1, "part": "reinforced_windshield" },
      { "x": 2, "y": -1, "part": "halfboard_nw" },
      { "x": 2, "y": 0, "part": "frame_horizontal" },
      { "x": 3, "y": 0, "part": "rockwheel" },
      { "x": 2, "y": 1, "part": "halfboard_ne" },
      { "x": 2, "y": -1, "part": "headlight_reinforced" },
      { "x": 2, "y": 1, "part": "headlight_reinforced" },
      { "x": 0, "y": 0, "part": "floodlight" },
      { "x": 0, "y": 0, "part": "controls" },
      { "x": 0, "y": 0, "part": "dashboard" },
      { "x": 0, "y": 0, "part": "horn_big" },
      { "x": 0, "y": 0, "part": "engine_electric" },
      { "x": 0, "y": 0, "part": "storage_battery" }
    ]
  }
]
