[
  {
    "id": "armored_car",
    "type": "vehicle",
    "name": "Armored Car",
    "blueprint": [
      [ "O-++-O>" ],
      [ "|H##'|>" ],
      [ "t###'|>" ],
      [ "|H#t'|>" ],
      [ "O-++-O>" ]
    ],
    "parts": [
      { "x": 0, "y": 1, "part": "hdframe_vertical_2" },
      { "x": 0, "y": 1, "part": "diesel_engine_v8" },
      { "x": 0, "y": 1, "part": "alternator_truck" },
      { "x": 0, "y": 1, "part": "battery_car" },
      { "x": 0, "y": 1, "part": "seat" },
      { "x": 0, "y": 1, "part": "seatbelt" },
      { "x": 0, "y": 1, "part": "hdroof" },
      { "x": 0, "y": 2, "part": "hdframe_vertical_2" },
      { "x": 0, "y": 2, "part": "seat" },
      { "x": 0, "y": 2, "part": "seatbelt" },
      { "x": 0, "y": 2, "part": "hdroof" },
      { "x": 0, "y": 2, "part": "tank", "fuel": "diesel" },
      { "x": 0, "y": 2, "part": "turret_mount" },
      { "x": 0, "y": 2, "part": "m249", "ammo": 80, "ammo_types": [ "556" ], "ammo_qty": [ 30, 150 ] },
      { "x": 0, "y": 0, "part": "hdframe_vertical_2" },
      { "x": 0, "y": 0, "part": "controls" },
      { "x": 0, "y": 0, "part": "dashboard" },
      { "x": 0, "y": 0, "part": "vehicle_clock" },
      { "x": 0, "y": 0, "part": "vehicle_alarm" },
      { "x": 0, "y": 0, "part": "horn_big" },
      { "x": 0, "y": 0, "part": "seat" },
      { "x": 0, "y": 0, "part": "seatbelt" },
      { "x": 0, "y": 0, "part": "hdroof" },
      { "x": 0, "y": 0, "part": "tank", "fuel": "diesel" },
      { "x": 0, "y": 3, "part": "hdframe_vertical" },
      { "x": 0, "y": 3, "part": "hddoor" },
      { "x": 0, "y": 3, "part": "plating_steel" },
      { "x": 0, "y": -1, "part": "hdframe_vertical" },
      { "x": 0, "y": -1, "part": "hddoor" },
      { "x": 0, "y": -1, "part": "plating_steel" },
      { "x": 1, "y": 1, "part": "hdframe_horizontal" },
      { "x": 1, "y": 1, "part": "reinforced_windshield" },
      { "x": 1, "y": 2, "part": "hdframe_horizontal" },
      { "x": 1, "y": 2, "part": "reinforced_windshield" },
      { "x": 1, "y": 3, "part": "hdframe_vertical" },
      { "x": 1, "y": 3, "part": "reinforced_windshield" },
      { "x": 1, "y": 0, "part": "hdframe_horizontal" },
      { "x": 1, "y": 0, "part": "reinforced_windshield" },
      { "x": 1, "y": -1, "part": "hdframe_vertical" },
      { "x": 1, "y": -1, "part": "reinforced_windshield" },
      { "x": 2, "y": 1, "part": "hdframe_horizontal" },
      { "x": 2, "y": 1, "part": "hdhalfboard_horizontal" },
      { "x": 2, "y": 1, "part": "plating_steel" },
      { "x": 2, "y": 2, "part": "hdframe_horizontal" },
      { "x": 2, "y": 2, "part": "hdhalfboard_horizontal" },
      { "x": 2, "y": 2, "part": "plating_steel" },
      { "x": 2, "y": 2, "part": "headlight_reinforced" },
      { "x": 2, "y": 3, "part": "hdframe_ne" },
      { "x": 2, "y": 3, "part": "hdhalfboard_ne" },
      { "x": 2, "y": 3, "part": "plating_steel" },
      { "x": 2, "y": 3, "part": "wheel_armor_steerable" },
      { "x": 2, "y": 0, "part": "hdframe_horizontal" },
      { "x": 2, "y": 0, "part": "hdhalfboard_horizontal" },
      { "x": 2, "y": 0, "part": "plating_steel" },
      { "x": 2, "y": 0, "part": "headlight_reinforced" },
      { "x": 2, "y": -1, "part": "hdframe_nw" },
      { "x": 2, "y": -1, "part": "hdhalfboard_nw" },
      { "x": 2, "y": -1, "part": "plating_steel" },
      { "x": 2, "y": -1, "part": "wheel_armor_steerable" },
      { "x": 3, "y": 1, "part": "hdframe_cover" },
      { "x": 3, "y": 1, "part": "plating_spiked" },
      { "x": 3, "y": 2, "part": "hdframe_cover" },
      { "x": 3, "y": 2, "part": "plating_spiked" },
      { "x": 3, "y": 3, "part": "hdframe_cover" },
      { "x": 3, "y": 3, "part": "plating_spiked" },
      { "x": 3, "y": 0, "part": "hdframe_cover" },
      { "x": 3, "y": 0, "part": "plating_spiked" },
      { "x": 3, "y": -1, "part": "hdframe_cover" },
      { "x": 3, "y": -1, "part": "plating_spiked" },
      { "x": -1, "y": 1, "part": "hdframe_horizontal_2" },
      { "x": -1, "y": 1, "part": "seat" },
      { "x": -1, "y": 1, "part": "seatbelt" },
      { "x": -1, "y": 1, "part": "roof" },
      { "x": -1, "y": 2, "part": "hdframe_horizontal_2" },
      { "x": -1, "y": 2, "part": "seat" },
      { "x": -1, "y": 2, "part": "seatbelt" },
      { "x": -1, "y": 2, "part": "hdroof" },
      { "x": -1, "y": 3, "part": "hdframe_vertical" },
      { "x": -1, "y": 3, "part": "hddoor" },
      { "x": -1, "y": 3, "part": "plating_steel" },
      { "x": -1, "y": 0, "part": "hdframe_horizontal_2" },
      { "x": -1, "y": 0, "part": "seat" },
      { "x": -1, "y": 0, "part": "seatbelt" },
      { "x": -1, "y": 0, "part": "hdroof" },
      { "x": -1, "y": -1, "part": "hdframe_vertical" },
      { "x": -1, "y": -1, "part": "hddoor" },
      { "x": -1, "y": -1, "part": "plating_steel" },
      { "x": -2, "y": 1, "part": "hdframe_horizontal_2" },
      { "x": -2, "y": 1, "part": "aisle_horizontal" },
      { "x": -2, "y": 1, "part": "roof" },
      { "x": -2, "y": 2, "part": "hdframe_horizontal_2" },
      { "x": -2, "y": 2, "part": "trunk" },
      { "x": -2, "y": 2, "part": "hdroof" },
      { "x": -2, "y": 3, "part": "hdframe_vertical" },
      { "x": -2, "y": 3, "part": "hdboard_vertical" },
      { "x": -2, "y": 3, "part": "plating_steel" },
      { "x": -2, "y": 0, "part": "hdframe_horizontal_2" },
      { "x": -2, "y": 0, "part": "trunk" },
      { "x": -2, "y": 0, "part": "hdroof" },
      { "x": -2, "y": -1, "part": "hdframe_vertical" },
      { "x": -2, "y": -1, "part": "hdboard_vertical" },
      { "x": -2, "y": -1, "part": "plating_steel" },
      { "x": -3, "y": 1, "part": "hdframe_horizontal" },
      { "x": -3, "y": 1, "part": "plating_steel" },
      { "x": -3, "y": 1, "part": "turret_mount" },
      { "x": -3, "y": 1, "part": "m249", "ammo": 60, "ammo_types": [ "556" ] },
      { "x": -3, "y": 1, "part": "hddoor_opaque" },
      { "x": -3, "y": 2, "part": "hdframe_horizontal" },
      { "x": -3, "y": 2, "part": "hdboard_horizontal" },
      { "x": -3, "y": 2, "part": "plating_steel" },
      { "x": -3, "y": 3, "part": "hdframe_se" },
      { "x": -3, "y": 3, "part": "hdboard_se" },
      { "x": -3, "y": 3, "part": "plating_steel" },
      { "x": -3, "y": 3, "part": "wheel_armor" },
      { "x": -3, "y": 0, "part": "hdframe_horizontal" },
      { "x": -3, "y": 0, "part": "hdboard_horizontal" },
      { "x": -3, "y": 0, "part": "plating_steel" },
      { "x": -3, "y": -1, "part": "hdframe_sw" },
      { "x": -3, "y": -1, "part": "hdboard_sw" },
      { "x": -3, "y": -1, "part": "plating_steel" },
      { "x": -3, "y": -1, "part": "wheel_armor" }
    ]
  },
  {
    "id": "cube_van",
    "type": "vehicle",
    "name": "Cube Van",
    "blueprint": [
      [ "     o "  ],
      [ "O----+-O" ],
      [ "+===|#'|" ],
      [ "+===|o'>" ],
      [ "+===|#'|" ],
      [ "O----+-O" ],
      [ "     o "  ]
    ],
    "parts": [
      { "x": 0, "y": 1, "part": "frame_vertical" },
      { "x": 0, "y": 1, "part": "box" },
      { "x": 0, "y": 1, "part": "roof" },
      { "x": 0, "y": 0, "part": "frame_vertical_2" },
      { "x": 0, "y": 0, "part": "seat" },
      { "x": 0, "y": 0, "part": "seatbelt" },
      { "x": 0, "y": 0, "part": "controls" },
      { "x": 0, "y": 0, "part": "dashboard" },
      { "x": 0, "y": 0, "part": "vehicle_alarm" },
      { "x": 0, "y": 0, "part": "horn_car" },
      { "x": 0, "y": 0, "part": "roof" },
      { "x": 0, "y": 2, "part": "frame_vertical_2" },
      { "x": 0, "y": 2, "part": "seat" },
      { "x": 0, "y": 2, "part": "seatbelt" },
      { "x": 0, "y": 2, "part": "roof" },
      { "x": 0, "y": -1, "part": "frame_vertical" },
      { "x": 0, "y": -1, "part": "door" },
      { "x": 0, "y": 3, "part": "frame_vertical" },
      { "x": 0, "y": 3, "part": "door" },
      { "x": 1, "y": 1, "part": "frame_horizontal" },
      { "x": 1, "y": 1, "part": "windshield" },
      { "x": 1, "y": 0, "part": "frame_horizontal" },
      { "x": 1, "y": 0, "part": "windshield" },
      { "x": 1, "y": 2, "part": "frame_horizontal" },
      { "x": 1, "y": 2, "part": "windshield" },
      { "x": 1, "y": -1, "part": "frame_vertical" },
      { "x": 1, "y": -1, "part": "windshield" },
      { "x": 1, "y": -2, "part": "wing_mirror" },
      { "x": 1, "y": 3, "part": "frame_vertical" },
      { "x": 1, "y": 3, "part": "windshield" },
      { "x": 1, "y": 4, "part": "wing_mirror" },
      { "x": 2, "y": 0, "part": "frame_horizontal" },
      { "x": 2, "y": 0, "part": "halfboard_horizontal" },
      { "x": 2, "y": 1, "part": "frame_cover" },
      { "x": 2, "y": 1, "part": "halfboard_cover" },
      { "x": 2, "y": 1, "part": "engine_v6" },
      { "x": 2, "y": 1, "part": "alternator_car" },
      { "x": 2, "y": 1, "part": "battery_car" },
      { "x": 2, "y": 2, "part": "frame_horizontal" },
      { "x": 2, "y": 2, "part": "halfboard_horizontal" },
      { "x": 2, "y": -1, "part": "frame_nw" },
      { "x": 2, "y": -1, "part": "halfboard_nw" },
      { "x": 2, "y": -1, "part": "headlight" },
      { "x": 2, "y": -1, "part": "wheel_wide_steerable" },
      { "x": 2, "y": 3, "part": "frame_ne" },
      { "x": 2, "y": 3, "part": "halfboard_ne" },
      { "x": 2, "y": 3, "part": "headlight" },
      { "x": 2, "y": 3, "part": "wheel_wide_steerable" },
      { "x": -1, "y": 0, "part": "frame_horizontal" },
      { "x": -1, "y": 0, "part": "board_horizontal" },
      { "x": -1, "y": 1, "part": "frame_horizontal" },
      { "x": -1, "y": 1, "part": "board_horizontal" },
      { "x": -1, "y": 2, "part": "frame_horizontal" },
      { "x": -1, "y": 2, "part": "board_horizontal" },
      { "x": -1, "y": -1, "part": "frame_sw" },
      { "x": -1, "y": -1, "part": "board_sw" },
      { "x": -1, "y": -1, "part": "tank", "fuel": "gasoline" },
      { "x": -1, "y": 3, "part": "frame_se" },
      { "x": -1, "y": 3, "part": "board_se" },
      { "x": -1, "y": 3, "part": "tank", "fuel": "gasoline" },
      { "x": -2, "y": 0, "part": "frame_vertical" },
      { "x": -2, "y": 0, "part": "cargo_space" },
      { "x": -2, "y": 0, "part": "roof" },
      { "x": -2, "y": 1, "part": "frame_vertical" },
      { "x": -2, "y": 1, "part": "aisle_vertical" },
      { "x": -2, "y": 1, "part": "roof" },
      { "x": -2, "y": 2, "part": "frame_vertical" },
      { "x": -2, "y": 2, "part": "cargo_space" },
      { "x": -2, "y": 2, "part": "roof" },
      { "x": -2, "y": -1, "part": "frame_vertical" },
      { "x": -2, "y": -1, "part": "board_vertical" },
      { "x": -2, "y": -1, "part": "roof" },
      { "x": -2, "y": 3, "part": "frame_vertical" },
      { "x": -2, "y": 3, "part": "board_vertical" },
      { "x": -2, "y": 3, "part": "roof" },
      { "x": -3, "y": 0, "part": "frame_horizontal" },
      { "x": -3, "y": 0, "part": "cargo_space" },
      { "x": -3, "y": 0, "part": "roof" },
      { "x": -3, "y": 1, "part": "frame_horizontal" },
      { "x": -3, "y": 1, "part": "aisle_vertical" },
      { "x": -3, "y": 1, "part": "roof" },
      { "x": -3, "y": 2, "part": "frame_horizontal" },
      { "x": -3, "y": 2, "part": "cargo_space" },
      { "x": -3, "y": 2, "part": "roof" },
      { "x": -3, "y": -1, "part": "frame_vertical" },
      { "x": -3, "y": -1, "part": "board_vertical" },
      { "x": -3, "y": -1, "part": "roof" },
      { "x": -3, "y": 3, "part": "frame_vertical" },
      { "x": -3, "y": 3, "part": "board_vertical" },
      { "x": -3, "y": 3, "part": "roof" },
      { "x": -4, "y": 0, "part": "frame_horizontal" },
      { "x": -4, "y": 0, "part": "cargo_space" },
      { "x": -4, "y": 0, "part": "roof" },
      { "x": -4, "y": 1, "part": "frame_horizontal" },
      { "x": -4, "y": 1, "part": "aisle_vertical" },
      { "x": -4, "y": 1, "part": "roof" },
      { "x": -4, "y": 2, "part": "frame_horizontal" },
      { "x": -4, "y": 2, "part": "cargo_space" },
      { "x": -4, "y": 2, "part": "roof" },
      { "x": -4, "y": -1, "part": "frame_vertical" },
      { "x": -4, "y": -1, "part": "board_vertical" },
      { "x": -4, "y": -1, "part": "wheel_wide" },
      { "x": -4, "y": -1, "part": "roof" },
      { "x": -4, "y": 3, "part": "frame_vertical" },
      { "x": -4, "y": 3, "part": "board_vertical" },
      { "x": -4, "y": 3, "part": "wheel_wide" },
      { "x": -4, "y": 3, "part": "roof" },
      { "x": -5, "y": 0, "part": "frame_horizontal" },
      { "x": -5, "y": 0, "part": "door_shutter" },
      { "x": -5, "y": 0, "part": "roof" },
      { "x": -5, "y": 1, "part": "frame_horizontal" },
      { "x": -5, "y": 1, "part": "door_shutter" },
      { "x": -5, "y": 1, "part": "beeper" },
      { "x": -5, "y": 1, "part": "roof" },
      { "x": -5, "y": 2, "part": "frame_horizontal" },
      { "x": -5, "y": 2, "part": "door_shutter" },
      { "x": -5, "y": 2, "part": "roof" },
      { "x": -5, "y": -1, "part": "frame_sw" },
      { "x": -5, "y": -1, "part": "board_sw" },
      { "x": -5, "y": -1, "part": "roof" },
      { "x": -5, "y": 3, "part": "frame_se" },
      { "x": -5, "y": 3, "part": "board_se" },
      { "x": -5, "y": 3, "part": "roof" }
    ],
    "items": [
      { "x": -2, "y": 0, "chance": 15, "items": [ "2x4" ] },
      { "x": -2, "y": 0, "chance": 12, "items": [ "2x4" ] },
      { "x": -2, "y": 2, "chance": 9, "items": [ "2x4" ] },
      { "x": -3, "y": 0, "chance": 7, "item_groups": [ "car_kit" ] },
      { "x": -3, "y": 0, "chance": 7, "items": [ "jack", "wheel_wide" ] },
      { "x": -2, "y": 2, "chance": 14, "items": [ "2x4" ] },
      { "x": -2, "y": 0, "chance": 15, "items": [ "2x4" ] },
      { "x": -3, "y": 0, "chance": 2, "item_groups": [ "hardware" ] },
      { "x": -3, "y": 2, "chance": 10, "item_groups": [ "hardware" ] },
      { "x": -3, "y": 2, "chance": 5, "item_groups": [ "tools_carpentry" ] }
    ]
  },
  {
    "id": "cube_van_cheap",
    "type": "vehicle",
    "name": "Low-End Cube Van",
    "blueprint": [
      [ "     o " ],
      [ "O----+-O" ],
      [ "+===|#'|" ],
      [ "+===|o'>" ],
      [ "+===|#'|" ],
      [ "O----+-O" ]
    ],
    "parts": [
      { "x": 0, "y": 1, "part": "frame_vertical" },
      { "x": 0, "y": 1, "part": "box" },
      { "x": 0, "y": 1, "part": "roof" },
      { "x": 0, "y": 0, "part": "frame_vertical_2" },
      { "x": 0, "y": 0, "part": "seat" },
      { "x": 0, "y": 0, "part": "seatbelt" },
      { "x": 0, "y": 0, "part": "controls" },
      { "x": 0, "y": 0, "part": "dashboard" },
      { "x": 0, "y": 0, "part": "vehicle_alarm" },
      { "x": 0, "y": 0, "part": "horn_car" },
      { "x": 0, "y": 0, "part": "roof" },
      { "x": 0, "y": 2, "part": "frame_vertical_2" },
      { "x": 0, "y": 2, "part": "seat" },
      { "x": 0, "y": 2, "part": "seatbelt" },
      { "x": 0, "y": 2, "part": "roof" },
      { "x": 0, "y": -1, "part": "frame_vertical" },
      { "x": 0, "y": -1, "part": "door" },
      { "x": 0, "y": 3, "part": "frame_vertical" },
      { "x": 0, "y": 3, "part": "door" },
      { "x": 1, "y": 1, "part": "frame_horizontal" },
      { "x": 1, "y": 1, "part": "windshield" },
      { "x": 1, "y": 0, "part": "frame_horizontal" },
      { "x": 1, "y": 0, "part": "windshield" },
      { "x": 1, "y": 2, "part": "frame_horizontal" },
      { "x": 1, "y": 2, "part": "windshield" },
      { "x": 1, "y": -1, "part": "frame_vertical" },
      { "x": 1, "y": -1, "part": "windshield" },
      { "x": 1, "y": -2, "part": "wing_mirror" },
      { "x": 1, "y": 3, "part": "frame_vertical" },
      { "x": 1, "y": 3, "part": "windshield" },
      { "x": 2, "y": 0, "part": "frame_horizontal" },
      { "x": 2, "y": 0, "part": "halfboard_horizontal" },
      { "x": 2, "y": 1, "part": "frame_cover" },
      { "x": 2, "y": 1, "part": "halfboard_cover" },
      { "x": 2, "y": 1, "part": "engine_inline4" },
      { "x": 2, "y": 1, "part": "alternator_car" },
      { "x": 2, "y": 1, "part": "battery_car" },
      { "x": 2, "y": 2, "part": "frame_horizontal" },
      { "x": 2, "y": 2, "part": "halfboard_horizontal" },
      { "x": 2, "y": -1, "part": "frame_nw" },
      { "x": 2, "y": -1, "part": "halfboard_nw" },
      { "x": 2, "y": -1, "part": "headlight" },
      { "x": 2, "y": -1, "part": "wheel_wide_steerable" },
      { "x": 2, "y": 3, "part": "frame_ne" },
      { "x": 2, "y": 3, "part": "halfboard_ne" },
      { "x": 2, "y": 3, "part": "headlight" },
      { "x": 2, "y": 3, "part": "wheel_wide_steerable" },
      { "x": -1, "y": 0, "part": "frame_horizontal" },
      { "x": -1, "y": 0, "part": "board_horizontal" },
      { "x": -1, "y": 1, "part": "frame_horizontal" },
      { "x": -1, "y": 1, "part": "board_horizontal" },
      { "x": -1, "y": 2, "part": "frame_horizontal" },
      { "x": -1, "y": 2, "part": "board_horizontal" },
      { "x": -1, "y": -1, "part": "frame_sw" },
      { "x": -1, "y": -1, "part": "board_sw" },
      { "x": -1, "y": -1, "part": "tank", "fuel": "gasoline" },
      { "x": -1, "y": 3, "part": "frame_se" },
      { "x": -1, "y": 3, "part": "board_se" },
      { "x": -1, "y": 3, "part": "tank", "fuel": "gasoline" },
      { "x": -2, "y": 0, "part": "frame_vertical" },
      { "x": -2, "y": 0, "part": "cargo_space" },
      { "x": -2, "y": 0, "part": "roof" },
      { "x": -2, "y": 1, "part": "frame_vertical" },
      { "x": -2, "y": 1, "part": "aisle_vertical" },
      { "x": -2, "y": 1, "part": "roof" },
      { "x": -2, "y": 2, "part": "frame_vertical" },
      { "x": -2, "y": 2, "part": "cargo_space" },
      { "x": -2, "y": 2, "part": "roof" },
      { "x": -2, "y": -1, "part": "frame_vertical" },
      { "x": -2, "y": -1, "part": "board_vertical" },
      { "x": -2, "y": -1, "part": "roof" },
      { "x": -2, "y": 3, "part": "frame_vertical" },
      { "x": -2, "y": 3, "part": "board_vertical" },
      { "x": -2, "y": 3, "part": "roof" },
      { "x": -3, "y": 0, "part": "frame_horizontal" },
      { "x": -3, "y": 0, "part": "cargo_space" },
      { "x": -3, "y": 0, "part": "roof" },
      { "x": -3, "y": 1, "part": "frame_horizontal" },
      { "x": -3, "y": 1, "part": "aisle_vertical" },
      { "x": -3, "y": 1, "part": "roof" },
      { "x": -3, "y": 2, "part": "frame_horizontal" },
      { "x": -3, "y": 2, "part": "cargo_space" },
      { "x": -3, "y": 2, "part": "roof" },
      { "x": -3, "y": -1, "part": "frame_vertical" },
      { "x": -3, "y": -1, "part": "board_vertical" },
      { "x": -3, "y": -1, "part": "roof" },
      { "x": -3, "y": 3, "part": "frame_vertical" },
      { "x": -3, "y": 3, "part": "board_vertical" },
      { "x": -3, "y": 3, "part": "roof" },
      { "x": -4, "y": 0, "part": "frame_horizontal" },
      { "x": -4, "y": 0, "part": "cargo_space" },
      { "x": -4, "y": 0, "part": "roof" },
      { "x": -4, "y": 1, "part": "frame_horizontal" },
      { "x": -4, "y": 1, "part": "aisle_vertical" },
      { "x": -4, "y": 1, "part": "roof" },
      { "x": -4, "y": 2, "part": "frame_horizontal" },
      { "x": -4, "y": 2, "part": "cargo_space" },
      { "x": -4, "y": 2, "part": "roof" },
      { "x": -4, "y": -1, "part": "frame_vertical" },
      { "x": -4, "y": -1, "part": "board_vertical" },
      { "x": -4, "y": -1, "part": "wheel_wide" },
      { "x": -4, "y": -1, "part": "roof" },
      { "x": -4, "y": 3, "part": "frame_vertical" },
      { "x": -4, "y": 3, "part": "board_vertical" },
      { "x": -4, "y": 3, "part": "wheel_wide" },
      { "x": -4, "y": 3, "part": "roof" },
      { "x": -5, "y": 0, "part": "frame_horizontal" },
      { "x": -5, "y": 0, "part": "door_shutter" },
      { "x": -5, "y": 0, "part": "roof" },
      { "x": -5, "y": 1, "part": "frame_horizontal" },
      { "x": -5, "y": 1, "part": "door_shutter" },
      { "x": -5, "y": 1, "part": "beeper" },
      { "x": -5, "y": 1, "part": "roof" },
      { "x": -5, "y": 2, "part": "frame_horizontal" },
      { "x": -5, "y": 2, "part": "door_shutter" },
      { "x": -5, "y": 2, "part": "roof" },
      { "x": -5, "y": -1, "part": "frame_sw" },
      { "x": -5, "y": -1, "part": "board_sw" },
      { "x": -5, "y": -1, "part": "roof" },
      { "x": -5, "y": 3, "part": "frame_se" },
      { "x": -5, "y": 3, "part": "board_se" },
      { "x": -5, "y": 3, "part": "roof" }
    ],
    "items": [
      { "x": -2, "y": 0, "chance": 5, "item_groups": [ "hardware" ] },
      { "x": -2, "y": 2, "chance": 5, "item_groups": [ "hardware" ] },
      { "x": -3, "y": 2, "chance": 2, "item_groups": [ "tools_carpentry" ] }
    ]
  },
  {
    "id": "hippie_van",
    "type": "vehicle",
    "name": "Hippie Van",
    "blueprint": [
      [ "o---+-o" ],
      [ "+=###'|" ],
      [ "+===#'|" ],
      [ "o-+++-o" ]
    ],
    "parts": [
      { "x": 0, "y": 0, "part": "frame_vertical_2" },
      { "x": 0, "y": 0, "part": "reclining_seat" },
      { "x": 0, "y": 0, "part": "seatbelt" },
      { "x": 0, "y": 0, "part": "controls" },
      { "x": 0, "y": 0, "part": "dashboard" },
      { "x": 0, "y": 0, "part": "vehicle_clock" },
      { "x": 0, "y": 0, "part": "vehicle_alarm" },
      { "x": 0, "y": 0, "part": "horn_car" },
      { "x": 0, "y": 0, "part": "roof" },
      { "x": 0, "y": 1, "part": "frame_vertical_2" },
      { "x": 0, "y": 1, "part": "reclining_seat" },
      { "x": 0, "y": 1, "part": "seatbelt" },
      { "x": 0, "y": 1, "part": "roof" },
      { "x": 0, "y": -1, "part": "frame_vertical" },
      { "x": 0, "y": -1, "part": "door" },
      { "x": 0, "y": -1, "part": "roof" },
      { "x": 0, "y": 2, "part": "frame_vertical" },
      { "x": 0, "y": 2, "part": "door" },
      { "x": 0, "y": 2, "part": "roof" },
      { "x": -1, "y": 0, "part": "frame_vertical_2" },
      { "x": -1, "y": 0, "part": "seat" },
      { "x": -1, "y": 0, "part": "seatbelt" },
      { "x": -1, "y": 0, "part": "roof" },
      { "x": -1, "y": 1, "part": "frame_vertical_2" },
      { "x": -1, "y": 1, "part": "aisle_vertical" },
      { "x": -1, "y": 1, "part": "roof" },
      { "x": -1, "y": -1, "part": "frame_vertical" },
      { "x": -1, "y": -1, "part": "board_vertical" },
      { "x": -1, "y": -1, "part": "roof" },
      { "x": -1, "y": 2, "part": "frame_vertical" },
      { "x": -1, "y": 2, "part": "door_sliding" },
      { "x": -1, "y": 2, "part": "roof" },
      { "x": -2, "y": 0, "part": "frame_vertical_2" },
      { "x": -2, "y": 0, "part": "seat" },
      { "x": -2, "y": 0, "part": "seatbelt" },
      { "x": -2, "y": 0, "part": "roof" },
      { "x": -2, "y": 1, "part": "frame_vertical_2" },
      { "x": -2, "y": 1, "part": "aisle_vertical" },
      { "x": -2, "y": 1, "part": "roof" },
      { "x": -2, "y": -1, "part": "frame_vertical" },
      { "x": -2, "y": -1, "part": "board_vertical" },
      { "x": -2, "y": -1, "part": "roof" },
      { "x": -2, "y": 2, "part": "frame_vertical" },
      { "x": -2, "y": 2, "part": "door_sliding" },
      { "x": -2, "y": 2, "part": "roof" },
      { "x": 1, "y": 0, "part": "frame_horizontal" },
      { "x": 1, "y": 0, "part": "windshield" },
      { "x": 1, "y": 1, "part": "frame_horizontal" },
      { "x": 1, "y": 1, "part": "windshield" },
      { "x": 1, "y": -1, "part": "frame_vertical" },
      { "x": 1, "y": -1, "part": "windshield" },
      { "x": 1, "y": 2, "part": "frame_vertical" },
      { "x": 1, "y": 2, "part": "windshield" },
      { "x": 2, "y": 0, "part": "frame_horizontal" },
      { "x": 2, "y": 0, "part": "halfboard_horizontal" },
      { "x": 2, "y": 0, "part": "engine_inline4" },
      { "x": 2, "y": 0, "part": "alternator_car" },
      { "x": 2, "y": 0, "part": "battery_car" },
      { "x": 2, "y": 1, "part": "frame_horizontal" },
      { "x": 2, "y": 1, "part": "halfboard_horizontal" },
      { "x": 2, "y": -1, "part": "frame_nw" },
      { "x": 2, "y": -1, "part": "halfboard_nw" },
      { "x": 2, "y": -1, "part": "headlight" },
      { "x": 2, "y": -1, "part": "wheel_steerable" },
      { "x": 2, "y": 2, "part": "frame_ne" },
      { "x": 2, "y": 2, "part": "halfboard_ne" },
      { "x": 2, "y": 2, "part": "headlight" },
      { "x": 2, "y": 2, "part": "wheel_steerable" },
      { "x": -3, "y": 0, "part": "frame_vertical" },
      { "x": -3, "y": 0, "part": "trunk" },
      { "x": -3, "y": 0, "part": "muffler" },
      { "x": -3, "y": 0, "part": "roof" },
      { "x": -3, "y": 1, "part": "frame_vertical" },
      { "x": -3, "y": 1, "part": "trunk" },
      { "x": -3, "y": 1, "part": "roof" },
      { "x": -3, "y": -1, "part": "frame_vertical" },
      { "x": -3, "y": -1, "part": "board_vertical" },
      { "x": -3, "y": -1, "part": "tank", "fuel": "gasoline" },
      { "x": -3, "y": -1, "part": "roof" },
      { "x": -3, "y": 2, "part": "frame_vertical" },
      { "x": -3, "y": 2, "part": "board_vertical" },
      { "x": -3, "y": 2, "part": "roof" },
      { "x": -4, "y": -1, "part": "frame_sw" },
      { "x": -4, "y": -1, "part": "board_sw" },
      { "x": -4, "y": -1, "part": "wheel" },
      { "x": -4, "y": -1, "part": "roof" },
      { "x": -4, "y": 0, "part": "frame_horizontal" },
      { "x": -4, "y": 0, "part": "door_trunk" },
      { "x": -4, "y": 0, "part": "roof" },
      { "x": -4, "y": 1, "part": "frame_horizontal" },
      { "x": -4, "y": 1, "part": "door_trunk" },
      { "x": -4, "y": 1, "part": "roof" },
      { "x": -4, "y": 2, "part": "frame_se" },
      { "x": -4, "y": 2, "part": "board_se" },
      { "x": -4, "y": 2, "part": "wheel" },
      { "x": -4, "y": 2, "part": "roof" }
    ],
    "items": [
      { "x": 0, "y": 0, "chance": 3, "items": [ "sunglasses" ] },
      { "x": 0, "y": 1, "chance": 10, "items": [ "fancy_sunglasses" ] },
      { "x": -1, "y": 0, "chance": 5, "items": [ "weed", "rolling_paper" ] },
      { "x": -2, "y": 0, "chance": 2, "items": [ "weed", "rolling_paper" ] },
      { "x": -3, "y": 0, "chance": 5, "items": [ "acoustic_guitar" ] },
      { "x": -3, "y": 1, "chance": 8, "items": [ "joint_roach" ] }
    ]
  },
  {
    "id": "icecream_truck",
    "type": "vehicle",
    "name": "Ice Cream Truck",
    "blueprint": [
      [ "     o " ],
      [ "O---+-O" ],
      [ "|&&H#'|" ],
      [ "+===='>" ],
      [ "|o==#'|" ],
      [ "O-#-+-O" ],
      [ "     o " ]
    ],
    "parts": [
      { "x": 0, "y": 0, "part": "frame_vertical_2" },
      { "x": 0, "y": 0, "part": "seat" },
      { "x": 0, "y": 0, "part": "seatbelt" },
      { "x": 0, "y": 0, "part": "controls" },
      { "x": 0, "y": 0, "part": "dashboard" },
      { "x": 0, "y": 0, "part": "vehicle_clock" },
      { "x": 0, "y": 0, "part": "vehicle_alarm" },
      { "x": 0, "y": 0, "part": "horn_car" },
      { "x": 0, "y": 0, "part": "roof" },
      { "x": 0, "y": -1, "part": "frame_vertical" },
      { "x": 0, "y": -1, "part": "door" },
      { "x": 0, "y": -1, "part": "roof" },
      { "x": 0, "y": 1, "part": "frame_vertical_2" },
      { "x": 0, "y": 1, "part": "aisle_vertical" },
      { "x": 0, "y": 1, "part": "chimes" },
      { "x": 0, "y": 1, "part": "roof" },
      { "x": 0, "y": 2, "part": "frame_vertical_2" },
      { "x": 0, "y": 2, "part": "seat" },
      { "x": 0, "y": 2, "part": "seatbelt" },
      { "x": 0, "y": 2, "part": "roof" },
      { "x": 0, "y": 3, "part": "frame_vertical" },
      { "x": 0, "y": 3, "part": "door" },
      { "x": 0, "y": 3, "part": "roof" },
      { "x": 1, "y": 0, "part": "frame_vertical_2" },
      { "x": 1, "y": 0, "part": "windshield" },
      { "x": 1, "y": -1, "part": "frame_vertical" },
      { "x": 1, "y": -1, "part": "windshield" },
      { "x": 1, "y": -2, "part": "wing_mirror" },
      { "x": 1, "y": 1, "part": "frame_vertical_2" },
      { "x": 1, "y": 1, "part": "windshield" },
      { "x": 1, "y": 2, "part": "frame_vertical_2" },
      { "x": 1, "y": 2, "part": "windshield" },
      { "x": 1, "y": 3, "part": "frame_vertical" },
      { "x": 1, "y": 3, "part": "windshield" },
      { "x": 1, "y": 4, "part": "wing_mirror" },
      { "x": 2, "y": 0, "part": "frame_horizontal" },
      { "x": 2, "y": 0, "part": "halfboard_horizontal" },
      { "x": 2, "y": -1, "part": "frame_nw" },
      { "x": 2, "y": -1, "part": "halfboard_nw" },
      { "x": 2, "y": -1, "part": "headlight" },
      { "x": 2, "y": -1, "part": "wheel_steerable" },
      { "x": 2, "y": 1, "part": "frame_cover" },
      { "x": 2, "y": 1, "part": "halfboard_cover" },
      { "x": 2, "y": 1, "part": "engine_v6" },
      { "x": 2, "y": 1, "part": "alternator_truck" },
      { "x": 2, "y": 1, "part": "battery_car" },
      { "x": 2, "y": 2, "part": "frame_horizontal" },
      { "x": 2, "y": 2, "part": "halfboard_horizontal" },
      { "x": 2, "y": 3, "part": "frame_ne" },
      { "x": 2, "y": 3, "part": "halfboard_ne" },
      { "x": 2, "y": 3, "part": "headlight" },
      { "x": 2, "y": 3, "part": "wheel_steerable" },
      { "x": -1, "y": 0, "part": "frame_vertical_2" },
      { "x": -1, "y": 0, "part": "box" },
      { "x": -1, "y": 0, "part": "roof" },
      { "x": -1, "y": -1, "part": "frame_vertical" },
      { "x": -1, "y": -1, "part": "board_vertical" },
      { "x": -1, "y": -1, "part": "tank", "fuel": "gasoline" },
      { "x": -1, "y": 1, "part": "frame_vertical_2" },
      { "x": -1, "y": 1, "part": "aisle_vertical" },
      { "x": -1, "y": 1, "part": "roof" },
      { "x": -1, "y": 2, "part": "frame_vertical_2" },
      { "x": -1, "y": 2, "part": "aisle_vertical" },
      { "x": -1, "y": 2, "part": "roof" },
      { "x": -1, "y": 3, "part": "frame_vertical" },
      { "x": -1, "y": 3, "part": "board_vertical" },
      { "x": -2, "y": 0, "part": "frame_vertical_2" },
      { "x": -2, "y": 0, "part": "minifreezer" },
      { "x": -2, "y": 0, "part": "roof" },
      { "x": -2, "y": -1, "part": "frame_vertical" },
      { "x": -2, "y": -1, "part": "board_vertical" },
      { "x": -2, "y": 1, "part": "frame_vertical_2" },
      { "x": -2, "y": 1, "part": "aisle_vertical" },
      { "x": -2, "y": 1, "part": "roof" },
      { "x": -2, "y": 2, "part": "frame_vertical_2" },
      { "x": -2, "y": 2, "part": "aisle_vertical" },
      { "x": -2, "y": 2, "part": "roof" },
      { "x": -2, "y": 3, "part": "frame_vertical" },
      { "x": -2, "y": 3, "part": "windshield" },
      { "x": -3, "y": 0, "part": "frame_vertical_2" },
      { "x": -3, "y": 0, "part": "minifreezer" },
      { "x": -3, "y": 0, "part": "roof" },
      { "x": -3, "y": -1, "part": "frame_vertical" },
      { "x": -3, "y": -1, "part": "board_vertical" },
      { "x": -3, "y": 1, "part": "frame_vertical_2" },
      { "x": -3, "y": 1, "part": "aisle_vertical" },
      { "x": -3, "y": 1, "part": "roof" },
      { "x": -3, "y": 2, "part": "frame_vertical_2" },
      { "x": -3, "y": 2, "part": "storage_battery" },
      { "x": -3, "y": 2, "part": "box" },
      { "x": -3, "y": 2, "part": "roof" },
      { "x": -3, "y": 3, "part": "frame_vertical" },
      { "x": -3, "y": 3, "part": "board_vertical" },
      { "x": -4, "y": 0, "part": "frame_horizontal" },
      { "x": -4, "y": 0, "part": "board_horizontal" },
      { "x": -4, "y": 0, "part": "muffler" },
      { "x": -4, "y": 0, "part": "roof" },
      { "x": -4, "y": -1, "part": "frame_sw" },
      { "x": -4, "y": -1, "part": "board_sw" },
      { "x": -4, "y": -1, "part": "wheel" },
      { "x": -4, "y": -1, "part": "roof" },
      { "x": -4, "y": 1, "part": "frame_horizontal" },
      { "x": -4, "y": 1, "part": "door" },
      { "x": -4, "y": 1, "part": "roof" },
      { "x": -4, "y": 2, "part": "frame_horizontal" },
      { "x": -4, "y": 2, "part": "board_horizontal" },
      { "x": -4, "y": 2, "part": "beeper" },
      { "x": -4, "y": 2, "part": "roof" },
      { "x": -4, "y": 3, "part": "frame_se" },
      { "x": -4, "y": 3, "part": "board_se" },
      { "x": -4, "y": 3, "part": "wheel" },
      { "x": -4, "y": 3, "part": "roof" }
    ],
    "items": [
      { "x": -3, "y": 0, "chance": 60, "item_groups": [ "fridgesnacks" ] },
      { "x": -3, "y": 0, "chance": 30, "item_groups": [ "fridgesnacks" ] },
      { "x": -3, "y": 0, "chance": 30, "item_groups": [ "fridgesnacks" ] },
      { "x": -3, "y": 0, "chance": 30, "item_groups": [ "fridgesnacks" ] },
      { "x": -2, "y": 0, "chance": 60, "item_groups": [ "fridgesnacks" ] },
      { "x": -2, "y": 0, "chance": 30, "item_groups": [ "fridgesnacks" ] },
      { "x": -2, "y": 0, "chance": 30, "item_groups": [ "fridgesnacks" ] },
      { "x": -2, "y": 0, "chance": 30, "item_groups": [ "fridgesnacks" ] },
      { "x": -3, "y": 2, "chance": 60, "item_groups": [ "snacks" ] },
      { "x": -3, "y": 2, "chance": 30, "item_groups": [ "snacks" ] },
      { "x": -3, "y": 2, "chance": 30, "item_groups": [ "snacks" ] },
      { "x": -3, "y": 2, "chance": 40, "items": [ "ketchup" ] },
      { "x": -3, "y": 2, "chance": 40, "items": [ "mustard" ] },
      { "x": -3, "y": 2, "chance": 40, "items": [ "mayonnaise" ] },
      { "x": -1, "y": 0, "chance": 15, "items": [ "money_bundle" ] }
    ]
  },
  {
    "id": "lux_rv",
    "type": "vehicle",
    "name": "Luxury RV",
    "parts": [
      { "x": 1, "y": -1, "part": "frame_nw" },
      { "x": 1, "y": -1, "part": "windshield" },
      { "x": 1, "y": -2, "part": "wing_mirror" },
      { "x": 1, "y": 0, "part": "frame_horizontal" },
      { "x": 1, "y": 0, "part": "headlight" },
      { "x": 1, "y": 0, "part": "windshield" },
      { "x": 1, "y": 1, "part": "frame_horizontal" },
      { "x": 1, "y": 1, "part": "windshield" },
      { "x": 1, "y": 2, "part": "frame_horizontal" },
      { "x": 1, "y": 2, "part": "headlight" },
      { "x": 1, "y": 2, "part": "windshield" },
      { "x": 1, "y": 3, "part": "frame_ne" },
      { "x": 1, "y": 3, "part": "windshield" },
      { "x": 1, "y": 4, "part": "wing_mirror" },
      { "x": 0, "y": -1, "part": "frame_vertical" },
      { "x": 0, "y": -1, "part": "wheel_wide_steerable" },
      { "x": 0, "y": -1, "part": "door" },
      { "x": 0, "y": 0, "part": "frame_vertical_2" },
      { "x": 0, "y": 0, "part": "reclining_seat" },
      { "x": 0, "y": 0, "part": "seatbelt" },
      { "x": 0, "y": 0, "part": "controls" },
      { "x": 0, "y": 0, "part": "dashboard" },
      { "x": 0, "y": 0, "part": "vehicle_clock" },
      { "x": 0, "y": 0, "part": "vehicle_alarm" },
      { "x": 0, "y": 0, "part": "stereo" },
      { "x": 0, "y": 0, "part": "roof" },
      { "x": 0, "y": 1, "part": "frame_vertical_2" },
      { "x": 0, "y": 1, "part": "storage_battery" },
      { "x": 0, "y": 1, "part": "diesel_engine_v6" },
      { "x": 0, "y": 1, "part": "alternator_truck" },
      { "x": 0, "y": 1, "part": "horn_big" },
      { "x": 0, "y": 1, "part": "aisle_horizontal" },
      { "x": 0, "y": 1, "part": "roof" },
      { "x": 0, "y": 2, "part": "frame_vertical_2" },
      { "x": 0, "y": 2, "part": "reclining_seat" },
      { "x": 0, "y": 2, "part": "seatbelt" },
      { "x": 0, "y": 2, "part": "roof" },
      { "x": 0, "y": 3, "part": "frame_vertical" },
      { "x": 0, "y": 3, "part": "wheel_wide_steerable" },
      { "x": 0, "y": 3, "part": "door" },
      { "x": -1, "y": -1, "part": "frame_vertical" },
      { "x": -1, "y": -1, "part": "board_vertical" },
      { "x": -1, "y": -1, "part": "floodlight" },
      { "x": -1, "y": 0, "part": "frame_horizontal" },
      { "x": -1, "y": 0, "part": "board_horizontal" },
      { "x": -1, "y": 1, "part": "frame_horizontal" },
      { "x": -1, "y": 1, "part": "door_internal" },
      { "x": -1, "y": 2, "part": "frame_horizontal" },
      { "x": -1, "y": 2, "part": "board_horizontal" },
      { "x": -1, "y": 3, "part": "frame_vertical" },
      { "x": -1, "y": 3, "part": "board_vertical" },
      { "x": -1, "y": 3, "part": "floodlight" },
      { "x": -2, "y": -1, "part": "frame_vertical" },
      { "x": -2, "y": -1, "part": "board_vertical" },
      { "x": -2, "y": 0, "part": "frame_vertical_2" },
      { "x": -2, "y": 0, "part": "tank", "fuel": "water_clean" },
      { "x": -2, "y": 0, "part": "kitchen_unit" },
      { "x": -2, "y": 0, "part": "roof" },
      { "x": -2, "y": 1, "part": "frame_vertical_2" },
      { "x": -2, "y": 1, "part": "aisle_horizontal" },
      { "x": -2, "y": 1, "part": "roof" },
      { "x": -2, "y": 2, "part": "frame_vertical_2" },
      { "x": -2, "y": 2, "part": "aisle_horizontal" },
      { "x": -2, "y": 2, "part": "roof" },
      { "x": -2, "y": 3, "part": "frame_vertical_2" },
      { "x": -2, "y": 3, "part": "door" },
      { "x": -2, "y": 3, "part": "v_curtain" },
      { "x": -3, "y": -1, "part": "frame_vertical" },
      { "x": -3, "y": -1, "part": "windshield" },
      { "x": -3, "y": -1, "part": "v_curtain" },
      { "x": -3, "y": 0, "part": "frame_vertical_2" },
      { "x": -3, "y": 0, "part": "minifridge" },
      { "x": -3, "y": 0, "part": "roof" },
      { "x": -3, "y": 1, "part": "frame_vertical_2" },
      { "x": -3, "y": 1, "part": "aisle_horizontal" },
      { "x": -3, "y": 1, "part": "floodlight" },
      { "x": -3, "y": 1, "part": "roof" },
      { "x": -3, "y": 2, "part": "frame_vertical_2" },
      { "x": -3, "y": 2, "part": "seat" },
      { "x": -3, "y": 2, "part": "roof" },
      { "x": -3, "y": 3, "part": "frame_vertical" },
      { "x": -3, "y": 3, "part": "windshield" },
      { "x": -3, "y": 3, "part": "v_curtain" },
      { "x": -4, "y": -1, "part": "frame_vertical" },
      { "x": -4, "y": -1, "part": "windshield" },
      { "x": -4, "y": -1, "part": "v_curtain" },
      { "x": -4, "y": 0, "part": "frame_vertical_2" },
      { "x": -4, "y": 0, "part": "washing_machine" },
      { "x": -4, "y": 0, "part": "roof" },
      { "x": -4, "y": 1, "part": "frame_vertical_2" },
      { "x": -4, "y": 1, "part": "aisle_horizontal" },
      { "x": -4, "y": 1, "part": "roof" },
      { "x": -4, "y": 2, "part": "frame_vertical_2" },
      { "x": -4, "y": 2, "part": "veh_table" },
      { "x": -4, "y": 2, "part": "roof" },
      { "x": -4, "y": 3, "part": "frame_vertical" },
      { "x": -4, "y": 3, "part": "windshield" },
      { "x": -4, "y": 3, "part": "v_curtain" },
      { "x": -5, "y": -1, "part": "frame_vertical" },
      { "x": -5, "y": -1, "part": "windshield" },
      { "x": -5, "y": -1, "part": "v_curtain" },
      { "x": -5, "y": 0, "part": "frame_vertical_2" },
      { "x": -5, "y": 0, "part": "veh_table" },
      { "x": -5, "y": 0, "part": "roof" },
      { "x": -5, "y": 1, "part": "frame_vertical_2" },
      { "x": -5, "y": 1, "part": "aisle_horizontal" },
      { "x": -5, "y": 1, "part": "floodlight" },
      { "x": -5, "y": 1, "part": "roof" },
      { "x": -5, "y": 2, "part": "frame_vertical_2" },
      { "x": -5, "y": 2, "part": "seat" },
      { "x": -5, "y": 2, "part": "roof" },
      { "x": -5, "y": 3, "part": "frame_vertical" },
      { "x": -5, "y": 3, "part": "windshield" },
      { "x": -5, "y": 3, "part": "v_curtain" },
      { "x": -6, "y": -1, "part": "frame_vertical" },
      { "x": -6, "y": -1, "part": "board_vertical" },
      { "x": -6, "y": 0, "part": "frame_horizontal" },
      { "x": -6, "y": 0, "part": "board_horizontal" },
      { "x": -6, "y": 0, "part": "controls_electronic" },
      { "x": -6, "y": 1, "part": "frame_vertical_2" },
      { "x": -6, "y": 1, "part": "door_internal" },
      { "x": -6, "y": 2, "part": "frame_horizontal" },
      { "x": -6, "y": 2, "part": "board_horizontal" },
      { "x": -6, "y": 3, "part": "frame_vertical" },
      { "x": -6, "y": 3, "part": "stowboard_vertical" },
      { "x": -7, "y": -1, "part": "frame_vertical" },
      { "x": -7, "y": -1, "part": "board_vertical" },
      { "x": -7, "y": 0, "part": "frame_vertical_2" },
      { "x": -7, "y": 0, "part": "bed" },
      { "x": -7, "y": 0, "part": "roof" },
      { "x": -7, "y": 1, "part": "frame_vertical_2" },
      { "x": -7, "y": 1, "part": "aisle_horizontal" },
      { "x": -7, "y": 1, "part": "roof" },
      { "x": -7, "y": 2, "part": "frame_vertical_2" },
      { "x": -7, "y": 2, "part": "bed" },
      { "x": -7, "y": 2, "part": "roof" },
      { "x": -7, "y": 3, "part": "frame_vertical" },
      { "x": -7, "y": 3, "part": "stowboard_vertical" },
      { "x": -8, "y": -1, "part": "frame_vertical" },
      { "x": -8, "y": -1, "part": "wheel_wide" },
      { "x": -8, "y": -1, "part": "windshield" },
      { "x": -8, "y": -1, "part": "v_curtain" },
      { "x": -8, "y": -1, "part": "tank", "fuel": "diesel" },
      { "x": -8, "y": 0, "part": "frame_vertical_2" },
      { "x": -8, "y": 0, "part": "bed" },
      { "x": -8, "y": 0, "part": "roof" },
      { "x": -8, "y": 1, "part": "frame_vertical_2" },
      { "x": -8, "y": 1, "part": "aisle_horizontal" },
      { "x": -8, "y": 1, "part": "roof" },
      { "x": -8, "y": 2, "part": "frame_vertical_2" },
      { "x": -8, "y": 2, "part": "bed" },
      { "x": -8, "y": 2, "part": "roof" },
      { "x": -8, "y": 3, "part": "frame_vertical" },
      { "x": -8, "y": 3, "part": "wheel_wide" },
      { "x": -8, "y": 3, "part": "windshield" },
      { "x": -8, "y": 3, "part": "v_curtain" },
      { "x": -8, "y": 3, "part": "tank", "fuel": "diesel" },
      { "x": -9, "y": -1, "part": "frame_sw" },
      { "x": -9, "y": -1, "part": "wheel_wide" },
      { "x": -9, "y": -1, "part": "board_sw" },
      { "x": -9, "y": -1, "part": "solar_panel" },
      { "x": -9, "y": 0, "part": "frame_horizontal" },
      { "x": -9, "y": 0, "part": "board_horizontal" },
      { "x": -9, "y": 0, "part": "solar_panel" },
      { "x": -9, "y": 1, "part": "frame_horizontal_2" },
      { "x": -9, "y": 1, "part": "board_horizontal" },
      { "x": -9, "y": 1, "part": "beeper" },
      { "x": -9, "y": 1, "part": "floodlight" },
      { "x": -9, "y": 2, "part": "frame_horizontal" },
      { "x": -9, "y": 2, "part": "muffler" },
      { "x": -9, "y": 2, "part": "board_horizontal" },
      { "x": -9, "y": 2, "part": "solar_panel" },
      { "x": -9, "y": 3, "part": "frame_se" },
      { "x": -9, "y": 3, "part": "wheel_wide" },
      { "x": -9, "y": 3, "part": "board_se" },
      { "x": -9, "y": 3, "part": "solar_panel" }
    ],
    "items": [
      { "x": 0, "y": 0, "chance": 5, "items": [ "fancy_sunglasses" ] },
      { "x": 0, "y": 0, "chance": 1, "items": [ "roadmap" ] },
      { "x": 0, "y": 2, "chance": 16, "items": [ "cigar" ] },
      { "x": 0, "y": 2, "chance": 8, "items": [ "cig" ] },
      { "x": -2, "y": 0, "chance": 5, "item_groups": [ "fast_food" ] },
      { "x": -3, "y": 0, "chance": 5, "item_groups": [ "snacks" ] },
      { "x": -3, "y": 0, "chance": 2, "item_groups": [ "snacks_fancy" ] },
      { "x": -3, "y": 0, "chance": 12, "item_groups": [ "fridgesnacks" ] },
      { "x": -3, "y": 0, "chance": 8, "item_groups": [ "fridgesnacks" ] },
      { "x": -3, "y": 0, "chance": 10, "item_groups": [ "wines_worthy" ] },
      { "x": -6, "y": 3, "chance": 2, "items": [ "beer", "beer", "beer", "beer", "beer", "beer" ] },
      { "x": -7, "y": 0, "chance": 15, "item_groups": [ "bed" ] },
      { "x": -7, "y": 2, "chance": 15, "item_groups": [ "bed" ] },
      { "x": -8, "y": 0, "chance": 15, "item_groups": [ "bed" ] },
      { "x": -8, "y": 2, "chance": 15, "item_groups": [ "bed" ] },
      { "x": -6, "y": 3, "chance": 5, "items": [ "brazier" ] },
      { "x": -7, "y": 3, "chance": 12, "items": [ "extinguisher" ] },
      { "x": -7, "y": 3, "chance": 15, "items": [ "jack", "wheel_wide" ] }
    ]
  },
  {
    "id": "meth_lab",
    "type": "vehicle",
    "name": "Mobile Meth Lab",
    "blueprint": [
      [ "       o " ],
      [ "+OO---+-O" ],
      [ "|&===|#'|" ],
      [ "|====+H'|" ],
      [ "|===H|#'|" ],
      [ "+OO-+-+-O" ],
      [ "       o " ]
    ],
    "parts": [
      { "x": 0, "y": 1, "part": "frame_vertical_2" },
      { "x": 0, "y": 1, "part": "aisle_horizontal" },
      { "x": 0, "y": 1, "part": "engine_v6" },
      { "x": 0, "y": 1, "part": "alternator_truck" },
      { "x": 0, "y": 1, "part": "battery_car" },
      { "x": 0, "y": 1, "part": "roof" },
      { "x": 0, "y": 2, "part": "frame_vertical_2" },
      { "x": 0, "y": 2, "part": "seat" },
      { "x": 0, "y": 2, "part": "seatbelt" },
      { "x": 0, "y": 2, "part": "roof" },
      { "x": 0, "y": 0, "part": "frame_vertical_2" },
      { "x": 0, "y": 0, "part": "seat" },
      { "x": 0, "y": 0, "part": "seatbelt" },
      { "x": 0, "y": 0, "part": "controls" },
      { "x": 0, "y": 0, "part": "dashboard" },
      { "x": 0, "y": 0, "part": "vehicle_clock" },
      { "x": 0, "y": 0, "part": "vehicle_alarm" },
      { "x": 0, "y": 0, "part": "horn_car" },
      { "x": 0, "y": 0, "part": "roof" },
      { "x": 0, "y": 3, "part": "frame_vertical" },
      { "x": 0, "y": 3, "part": "door" },
      { "x": 0, "y": 3, "part": "roof" },
      { "x": 0, "y": -1, "part": "frame_vertical" },
      { "x": 0, "y": -1, "part": "door" },
      { "x": 0, "y": -1, "part": "roof" },
      { "x": 1, "y": 1, "part": "frame_vertical_2" },
      { "x": 1, "y": 1, "part": "windshield" },
      { "x": 1, "y": 2, "part": "frame_vertical_2" },
      { "x": 1, "y": 2, "part": "windshield" },
      { "x": 1, "y": 0, "part": "frame_vertical_2" },
      { "x": 1, "y": 0, "part": "windshield" },
      { "x": 1, "y": 3, "part": "frame_vertical" },
      { "x": 1, "y": 3, "part": "windshield" },
      { "x": 1, "y": 4, "part": "wing_mirror" },
      { "x": 1, "y": -1, "part": "frame_vertical" },
      { "x": 1, "y": -1, "part": "windshield" },
      { "x": 1, "y": -2, "part": "wing_mirror" },
      { "x": 2, "y": 1, "part": "frame_horizontal" },
      { "x": 2, "y": 1, "part": "halfboard_horizontal" },
      { "x": 2, "y": 1, "part": "headlight" },
      { "x": 2, "y": 2, "part": "frame_horizontal" },
      { "x": 2, "y": 2, "part": "halfboard_horizontal" },
      { "x": 2, "y": 2, "part": "headlight" },
      { "x": 2, "y": 0, "part": "frame_horizontal" },
      { "x": 2, "y": 0, "part": "halfboard_horizontal" },
      { "x": 2, "y": 0, "part": "headlight" },
      { "x": 2, "y": 3, "part": "frame_ne" },
      { "x": 2, "y": 3, "part": "halfboard_ne" },
      { "x": 2, "y": 3, "part": "wheel_wide_steerable" },
      { "x": 2, "y": -1, "part": "frame_nw" },
      { "x": 2, "y": -1, "part": "halfboard_nw" },
      { "x": 2, "y": -1, "part": "wheel_wide_steerable" },
      { "x": -1, "y": 1, "part": "frame_vertical_2" },
      { "x": -1, "y": 1, "part": "door_internal" },
      { "x": -1, "y": 1, "part": "roof" },
      { "x": -1, "y": 2, "part": "frame_horizontal" },
      { "x": -1, "y": 2, "part": "board_horizontal" },
      { "x": -1, "y": 2, "part": "roof" },
      { "x": -1, "y": 0, "part": "frame_horizontal" },
      { "x": -1, "y": 0, "part": "board_horizontal" },
      { "x": -1, "y": 0, "part": "roof" },
      { "x": -1, "y": 3, "part": "frame_vertical" },
      { "x": -1, "y": 3, "part": "board_vertical" },
      { "x": -1, "y": 3, "part": "roof" },
      { "x": -1, "y": -1, "part": "frame_vertical" },
      { "x": -1, "y": -1, "part": "board_vertical" },
      { "x": -1, "y": -1, "part": "roof" },
      { "x": -2, "y": 2, "part": "frame_vertical_2" },
      { "x": -2, "y": 2, "part": "trunk" },
      { "x": -2, "y": 2, "part": "roof" },
      { "x": -2, "y": 1, "part": "frame_vertical_2" },
      { "x": -2, "y": 1, "part": "lit_aisle_vertical" },
      { "x": -2, "y": 1, "part": "roof" },
      { "x": -2, "y": 0, "part": "frame_vertical_2" },
      { "x": -2, "y": 0, "part": "trunk" },
      { "x": -2, "y": 0, "part": "roof" },
      { "x": -2, "y": 3, "part": "frame_vertical" },
      { "x": -2, "y": 3, "part": "door" },
      { "x": -2, "y": 3, "part": "v_curtain" },
      { "x": -2, "y": 3, "part": "roof" },
      { "x": -2, "y": -1, "part": "frame_vertical" },
      { "x": -2, "y": -1, "part": "board_vertical" },
      { "x": -2, "y": -1, "part": "roof" },
      { "x": -3, "y": 1, "part": "frame_vertical_2" },
      { "x": -3, "y": 1, "part": "lit_aisle_vertical" },
      { "x": -3, "y": 1, "part": "roof" },
      { "x": -3, "y": 2, "part": "frame_horizontal" },
      { "x": -3, "y": 2, "part": "trunk" },
      { "x": -3, "y": 2, "part": "roof" },
      { "x": -3, "y": 0, "part": "frame_horizontal" },
      { "x": -3, "y": 0, "part": "trunk" },
      { "x": -3, "y": 0, "part": "roof" },
      { "x": -3, "y": 3, "part": "frame_vertical" },
      { "x": -3, "y": 3, "part": "board_vertical" },
      { "x": -3, "y": 3, "part": "roof" },
      { "x": -3, "y": -1, "part": "frame_vertical" },
      { "x": -3, "y": -1, "part": "board_vertical" },
      { "x": -3, "y": -1, "part": "roof" },
      { "x": -4, "y": 1, "part": "frame_vertical_2" },
      { "x": -4, "y": 1, "part": "lit_aisle_vertical" },
      { "x": -4, "y": 1, "part": "roof" },
      { "x": -4, "y": 2, "part": "frame_horizontal" },
      { "x": -4, "y": 2, "part": "trunk" },
      { "x": -4, "y": 2, "part": "roof" },
      { "x": -4, "y": 0, "part": "frame_horizontal" },
      { "x": -4, "y": 0, "part": "trunk" },
      { "x": -4, "y": 0, "part": "roof" },
      { "x": -4, "y": 3, "part": "frame_vertical" },
      { "x": -4, "y": 3, "part": "board_vertical" },
      { "x": -4, "y": 3, "part": "wheel_wide" },
      { "x": -4, "y": 3, "part": "roof" },
      { "x": -4, "y": -1, "part": "frame_vertical" },
      { "x": -4, "y": -1, "part": "board_vertical" },
      { "x": -4, "y": -1, "part": "storage_battery" },
      { "x": -4, "y": -1, "part": "wheel_wide" },
      { "x": -4, "y": -1, "part": "roof" },
      { "x": -5, "y": 1, "part": "frame_vertical_2" },
      { "x": -5, "y": 1, "part": "lit_aisle_vertical" },
      { "x": -5, "y": 1, "part": "roof" },
      { "x": -5, "y": 2, "part": "frame_vertical_2" },
      { "x": -5, "y": 2, "part": "trunk" },
      { "x": -5, "y": 2, "part": "roof" },
      { "x": -5, "y": 0, "part": "frame_vertical_2" },
      { "x": -5, "y": 0, "part": "chemlab" },
      { "x": -5, "y": 0, "part": "roof" },
      { "x": -5, "y": 3, "part": "frame_vertical" },
      { "x": -5, "y": 3, "part": "board_vertical" },
      { "x": -5, "y": 3, "part": "wheel_wide" },
      { "x": -5, "y": 3, "part": "roof" },
      { "x": -5, "y": -1, "part": "frame_vertical" },
      { "x": -5, "y": -1, "part": "board_vertical" },
      { "x": -5, "y": -1, "part": "tank", "fuel": "gasoline" },
      { "x": -5, "y": -1, "part": "wheel_wide" },
      { "x": -5, "y": -1, "part": "roof" },
      { "x": -6, "y": 1, "part": "frame_horizontal" },
      { "x": -6, "y": 1, "part": "board_horizontal" },
      { "x": -6, "y": 1, "part": "roof" },
      { "x": -6, "y": 2, "part": "frame_horizontal" },
      { "x": -6, "y": 2, "part": "board_horizontal" },
      { "x": -6, "y": 2, "part": "roof" },
      { "x": -6, "y": 0, "part": "frame_horizontal" },
      { "x": -6, "y": 0, "part": "board_horizontal" },
      { "x": -6, "y": 0, "part": "roof" },
      { "x": -6, "y": 3, "part": "frame_se" },
      { "x": -6, "y": 3, "part": "board_se" },
      { "x": -6, "y": 3, "part": "roof" },
      { "x": -6, "y": -1, "part": "frame_sw" },
      { "x": -6, "y": -1, "part": "board_sw" },
      { "x": -6, "y": -1, "part": "roof" }
    ],
    "items": [
      { "x": 0, "y": 0, "chance": 100, "items": [ "porkpie" ] },
      { "x": -2, "y": 0, "chance": 30, "items": [ "dayquil" ] },
      { "x": -2, "y": 0, "chance": 8, "items": [ "dayquil" ] },
      { "x": -2, "y": 0, "chance": 5, "items": [ "dayquil" ] },
      { "x": -2, "y": 0, "chance": 5, "items": [ "dayquil" ] },
      { "x": -2, "y": 0, "chance": 1, "items": [ "dayquil" ] },
      { "x": -2, "y": 0, "chance": 1, "items": [ "dayquil" ] },
      { "x": -2, "y": 0, "chance": 5, "item_groups": [ "methlab" ] },
      { "x": -2, "y": 2, "chance": 30, "items": [ "aspirin" ] },
      { "x": -2, "y": 2, "chance": 10, "items": [ "aspirin" ] },
      { "x": -2, "y": 2, "chance": 10, "items": [ "aspirin" ] },
      { "x": -2, "y": 2, "chance": 8, "items": [ "aspirin" ] },
      { "x": -2, "y": 2, "chance": 5, "items": [ "aspirin" ] },
      { "x": -2, "y": 2, "chance": 5, "items": [ "aspirin" ] },
      { "x": -2, "y": 2, "chance": 5, "items": [ "aspirin" ] },
      { "x": -2, "y": 2, "chance": 1, "items": [ "aspirin" ] },
      { "x": -2, "y": 2, "chance": 5, "item_groups": [ "methlab" ] },
      { "x": -3, "y": 0, "chance": 25, "items": [ "meth" ] },
      { "x": -3, "y": 0, "chance": 8, "items": [ "meth" ] },
      { "x": -3, "y": 0, "chance": 5, "items": [ "meth" ] },
      { "x": -3, "y": 0, "chance": 5, "items": [ "meth" ] },
      { "x": -3, "y": 0, "chance": 3, "items": [ "meth" ] },
      { "x": -3, "y": 0, "chance": 1, "items": [ "meth" ] },
      { "x": -3, "y": 0, "chance": 1, "items": [ "meth" ] },
      { "x": -3, "y": 0, "chance": 7, "item_groups": [ "methlab" ] },
      { "x": -3, "y": 2, "chance": 25, "items": [ "adderall" ] },
      { "x": -3, "y": 2, "chance": 10, "items": [ "adderall" ] },
      { "x": -3, "y": 2, "chance": 8, "items": [ "adderall" ] },
      { "x": -3, "y": 2, "chance": 8, "items": [ "adderall" ] },
      { "x": -3, "y": 2, "chance": 5, "items": [ "adderall" ] },
      { "x": -3, "y": 2, "chance": 5, "items": [ "adderall" ] },
      { "x": -3, "y": 2, "chance": 3, "items": [ "adderall" ] },
      { "x": -3, "y": 2, "chance": 1, "items": [ "adderall" ] },
      { "x": -4, "y": 0, "chance": 7, "item_groups": [ "methlab" ] },
      { "x": -4, "y": 2, "chance": 7, "item_groups": [ "methlab" ] },
      { "x": -5, "y": 2, "chance": 9, "item_groups": [ "methlab" ] }
    ]
  },
  {
    "id": "rv",
    "type": "vehicle",
    "name": "RV",
    "blueprint": [
      [ "       o " ],
      [ "+OO---+-O" ],
      [ "|&==#|#'|" ],
      [ "|====+H'|" ],
      [ "|#==H|#'|" ],
      [ "+OO-+-+-O" ],
      [ "       o " ]
    ],
    "parts": [
      { "x": 0, "y": 1, "part": "frame_vertical_2" },
      { "x": 0, "y": 1, "part": "aisle_horizontal" },
      { "x": 0, "y": 1, "part": "engine_v6" },
      { "x": 0, "y": 1, "part": "alternator_truck" },
      { "x": 0, "y": 1, "part": "battery_car" },
      { "x": 0, "y": 1, "part": "roof" },
      { "x": 0, "y": 2, "part": "frame_vertical_2" },
      { "x": 0, "y": 2, "part": "seat" },
      { "x": 0, "y": 2, "part": "seatbelt" },
      { "x": 0, "y": 2, "part": "roof" },
      { "x": 0, "y": 0, "part": "frame_vertical_2" },
      { "x": 0, "y": 0, "part": "seat" },
      { "x": 0, "y": 0, "part": "seatbelt" },
      { "x": 0, "y": 0, "part": "controls" },
      { "x": 0, "y": 0, "part": "dashboard" },
      { "x": 0, "y": 0, "part": "vehicle_clock" },
      { "x": 0, "y": 0, "part": "vehicle_alarm" },
      { "x": 0, "y": 0, "part": "horn_car" },
      { "x": 0, "y": 0, "part": "roof" },
      { "x": 0, "y": 3, "part": "frame_vertical" },
      { "x": 0, "y": 3, "part": "door" },
      { "x": 0, "y": 3, "part": "roof" },
      { "x": 0, "y": -1, "part": "frame_vertical" },
      { "x": 0, "y": -1, "part": "door" },
      { "x": 0, "y": -1, "part": "roof" },
      { "x": 1, "y": 1, "part": "frame_vertical_2" },
      { "x": 1, "y": 1, "part": "windshield" },
      { "x": 1, "y": 2, "part": "frame_vertical_2" },
      { "x": 1, "y": 2, "part": "windshield" },
      { "x": 1, "y": 0, "part": "frame_vertical_2" },
      { "x": 1, "y": 0, "part": "windshield" },
      { "x": 1, "y": 3, "part": "frame_vertical" },
      { "x": 1, "y": 3, "part": "windshield" },
      { "x": 1, "y": 4, "part": "wing_mirror" },
      { "x": 1, "y": -1, "part": "frame_vertical" },
      { "x": 1, "y": -1, "part": "windshield" },
      { "x": 1, "y": -2, "part": "wing_mirror" },
      { "x": 2, "y": 1, "part": "frame_horizontal" },
      { "x": 2, "y": 1, "part": "halfboard_horizontal" },
      { "x": 2, "y": 1, "part": "headlight" },
      { "x": 2, "y": 2, "part": "frame_horizontal" },
      { "x": 2, "y": 2, "part": "halfboard_horizontal" },
      { "x": 2, "y": 2, "part": "headlight" },
      { "x": 2, "y": 0, "part": "frame_horizontal" },
      { "x": 2, "y": 0, "part": "halfboard_horizontal" },
      { "x": 2, "y": 0, "part": "headlight" },
      { "x": 2, "y": 3, "part": "frame_ne" },
      { "x": 2, "y": 3, "part": "halfboard_ne" },
      { "x": 2, "y": 3, "part": "wheel_wide_steerable" },
      { "x": 2, "y": -1, "part": "frame_nw" },
      { "x": 2, "y": -1, "part": "halfboard_nw" },
      { "x": 2, "y": -1, "part": "wheel_wide_steerable" },
      { "x": -1, "y": 1, "part": "frame_vertical_2" },
      { "x": -1, "y": 1, "part": "door_internal" },
      { "x": -1, "y": 1, "part": "roof" },
      { "x": -1, "y": 2, "part": "frame_horizontal" },
      { "x": -1, "y": 2, "part": "board_horizontal" },
      { "x": -1, "y": 2, "part": "roof" },
      { "x": -1, "y": 0, "part": "frame_horizontal" },
      { "x": -1, "y": 0, "part": "board_horizontal" },
      { "x": -1, "y": 0, "part": "roof" },
      { "x": -1, "y": 3, "part": "frame_vertical" },
      { "x": -1, "y": 3, "part": "board_vertical" },
      { "x": -1, "y": 3, "part": "roof" },
      { "x": -1, "y": -1, "part": "frame_vertical" },
      { "x": -1, "y": -1, "part": "board_vertical" },
      { "x": -1, "y": -1, "part": "roof" },
      { "x": -2, "y": 2, "part": "frame_vertical_2" },
      { "x": -2, "y": 2, "part": "aisle_horizontal" },
      { "x": -2, "y": 2, "part": "roof" },
      { "x": -2, "y": 1, "part": "frame_vertical_2" },
      { "x": -2, "y": 1, "part": "lit_aisle_vertical" },
      { "x": -2, "y": 1, "part": "roof" },
      { "x": -2, "y": 0, "part": "frame_vertical_2" },
      { "x": -2, "y": 0, "part": "seat" },
      { "x": -2, "y": 0, "part": "roof" },
      { "x": -2, "y": 3, "part": "frame_vertical" },
      { "x": -2, "y": 3, "part": "door" },
      { "x": -2, "y": 3, "part": "v_curtain" },
      { "x": -2, "y": 3, "part": "roof" },
      { "x": -2, "y": -1, "part": "frame_vertical" },
      { "x": -2, "y": -1, "part": "board_vertical" },
      { "x": -2, "y": -1, "part": "roof" },
      { "x": -3, "y": 1, "part": "frame_vertical_2" },
      { "x": -3, "y": 1, "part": "lit_aisle_vertical" },
      { "x": -3, "y": 1, "part": "roof" },
      { "x": -3, "y": 2, "part": "frame_horizontal" },
      { "x": -3, "y": 2, "part": "trunk" },
      { "x": -3, "y": 2, "part": "roof" },
      { "x": -3, "y": 0, "part": "frame_horizontal" },
      { "x": -3, "y": 0, "part": "trunk" },
      { "x": -3, "y": 0, "part": "roof" },
      { "x": -3, "y": 3, "part": "frame_vertical" },
      { "x": -3, "y": 3, "part": "board_vertical" },
      { "x": -3, "y": 3, "part": "roof" },
      { "x": -3, "y": -1, "part": "frame_vertical" },
      { "x": -3, "y": -1, "part": "board_vertical" },
      { "x": -3, "y": -1, "part": "tank", "fuel": "water_clean" },
      { "x": -3, "y": -1, "part": "roof" },
      { "x": -4, "y": 1, "part": "frame_vertical_2" },
      { "x": -4, "y": 1, "part": "lit_aisle_vertical" },
      { "x": -4, "y": 1, "part": "roof" },
      { "x": -4, "y": 2, "part": "frame_horizontal" },
      { "x": -4, "y": 2, "part": "trunk" },
      { "x": -4, "y": 2, "part": "roof" },
      { "x": -4, "y": 0, "part": "frame_horizontal" },
      { "x": -4, "y": 0, "part": "minifridge" },
      { "x": -4, "y": 0, "part": "roof" },
      { "x": -4, "y": 3, "part": "frame_vertical" },
      { "x": -4, "y": 3, "part": "board_vertical" },
      { "x": -4, "y": 3, "part": "wheel_wide" },
      { "x": -4, "y": 3, "part": "roof" },
      { "x": -4, "y": -1, "part": "frame_vertical" },
      { "x": -4, "y": -1, "part": "board_vertical" },
      { "x": -4, "y": -1, "part": "storage_battery" },
      { "x": -4, "y": -1, "part": "wheel_wide" },
      { "x": -4, "y": -1, "part": "roof" },
      { "x": -5, "y": 1, "part": "frame_vertical_2" },
      { "x": -5, "y": 1, "part": "lit_aisle_vertical" },
      { "x": -5, "y": 1, "part": "roof" },
      { "x": -5, "y": 2, "part": "frame_vertical_2" },
      { "x": -5, "y": 2, "part": "bed" },
      { "x": -5, "y": 2, "part": "roof" },
      { "x": -5, "y": 0, "part": "frame_vertical_2" },
      { "x": -5, "y": 0, "part": "kitchen_unit" },
      { "x": -5, "y": 0, "part": "roof" },
      { "x": -5, "y": 3, "part": "frame_vertical" },
      { "x": -5, "y": 3, "part": "board_vertical" },
      { "x": -5, "y": 3, "part": "wheel_wide" },
      { "x": -5, "y": 3, "part": "roof" },
      { "x": -5, "y": -1, "part": "frame_vertical" },
      { "x": -5, "y": -1, "part": "board_vertical" },
      { "x": -5, "y": -1, "part": "tank", "fuel": "gasoline" },
      { "x": -5, "y": -1, "part": "wheel_wide" },
      { "x": -5, "y": -1, "part": "roof" },
      { "x": -6, "y": 1, "part": "frame_horizontal" },
      { "x": -6, "y": 1, "part": "board_horizontal" },
      { "x": -6, "y": 1, "part": "roof" },
      { "x": -6, "y": 2, "part": "frame_horizontal" },
      { "x": -6, "y": 2, "part": "board_horizontal" },
      { "x": -6, "y": 2, "part": "roof" },
      { "x": -6, "y": 0, "part": "frame_horizontal" },
      { "x": -6, "y": 0, "part": "board_horizontal" },
      { "x": -6, "y": 0, "part": "beeper" },
      { "x": -6, "y": 0, "part": "roof" },
      { "x": -6, "y": 3, "part": "frame_se" },
      { "x": -6, "y": 3, "part": "board_se" },
      { "x": -6, "y": 3, "part": "roof" },
      { "x": -6, "y": -1, "part": "frame_sw" },
      { "x": -6, "y": -1, "part": "board_sw" },
      { "x": -6, "y": -1, "part": "roof" }
    ],
    "items": [
      { "x": 0, "y": 0, "chance": 5, "items": [ "sunglasses" ] },
      { "x": -4, "y": 0, "chance": 12, "item_groups": [ "fridgesnacks" ] },
      { "x": -4, "y": 0, "chance": 10, "item_groups": [ "fridgesnacks" ] },
      { "x": -4, "y": 0, "chance": 8, "item_groups": [ "fridgesnacks" ] },
      { "x": -4, "y": 0, "chance": 5, "item_groups": [ "fridgesnacks" ] },
      { "x": -4, "y": 2, "chance": 5, "items": [ "gasoline_lantern", "matches" ] },
      { "x": -5, "y": 2, "chance": 8, "item_groups": [ "bed" ] }
    ]
  },
  {
    "id": "schoolbus",
    "type": "vehicle",
    "name": "Schoolbus",
    "blueprint": [
      [ "''O'''''''O" ],
      [ "'########'H" ],
      [ "+........'>" ],
      [ "'#######.'H" ],
      [ "''O'''''+'O" ]
    ],
    "parts": [
      { "x": 0, "y": 1, "part": "frame_vertical_2" },
      { "x": 0, "y": 1, "part": "aisle_vertical" },
      { "x": 0, "y": 1, "part": "roof" },
      { "x": 0, "y": 2, "part": "frame_vertical_2" },
      { "x": 0, "y": 2, "part": "aisle_horizontal" },
      { "x": 0, "y": 2, "part": "roof" },
      { "x": 0, "y": 3, "part": "frame_vertical" },
      { "x": 0, "y": 3, "part": "door" },
      { "x": 0, "y": 0, "part": "frame_vertical_2" },
      { "x": 0, "y": 0, "part": "seat" },
      { "x": 0, "y": 0, "part": "controls" },
      { "x": 0, "y": 0, "part": "dashboard" },
      { "x": 0, "y": 0, "part": "vehicle_clock" },
      { "x": 0, "y": 0, "part": "vehicle_alarm" },
      { "x": 0, "y": 0, "part": "horn_car" },
      { "x": 0, "y": 0, "part": "roof" },
      { "x": 0, "y": -1, "part": "frame_vertical" },
      { "x": 0, "y": -1, "part": "windshield" },
      { "x": 1, "y": -1, "part": "frame_horizontal" },
      { "x": 1, "y": -1, "part": "windshield" },
      { "x": 1, "y": 0, "part": "frame_horizontal" },
      { "x": 1, "y": 0, "part": "windshield" },
      { "x": 1, "y": 1, "part": "frame_horizontal" },
      { "x": 1, "y": 1, "part": "windshield" },
      { "x": 1, "y": 2, "part": "frame_horizontal" },
      { "x": 1, "y": 2, "part": "windshield" },
      { "x": 1, "y": 3, "part": "frame_horizontal" },
      { "x": 1, "y": 3, "part": "windshield" },
      { "x": 2, "y": -1, "part": "frame_nw" },
      { "x": 2, "y": -1, "part": "halfboard_nw" },
      { "x": 2, "y": -1, "part": "wheel_wide_steerable" },
      { "x": 2, "y": 0, "part": "frame_horizontal_2" },
      { "x": 2, "y": 0, "part": "halfboard_horizontal_2" },
      { "x": 2, "y": 0, "part": "headlight" },
      { "x": 2, "y": 1, "part": "frame_cover" },
      { "x": 2, "y": 1, "part": "halfboard_cover" },
      { "x": 2, "y": 1, "part": "diesel_engine_v6" },
      { "x": 2, "y": 1, "part": "alternator_truck" },
      { "x": 2, "y": 1, "part": "battery_car" },
      { "x": 2, "y": 2, "part": "frame_horizontal_2" },
      { "x": 2, "y": 2, "part": "halfboard_horizontal_2" },
      { "x": 2, "y": 2, "part": "headlight" },
      { "x": 2, "y": 3, "part": "frame_ne" },
      { "x": 2, "y": 3, "part": "halfboard_ne" },
      { "x": 2, "y": 3, "part": "wheel_wide_steerable" },
      { "x": -1, "y": -1, "part": "frame_vertical" },
      { "x": -1, "y": -1, "part": "windshield" },
      { "x": -1, "y": 0, "part": "frame_horizontal_2" },
      { "x": -1, "y": 0, "part": "seat" },
      { "x": -1, "y": 0, "part": "roof" },
      { "x": -1, "y": 1, "part": "frame_vertical_2" },
      { "x": -1, "y": 1, "part": "aisle_vertical" },
      { "x": -1, "y": 1, "part": "roof" },
      { "x": -1, "y": 2, "part": "frame_horizontal_2" },
      { "x": -1, "y": 2, "part": "seat" },
      { "x": -1, "y": 2, "part": "roof" },
      { "x": -1, "y": 3, "part": "frame_vertical" },
      { "x": -1, "y": 3, "part": "windshield" },
      { "x": -1, "y": 3, "part": "tank", "fuel": "diesel" },
      { "x": -2, "y": -1, "part": "frame_vertical" },
      { "x": -2, "y": -1, "part": "windshield" },
      { "x": -2, "y": 0, "part": "frame_horizontal_2" },
      { "x": -2, "y": 0, "part": "seat" },
      { "x": -2, "y": 0, "part": "roof" },
      { "x": -2, "y": 1, "part": "frame_vertical_2" },
      { "x": -2, "y": 1, "part": "trunk_floor" },
      { "x": -2, "y": 1, "part": "roof" },
      { "x": -2, "y": 2, "part": "frame_horizontal_2" },
      { "x": -2, "y": 2, "part": "seat" },
      { "x": -2, "y": 2, "part": "roof" },
      { "x": -2, "y": 3, "part": "frame_vertical" },
      { "x": -2, "y": 3, "part": "windshield" },
      { "x": -2, "y": 3, "part": "tank", "fuel": "diesel" },
      { "x": -3, "y": -1, "part": "frame_vertical" },
      { "x": -3, "y": -1, "part": "windshield" },
      { "x": -3, "y": 0, "part": "frame_horizontal_2" },
      { "x": -3, "y": 0, "part": "seat" },
      { "x": -3, "y": 0, "part": "roof" },
      { "x": -3, "y": 1, "part": "frame_vertical_2" },
      { "x": -3, "y": 1, "part": "aisle_vertical" },
      { "x": -3, "y": 1, "part": "roof" },
      { "x": -3, "y": 2, "part": "frame_horizontal_2" },
      { "x": -3, "y": 2, "part": "seat" },
      { "x": -3, "y": 2, "part": "roof" },
      { "x": -3, "y": 3, "part": "frame_vertical" },
      { "x": -3, "y": 3, "part": "windshield" },
      { "x": -4, "y": -1, "part": "frame_vertical" },
      { "x": -4, "y": -1, "part": "windshield" },
      { "x": -4, "y": 0, "part": "frame_horizontal_2" },
      { "x": -4, "y": 0, "part": "seat" },
      { "x": -4, "y": 0, "part": "roof" },
      { "x": -4, "y": 1, "part": "frame_vertical_2" },
      { "x": -4, "y": 1, "part": "aisle_vertical" },
      { "x": -4, "y": 1, "part": "roof" },
      { "x": -4, "y": 2, "part": "frame_horizontal_2" },
      { "x": -4, "y": 2, "part": "seat" },
      { "x": -4, "y": 2, "part": "roof" },
      { "x": -4, "y": 3, "part": "frame_vertical" },
      { "x": -4, "y": 3, "part": "windshield" },
      { "x": -5, "y": -1, "part": "frame_vertical" },
      { "x": -5, "y": -1, "part": "windshield" },
      { "x": -5, "y": 0, "part": "frame_horizontal_2" },
      { "x": -5, "y": 0, "part": "seat" },
      { "x": -5, "y": 0, "part": "roof" },
      { "x": -5, "y": 1, "part": "frame_vertical_2" },
      { "x": -5, "y": 1, "part": "trunk_floor" },
      { "x": -5, "y": 1, "part": "roof" },
      { "x": -5, "y": 2, "part": "frame_horizontal_2" },
      { "x": -5, "y": 2, "part": "seat" },
      { "x": -5, "y": 2, "part": "roof" },
      { "x": -5, "y": 3, "part": "frame_vertical" },
      { "x": -5, "y": 3, "part": "windshield" },
      { "x": -6, "y": -1, "part": "frame_horizontal" },
      { "x": -6, "y": -1, "part": "wheel_wide" },
      { "x": -6, "y": -1, "part": "windshield" },
      { "x": -6, "y": 0, "part": "frame_horizontal_2" },
      { "x": -6, "y": 0, "part": "seat" },
      { "x": -6, "y": 0, "part": "roof" },
      { "x": -6, "y": 1, "part": "frame_vertical_2" },
      { "x": -6, "y": 1, "part": "aisle_vertical" },
      { "x": -6, "y": 1, "part": "roof" },
      { "x": -6, "y": 2, "part": "frame_horizontal_2" },
      { "x": -6, "y": 2, "part": "seat" },
      { "x": -6, "y": 2, "part": "roof" },
      { "x": -6, "y": 3, "part": "frame_horizontal" },
      { "x": -6, "y": 3, "part": "wheel_wide" },
      { "x": -6, "y": 3, "part": "windshield" },
      { "x": -7, "y": -1, "part": "frame_vertical" },
      { "x": -7, "y": -1, "part": "windshield" },
      { "x": -7, "y": 0, "part": "frame_horizontal_2" },
      { "x": -7, "y": 0, "part": "seat" },
      { "x": -7, "y": 0, "part": "roof" },
      { "x": -7, "y": 1, "part": "frame_vertical_2" },
      { "x": -7, "y": 1, "part": "aisle_vertical" },
      { "x": -7, "y": 1, "part": "roof" },
      { "x": -7, "y": 2, "part": "frame_horizontal_2" },
      { "x": -7, "y": 2, "part": "seat" },
      { "x": -7, "y": 2, "part": "roof" },
      { "x": -7, "y": 3, "part": "frame_vertical" },
      { "x": -7, "y": 3, "part": "windshield" },
      { "x": -8, "y": -1, "part": "frame_horizontal" },
      { "x": -8, "y": -1, "part": "windshield" },
      { "x": -8, "y": 0, "part": "frame_horizontal" },
      { "x": -8, "y": 0, "part": "windshield" },
      { "x": -8, "y": 1, "part": "frame_vertical" },
      { "x": -8, "y": 1, "part": "door" },
      { "x": -8, "y": 2, "part": "frame_horizontal" },
      { "x": -8, "y": 2, "part": "windshield" },
      { "x": -8, "y": 3, "part": "frame_horizontal" },
      { "x": -8, "y": 3, "part": "beeper" },
      { "x": -8, "y": 3, "part": "windshield" }
    ],
    "items": [
      { "x": -1, "y": 0, "chance": 7, "item_groups": [ "child_items" ] },
      { "x": -1, "y": 2, "chance": 6, "item_groups": [ "child_items" ] },
      { "x": -2, "y": 0, "chance": 5, "item_groups": [ "child_items" ] },
      { "x": -2, "y": 2, "chance": 11, "item_groups": [ "child_items" ] },
      { "x": -3, "y": 0, "chance": 8, "item_groups": [ "child_items" ] },
      { "x": -3, "y": 2, "chance": 5, "item_groups": [ "child_items" ] },
      { "x": -4, "y": 0, "chance": 6, "item_groups": [ "school" ] },
      { "x": -4, "y": 2, "chance": 10, "item_groups": [ "child_items" ] },
      { "x": -5, "y": 0, "chance": 6, "item_groups": [ "child_items" ] },
      { "x": -5, "y": 2, "chance": 11, "item_groups": [ "child_items" ] },
      { "x": -6, "y": 0, "chance": 7, "item_groups": [ "child_items" ] },
      { "x": -6, "y": 2, "chance": 9, "item_groups": [ "school", "child_items" ] },
      { "x": -7, "y": 0, "chance": 8, "item_groups": [ "child_items" ] },
      { "x": -7, "y": 2, "chance": 7, "item_groups": [ "child_items" ] }
    ]
  },
  {
    "id": "security_van",
    "type": "vehicle",
    "name": "Security Van",
    "blueprint": [
      [ "     o " ],
      [ "O----+-O" ],
      [ "|===|#'|" ],
      [ "+===|o'>" ],
      [ "|===|#'|" ],
      [ "O--+-+-O" ],
      [ "     o " ]
    ],
    "parts": [
      { "x": 0, "y": 1, "part": "hdframe_vertical" },
      { "x": 0, "y": 1, "part": "box" },
      { "x": 0, "y": 1, "part": "hdroof" },
      { "x": 0, "y": 0, "part": "hdframe_vertical_2" },
      { "x": 0, "y": 0, "part": "seat" },
      { "x": 0, "y": 0, "part": "seatbelt" },
      { "x": 0, "y": 0, "part": "controls" },
      { "x": 0, "y": 0, "part": "dashboard" },
      { "x": 0, "y": 0, "part": "vehicle_alarm" },
      { "x": 0, "y": 0, "part": "horn_car" },
      { "x": 0, "y": 0, "part": "hdroof" },
      { "x": 0, "y": 2, "part": "hdframe_vertical_2" },
      { "x": 0, "y": 2, "part": "seat" },
      { "x": 0, "y": 2, "part": "seatbelt" },
      { "x": 0, "y": 2, "part": "hdroof" },
      { "x": 0, "y": -1, "part": "hdframe_vertical" },
      { "x": 0, "y": -1, "part": "hddoor" },
      { "x": 0, "y": -1, "part": "plating_steel" },
      { "x": 0, "y": 3, "part": "hdframe_vertical" },
      { "x": 0, "y": 3, "part": "hddoor" },
      { "x": 0, "y": 3, "part": "plating_steel" },
      { "x": 1, "y": 1, "part": "hdframe_horizontal" },
      { "x": 1, "y": 1, "part": "reinforced_windshield" },
      { "x": 1, "y": 1, "part": "plating_steel" },
      { "x": 1, "y": 1, "part": "diesel_engine_v6" },
      { "x": 1, "y": 1, "part": "alternator_truck" },
      { "x": 1, "y": 1, "part": "battery_car" },
      { "x": 1, "y": 0, "part": "hdframe_horizontal" },
      { "x": 1, "y": 0, "part": "reinforced_windshield" },
      { "x": 1, "y": 0, "part": "plating_steel" },
      { "x": 1, "y": 2, "part": "hdframe_horizontal" },
      { "x": 1, "y": 2, "part": "reinforced_windshield" },
      { "x": 1, "y": 2, "part": "plating_steel" },
      { "x": 1, "y": -1, "part": "hdframe_vertical" },
      { "x": 1, "y": -1, "part": "reinforced_windshield" },
      { "x": 1, "y": -1, "part": "plating_steel" },
      { "x": 1, "y": -2, "part": "wing_mirror" },
      { "x": 1, "y": 3, "part": "hdframe_vertical" },
      { "x": 1, "y": 3, "part": "reinforced_windshield" },
      { "x": 1, "y": 3, "part": "plating_steel" },
      { "x": 1, "y": 4, "part": "wing_mirror" },
      { "x": 2, "y": 0, "part": "hdframe_horizontal" },
      { "x": 2, "y": 0, "part": "hdhalfboard_horizontal_2" },
      { "x": 2, "y": 0, "part": "plating_steel" },
      { "x": 2, "y": 1, "part": "hdframe_cover" },
      { "x": 2, "y": 1, "part": "hdhalfboard_horizontal_2" },
      { "x": 2, "y": 1, "part": "plating_steel" },
      { "x": 2, "y": 2, "part": "hdframe_horizontal" },
      { "x": 2, "y": 2, "part": "hdhalfboard_horizontal_2" },
      { "x": 2, "y": 2, "part": "plating_steel" },
      { "x": 2, "y": -1, "part": "hdframe_nw" },
      { "x": 2, "y": -1, "part": "hdhalfboard_nw" },
      { "x": 2, "y": -1, "part": "headlight_reinforced" },
      { "x": 2, "y": -1, "part": "wheel_wide_steerable" },
      { "x": 2, "y": -1, "part": "plating_steel" },
      { "x": 2, "y": 3, "part": "hdframe_ne" },
      { "x": 2, "y": 3, "part": "hdhalfboard_ne" },
      { "x": 2, "y": 3, "part": "headlight_reinforced" },
      { "x": 2, "y": 3, "part": "wheel_wide_steerable" },
      { "x": 2, "y": 3, "part": "plating_steel" },
      { "x": -1, "y": 0, "part": "hdframe_horizontal" },
      { "x": -1, "y": 0, "part": "hdboard_horizontal" },
      { "x": -1, "y": 0, "part": "plating_steel" },
      { "x": -1, "y": 1, "part": "hdframe_horizontal" },
      { "x": -1, "y": 1, "part": "hdboard_horizontal" },
      { "x": -1, "y": 1, "part": "plating_steel" },
      { "x": -1, "y": 2, "part": "hdframe_horizontal" },
      { "x": -1, "y": 2, "part": "hdboard_horizontal" },
      { "x": -1, "y": 2, "part": "plating_steel" },
      { "x": -1, "y": -1, "part": "hdframe_sw" },
      { "x": -1, "y": -1, "part": "hdboard_sw" },
      { "x": -1, "y": -1, "part": "plating_steel" },
      { "x": -1, "y": -1, "part": "tank", "fuel": "diesel" },
      { "x": -1, "y": 3, "part": "hdframe_se" },
      { "x": -1, "y": 3, "part": "hdboard_se" },
      { "x": -1, "y": 3, "part": "tank", "fuel": "diesel" },
      { "x": -1, "y": 3, "part": "plating_steel" },
      { "x": -2, "y": 0, "part": "hdframe_vertical" },
      { "x": -2, "y": 0, "part": "trunk" },
      { "x": -2, "y": 0, "part": "hdroof" },
      { "x": -2, "y": 1, "part": "hdframe_vertical" },
      { "x": -2, "y": 1, "part": "aisle_horizontal" },
      { "x": -2, "y": 1, "part": "hdroof" },
      { "x": -2, "y": 2, "part": "hdframe_vertical" },
      { "x": -2, "y": 2, "part": "aisle_horizontal" },
      { "x": -2, "y": 2, "part": "hdroof" },
      { "x": -2, "y": -1, "part": "hdframe_vertical" },
      { "x": -2, "y": -1, "part": "hdboard_vertical" },
      { "x": -2, "y": -1, "part": "hdroof" },
      { "x": -2, "y": -1, "part": "plating_steel" },
      { "x": -2, "y": 3, "part": "hdframe_vertical" },
      { "x": -2, "y": 3, "part": "hddoor_opaque" },
      { "x": -2, "y": 3, "part": "hdroof" },
      { "x": -2, "y": 3, "part": "plating_steel" },
      { "x": -3, "y": 0, "part": "hdframe_horizontal" },
      { "x": -3, "y": 0, "part": "trunk" },
      { "x": -3, "y": 0, "part": "hdroof" },
      { "x": -3, "y": 1, "part": "hdframe_horizontal" },
      { "x": -3, "y": 1, "part": "aisle_horizontal" },
      { "x": -3, "y": 1, "part": "hdroof" },
      { "x": -3, "y": 2, "part": "hdframe_horizontal" },
      { "x": -3, "y": 2, "part": "seat" },
      { "x": -3, "y": 2, "part": "seatbelt" },
      { "x": -3, "y": 2, "part": "hdroof" },
      { "x": -3, "y": -1, "part": "hdframe_vertical" },
      { "x": -3, "y": -1, "part": "hdboard_vertical" },
      { "x": -3, "y": -1, "part": "hdroof" },
      { "x": -3, "y": -1, "part": "plating_steel" },
      { "x": -3, "y": 3, "part": "hdframe_vertical" },
      { "x": -3, "y": 3, "part": "hdboard_vertical" },
      { "x": -3, "y": 3, "part": "hdroof" },
      { "x": -3, "y": 3, "part": "plating_steel" },
      { "x": -4, "y": 0, "part": "hdframe_horizontal" },
      { "x": -4, "y": 0, "part": "trunk" },
      { "x": -4, "y": 0, "part": "hdroof" },
      { "x": -4, "y": 1, "part": "hdframe_horizontal" },
      { "x": -4, "y": 1, "part": "aisle_horizontal" },
      { "x": -4, "y": 1, "part": "hdroof" },
      { "x": -4, "y": 2, "part": "hdframe_horizontal" },
      { "x": -4, "y": 2, "part": "trunk" },
      { "x": -4, "y": 2, "part": "hdroof" },
      { "x": -4, "y": -1, "part": "hdframe_vertical" },
      { "x": -4, "y": -1, "part": "hdboard_vertical" },
      { "x": -4, "y": -1, "part": "hdroof" },
      { "x": -4, "y": -1, "part": "plating_steel" },
      { "x": -4, "y": 3, "part": "hdframe_vertical" },
      { "x": -4, "y": 3, "part": "hdboard_vertical" },
      { "x": -4, "y": 3, "part": "hdroof" },
      { "x": -4, "y": 3, "part": "plating_steel" },
      { "x": -5, "y": 0, "part": "hdframe_horizontal" },
      { "x": -5, "y": 0, "part": "hdboard_horizontal" },
      { "x": -5, "y": 0, "part": "hdroof" },
      { "x": -5, "y": 0, "part": "plating_steel" },
      { "x": -5, "y": 1, "part": "hdframe_horizontal" },
      { "x": -5, "y": 1, "part": "hddoor_opaque" },
      { "x": -5, "y": 1, "part": "hdroof" },
      { "x": -5, "y": 1, "part": "plating_steel" },
      { "x": -5, "y": 2, "part": "hdframe_horizontal" },
      { "x": -5, "y": 2, "part": "hdboard_horizontal" },
      { "x": -5, "y": 2, "part": "beeper" },
      { "x": -5, "y": 2, "part": "hdroof" },
      { "x": -5, "y": 2, "part": "plating_steel" },
      { "x": -5, "y": -1, "part": "hdframe_sw" },
      { "x": -5, "y": -1, "part": "hdboard_sw" },
      { "x": -5, "y": -1, "part": "wheel_wide" },
      { "x": -5, "y": -1, "part": "hdroof" },
      { "x": -5, "y": -1, "part": "plating_steel" },
      { "x": -5, "y": 3, "part": "hdframe_se" },
      { "x": -5, "y": 3, "part": "hdboard_se" },
      { "x": -5, "y": 3, "part": "wheel_wide" },
      { "x": -5, "y": 3, "part": "hdroof" },
      { "x": -5, "y": 3, "part": "plating_steel" }
    ],
    "items": [
      { "x": 0, "y": 1, "chance": 70, "magazine": 100, "ammo": 50, "item_groups": [ "guns_cop" ] },
      { "x": -2, "y": 0, "chance": 50, "item_groups": [ "supplies_metal_precious", "supplies_metal_precious" ] },
      { "x": -2, "y": 0, "chance": 50, "item_groups": [ "supplies_metal_precious", "supplies_metal_precious" ] },
      { "x": -3, "y": 0, "chance": 20, "item_groups": [ "supplies_metal_precious", "supplies_metal_precious" ] },
      { "x": -4, "y": 0, "chance": 20, "item_groups": [ "supplies_metal_precious", "supplies_metal_precious" ] },
      { "x": -4, "y": 0, "chance": 20, "items": [ "diamond", "diamond", "diamond", "diamond", "diamond" ] }
    ]
  },
  {
    "id": "wienermobile",
    "type": "vehicle",
    "name": "Wienermobile",
    "blueprint": [
      [ "      o " ],
      [ "+-O---O+" ],
      [ "|&|#H##'" ],
      [ "|=+===='" ],
      [ "|=|#H##'" ],
      [ "+-O-+-O+" ],
      [ "      o " ]
    ],
    "parts": [
      { "x": 0, "y": 0, "part": "frame_vertical_2" },
      { "x": 0, "y": 0, "part": "seat" },
      { "x": 0, "y": 0, "part": "seatbelt" },
      { "x": 0, "y": 0, "part": "controls" },
      { "x": 0, "y": 0, "part": "dashboard" },
      { "x": 0, "y": 0, "part": "vehicle_clock" },
      { "x": 0, "y": 0, "part": "vehicle_alarm" },
      { "x": 0, "y": 0, "part": "horn_car" },
      { "x": 0, "y": 0, "part": "roof" },
      { "x": 0, "y": -1, "part": "frame_vertical" },
      { "x": 0, "y": -1, "part": "windshield" },
      { "x": 0, "y": -1, "part": "roof" },
      { "x": 0, "y": -1, "part": "wheel_wide_steerable" },
      { "x": 0, "y": -2, "part": "wing_mirror" },
      { "x": 0, "y": 1, "part": "frame_vertical_2" },
      { "x": 0, "y": 1, "part": "aisle_vertical" },
      { "x": 0, "y": 1, "part": "engine_v8" },
      { "x": 0, "y": 1, "part": "alternator_truck" },
      { "x": 0, "y": 1, "part": "battery_car" },
      { "x": 0, "y": 1, "part": "roof" },
      { "x": 0, "y": 2, "part": "frame_vertical_2" },
      { "x": 0, "y": 2, "part": "seat" },
      { "x": 0, "y": 2, "part": "seatbelt" },
      { "x": 0, "y": 2, "part": "roof" },
      { "x": 0, "y": 3, "part": "frame_vertical" },
      { "x": 0, "y": 3, "part": "windshield" },
      { "x": 0, "y": 3, "part": "roof" },
      { "x": 0, "y": 3, "part": "wheel_wide_steerable" },
      { "x": 0, "y": 4, "part": "wing_mirror" },
      { "x": 1, "y": -1, "part": "frame_nw" },
      { "x": 1, "y": -1, "part": "halfboard_nw" },
      { "x": 1, "y": 0, "part": "frame_horizontal" },
      { "x": 1, "y": 0, "part": "windshield" },
      { "x": 1, "y": 0, "part": "headlight" },
      { "x": 1, "y": 1, "part": "frame_horizontal" },
      { "x": 1, "y": 1, "part": "windshield" },
      { "x": 1, "y": 2, "part": "frame_horizontal" },
      { "x": 1, "y": 2, "part": "windshield" },
      { "x": 1, "y": 2, "part": "headlight" },
      { "x": 1, "y": 3, "part": "frame_ne" },
      { "x": 1, "y": 3, "part": "halfboard_ne" },
      { "x": -1, "y": -1, "part": "frame_vertical" },
      { "x": -1, "y": -1, "part": "halfboard_vertical" },
      { "x": -1, "y": -1, "part": "roof" },
      { "x": -1, "y": 0, "part": "frame_vertical_2" },
      { "x": -1, "y": 0, "part": "seat" },
      { "x": -1, "y": 0, "part": "seatbelt" },
      { "x": -1, "y": 0, "part": "roof" },
      { "x": -1, "y": 1, "part": "frame_vertical_2" },
      { "x": -1, "y": 1, "part": "aisle_vertical" },
      { "x": -1, "y": 1, "part": "chimes" },
      { "x": -1, "y": 1, "part": "roof" },
      { "x": -1, "y": 2, "part": "frame_vertical_2" },
      { "x": -1, "y": 2, "part": "seat" },
      { "x": -1, "y": 2, "part": "seatbelt" },
      { "x": -1, "y": 2, "part": "roof" },
      { "x": -1, "y": 3, "part": "frame_vertical" },
      { "x": -1, "y": 3, "part": "halfboard_vertical" },
      { "x": -1, "y": 3, "part": "roof" },
      { "x": -2, "y": -1, "part": "frame_vertical" },
      { "x": -2, "y": -1, "part": "board_vertical" },
      { "x": -2, "y": -1, "part": "roof" },
      { "x": -2, "y": 0, "part": "frame_vertical_2" },
      { "x": -2, "y": 0, "part": "aisle_horizontal" },
      { "x": -2, "y": 0, "part": "roof" },
      { "x": -2, "y": 1, "part": "frame_vertical_2" },
      { "x": -2, "y": 1, "part": "aisle_vertical" },
      { "x": -2, "y": 1, "part": "roof" },
      { "x": -2, "y": 2, "part": "frame_vertical_2" },
      { "x": -2, "y": 2, "part": "aisle_horizontal" },
      { "x": -2, "y": 2, "part": "roof" },
      { "x": -2, "y": 3, "part": "frame_vertical" },
      { "x": -2, "y": 3, "part": "door" },
      { "x": -2, "y": 3, "part": "roof" },
      { "x": -3, "y": -1, "part": "frame_vertical" },
      { "x": -3, "y": -1, "part": "board_vertical" },
      { "x": -3, "y": -1, "part": "roof" },
      { "x": -3, "y": -1, "part": "tank", "fuel": "gasoline" },
      { "x": -3, "y": 0, "part": "frame_vertical_2" },
      { "x": -3, "y": 0, "part": "seat" },
      { "x": -3, "y": 0, "part": "seatbelt" },
      { "x": -3, "y": 0, "part": "roof" },
      { "x": -3, "y": 1, "part": "frame_vertical_2" },
      { "x": -3, "y": 1, "part": "aisle_vertical" },
      { "x": -3, "y": 1, "part": "roof" },
      { "x": -3, "y": 2, "part": "frame_vertical_2" },
      { "x": -3, "y": 2, "part": "seat" },
      { "x": -3, "y": 2, "part": "seatbelt" },
      { "x": -3, "y": 2, "part": "roof" },
      { "x": -3, "y": 3, "part": "frame_vertical" },
      { "x": -3, "y": 3, "part": "board_vertical" },
      { "x": -3, "y": 3, "part": "roof" },
      { "x": -4, "y": -1, "part": "frame_vertical" },
      { "x": -4, "y": -1, "part": "board_vertical" },
      { "x": -4, "y": -1, "part": "roof" },
      { "x": -4, "y": -1, "part": "wheel_wide" },
      { "x": -4, "y": 0, "part": "frame_vertical_2" },
      { "x": -4, "y": 0, "part": "board_horizontal" },
      { "x": -4, "y": 0, "part": "roof" },
      { "x": -4, "y": 1, "part": "frame_vertical_2" },
      { "x": -4, "y": 1, "part": "door_internal" },
      { "x": -4, "y": 1, "part": "roof" },
      { "x": -4, "y": 2, "part": "frame_vertical_2" },
      { "x": -4, "y": 2, "part": "board_horizontal" },
      { "x": -4, "y": 2, "part": "muffler" },
      { "x": -4, "y": 2, "part": "roof" },
      { "x": -4, "y": 3, "part": "frame_vertical" },
      { "x": -4, "y": 3, "part": "board_vertical" },
      { "x": -4, "y": 3, "part": "roof" },
      { "x": -4, "y": 3, "part": "wheel_wide" },
      { "x": -5, "y": -1, "part": "frame_sw" },
      { "x": -5, "y": -1, "part": "board_sw" },
      { "x": -5, "y": -1, "part": "roof" },
      { "x": -5, "y": 0, "part": "frame_vertical_2" },
      { "x": -5, "y": 0, "part": "trunk" },
      { "x": -5, "y": 0, "part": "roof" },
      { "x": -5, "y": 1, "part": "frame_vertical_2" },
      { "x": -5, "y": 1, "part": "trunk" },
      { "x": -5, "y": 1, "part": "roof" },
      { "x": -5, "y": 2, "part": "frame_vertical_2" },
      { "x": -5, "y": 2, "part": "trunk" },
      { "x": -5, "y": 2, "part": "roof" },
      { "x": -5, "y": 3, "part": "frame_se" },
      { "x": -5, "y": 3, "part": "board_se" },
      { "x": -5, "y": 3, "part": "roof" },
      { "x": -6, "y": -1, "part": "frame_sw" },
      { "x": -6, "y": -1, "part": "board_sw" },
      { "x": -6, "y": -1, "part": "roof" },
      { "x": -6, "y": 0, "part": "frame_horizontal" },
      { "x": -6, "y": 0, "part": "board_horizontal" },
      { "x": -6, "y": 0, "part": "roof" },
      { "x": -6, "y": 1, "part": "frame_horizontal" },
      { "x": -6, "y": 1, "part": "board_horizontal" },
      { "x": -6, "y": 1, "part": "roof" },
      { "x": -6, "y": 2, "part": "frame_horizontal" },
      { "x": -6, "y": 2, "part": "board_horizontal" },
      { "x": -6, "y": 2, "part": "roof" },
      { "x": -6, "y": 3, "part": "frame_se" },
      { "x": -6, "y": 3, "part": "board_se" },
      { "x": -6, "y": 3, "part": "roof" }
    ],
    "items": [
      { "x": 0, "y": 0, "chance": 15, "item_groups": [ "car_misc" ] },
      { "x": 0, "y": 2, "chance": 15, "item_groups": [ "car_misc" ] },
      { "x": 0, "y": 2, "chance": 25, "items": [ "roadmap" ] },
      { "x": -5, "y": 0, "chance": 15, "item_groups": [ "car_kit" ] },
      { "x": -5, "y": 1, "chance": 15, "item_groups": [ "car_kit" ] },
      { "x": -5, "y": 2, "chance": 15, "item_groups": [ "car_kit" ] },
      { "x": -5, "y": 2, "chance": 15, "items": [ "jack", "wheel_wide" ] },
      { "x": -5, "y": 0, "chance": 12, "item_groups": [ "fuel_gasoline" ] },
      { "x": -5, "y": 1, "chance": 12, "item_groups": [ "fuel_gasoline" ] },
      { "x": -5, "y": 2, "chance": 12, "item_groups": [ "fuel_gasoline" ] }
    ]
  }
]
