[
  {
    "id": "bio_adrenaline",
    "type": "bionic",
    "name": "Adrenaline Pump",
    "description": "A stimulator system has been surgically implanted alongside your adrenal glands, allowing you to trigger your body's adrenaline response at the cost of some bionic power.",
    "occupied_bodyparts": [ [ "TORSO", 6 ] ],
    "act_cost": 50
  },
  {
    "id": "bio_ads",
    "type": "bionic",
    "name": "Active Defense System",
    "description": "A thin forcefield surrounds your body, continually draining power.  Anything attempting to penetrate this field has a chance of being deflected at the cost of energy.  Bullets will be stopped more often than swords and those in turn more often than massive objects.",
    "occupied_bodyparts": [ [ "TORSO", 10 ], [ "HEAD", 1 ], [ "ARM_L", 1 ], [ "ARM_R", 1 ], [ "LEG_L", 2 ], [ "LEG_R", 2 ] ],
    "flags": [ "BIONIC_TOGGLED" ],
    "act_cost": 10,
    "react_cost": 10,
    "time": 1
  },
  {
    "id": "bio_advreactor",
    "type": "bionic",
    "name": "Advanced Microreactor System",
    "description": "This stripped down mini-reactor is safer than it appears due to integrated radiation cleansers.  There is no way to shut it down, but you can toggle additional fuel intake.",
    "occupied_bodyparts": [ [ "TORSO", 55 ] ],
    "flags": [ "BIONIC_POWER_SOURCE", "BIONIC_TOGGLED" ],
    "included_bionics": [ "bio_plutdump" ],
    "upgraded_bionic": "bio_reactor"
  },
  {
    "id": "bio_alarm",
    "type": "bionic",
    "name": "Alarm System",
    "description": "A motion-detecting alarm system will notice almost all movement within a fifteen-foot radius, and will silently alert you.  This is very useful during sleep, or if you suspect a cloaked pursuer.",
    "occupied_bodyparts": [ [ "TORSO", 2 ], [ "HEAD", 1 ] ],
    "flags": [ "BIONIC_TOGGLED" ],
    "act_cost": 1,
    "react_cost": 1,
    "time": 100
  },
  {
    "id": "bio_ankles",
    "type": "bionic",
    "name": "Squeaky Ankles",
    "description": "In a cruel twist of fate, a poorly executed CBM surgery has given you a pair of useless bionics which make squeaking noises when you walk.",
    "occupied_bodyparts": [ [ "LEG_L", 3 ], [ "LEG_R", 3 ] ],
    "flags": [ "BIONIC_FAULTY" ]
  },
  {
    "id": "bio_armor_arms",
    "type": "bionic",
    "name": "Alloy Plating - Arms",
    "description": "The flesh on your arms has been surgically replaced by a strong armor, protecting you greatly.",
    "occupied_bodyparts": [ [ "ARM_L", 4 ], [ "ARM_R", 4 ] ],
    "flags": [ "BIONIC_NPC_USABLE" ]
  },
  {
    "id": "bio_armor_eyes",
    "type": "bionic",
    "name": "Protective Lenses",
    "description": "Your eye sockets have been surgically sealed with highly protective mirrored lenses and your tear ducts have been re-routed to your mouth.  When you cry, you must spit out or swallow your tears.",
    "occupied_bodyparts": [ [ "EYES", 1 ] ],
    "flags": [ "BIONIC_NPC_USABLE" ]
  },
  {
    "id": "bio_armor_head",
    "type": "bionic",
    "name": "Alloy Plating - Head",
    "description": "The flesh on your head has been surgically replaced by a strong armor, protecting both your head and jaw regions.",
    "occupied_bodyparts": [ [ "HEAD", 5 ] ],
    "flags": [ "BIONIC_NPC_USABLE" ]
  },
  {
    "id": "bio_armor_legs",
    "type": "bionic",
    "name": "Alloy Plating - Legs",
    "description": "The flesh on your legs has been surgically replaced by a strong armor, protecting you greatly.",
    "occupied_bodyparts": [ [ "LEG_L", 6 ], [ "LEG_R", 6 ] ],
    "flags": [ "BIONIC_NPC_USABLE" ]
  },
  {
    "id": "bio_armor_torso",
    "type": "bionic",
    "name": "Alloy Plating - Torso",
    "description": "The flesh on your torso has been surgically replaced by a strong armor, protecting you greatly.",
    "occupied_bodyparts": [ [ "TORSO", 10 ] ],
    "flags": [ "BIONIC_NPC_USABLE" ]
  },
  {
    "id": "bio_batteries",
    "type": "bionic",
    "name": "Battery System",
    "capacity": 10,
    "description": "You have a battery draining attachment, and thus can make use of the energy contained in normal, everyday batteries.  Use 'E' to consume batteries.  Can be toggled on and off at will.",
    "occupied_bodyparts": [ [ "TORSO", 25 ] ],
    "flags": [ "BIONIC_POWER_SOURCE", "BIONIC_TOGGLED" ]
  },
  {
    "id": "bio_blade",
    "type": "bionic",
    "name": "Monomolecular Blade",
    "description": "A deadly foot-long blade made of advanced material now resides inside your forearm, capable of being extended through the back of your wrist at the cost of a small amount of power.  Though exceptionally sharp, it will prevent you from holding anything else while extended.",
    "occupied_bodyparts": [ [ "ARM_R", 5 ], [ "HAND_R", 2 ] ],
    "act_cost": 200,
    "fake_item": "bio_blade_weapon",
    "flags": [ "BIONIC_TOGGLED", "BIONIC_WEAPON" ]
  },
  {
    "id": "bio_blaster",
    "type": "bionic",
    "name": "Fusion Blaster Arm",
    "description": "Your left arm has been surgically replaced by a heavy-duty fusion blaster!  You may use your energy banks to fire a damaging heat ray.  However, you are unable to use or carry two-handed items, and your strength limits what you can use with your one hand.",
    "occupied_bodyparts": [ [ "ARM_L", 20 ], [ "HAND_L", 5 ] ],
    "act_cost": 50,
    "fake_item": "bio_blaster_gun",
    "flags": [ "BIONIC_GUN" ]
  },
  {
    "id": "bio_blindfold",
    "type": "bionic",
    "name": "Optical Dampers",
    "description": "The lenses surgically installed over your eyes can be tinted to block out incoming light.",
    "flags": [ "BIONIC_TOGGLED" ]
  },
  {
    "id": "bio_blood_anal",
    "type": "bionic",
    "name": "Blood Analysis",
    "description": "Small sensors have been surgically implanted in your heart, allowing you to analyze your blood.  This will detect many illnesses, drugs, and other conditions.",
    "occupied_bodyparts": [ [ "TORSO", 5 ] ],
    "act_cost": 25
  },
  {
    "id": "bio_blood_filter",
    "type": "bionic",
    "name": "Blood Filter",
    "description": "A filtration system in your heart allows you to actively filter out chemical impurities, primarily drugs.  It will have limited impact on viruses.  Note that it is not a targeted filter; ALL drugs in your system will be affected.",
    "occupied_bodyparts": [ [ "TORSO", 10 ] ],
    "act_cost": 75
  },
  {
    "id": "bio_cable",
    "type": "bionic",
    "name": "Cable Charger System",
    "capacity": 10,
    "description": "You have a complex port surgically mounted above your hip.  While active, it will drain power through a jumper cable held on your person.",
    "occupied_bodyparts": [ [ "TORSO", 10 ] ],
    "flags": [ "BIONIC_POWER_SOURCE", "BIONIC_TOGGLED" ]
  },
  {
    "id": "bio_carbon",
    "type": "bionic",
    "name": "Subdermal Carbon Filament",
    "description": "Lying just beneath your skin is a thin armor made of carbon nanotubes.  This reduces bashing damage by 2 and cutting damage by 4.",
    "occupied_bodyparts": [
      [ "TORSO", 5 ],
      [ "HEAD", 2 ],
      [ "ARM_L", 2 ],
      [ "ARM_R", 2 ],
      [ "HAND_L", 1 ],
      [ "HAND_R", 1 ],
      [ "LEG_L", 3 ],
      [ "LEG_R", 3 ],
      [ "FOOT_L", 1 ],
      [ "FOOT_R", 1 ]
    ],
    "flags": [ "BIONIC_NPC_USABLE" ]
  },
  {
    "id": "bio_chain_lightning",
    "type": "bionic",
    "name": "Chain Lightning",
    "description": "Your body is equipped with a chain lightning generator, allowing you to emit a blast of lightning at a target, leaving a trail of lightning in its wake, jumping to additional targets within 4 tiles of the previous target.",
    "occupied_bodyparts": [ [ "TORSO", 16 ], [ "ARM_L", 4 ], [ "ARM_R", 4 ] ],
    "act_cost": 125,
    "fake_item": "bio_lightning",
    "flags": [ "BIONIC_GUN" ]
  },
  {
    "id": "bio_claws",
    "type": "bionic",
    "name": "Bionic Claws",
    "description": "Vicious claws have been surgically installed inside your fingers, allowing you to extend and retract them at the cost of a small amount of power.  These do considerable cutting damage, but prevent you from holding anything else while extended.",
    "occupied_bodyparts": [ [ "HAND_L", 5 ], [ "HAND_R", 5 ] ],
    "act_cost": 100,
    "fake_item": "bio_claws_weapon",
    "flags": [ "BIONIC_TOGGLED", "BIONIC_WEAPON" ]
  },
  {
    "id": "bio_climate",
    "type": "bionic",
    "name": "Internal Climate Control",
    "description": "Throughout your body lies a network of thermal piping which eases the effects of high and low ambient temperatures.",
    "occupied_bodyparts": [
      [ "TORSO", 8 ],
      [ "HEAD", 2 ],
      [ "ARM_L", 2 ],
      [ "ARM_R", 2 ],
      [ "HAND_L", 1 ],
      [ "HAND_R", 1 ],
      [ "LEG_L", 3 ],
      [ "LEG_R", 3 ],
      [ "FOOT_L", 1 ],
      [ "FOOT_R", 1 ]
    ],
    "act_cost": 1,
    "react_cost": 1,
    "time": 4,
    "flags": [ "BIONIC_TOGGLED" ]
  },
  {
    "id": "bio_cloak",
    "type": "bionic",
    "name": "Cloaking System",
    "description": "This high-power system uses a set of cameras and LEDs to make you blend into your background, rendering you fully invisible to normal vision.  However, you may be detected by infrared, sonar, etc.",
    "occupied_bodyparts": [
      [ "TORSO", 15 ],
      [ "HEAD", 2 ],
      [ "ARM_L", 3 ],
      [ "ARM_R", 3 ],
      [ "HAND_L", 1 ],
      [ "HAND_R", 1 ],
      [ "LEG_L", 4 ],
      [ "LEG_R", 4 ],
      [ "FOOT_L", 1 ],
      [ "FOOT_R", 1 ]
    ],
    "act_cost": 50,
    "react_cost": 50,
    "time": 1,
    "flags": [ "BIONIC_TOGGLED" ]
  },
  {
    "id": "bio_cqb",
    "type": "bionic",
    "name": "Close Quarters Battle",
    "description": "Bionic processors and databanks, loaded with martial arts combat programs, are surgically integrated into your nervous system.  Whilst active, the CQB module will improve your hand to hand combat skills.",
    "occupied_bodyparts": [ [ "HEAD", 4 ] ],
    "act_cost": 1,
    "react_cost": 1,
    "time": 1,
    "flags": [ "BIONIC_TOGGLED" ]
  },
  {
    "id": "bio_deformity",
    "type": "bionic",
    "name": "Bionic-Induced Deformity",
    "description": "A combination of poor surgical installation and unpleasant scarring has lead to the malfunctioning bionic catastrophe you call your face.  People who mind that you look like a dime-store Frankenstein will react poorly to your appearance.",
    "occupied_bodyparts": [ [ "HEAD", 4 ], [ "MOUTH", 1 ] ],
    "flags": [ "BIONIC_FAULTY" ]
  },
  {
    "id": "bio_dex_enhancer",
    "type": "bionic",
    "name": "Wired Reflexes",
    "description": "Your reaction time has been greatly enhanced with bionic nerve stimulators, giving you a +2 bonus to dexterity.",
    "occupied_bodyparts": [ [ "TORSO", 6 ], [ "ARM_L", 4 ], [ "ARM_R", 4 ], [ "LEG_L", 8 ], [ "LEG_R", 8 ] ],
    "flags": [ "BIONIC_NPC_USABLE" ]
  },
  {
    "id": "bio_digestion",
    "type": "bionic",
    "name": "Expanded Digestive System",
    "description": "You have been outfitted with three synthetic stomachs and industrial-grade intestines.  Not only can you extract much more nutrition from food, but you are highly resistant to foodborne illness, and can sometimes eat rotten food.",
    "occupied_bodyparts": [ [ "TORSO", 20 ] ],
    "flags": [ "BIONIC_NPC_USABLE" ]
  },
  {
    "id": "bio_dis_acid",
    "type": "bionic",
    "name": "Acidic Discharge",
    "description": "A malfunctioning bionic which occasionally discharges acid into your muscles, causing sharp pain and minor damage.",
    "occupied_bodyparts": [ [ "TORSO", 3 ], [ "ARM_L", 1 ], [ "ARM_R", 1 ], [ "LEG_L", 2 ], [ "LEG_R", 2 ] ],
    "flags": [ "BIONIC_FAULTY" ]
  },
  {
    "id": "bio_dis_shock",
    "type": "bionic",
    "name": "Electrical Discharge",
    "description": "A malfunctioning bionic which occasionally discharges electricity through your body, causing pain and brief paralysis but no damage.",
    "occupied_bodyparts": [ [ "TORSO", 6 ] ],
    "flags": [ "BIONIC_FAULTY" ]
  },
  {
    "id": "bio_drain",
    "type": "bionic",
    "name": "Electrical Drain",
    "description": "A malfunctioning bionic.  It doesn't perform any useful function, but will occasionally draw power from your batteries.",
    "occupied_bodyparts": [ [ "TORSO", 2 ] ],
    "flags": [ "BIONIC_FAULTY" ]
  },
  {
    "id": "bio_earplugs",
    "type": "bionic",
    "name": "Sound Dampeners",
    "description": "When this bionic is active, you can block hearing completely (with Enhanced Hearing deactivated) or dampen sound slightly (with Enhanced Hearing activated).",
    "flags": [ "BIONIC_TOGGLED" ]
  },
  {
    "id": "bio_ears",
    "type": "bionic",
    "name": "Enhanced Hearing",
    "description": "When this bionic is active, your hearing will be drastically improved, allowing you to hear ten times better than the average person.  Additionally, high-intensity sounds will be automatically dampened before they can damage your hearing.",
    "occupied_bodyparts": [ [ "HEAD", 3 ] ],
    "flags": [ "BIONIC_TOGGLED" ],
    "included_bionics": [ "bio_earplugs" ]
  },
  {
    "id": "bio_emp",
    "type": "bionic",
    "name": "Directional EMP",
    "description": "Surgically mounted in the palm of your hand are small parabolic EMP field generators.  You may use power to fire a short-ranged blast which will disable electronics and robots.",
    "occupied_bodyparts": [ [ "ARM_R", 1 ], [ "HAND_R", 2 ] ],
    "act_cost": 100
  },
  {
    "type": "bionic",
    "id": "bio_emp_armgun",
    "name": "EMP Projector",
    "description": "A ranged EMP generator system is implanted on the palm of your right hand and arm.  Fires super-concentrated electric pulses for a short distance.  Extremely effective against electronic targets but mostly useless otherwise.",
    "occupied_bodyparts": [ [ "ARM_R", 10 ], [ "HAND_R", 5 ] ],
    "act_cost": 20,
    "fake_item": "bio_emp_gun",
    "flags": [ "BIONIC_GUN" ]
  },
  {
    "id": "bio_ethanol",
    "type": "bionic",
    "name": "Ethanol Burner",
    "description": "You burn alcohol as fuel in an extremely efficient reaction.  However, you will still suffer the inebriating effects of the substance.",
    "occupied_bodyparts": [ [ "TORSO", 26 ] ],
    "flags": [ "BIONIC_POWER_SOURCE" , "BIONIC_NPC_USABLE" ]

  },
  {
    "id": "bio_evap",
    "type": "bionic",
    "name": "Aero-Evaporator",
    "description": "This unit draws moisture from the surrounding air, which then is poured from a fingertip in the form of water.  It may fail in very dry environments.",
    "occupied_bodyparts": [ [ "TORSO", 5 ], [ "HAND_R", 1 ] ],
    "act_cost": 200
  },
  {
    "id": "bio_eye_enhancer",
    "type": "bionic",
    "name": "Diamond Cornea",
    "description": "Your vision is greatly enhanced, giving you a +2 bonus to perception.",
    "occupied_bodyparts": [ [ "EYES", 1 ] ],
    "flags": [ "BIONIC_NPC_USABLE" ]
  },
  {
    "id": "bio_eye_optic",
    "type": "bionic",
    "name": "Telescopic Eyes",
    "description": "Much of the material in your inner eye has been surgically removed and replaced with an array of high-powered, auto-focusing lenses.  You can now see much farther and more clearly than before, any vision problems you might have had are now gone.",
    "occupied_bodyparts": [ [ "EYES", 2 ] ],
    "canceled_mutations": [ "HYPEROPIC", "MYOPIC" ]
  },
  {
    "id": "bio_face_mask",
    "type": "bionic",
    "name": "Facial Distortion",
    "description": "Through controlled application of electrochemical impulses, you are capable of altering your facial structure so as to subtly affect the reactions of others.  This grants a bonus to all social interactions.",
    "occupied_bodyparts": [ [ "HEAD", 3 ], [ "MOUTH", 1 ] ]
  },
  {
    "id": "bio_faraday",
    "type": "bionic",
    "name": "Dielectric Capacitance System",
    "description": "Throughout your body lies a network of miniature piezoelectric capacitors which can be charged with bionic power to temporarily protect you from external electrical discharge.",
    "occupied_bodyparts": [
      [ "TORSO", 8 ],
      [ "HEAD", 2 ],
      [ "ARM_L", 2 ],
      [ "ARM_R", 2 ],
      [ "HAND_L", 1 ],
      [ "HAND_R", 1 ],
      [ "LEG_L", 3 ],
      [ "LEG_R", 3 ],
      [ "FOOT_L", 1 ],
      [ "FOOT_R", 1 ]
    ],
    "flags": [ "BIONIC_TOGGLED" ],
    "act_cost": 1,
    "react_cost": 1,
    "time": 2
  },
  {
    "id": "bio_fingerhack",
    "type": "bionic",
    "name": "Fingerhack",
    "description": "One of your fingers has an electrohack surgically embedded in it; an all-purpose hacking unit used to override control panels and the like (but not computers).  Skill in computers is important, and a failed use may damage your circuits.",
    "occupied_bodyparts": [ [ "HAND_R", 2 ] ]
  },
  {
    "id": "bio_flashbang",
    "type": "bionic",
    "name": "Flashbang Generator",
    "description": "Light emitting diodes surgically integrated into your skin can release a flash comparable to a flashbang grenade, blinding nearby enemies.  Speakers integrated into your body mimic the loud sound, deafening those nearby.",
    "occupied_bodyparts": [ [ "TORSO", 20 ], [ "ARM_L", 2 ], [ "ARM_R", 2 ], [ "LEG_L", 3 ], [ "LEG_R", 3 ] ],
    "act_cost": 125
  },
  {
    "id": "bio_flashlight",
    "type": "bionic",
    "name": "Cranial Flashlight",
    "description": "Surgically mounted between your eyes is a small but powerful LED flashlight.",
    "occupied_bodyparts": [ [ "EYES", 1 ] ],
    "act_cost": 1,
    "react_cost": 1,
    "time": 25,
    "flags": [ "BIONIC_TOGGLED" ]
  },
  {
    "id": "bio_furnace",
    "type": "bionic",
    "name": "Internal Furnace",
    "description": "When this bionic is active, you can burn nearly any organic material as fuel (use 'E'), recharging your power level.  Some materials will burn better than others.",
    "occupied_bodyparts": [ [ "TORSO", 40 ] ],
    "flags": [ "BIONIC_POWER_SOURCE", "BIONIC_TOGGLED" ]
  },
  {
    "id": "bio_geiger",
    "type": "bionic",
    "name": "Integrated Dosimeter",
    "description": "Small radiation sensors have been surgically implanted throughout your body, allowing you to analyze your level of absorbed radiation.  They will also alert you whenever exposed to environmental radiation.",
    "occupied_bodyparts": [ [ "TORSO", 2 ], [ "HEAD", 1 ], [ "ARM_L", 1 ], [ "ARM_R", 1 ], [ "LEG_L", 1 ], [ "LEG_R", 1 ] ],
    "act_cost": 25
  },
  {
    "id": "bio_gills",
    "type": "bionic",
    "name": "Oxygenator",
    "description": "A complex oxygen delivery system.  Improves the ability to extract oxygen from air and allows extracting it from water.  Will automatically turn on when drowning.  Turn on to recharge stamina faster, at moderate power cost.  Asthmatics may also use it to stop asthma attacks.",
    "occupied_bodyparts": [ [ "TORSO", 8 ], [ "HEAD", 2 ], [ "MOUTH", 2 ] ],
    "flags": [ "BIONIC_TOGGLED" ]
  },
  {
    "id": "bio_ground_sonar",
    "type": "bionic",
    "name": "Terranian Sonar",
    "description": "Your feet are equipped with precision sonar equipment, allowing you to detect the movements of creatures below the ground.",
    "occupied_bodyparts": [ [ "FOOT_L", 3 ], [ "FOOT_R", 3 ] ],
    "flags": [ "BIONIC_TOGGLED" ],
    "act_cost": 5,
    "react_cost": 5,
    "time": 1
  },
  {
    "id": "bio_heat_absorb",
    "type": "bionic",
    "name": "Heat Drain",
    "description": "While fighting unarmed against a warm-blooded opponent, there is a chance that a successful hit will drain body heat, inflicting a small amount of extra damage, and increasing your power reserves slightly.",
    "occupied_bodyparts": [
      [ "TORSO", 12 ],
      [ "HEAD", 3 ],
      [ "ARM_L", 3 ],
      [ "ARM_R", 3 ],
      [ "HAND_L", 1 ],
      [ "HAND_R", 1 ],
      [ "LEG_L", 5 ],
      [ "LEG_R", 5 ],
      [ "FOOT_L", 2 ],
      [ "FOOT_R", 2 ]
    ],
    "flags": [ "BIONIC_TOGGLED" ]
  },
  {
    "id": "bio_heatsink",
    "type": "bionic",
    "name": "Thermal Dissipation",
    "description": "Powerful heatsinks and supermaterials are surgically woven into your flesh.  While powered, this system will prevent heat damage up to 2000 degrees Fahrenheit.  Note that this does not affect your internal temperature.",
    "occupied_bodyparts": [
      [ "TORSO", 10 ],
      [ "HEAD", 2 ],
      [ "ARM_L", 2 ],
      [ "ARM_R", 2 ],
      [ "HAND_L", 1 ],
      [ "HAND_R", 1 ],
      [ "LEG_L", 3 ],
      [ "LEG_R", 3 ],
      [ "FOOT_L", 1 ],
      [ "FOOT_R", 1 ]
    ],
    "flags": [ "BIONIC_TOGGLED" ],
    "act_cost": 4,
    "react_cost": 4,
    "time": 1
  },
  {
    "id": "bio_hydraulics",
    "type": "bionic",
    "name": "Hydraulic Muscles",
    "description": "While activated, your muscles will be greatly enhanced, increasing your strength by 20.",
    "occupied_bodyparts": [ [ "TORSO", 4 ], [ "ARM_L", 8 ], [ "ARM_R", 8 ], [ "LEG_L", 14 ], [ "LEG_R", 14 ] ],
    "flags": [ "BIONIC_TOGGLED" ],
    "act_cost": 17,
    "react_cost": 17,
    "time": 1
  },
  {
    "id": "bio_infrared",
    "type": "bionic",
    "name": "Infrared Vision",
    "description": "Your range of vision extends into the infrared, allowing you to see warm-blooded creatures in the dark.",
    "occupied_bodyparts": [ [ "EYES", 1 ] ],
    "flags": [ "BIONIC_TOGGLED" ],
    "act_cost": 5,
    "react_cost": 5,
    "time": 1
  },
  {
    "id": "bio_int_enhancer",
    "type": "bionic",
    "name": "Cerebral Booster",
    "description": "Your brain has been enhanced with bionic coprocessors, giving you a +2 bonus to intelligence.",
    "occupied_bodyparts": [ [ "HEAD", 7 ] ],
    "flags": [ "BIONIC_NPC_USABLE" ]
  },
  {
    "id": "bio_itchy",
    "type": "bionic",
    "name": "Itchy Metal Thing",
    "description": "A bionic of some sort, so badly installed that you cannot even tell what it was originally supposed to be.  Sometimes it itches horribly.",
    "occupied_bodyparts": [ [ "TORSO", 3 ], [ "HEAD", 2 ], [ "HAND_L", 1 ], [ "HAND_R", 1 ] ],
    "flags": [ "BIONIC_FAULTY" ]
  },
  {
    "id": "bio_laser",
    "type": "bionic",
    "name": "Finger-Mounted Laser",
    "description": "One of your fingers has a small high-powered laser surgically embedded in it.  This long range weapon is not incredibly damaging, but is very accurate, and has the potential to start fires.",
    "occupied_bodyparts": [ [ "HAND_R", 1 ] ],
    "act_cost": 50,
    "fake_item": "bio_laser_gun",
    "flags": [ "BIONIC_GUN" ]
  },
  {
    "id": "bio_leaky",
    "type": "bionic",
    "name": "Leaky Bionic",
    "description": "This botched piece of bionic hardware slowly leaks electrolytic compounds, piezoelectric nanomaterials, and other high-tech contaminants into your bloodstream.  Needless to say, this is not good for your health.",
    "occupied_bodyparts": [ [ "TORSO", 5 ] ],
    "flags": [ "BIONIC_FAULTY" ]
  },
  {
    "id": "bio_leukocyte",
    "type": "bionic",
    "name": "Leukocyte Breeder System",
    "description": "You are equipped with bionic stimulators which augment your haematopoiesis system, allowing you to accelerate white blood cell production using bionic power.  It is supposed to run continuously and may cause unpleasant side effects when turned off.",
    "occupied_bodyparts": [ [ "TORSO", 10 ] ],
    "flags": [ "BIONIC_TOGGLED" ],
    "act_cost": 10,
    "react_cost": 1,
    "time": 600
  },
  {
    "id": "bio_lighter",
    "type": "bionic",
    "name": "Mini-Flamethrower",
    "description": "The index fingers of both hands have powerful fire starters which extend from the tip.",
    "occupied_bodyparts": [ [ "HAND_L", 1 ], [ "HAND_R", 1 ] ],
    "act_cost": 75
  },
  {
    "id": "bio_lockpick",
    "type": "bionic",
    "name": "Fingerpick",
    "description": "One of your fingers has an electronic lockpick surgically embedded in it.  This automatic system will quickly unlock all but the most advanced key locks without any skill required on the part of the user.",
    "occupied_bodyparts": [ [ "HAND_R", 2 ] ],
    "act_cost": 25
  },
  {
    "id": "bio_magnet",
    "type": "bionic",
    "name": "Electromagnetic Unit",
    "description": "Surgically embedded in your hand is a powerful electromagnet, allowing you to pull items made of iron over short distances.",
    "occupied_bodyparts": [ [ "HAND_R", 3 ] ],
    "act_cost": 50
  },
  {
    "id": "bio_membrane",
    "type": "bionic",
    "name": "Nictating Membrane",
    "description": "Your eyes have a thin membrane that closes over your eyes while underwater, negating any vision penalties.",
    "occupied_bodyparts": [ [ "EYES", 1 ] ],
    "flags": [ "BIONIC_NPC_USABLE" ]
  },
  {
    "id": "bio_memory",
    "type": "bionic",
    "name": "Enhanced Memory Banks",
    "description": "Your memory has been enhanced with small quantum storage drives.  Any time you start to forget a skill, if this bionic is active you will retain all knowledge, at the cost of a small amount of power.",
    "occupied_bodyparts": [ [ "HEAD", 3 ] ],
    "flags": [ "BIONIC_TOGGLED" ]
  },
  {
    "id": "bio_metabolics",
    "type": "bionic",
    "name": "Metabolic Interchange",
    "description": "Your digestive system and power supply are interconnected.  Energy drains will be regularly counteracted by increasing hunger.  Can be toggled on and off at will.",
    "occupied_bodyparts": [ [ "TORSO", 25 ] ],
    "flags": [ "BIONIC_POWER_SOURCE", "BIONIC_TOGGLED" ]
  },
  {
    "id": "bio_meteorologist",
    "type": "bionic",
    "name": "Weather Reader",
    "description": "A multitude of scientific instruments and sensors collect environmental data.  The data is compiled and presented as a simple readout of the current weather.  It also passively tells you your external temperature.",
    "occupied_bodyparts": [ [ "TORSO", 1 ], [ "HEAD", 1 ] ],
    "act_cost": 10
  },
  {
    "id": "bio_nanobots",
    "type": "bionic",
    "name": "Repair Nanobots",
    "description": "Inside your body is a fleet of tiny dormant robots.  While activated they will flit about your body, repairing damage and stopping bleeding at the cost of power.",
    "occupied_bodyparts": [ [ "TORSO", 10 ] ],
    "flags": [ "BIONIC_TOGGLED" ]
  },
  {
    "id": "bio_night",
    "type": "bionic",
    "name": "Artificial Night Generator",
    "description": "Destructive interference eliminates all light within a 15 tile radius.",
    "occupied_bodyparts": [ [ "TORSO", 16 ] ],
    "flags": [ "BIONIC_TOGGLED" ],
    "act_cost": 15,
    "react_cost": 15,
    "time": 1
  },
  {
    "id": "bio_night_vision",
    "type": "bionic",
    "name": "Implanted Night Vision",
    "description": "Your eyes have been surgically modified to amplify existing light, allowing you to see in the dark.",
    "occupied_bodyparts": [ [ "EYES", 1 ] ],
    "flags": [ "BIONIC_TOGGLED" ],
    "act_cost": 1,
    "react_cost": 1,
    "time": 10
  },
  {
    "id": "bio_noise",
    "type": "bionic",
    "name": "Noisemaker",
    "description": "A malfunctioning bionic.  It will occasionally emit a loud burst of noise.",
    "occupied_bodyparts": [ [ "TORSO", 4 ], [ "ARM_L", 1 ], [ "ARM_R", 1 ], [ "LEG_L", 1 ], [ "LEG_R", 1 ] ],
    "flags": [ "BIONIC_FAULTY" ]
  },
  {
    "id": "bio_nostril",
    "type": "bionic",
    "name": "Bionic Nostril",
    "description": "You're really not sure how the CBM ended up in your nose, but no matter how it got there this badly misplaced bionic makes it difficult to breathe.  Increases mouth encumbrance by one.",
    "occupied_bodyparts": [ [ "HEAD", 2 ], [ "MOUTH", 1 ] ],
    "flags": [ "BIONIC_FAULTY" ]
  },
  {
    "id": "bio_ods",
    "type": "bionic",
    "name": "Offensive Defense System",
    "description": "A thin forcefield surrounds your body, continually draining power.  This field does not deflect penetration, but rather delivers a strong shock, damaging unarmed attackers and those with a conductive weapon.",
    "occupied_bodyparts": [ [ "TORSO", 10 ], [ "HEAD", 1 ], [ "ARM_L", 1 ], [ "ARM_R", 1 ], [ "LEG_L", 2 ], [ "LEG_R", 2 ] ],
    "flags": [ "BIONIC_TOGGLED" ],
    "act_cost": 10,
    "react_cost": 10,
    "time": 1
  },
  {
    "id": "bio_painkiller",
    "type": "bionic",
    "name": "Sensory Dulling",
    "description": "Your nervous system is wired to allow you to inhibit the signals of pain, allowing you to dull your senses at will.  However, the use of this system may cause delayed reaction time and drowsiness.",
    "occupied_bodyparts": [ [ "HEAD", 2 ] ],
    "flags": [ "BIONIC_TOGGLED" ]
  },
  {
    "id": "bio_plut_filter",
    "type": "bionic",
    "name": "Plutonium Filter",
    "description": "This set of tanks and filters allows you to more rapidly extract usable plutonium from slurry for a microreactor.",
    "occupied_bodyparts": [ [ "TORSO", 10 ] ],
    "flags": [ "BIONIC_TOGGLED" ],
    "act_cost": 1,
    "react_cost": 1,
    "time": 2
  },
  {
    "id": "bio_plutdump",
    "type": "bionic",
    "name": "Plutonium Purger",
    "description": "Emergency reactor fuel purge ejects all fuel from your reactor.",
    "act_cost": 1
  },
  {
    "id": "bio_pokedeye",
    "type": "bionic",
    "name": "Bionic Visual Impairment",
    "description": "Due to a badly misplaced dielectric stylette you are now suffering from mild optic neuropathy.  Increases eye encumbrance by one.",
    "occupied_bodyparts": [ [ "EYES", 1 ] ],
    "flags": [ "BIONIC_FAULTY" ]
  },
  {
    "id": "bio_power_armor_interface",
    "type": "bionic",
    "name": "Power Armor Interface",
    "description": "Interfaces your power system with the internal charging port on suits of power armor.",
    "occupied_bodyparts": [ [ "TORSO", 4 ], [ "HEAD", 1 ] ],
    "flags": [ "BIONIC_ARMOR_INTERFACE", "BIONIC_TOGGLED" ],
    "react_cost": 1,
    "time": 1
  },
  {
    "id": "bio_power_armor_interface_mkII",
    "type": "bionic",
    "name": "Power Armor Interface Mk. II",
    "description": "Interfaces your power system with the internal charging port on suits of power armor.  The Mk. II was designed by DoubleTech Inc., to meet the popularity of the Mk. II power armor series.",
    "occupied_bodyparts": [ [ "TORSO", 3 ], [ "HEAD", 2 ] ],
    "flags": [ "BIONIC_ARMOR_INTERFACE", "BIONIC_TOGGLED" ],
    "react_cost": 1,
    "time": 2
  },
  {
    "id": "bio_power_storage",
    "type": "bionic",
    "name": "Power Storage",
    "capacity": 100,
    "description": "Compact Bionics Module that upgrades your power capacity by 100 units.  Having at least one of these is a prerequisite to using powered bionics.  You will also need a power supply, found in another CBM.",
    "flags": [ "BIONIC_NPC_USABLE" ]
  },
  {
    "id": "bio_power_storage_mkII",
    "type": "bionic",
    "name": "Power Storage Mk. II",
    "capacity": 250,
    "description": "Compact Bionics Module developed at DoubleTech Industries as a replacement for the highly successful Power Storage CBM.  Increases your power capacity by 250 units.",
    "flags": [ "BIONIC_NPC_USABLE" ]
  },
  {
    "id": "bio_power_weakness",
    "type": "bionic",
    "name": "Power Overload",
    "description": "Damaged power circuits cause short-circuiting inside your muscles when your batteries are above 75% capacity, causing greatly reduced strength.  This has no effect if you have no internal batteries.",
    "occupied_bodyparts": [ [ "TORSO", 3 ], [ "ARM_L", 1 ], [ "ARM_R", 1 ], [ "LEG_L", 2 ], [ "LEG_R", 2 ] ],
    "flags": [ "BIONIC_FAULTY" ]
  },
  {
    "id": "bio_probability_travel",
    "type": "bionic",
    "name": "Probability Travel",
    "description": "Increases your body's wavelength, allowing you to quantum tunnel through walls, reappearing on the other side.  Power drain in standby is minimal, but each tile tunneled through costs 250 bionic power.",
    "occupied_bodyparts": [ [ "TORSO", 20 ], [ "ARM_L", 2 ], [ "ARM_R", 2 ], [ "LEG_L", 3 ], [ "LEG_R", 3 ], [ "FOOT_L", 1 ], [ "FOOT_R", 1 ] ],
    "flags": [ "BIONIC_TOGGLED" ],
    "act_cost": 1,
    "react_cost": 1,
    "time": 1
  },
  {
    "id": "bio_purifier",
    "type": "bionic",
    "name": "Air Filtration System",
    "description": "Surgically implanted in your trachea is an advanced filtration system.  If toxins, or airborne diseases find their way into your windpipe, the filter will attempt to remove them.  Reducing the toxic effects.",
    "occupied_bodyparts": [ [ "TORSO", 4 ], [ "MOUTH", 2 ] ],
    "flags": [ "BIONIC_NPC_USABLE" ]
  },
  {
    "id": "bio_radscrubber",
    "type": "bionic",
    "name": "Radiation Scrubber System",
    "description": "A system of advanced piezomechanical blood filters have been surgically implanted throughout your body, allowing you to purge yourself of absorbed radiation at the cost of some bionic power.",
    "occupied_bodyparts": [ [ "TORSO", 5 ], [ "ARM_L", 1 ], [ "ARM_R", 1 ], [ "LEG_L", 2 ], [ "LEG_R", 2 ] ],
    "act_cost": 50
  },
  {
    "id": "bio_railgun",
    "type": "bionic",
    "name": "Railgun",
    "description": "EM field generators in your arms double the range and damage of thrown iron and steel objects at a cost of 1 power per throw, causing them to leave a trail of electricity that can cause additional damage.",
    "occupied_bodyparts": [ [ "ARM_L", 5 ], [ "ARM_R", 5 ], [ "HAND_L", 1 ], [ "HAND_R", 1 ] ],
    "flags": [ "BIONIC_TOGGLED" ],
    "act_cost": 1,
    "react_cost": 1,
    "time": 1
  },
  {
    "id": "bio_razors",
    "type": "bionic",
    "name": "Fingertip Razors",
    "description": "You possess razor-sharp retractable claws underneath your fingernails, ten double-edged blades four centimeters in length that do a small amount of unarmed slashing damage whenever your fingertips are uncovered.",
    "occupied_bodyparts": [ [ "HAND_L", 2 ], [ "HAND_R", 2 ] ],
    "fake_item": "fake_razor",
    "flags": [ "BIONIC_NPC_USABLE" ]
  },
  {
    "id": "bio_reactor",
    "type": "bionic",
    "name": "Microreactor System",
    "description": "This stripped down mini-reactor may not be the best thing to have in your chest.  There is no way to shut it down, but you can toggle additional fuel intake.",
    "occupied_bodyparts": [ [ "TORSO", 55 ] ],
    "flags": [ "BIONIC_POWER_SOURCE", "BIONIC_TOGGLED" ],
    "included_bionics": [ "bio_plutdump" ]
  },
  {
    "id": "bio_recycler",
    "type": "bionic",
    "name": "Recycler Unit",
    "description": "Your digestive system has been outfitted with a series of filters and processors, allowing you to reclaim waste liquid and, to a lesser degree, nutrients.  The net effect is a greatly reduced need to eat and drink.",
    "occupied_bodyparts": [ [ "TORSO", 15 ] ],
    "flags": [ "BIONIC_NPC_USABLE" ]
  },
  {
    "id": "bio_remote",
    "type": "bionic",
    "name": "Remote Controller",
    "description": "A small module connected to your brain allows you to interface with nearby devices with wireless capabilities.",
    "occupied_bodyparts": [ [ "HEAD", 2 ] ],
    "flags": [ "BIONIC_TOGGLED" ],
    "react_cost": 1,
    "time": 4
  },
  {
    "id": "bio_resonator",
    "type": "bionic",
    "name": "Sonic Resonator",
    "description": "Your entire body may resonate at very high power, creating a short-range shockwave.  While it will not do much damage to creatures, stiff items such as walls and doors will be damaged.",
    "occupied_bodyparts": [ [ "TORSO", 15 ], [ "HEAD", 1 ], [ "ARM_L", 2 ], [ "ARM_R", 2 ], [ "LEG_L", 4 ], [ "LEG_R", 4 ] ],
    "act_cost": 100
  },
  {
    "id": "bio_scent_mask",
    "type": "bionic",
    "name": "Olfactory Mask",
    "description": "While this system is powered, your body will produce very little odor, making it nearly impossible for creatures to track you by scent.",
    "occupied_bodyparts": [ [ "TORSO", 3 ], [ "HEAD", 1 ], [ "ARM_L", 1 ], [ "ARM_R", 1 ], [ "LEG_L", 1 ], [ "LEG_R", 1 ] ],
    "flags": [ "BIONIC_TOGGLED" ],
    "act_cost": 1,
    "react_cost": 1,
    "time": 10
  },
  {
    "id": "bio_scent_vision",
    "type": "bionic",
    "name": "Scent Vision",
    "description": "While this system is powered, you're able to visually sense your own scent, making it possible for you to recognize your surroundings even if you can't see it.",
    "occupied_bodyparts": [ [ "HEAD", 3 ] ],
    "flags": [ "BIONIC_TOGGLED" ],
    "act_cost": 1,
    "react_cost": 1,
    "time": 1
  },
  {
    "id": "bio_shakes",
    "type": "bionic",
    "name": "Bionic Short Circuit",
    "description": "A poorly-wired bionic which fails to serve its intended purpose, this malfunctioning device periodically short-circuits, causing systemic muscle tremors.",
    "occupied_bodyparts": [ [ "TORSO", 1 ], [ "ARM_L", 2 ], [ "ARM_R", 2 ], [ "LEG_L", 3 ], [ "LEG_R", 3 ] ],
    "flags": [ "BIONIC_FAULTY" ]
  },
  {
    "id": "bio_shock",
    "type": "bionic",
    "name": "Electroshock Unit",
    "description": "While fighting unarmed, or with a weapon that conducts electricity, there is a chance that a successful hit will shock your opponent, inflicting extra damage and disabling them temporarily at the cost of some energy.",
    "occupied_bodyparts": [ [ "TORSO", 8 ], [ "ARM_L", 3 ], [ "ARM_R", 3 ], [ "HAND_L", 1 ], [ "HAND_R", 1 ] ],
    "flags": [ "BIONIC_TOGGLED" ]
  },
  {
    "id": "bio_shockwave",
    "type": "bionic",
    "name": "Shockwave Generator",
    "description": "You generate a powerful shockwave, knocking back all nearby creatures.  Targets are stunned briefly, take damage and additional stun upon impact with impassable terrain, and knockback any creatures they collide with.",
    "occupied_bodyparts": [ [ "TORSO", 20 ] ],
    "act_cost": 250
  },
  {
    "id": "bio_sleepy",
    "type": "bionic",
    "name": "Endocrine Enervator",
    "description": "Through a combination of psychochemical manipulation and old fashioned electrical nerve stimulation, this malfunctioning bionic alters your brain chemistry in such a way as to cause fatigue.  You will find yourself tiring a bit faster than before.",
    "occupied_bodyparts": [ [ "HEAD", 2 ] ],
    "flags": [ "BIONIC_FAULTY" ]
  },
  {
    "id": "bio_solar",
    "type": "bionic",
    "name": "Solar Panels",
    "description": "You have a few solar panels surgically installed.  While in direct sunlight, your power level will slowly recharge.",
    "occupied_bodyparts": [ [ "TORSO", 20 ] ],
    "flags": [ "BIONIC_POWER_SOURCE", "BIONIC_NPC_USABLE" ],
    "//": "Should be removed after 0.D."
  },
  {
    "id": "bio_spasm",
    "type": "bionic",
    "name": "Motor Control Overstimulator",
    "description": "One piezoelectric solenoid surgically installed backwards, two crossed wires, and four burned-out capacitors later you started falling on your face and writhing around at the least convenient times.  This incorrectly-configured bionic periodically stuns you for a short duration.",
    "occupied_bodyparts": [ [ "HEAD", 3 ] ],
    "flags": [ "BIONIC_FAULTY" ]
  },
  {
    "id": "bio_speed",
    "type": "bionic",
    "name": "Synaptic Accelerator",
    "description": "Your nervous system has been enhanced with bionic stimulators, giving you a 10% boost to your speed.",
    "occupied_bodyparts": [
      [ "TORSO", 12 ],
      [ "ARM_L", 3 ],
      [ "ARM_R", 3 ],
      [ "HAND_L", 1 ],
      [ "HAND_R", 1 ],
      [ "LEG_L", 6 ],
      [ "LEG_R", 6 ],
      [ "FOOT_L", 2 ],
      [ "FOOT_R", 2 ]
    ],
    "flags": [ "BIONIC_NPC_USABLE" ]
  },
  {
    "id": "bio_stiff",
    "type": "bionic",
    "name": "Wire-Induced Stiffness",
    "description": "Improperly installed wires cause a physical stiffness in most of your body, causing increased encumbrance.",
    "occupied_bodyparts": [ [ "TORSO", 2 ], [ "ARM_L", 1 ], [ "ARM_R", 1 ], [ "LEG_L", 1 ], [ "LEG_R", 1 ], [ "FOOT_L", 1 ], [ "FOOT_R", 1 ] ],
    "flags": [ "BIONIC_FAULTY" ]
  },
  {
    "id": "bio_storage",
    "type": "bionic",
    "name": "Internal Storage",
    "description": "Space inside your chest cavity has been surgically converted into a storage area.  You may carry an extra 2 liters of volume.",
    "occupied_bodyparts": [ [ "TORSO", 32 ] ],
    "flags": [ "BIONIC_NPC_USABLE" ]
  },
  {
    "id": "bio_str_enhancer",
    "type": "bionic",
    "name": "Muscle Augmentation",
    "description": "Your muscular system has been surgically enhanced with myomer fibers, giving you a +2 bonus to strength.",
    "occupied_bodyparts": [ [ "TORSO", 6 ], [ "ARM_L", 4 ], [ "ARM_R", 4 ], [ "LEG_L", 8 ], [ "LEG_R", 8 ] ],
    "flags": [ "BIONIC_NPC_USABLE" ]
  },
  {
    "id": "bio_surgical_razor",
    "type": "bionic",
    "name": "Autonomous Surgical Scalpels",
    "description": "A system of surgical grade scalpels is implanted on your fingers.  They allow you to make automated precise cuts.  They can also be used as a high-quality butchering tool.",
    "occupied_bodyparts": [ [ "ARM_R", 1 ], [ "ARM_L", 1 ] ],
    "fake_item": "bio_scalpel"
  },
  {
    "id": "bio_sunglasses",
    "type": "bionic",
    "name": "Anti-Glare Compensators",
    "description": "Your eyes have quick-reacting transition lenses surgically installed over them.  They negate glare penalties, partially protect you from bright flashes, and protect your eyes when welding.",
    "occupied_bodyparts": [ [ "EYES", 1 ] ],
    "included_bionics": [ "bio_blindfold" ],
    "fake_item": "fake_goggles"
  },
  {
    "id": "bio_targeting",
    "type": "bionic",
    "name": "Targeting System",
    "description": "Your eyes are surgically equipped with range finders, and their movement is synced with that of your arms, to a degree.  Shots you fire will be much more accurate, particularly at long range.",
    "occupied_bodyparts": [ [ "EYES", 1 ], [ "ARM_L", 3 ], [ "ARM_R", 3 ], [ "HAND_L", 1 ], [ "HAND_R", 1 ] ],
    "flags": [ "BIONIC_NPC_USABLE" ]
  },
  {
    "id": "bio_teleport",
    "type": "bionic",
    "name": "Teleportation Unit",
    "description": "This highly experimental unit folds space over short distances, instantly transporting your body up to 25 feet at the cost of much power.  Note that prolonged or frequent use may have dangerous side effects.",
    "occupied_bodyparts": [ [ "TORSO", 16 ], [ "ARM_L", 3 ], [ "ARM_R", 3 ], [ "LEG_L", 4 ], [ "LEG_R", 4 ] ],
    "act_cost": 250
  },
  {
    "id": "bio_thumbs",
    "type": "bionic",
    "name": "Self-Locking Thumbs",
    "description": "Self-locking thumbs hold tight (even when you really don't want them to) and don't let go (even when you'd rather they did).  Increases hand encumbrance by two, while failing to improve your ability to hold objects whatsoever.",
    "occupied_bodyparts": [ [ "HAND_L", 1 ], [ "HAND_R", 1 ] ],
    "flags": [ "BIONIC_FAULTY" ]
  },
  {
    "id": "bio_time_freeze",
    "type": "bionic",
    "name": "Time Dilation",
    "description": "At the cost of all stored bionic power, you may increase your body speed and reactions dramatically, essentially freezing time.  You are still delicate, however, and violent or rapid movements may damage you due to friction.",
    "occupied_bodyparts": [
      [ "TORSO", 12 ],
      [ "HEAD", 3 ],
      [ "ARM_L", 3 ],
      [ "ARM_R", 3 ],
      [ "HAND_L", 1 ],
      [ "HAND_R", 1 ],
      [ "LEG_L", 4 ],
      [ "LEG_R", 4 ],
      [ "FOOT_L", 1 ],
      [ "FOOT_R", 1 ]
    ],
    "act_cost": 50
  },
  {
    "id": "bio_tools",
    "type": "bionic",
    "name": "Integrated Toolset",
    "description": "Surgically implanted in your hands and fingers is a complete tool set - screwdriver, hammer, wrench, and heating elements.  You can use this in place of many tools when crafting.",
    "occupied_bodyparts": [ [ "HAND_L", 3 ], [ "HAND_R", 3 ] ],
    "flags": [ "BIONIC_TOGGLED" ],
    "fake_item": "toolset"
  },
  {
    "id": "bio_torsionratchet",
    "type": "bionic",
    "name": "Joint Torsion Ratchet",
    "description": "Your joints have been surgically equipped with torsion ratchets that generate power slowly when you move.",
    "occupied_bodyparts": [ [ "ARM_L", 8 ], [ "ARM_R", 8 ], [ "LEG_L", 12 ], [ "LEG_R", 12 ] ],
    "flags": [ "BIONIC_POWER_SOURCE", "BIONIC_NPC_USABLE" ]
  },
  {
    "id": "bio_trip",
    "type": "bionic",
    "name": "Visual Disruptor",
    "description": "A malfunctioning bionic which causes occasional visual distortion and pixelation.",
    "occupied_bodyparts": [ [ "EYES", 1 ] ],
    "flags": [ "BIONIC_FAULTY" ]
  },
  {
    "id": "bio_uncanny_dodge",
    "type": "bionic",
    "name": "Uncanny Dodge",
    "description": "Your nervous system has been augmented with bionic processors, allowing you to dodge attacks beyond normal human capability, including bullets.",
    "occupied_bodyparts": [ [ "TORSO", 12 ], [ "ARM_L", 3 ], [ "ARM_R", 3 ], [ "LEG_L", 5 ], [ "LEG_R", 5 ], [ "FOOT_L", 1 ], [ "FOOT_R", 1 ] ],
    "flags": [ "BIONIC_TOGGLED" ],
    "act_cost": 1,
    "react_cost": 1,
    "time": 10
  },
  {
    "id": "bio_ups",
    "type": "bionic",
    "name": "Internal Unified Power System",
    "description": "You have a unified power system wired into your power banks.  Objects that run on a UPS can now draw directly from your internal power supply.",
    "occupied_bodyparts": [ [ "TORSO", 5 ] ],
    "flags": [ "BIONIC_TOGGLED" ]
  },
  {
    "id": "bio_voice",
    "type": "bionic",
    "name": "Voice Remodulator",
    "description": "You will likely spend the rest of your days serving as a walking testament to why you don't opt for the Autodoc's 'Cyborg Identity Package.'  A remodulator unit jammed down your throat has given you a creepy robot voice.",
    "occupied_bodyparts": [ [ "TORSO", 2 ], [ "MOUTH", 1 ] ],
    "flags": [ "BIONIC_FAULTY" ]
  },
  {
    "id": "bio_watch",
    "type": "bionic",
    "name": "Internal Chronometer",
    "description": "You have been equipped with an internal atomic clock, ensuring that you will always know the current time.  Additionally, it includes a silent alarm clock function.",
    "occupied_bodyparts": [ [ "HEAD", 1 ] ]
  },
  {
    "id": "bio_water_extractor",
    "type": "bionic",
    "name": "Water Extraction Unit",
    "description": "Nanotubes surgically embedded in the palm of your hand will pump any available fluid out of a dead body, cleanse it of impurities and convert it into drinkable water.  You must, however, have a container to store the water in.",
    "occupied_bodyparts": [ [ "ARM_R", 1 ], [ "HAND_R", 2 ] ],
    "act_cost": 50
  },
  {
    "id": "bio_syringe",
    "type": "bionic",
    "name": "Intravenous Needletip",
    "description": "The flesh of the inside of your middle finger has been replaced with a tube leading into your arteries, with a retractable needle extending out of the tip of the finger when clenched.  This lets you pump intravenous drugs like morphine directly into your bloodstream without needing to carry a syringe.",
    "occupied_bodyparts": [ [ "HAND_L", 1 ] ]
  },
  {
    "id": "bio_weight",
    "type": "bionic",
    "name": "Titanium Skeletal Bracing",
    "description": "Titanium bracing has been installed onto your elbows, knees, and spine, making them far better at handling strain.  Your carrying capacity is increased by 20 kilograms, or about 44 pounds.",
    "occupied_bodyparts": [ [ "TORSO", 8 ], [ "ARM_L", 3 ], [ "ARM_R", 3 ], [ "LEG_L", 3 ], [ "LEG_R", 3 ] ]
  },
  {
    "id": "bio_shock_absorber",
    "type": "bionic",
    "name": "Kinetic Shock Absorbers",
    "description": "Most of the flesh in your arms, legs, and upper torso has been replaced with industrial-strength springs and protective padding.  Clenching your fist allows you to fold and unfold this padding; while active, the hydraulic absorbers will prevent damage to your body from severe impacts, at the cost of impaired movement.",
    "occupied_bodyparts": [ [ "TORSO", 1 ], [ "ARM_L", 1 ], [ "ARM_R", 1 ], [ "LEG_L", 1 ], [ "LEG_R", 1 ] ],
    "flags": [ "BIONIC_TOGGLED" ]
  }
]
