[
  {
    "id": "match_trigger",
    "type": "GUNMOD",
    "name": "match trigger",
    "description": "A precision weighted trigger assembly that improves a firearm's accuracy.",
    "weight": 120,
    "volume": 1,
    "integral_volume": 0,
    "price": 1500,
    "material": [ "steel", "superalloy" ],
    "symbol": ":",
    "color": "dark_gray",
    "location": "mechanism",
    "mod_targets": [ "smg", "rifle", "pistol", "shotgun", "launcher" ],
    "install_time": 30000,
    "dispersion_modifier": -60,
    "min_skills": [ [ "weapon", 4 ], [ "mechanics", 3 ], [ "gun", 2 ] ]
  },
  {
    "id": "tuned_mechanism",
    "type": "GUNMOD",
    "name": "tuned mechanism",
    "description": "A set of finely tuned internal components which increase the precision and reliably of a firearm.",
    "weight": 120,
    "volume": 1,
    "integral_volume": 0,
    "price": 2500,
    "material": [ "steel", "superalloy" ],
    "symbol": ":",
    "color": "dark_gray",
    "location": "mechanism",
    "mod_targets": [ "smg", "rifle", "pistol", "shotgun", "launcher" ],
    "install_time": 60000,
    "dispersion_modifier": -15,
    "loudness_modifier": -1,
    "min_skills": [ [ "weapon", 4 ], [ "mechanics", 3 ], [ "gun", 2 ] ],
    "flags": [ "NEVER_JAMS", "INSTALL_DIFFICULT", "IRREMOVABLE" ]
  },
  {
    "id": "waterproof_gunmod",
    "type": "GUNMOD",
    "name": "firearm waterproofing",
    "description": "A set of seals and gaskets that will allow a firearm to operate reliably while submerged in water.",
    "weight": 220,
    "volume": 1,
    "integral_volume": 0,
    "price": 50000,
    "material": [ "plastic" ],
    "symbol": ":",
    "color": "dark_gray",
    "location": "mechanism",
    "mod_targets": [ "smg", "rifle", "pistol", "shotgun", "launcher" ],
    "install_time": 10000,
    "min_skills": [ [ "weapon", 2 ] ],
    "flags": [ "WATERPROOF_GUN" ]
  }
]
