[
  {
    "type": "mapgen",
    "method": "json",
    "om_terrain": [ "house" ],
    "weight": 200,
    "object": {
      "fill_ter": "t_floor",
      "rows": [
        "......##pssssss###......",
        ".....#''''''''''''#.....",
        "....#''''''''''''''#....",
        "...#''''''''''''''''#...",
        "..#'''''########'''''#..",
        ".#'''''#gggggggg#'''''#.",
        ".#''''#X|vvvvvv|X#''''#.",
        ".#'''#X||??????||X#'''#.",
        ".#'''x||K      K||x'''#.",
        ".|v;v-|Kn nnnn nK|-v;v|.",
        ".|k  P|   nnnn       c|.",
        ".|h @@|o             S|.",
        ".|  @@|o  P00P  hnnh O|.",
        ".|   d|  ------ hnnh f|.",
        ".| P  +              D|.",
        ".|+--+|--+-+--+---+---|.",
        ".| |B |   | S|   |  + |.",
        ".|d|St| @ | t| @ |WY|jv.",
        ".|--v-|P@d| $|d@P|-v--|.",
        "......|-v-|%---v-|......",
        "........................",
        "........................",
        "........................",
        "........................"
      ],
      "set": [
        { "point": "terrain", "id": "t_dirt", "x": [ 0, 0 ], "y": [ 0, 23 ], "repeat": [ 5, 8 ] },
        { "point": "terrain", "id": "t_dirt", "x": [ 1, 1 ], "y": [ 0, 4 ], "repeat": [ 0, 1 ] },
        { "point": "terrain", "id": "t_dirt", "x": [ 1, 5 ], "y": [ 19, 23 ], "repeat": [ 6, 9 ] },
        { "point": "terrain", "id": "t_dirt", "x": [ 2, 2 ], "y": [ 0, 3 ], "repeat": [ 0, 1 ] },
        { "point": "terrain", "id": "t_dirt", "x": [ 3, 3 ], "y": [ 0, 2 ], "repeat": [ 0, 1 ] },
        { "point": "terrain", "id": "t_dirt", "x": [ 4, 4 ], "y": [ 0, 1 ], "repeat": [ 0, 1 ] },
        { "point": "terrain", "id": "t_dirt", "x": [ 5, 5 ], "y": [ 0, 0 ], "repeat": [ 0, 1 ] },
        { "point": "terrain", "id": "t_dirt", "x": [ 6, 23 ], "y": [ 20, 23 ], "repeat": [ 8, 14 ] },
        { "point": "terrain", "id": "t_dirt", "x": [ 18, 23 ], "y": [ 0, 0 ], "repeat": [ 0, 1 ] },
        { "point": "terrain", "id": "t_dirt", "x": [ 18, 23 ], "y": [ 19, 19 ], "repeat": [ 0, 1 ] },
        { "point": "terrain", "id": "t_dirt", "x": [ 19, 23 ], "y": [ 1, 1 ], "repeat": [ 0, 1 ] },
        { "point": "terrain", "id": "t_dirt", "x": [ 20, 23 ], "y": [ 2, 2 ], "repeat": [ 0, 1 ] },
        { "point": "terrain", "id": "t_dirt", "x": [ 21, 23 ], "y": [ 3, 3 ], "repeat": [ 0, 1 ] },
        { "point": "terrain", "id": "t_dirt", "x": [ 22, 23 ], "y": [ 4, 4 ], "repeat": [ 0, 1 ] },
        { "point": "terrain", "id": "t_dirt", "x": [ 23, 23 ], "y": [ 5, 18 ], "repeat": [ 3, 4 ] }
      ],
      "terrain": {
        "#": "t_shrub",
        "$": "t_floor",
        "%": "t_curtains",
        "'": "t_concrete",
        "+": "t_door_c",
        "-": "t_wall",
        ".": "t_grass",
        "0": "t_floor",
        ";": "t_door_locked",
        "?": "t_floor",
        "@": "t_floor",
        "B": "t_floor",
        "D": "t_floor",
        "K": "t_floor",
        "O": "t_floor",
        "P": "t_floor",
        "S": "t_floor",
        "W": "t_floor",
        "X": "t_shrub_blueberry",
        "Y": "t_floor",
        "c": "t_floor",
        "d": "t_floor",
        "f": "t_floor",
        "g": "t_dirt",
        "h": "t_floor",
        "j": "t_floor",
        "k": "t_floor",
        "n": "t_floor",
        "o": "t_floor",
        "p": "t_grass",
        "s": "t_sidewalk",
        "v": "t_window_domestic",
        "x": "t_shrub_strawberry",
        "|": "t_wall"
      },
      "furniture": {
        "$": "f_shower",
        "0": "f_fireplace",
        "?": "f_sofa",
        "@": "f_bed",
        "B": "f_bathtub",
        "D": "f_trashcan",
        "K": "f_armchair",
        "O": "f_oven",
        "P": "f_indoor_plant",
        "S": "f_sink",
        "W": "f_washer",
        "Y": "f_dryer",
        "c": "f_counter",
        "d": "f_dresser",
        "f": "f_fridge",
        "g": "f_bluebell",
        "h": "f_chair",
        "j": "f_treadmill",
        "k": "f_desk",
        "n": "f_table",
        "o": "f_bookcase",
        "p": "f_mailbox"
      },
      "toilets": { "t": {  } },
      "items": { "p": { "item": "mail", "chance": 30, "repeat": [ 2, 5 ] } },
      "place_loot": [
        { "group": "dresser", "x": [ 2, 2 ], "y": [ 17, 17 ], "chance": 90, "repeat": [ 1, 2 ] },
        { "group": "cleaning", "x": [ 18, 19 ], "y": [ 16, 16 ], "chance": 90, "repeat": [ 1, 2 ] },
        { "group": "dresser", "x": [ 18, 19 ], "y": [ 17, 17 ], "chance": 70, "repeat": [ 1, 4 ] },
        { "group": "home_hw", "x": [ 21, 21 ], "y": [ 16, 17 ], "chance": 65, "repeat": [ 1, 3 ] },
        { "group": "trash", "x": [ 21, 21 ], "y": [ 14, 14 ], "chance": 80, "repeat": [ 1, 3 ] },
        { "group": "fridge", "x": [ 21, 21 ], "y": [ 13, 13 ], "chance": 90, "repeat": [ 1, 4 ] },
        { "group": "oven", "x": [ 21, 21 ], "y": [ 12, 12 ], "chance": 75, "repeat": [ 1, 3 ] },
        { "group": "kitchen", "x": [ 19, 21 ], "y": [ 10, 14 ], "chance": 85, "repeat": [ 1, 3 ] },
        { "group": "dining", "x": [ 17, 18 ], "y": [ 12, 13 ], "chance": 75, "repeat": [ 1, 4 ] },
        { "group": "dresser", "x": [ 5, 5 ], "y": [ 13, 13 ], "chance": 80, "repeat": [ 1, 3 ] },
        { "group": "dresser", "x": [ 9, 9 ], "y": [ 18, 18 ], "chance": 80, "repeat": [ 1, 3 ] },
        { "group": "dresser", "x": [ 14, 14 ], "y": [ 18, 18 ], "chance": 80, "repeat": [ 1, 3 ] },
        { "group": "bedroom", "x": [ 14, 16 ], "y": [ 16, 18 ], "chance": 80, "repeat": [ 1, 3 ] },
        { "group": "bedroom", "x": [ 7, 9 ], "y": [ 16, 18 ], "chance": 80, "repeat": [ 1, 4 ] },
        { "group": "bedroom", "x": [ 2, 5 ], "y": [ 10, 14 ], "chance": 80, "repeat": [ 1, 3 ] },
        { "group": "livingroom", "x": [ 7, 16 ], "y": [ 7, 12 ], "chance": 90, "repeat": [ 1, 6 ] },
        { "group": "softdrugs", "x": [ 11, 12 ], "y": [ 16, 18 ], "chance": 75, "repeat": [ 1, 2 ] },
        { "group": "softdrugs", "x": [ 4, 5 ], "y": [ 16, 17 ], "chance": 75, "repeat": [ 1, 2 ] },
        { "group": "bed", "x": [ 15, 15 ], "y": [ 17, 18 ], "chance": 90, "repeat": [ 1, 3 ] },
        { "group": "bed", "x": [ 8, 8 ], "y": [ 17, 18 ], "chance": 90, "repeat": [ 1, 2 ] },
        { "group": "bed", "x": [ 4, 5 ], "y": [ 11, 12 ], "chance": 90, "repeat": [ 1, 2 ] },
        { "group": "homebooks", "x": [ 7, 7 ], "y": [ 11, 12 ], "chance": 75, "repeat": [ 1, 3 ] }
      ],
      "place_monsters": [ { "monster": "GROUP_ZOMBIE", "x": [ 1, 22 ], "y": [ 2, 21 ], "chance": 5 } ]
    }
  }
]
