[
  {
    "result": "40mm_flechette",
    "type": "recipe",
    "category": "CC_AMMO",
    "subcategory": "CSC_AMMO_GRENADES",
    "skill_used": "fabrication",
    "difficulty": 4,
    "skills_required": [ "gun", 2 ],
    "time": 3750,
    "batch_time_factors": [ 50, 10 ],
    "reversible": true,
    "book_learn": [ [ "manual_launcher", 4 ], [ "manual_shotgun", 6 ] ],
    "charges": 1,
    "using": [ [ "ammo_40mm", 1 ] ],
    "tools": [ [ [ "press", -1 ] ] ],
    "components": [ [ [ "gunpowder", 40 ] ], [ [ "combatnail", 25 ] ] ]
  },
  {
    "result": "40mm_shot",
    "type": "recipe",
    "category": "CC_AMMO",
    "subcategory": "CSC_AMMO_GRENADES",
    "skill_used": "fabrication",
    "difficulty": 4,
    "skills_required": [ "gun", 2 ],
    "time": 3750,
    "batch_time_factors": [ 50, 10 ],
    "reversible": true,
    "book_learn": [ [ "manual_launcher", 4 ], [ "manual_shotgun", 6 ] ],
    "charges": 1,
    "using": [ [ "bullet_forming", 2 ], [ "ammo_40mm", 1 ], [ "ammo_bullet", 12 ] ],
    "components": [ [ [ "gunpowder", 40 ] ] ]
  }
]
