[
  {
    "type": "recipe_group",
    "name": "all_faction_base_expansions",
    "building_type": "NONE",
    "recipes": [
      { "id": "faction_base_farm_0", "description": "Farm" },
      { "id": "faction_base_garage_0", "description": "Garage" },
      { "id": "faction_base_kitchen_0", "description": "Kitchen" },
      { "id": "faction_base_blacksmith_0", "description": "Blacksmith Shop" }
    ]
  },
  {
    "type": "recipe_group",
    "name": "faction_base_kitchen_1",
    "building_type": "COOK",
    "recipes": [
      { "id": "meat_cooked_npc", "description": " Cook: Meat, Cooked" },
      { "id": "fish_cooked_npc", "description": " Cook: Fish, Cooked" },
      { "id": "veggy_cooked_npc", "description": " Cook: Veggy, Cooked" },
      { "id": "offal_cooked_npc", "description": " Cook: Offal, Cooked" }
    ]
  },
  {
    "type": "recipe_group",
    "name": "faction_base_kitchen_2",
    "building_type": "COOK",
    "recipes": [
      { "id": "boiled_egg_npc", "description": " Cook: Egg, Boiled" },
      { "id": "starch_npc", "description": " Cook: Starch" },
      { "id": "flatbread_npc", "description": " Cook: Flatbread" },
      { "id": "veggy_wild_cooked_npc", "description": " Cook: Veggy, Cooked Wild" }
    ]
  },
  {
    "type": "recipe_group",
    "name": "faction_base_kitchen_3",
    "building_type": "COOK",
    "recipes": [
      { "id": "flour", "description": " Cook: Flour" },
      { "id": "salt_npc", "description": " Cook: Salt" },
      { "id": "bread_npc", "description": " Cook: Bread" },
      { "id": "fruit_leather_npc", "description": " Cook: Fruit Leather" }
    ]
  },
  {
    "type": "recipe_group",
    "name": "faction_base_kitchen_4",
    "building_type": "COOK",
    "recipes": [
      { "id": "jerky_npc", "description": " Cook: Meat Jerky" },
      { "id": "mushroom_cooked_npc", "description": " Cook: Mushroom, Cooked" },
      { "id": "lard_npc", "description": " Cook: Lard" },
      { "id": "cornmeal_npc", "description": " Cook: Cornmeal" }
    ]
  },
  {
    "type": "recipe_group",
    "name": "faction_base_kitchen_5",
    "building_type": "COOK",
    "recipes": [
      { "id": "pie_meat_npc", "description": " Cook: Meat Pie" },
      { "id": "meat_smoked_npc", "description": " Cook: Meat, Smoked" },
      { "id": "pie_veggy_npc", "description": " Cook: Veggy Pie" },
      { "id": "fish_smoked_npc", "description": " Cook: Fish, Smoked" }
    ]
  },
  {
    "type": "recipe_group",
    "name": "faction_base_kitchen_6",
    "building_type": "COOK",
    "recipes": [
      { "id": "sugar_npc", "description": " Cook: Sugar" },
      { "id": "dry_mushroom_npc", "description": " Cook: Mushroom, Dried" },
      { "id": "dry_fruit_npc", "description": " Cook: Fruit, Dehydrated" },
      { "id": "sausage_npc", "description": " Cook: Sausage" }
    ]
  },
  {
    "type": "recipe_group",
    "name": "faction_base_kitchen_7",
    "building_type": "COOK",
    "recipes": [
      { "id": "hardtack_npc", "description": " Cook: Hardtack" },
      { "id": "sausage_wasteland_npc", "description": " Cook: Sausage, Wasteland" },
      { "id": "veggy_pickled_jarred_npc", "description": " Cook: Veggy, Pickled" },
      { "id": "cheese_hard_npc", "description": " Cook: Cheese, Hard" }
    ]
  },
  {
    "type": "recipe_group",
    "name": "faction_base_kitchen_8",
    "building_type": "COOK",
    "recipes": [
      { "id": "pemmican_npc", "description": " Cook: Pemmican" },
      { "id": "veggy_aspic_npc", "description": " Cook: Veggy Aspic" },
      { "id": "meat_canned_jarred_npc", "description": " Cook: Meat, Canned" },
      { "id": "meat_aspic_npc", "description": " Cook: Meat Aspic" }
    ]
  },
  {
    "type": "recipe_group",
    "name": "faction_base_camp_9",
    "building_type": "COOK",
    "recipes": [ { "id": "pointy_stick", "description": " Craft: Pointy Sticks" } ]
  },
  {
    "type": "recipe_group",
    "name": "faction_base_farm_4",
    "building_type": "FARM",
    "recipes": [
      { "id": "seed_veggy_wild", "description": " Craft: Wild Veggy Stems" },
      { "id": "seed_raw_dandelion", "description": " Craft: Dandelion Seeds" },
      { "id": "seed_potato_raw", "description": " Craft: Potato, Starter" },
      { "id": "seed_buckwheat", "description": " Craft: Buckwheat Seeds" }
    ]
  },
  {
    "type": "recipe_group",
    "name": "faction_base_blacksmith_1",
    "building_type": "SMITH",
    "recipes": [
      { "id": "scrap_copper_npc", "description": " Craft: Copper, Scrap" },
      { "id": "charcoal_npc", "description": " Craft: Charcoal" },
      { "id": "spike_npc", "description": " Craft: Spike" },
      { "id": "steel_chunk_npc", "description": " Craft: Steel, Chunk" }
    ]
  },
  {
    "type": "recipe_group",
    "name": "faction_base_blacksmith_2",
    "building_type": "SMITH",
    "recipes": [
      { "id": "copper_knife_npc", "description": " Craft: Knife, Copper" },
      { "id": "sword_crude_npc", "description": " Craft: Sword, Crude" },
      { "id": "pot_copper_npc", "description": " Craft: Pot, Copper" },
      { "id": "anvil_npc", "description": " Craft: Anvil" },
      { "id": "steel_lump_npc", "description": " Craft: Steel, Lump" }
    ]
  },
  {
    "type": "recipe_group",
    "name": "faction_base_blacksmith_3",
    "building_type": "SMITH",
    "recipes": [
      { "id": "bolt_steel_npc", "description": " Craft: Crossbow Bolt, Steel" },
      { "id": "armor_scrapsuit_npc", "description": " Craft: Armor, Scrap Suit" },
      { "id": "copper_ax_npc", "description": " Craft: Axe, Copper" },
      { "id": "spear_copper_npc", "description": " Craft: Spear, Copper" }
    ]
  },
  {
    "type": "recipe_group",
    "name": "faction_base_blacksmith_4",
    "building_type": "SMITH",
    "recipes": [
      { "id": "chisel_npc", "description": " Craft: Metalworking Chisel" },
      { "id": "hammer_npc", "description": " Craft: Hammer" },
      { "id": "tongs_npc", "description": " Craft: Metal Tongs" },
      { "id": "nail_npc", "description": " Craft: Nail" },
      { "id": "wire_npc", "description": " Craft: Wire" },
      { "id": "swage_npc", "description": " Craft: Swage and Die Set" }
    ]
  },
  {
    "type": "recipe_group",
    "name": "faction_base_blacksmith_5",
    "building_type": "SMITH",
    "recipes": [
      { "id": "blade_npc", "description": " Craft: Blade" },
      { "id": "bearing_npc", "description": " Craft: Bearings" },
      { "id": "caltrops_npc", "description": " Craft: Caltrops" },
      { "id": "hand_drill_npc", "description": " Craft: Hand Drill" }
    ]
  },
  {
    "type": "recipe_group",
    "name": "faction_base_blacksmith_6",
    "building_type": "SMITH",
    "recipes": [
      { "id": "sheet_metal_npc", "description": " Craft: Sheet Metal" },
      { "id": "chain_npc", "description": " Craft: Chain" },
      { "id": "shovel_npc", "description": " Craft: Shovel" },
      { "id": "rebar_npc", "description": " Craft: Rebar" },
      { "id": "ring_npc", "description": " Craft: Golden Ring" },
      { "id": "hammer_sledge_npc", "description": " Craft: Hammer, Sledge" }
    ]
  },
  {
    "type": "recipe_group",
    "name": "faction_base_blacksmith_7",
    "building_type": "SMITH",
    "recipes": [
      { "id": "knife_combat_npc", "description": " Craft: Knife, Combat" },
      { "id": "spear_steel_npc", "description": " Craft: Spear, Steel" },
      { "id": "machete_npc", "description": " Craft: Machete" },
      { "id": "pipe_npc", "description": " Craft: Pipe" },
      { "id": "screwdriver_npc", "description": " Craft: Screwdriver" },
      { "id": "throwing_axe_npc", "description": " Craft: Axe, Throwing" }
    ]
  },
  {
    "type": "recipe_group",
    "name": "faction_base_blacksmith_8",
    "building_type": "SMITH",
    "recipes": [
      { "id": "wrench_npc", "description": " Craft: Wrench" },
      { "id": "hatchet_npc", "description": " Craft: Hatchet" },
      { "id": "throwing_knife_npc", "description": " Craft: Knife, Throwing" },
      { "id": "crowbar_npc", "description": " Craft: Crowbar" },
      { "id": "pot_npc", "description": " Craft: Pot" },
      { "id": "hoe_npc", "description": " Craft: Hoe" }
    ]
  },
  {
    "type": "recipe_group",
    "name": "faction_base_blacksmith_9",
    "building_type": "SMITH",
    "recipes": [
      { "id": "pliers_npc", "description": " Craft: Pliers" },
      { "id": "halberd_npc", "description": " Craft: Halberd" },
      { "id": "cuirass_lightplate_npc", "description": " Craft: Armor, Cuirass" },
      { "id": "pockknife_npc", "description": " Craft: Knife, Pocket" },
      { "id": "warhammer_npc", "description": " Craft: Hammer, War" },
      { "id": "helmet_plate_npc", "description": " Craft: Helm, Great" }
    ]
  },
  {
    "type": "recipe_group",
    "name": "faction_base_blacksmith_10",
    "building_type": "SMITH",
    "recipes": [
      { "id": "armor_lightplate_npc", "description": " Craft: Armor, Plate" },
      { "id": "broadsword_npc", "description": " Craft: Sword, Broadsword" },
      { "id": "scimitar_npc", "description": " Craft: Sword, Scimitar" },
      { "id": "fire_ax_npc", "description": " Craft: Axe, Fire" },
      { "id": "hacksaw_npc", "description": " Craft: Hacksaw" },
      { "id": "saw_npc", "description": " Craft: Woodsaw" }
    ]
  },
  {
    "type": "recipe_group",
    "name": "faction_base_blacksmith_11",
    "building_type": "SMITH",
    "recipes": [
      { "id": "pike_npc", "description": " Craft: Spear, Awl Pike" },
      { "id": "rapier_npc", "description": " Craft: Sword, Rapier" },
      { "id": "halligan_npc", "description": " Craft: Halligan Bar" },
      { "id": "zweihander_npc", "description": " Craft: Sword, Zweihander" },
      { "id": "pickaxe_npc", "description": " Craft: Pickaxe" }
    ]
  },
  {
    "type": "recipe_group",
    "name": "faction_base_blacksmith_12",
    "building_type": "SMITH",
    "recipes": [
      { "id": "sheet_metal_npc_drop", "description": " Craft: Sheet Metal, Drop Hammer" },
      { "id": "chain_npc_drop", "description": " Craft: Chain, Drop Hammer" },
      { "id": "nail_npc_drop", "description": " Craft: Nail, Drop Hammer" },
      { "id": "wire_npc_drop", "description": " Craft: Wire, Drop Hammer" },
      { "id": "pipe_npc_drop", "description": " Craft: Pipe, Drop Hammer" },
      { "id": "rebar_npc_drop", "description": " Craft: Rebar, Drop Hammer" }
    ]
  }
]
