[
  {
    "type": "AMMO",
    "id": "84x246mm_he",
    "price": 70000,
    "//": "Milspec ammo such as grenades and rockets: not available to the general public, so Expensive.",
    "name": "84x246mm HE rocket",
    "symbol": "=",
    "color": "dark_gray",
    "description": "A 84x246mm High Explosive anti-personnel round for the Carl Gustav M3 recoilless rifle.  Designed to be highly effective against personnel.",
    "material": [ "steel", "powder" ],
    "volume": 5,
    "weight": 3200,
    "ammo_type": "84x246mm",
    "damage": 60,
    "pierce": 10,
    "range": 120,
    "dispersion": 60,
    "recoil": 45,
    "count": 4,
    "stack_size": 1,
    "effects": [ "COOKOFF", "EXPLOSIVE_BIG", "FRAG", "NEVER_MISFIRES" ]
  },
  {
    "type": "AMMO",
    "id": "84x246mm_hedp",
    "copy-from": "84x246mm_he",
    "price": 70000,
    "name": "84x246mm HEDP rocket",
    "description": "A 84x246mm High Explosive Dual Purpose anti-materiel round for the Carl Gustav M3 recoilless rifle.  Designed to be highly effective against vehicles and structures.",
    "volume": 6,
    "weight": 3300,
    "damage": 1000,
    "pierce": 225,
    "range": 100,
    "dispersion": 75,
    "recoil": 60,
    "delete": { "effects": [ "FRAG" ] }
  },
  {
    "type": "AMMO",
    "id": "84x246mm_smoke",
    "copy-from": "84x246mm_he",
    "price": 45000,
    "name": "84x246mm smoke rocket",
    "description": "A 84x246mm smoke marker round for the Carl Gustav M3 recoilless rifle.  Commonly used for signaling, target designation, and for screening troop movements.",
    "volume": 6,
    "weight": 3100,
    "range": 140,
    "dispersion": 30,
    "extend": { "effects": [ "SMOKE_BIG" ] },
    "delete": { "effects": [ "EXPLOSIVE_BIG", "FRAG" ] }
  }
]
