[
  {
    "id": "rebar_rail",
    "type": "AMMO",
    "name": "rebar rail",
    "description": "A short piece of ferromagnetic rebar which has been straightened and sharpened on one end.  Could be used as a projectile by a sufficiently powerful electromagnetic weapon.",
    "weight": 712,
    "volume": 1,
    "price": 1000,
    "to_hit": -1,
    "bashing": 5,
    "cutting": 1,
    "material": [ "iron" ],
    "symbol": "=",
    "color": "dark_gray",
    "count": 10,
    "ammo_type": "metal_rail",
    "range": 40,
    "damage": 70,
    "pierce": 25,
    "dispersion": 150,
    "effects": [ "RECYCLED" ]
  },
  {
    "id": "steel_rail",
    "copy-from": "rebar_rail",
    "type": "AMMO",
    "name": "steel rail",
    "description": "A short piece of steel which has been forged true and sharpened on one end.  Could be used as a projectile by a sufficiently powerful electromagnetic weapon.",
    "weight": 520,
    "price": 1500,
    "bashing": 4,
    "cutting": 2,
    "material": [ "steel" ],
    "color": "light_gray",
    "dispersion": 0,
    "effects": [ "NEVER_MISFIRES" ],
    "relative": { "range": 10, "damage": -5, "pierce": 15 }
  }
]
