[
  {
    "abstract": "vehicle_alternator",
    "type": "GENERIC",
    "name": "vehicle alternator",
    "category": "veh_parts",
    "material": [ "steel", "copper" ],
    "symbol": ",",
    "color": "light_cyan"
  },
  {
    "id": "alternator_car",
    "copy-from": "vehicle_alternator",
    "type": "GENERIC",
    "name": "car alternator",
    "description": "A standard alternator used to power vehicle electrical systems.",
    "weight": 4000,
    "volume": 10,
    "price": 9000
  },
  {
    "id": "alternator_motorbike",
    "copy-from": "vehicle_alternator",
    "type": "GENERIC",
    "name": "motorbike alternator",
    "description": "A compact lightweight alternator used to power small vehicle electrical systems.",
    "weight": 1100,
    "volume": 4,
    "price": 8000
  },
  {
    "id": "alternator_truck",
    "copy-from": "vehicle_alternator",
    "type": "GENERIC",
    "name": "truck alternator",
    "description": "A larger and more powerful alternator used to power vehicle electrical systems.",
    "weight": 5800,
    "volume": 12,
    "price": 12000
  },
  {
    "id": "generator_7500w",
    "copy-from": "vehicle_alternator",
    "type": "GENERIC",
    "name": "7.5kW generator",
    "description": "A bulky but efficient electrical generator designed to be attached to an engine.",
    "weight": 48000,
    "volume": 30,
    "price": 30000
  }
]
