[
  {
    "id": "cantilever_medium",
    "type": "GENERIC",
    "category": "veh_parts",
    "name": "steel boom",
    "description": "A large rigid steel boom.  If attached to a frame it could be used to lift up to 20 metric tonnes.",
    "price": 23400,
    "weight": 31600,
    "volume": 50,
    "material": "steel",
    "symbol": "&",
    "color": "dark_gray"
  },
  {
    "id": "cantilever_small",
    "type": "GENERIC",
    "category": "veh_parts",
    "name": "telescopic cantilever",
    "description": "A small steel telescoping cantilever.  If attached to a frame it could be used to lift up to 3.5 metric tonnes.",
    "price": 7900,
    "weight": 12000,
    "volume": 12,
    "material": "steel",
    "symbol": "&",
    "color": "dark_gray"
  },
  {
    "id": "pallet_lifter",
    "type": "GENERIC",
    "category": "veh_parts",
    "name": "pallet lifter",
    "description": "A makeshift pallet lifter.  If attached to a frame it could be used to lift up to 0.5 metric tonnes.",
    "price": 7900,
    "weight": 12000,
    "volume": 12,
    "material": "steel",
    "symbol": "&",
    "color": "dark_gray"
  },
  {
    "type": "GENERIC",
    "id": "v_rockwheel_item",
    "symbol": "&",
    "name": "rockwheel",
    "color": "dark_gray",
    "description": "A large and heavy jagged metal disc to dig trenches.",
    "weight": 62000,
    "material": "steel",
    "category": "veh_parts",
    "price": 8500,
    "volume": 29
  },
  {
    "type": "GENERIC",
    "id": "v_airjack_item",
    "symbol": "&",
    "name": "airjack",
    "color": "dark_gray",
    "description": "An extendable metal pylon used to replace a portable jack.  If mounted to a vehicle, it could be used to lift it up.",
    "weight": 21000,
    "material": "steel",
    "category": "veh_parts",
    "price": 8500,
    "volume": 35,
    "qualities": [ [ "SELF_JACK", 17 ] ]
  },
  {
    "type": "GENERIC",
    "id": "v_motorcycle_kickstand_item",
    "symbol": "&",
    "name": "motorcycle kickstand",
    "color": "dark_gray",
    "description": "A kickstand to keep the bike from falling over.  You could use this to lean it forward or backward to change a tire.",
    "weight": 500,
    "material": "steel",
    "category": "veh_parts",
    "price": 500,
    "volume": 2,
    "qualities": [ [ "SELF_JACK", 1 ] ]
  }
]
