[
  {
    "type": "palette",
    "id": "basement_game",
    "terrain": {
      " ": "t_rock",
      "+": "t_door_c",
      "-": "t_wall",
      ".": "t_rock_floor",
      "<": "t_stairs_up",
      "&": "t_rock_floor",
      "*": "t_rock_floor",
      "%": "t_rock_floor",
      "}": "t_rock_floor",
      "@": "t_rock_floor",
      "!": "t_rock_floor",
      "^": "t_rock_floor",
      "{": "t_rock_floor",
      "_": "t_rock_floor",
      "?": "t_rock_floor",
      "/": "t_rock_floor",
      "a": "t_rock_floor",
      "b": "t_rock_floor",
      "c": "t_rock_floor",
      "d": "t_rock_floor",
      "f": "t_rock_floor",
      "i": "t_rock_floor",
      "p": "t_rock_floor",
      "r": "t_rock_floor",
      "s": "t_rock_floor",
      "t": "t_rock_floor",
      "w": "t_rock_floor",
      "C": "t_rock_floor",
      "L": "t_rock_floor",
      "|": "t_wall"
    },
    "furniture": {
      "&": "f_toilet",
      "a": "f_armchair",
      "b": "f_bookcase",
      "c": "f_counter",
      "d": "f_dryer",
      "f": "f_fridge",
      "i": "f_sink",
      "p": "f_pool_table",
      "r": "f_rack",
      "s": "f_sofa",
      "t": "f_table",
      "w": "f_washer"
    },
    "toilets": { "&": {  } }
  },
  {
    "type": "palette",
    "id": "basement_bunker",
    "terrain": {
      " ": "t_floor",
      "&": "t_floor",
      "?": "t_floor",
      "{": "t_floor",
      "}": "t_floor",
      "%": "t_floor",
      "1": "t_floor",
      "r": "t_floor",
      "f": "t_floor",
      "s": "t_floor",
      "t": "t_floor",
      "g": "t_floor",
      "d": "t_floor",
      "c": "t_floor",
      "l": "t_floor",
      "L": "t_floor",
      "Y": "t_floor",
      "b": "t_floor",
      "A": "t_floor",
      "B": "t_floor",
      "C": "t_floor",
      "O": "t_floor",
      "S": "t_floor",
      "T": "t_floor",
      "#": "t_rock",
      "+": "t_door_metal_locked",
      "*": "t_door_c",
      "^": "t_door_locked_interior",
      "5": "t_card_military",
      "6": "t_console_broken",
      "<": "t_stairs_up",
      "M": "t_wall_metal",
      "|": "t_reinforced_glass",
      "/": "t_door_curtain_c"
    },
    "toilets": { "&": {  } }
  }
]
