[
  {
    "type": "mapgen",
    "method": "json",
    "om_terrain": [ "basement_hidden_lab_stairs" ],
    "weight": 100,
    "object": {
      "fill_ter": "t_thconc_floor",
      "rotation": [ 0, 3 ],
      "rows": [
        "##--------------------##",
        "##|       |>>|       |##",
        "##|       |MM|       |##",
        "##|       |..|       |##",
        "##|       |..|       |##",
        "##|       |..|       |##",
        "##|       |..|       |##",
        "##|       |..|       |##",
        "##|---+---|..|---+---|##",
        "##|.......M..M.......|##",
        "##|.......M..M.......|##",
        "|----+----|..|----+----|",
        "|.........|..|d.......d|",
        "|.ccccccc.|..|xh..h..hx|",
        "|.........|7.|d..dxd..d|",
        "|---------|..|---------|",
        "########--|LL6--########",
        "########=,,,,,,=########",
        "########=,,,,,,=########",
        "########=,,,,,,=########",
        "########===WW===########",
        "##########=,,=##########",
        "##########=<<=##########",
        "##########====##########"
      ],
      "palettes": [ "lab_palette" ],
      "terrain": {
        "=": "t_wall",
        ",": "t_rock_floor",
        "6": "t_card_science",
        "7": "t_rock_floor",
        "C": "t_centrifuge",
        "<": "t_stairs_up",
        ">": "t_stairs_down"
      },
      "mapping": {
        "c": {
          "items": {
            "item": "chem_lab", "chance": 30
          }
        },
        "d": {
          "items": {
            "item": "office", "chance": 30
          }
        }
      },
      "monster": {
        "7": { "monster": "mon_turret"}
      },
      "place_nested": [
        { "chunks": [ "lab_spawn_7x7_crossdoors" ], "x": 3, "y": 1 },
        { "chunks": [ "lab_spawn_7x7_crossdoors" ], "x": 14, "y": 1 }
      ]
    }
  },
  {
    "type": "mapgen",
    "method": "json",
    "om_terrain": [ "basement_hidden_lab_stairs" ],
    "weight": 100,
    "object": {
      "rotation": [ 0, 3 ],
      "rows": [
        "     ----======         ",
        "|----|XX7=....=         ",
        "|...i|X..D...>=         ",
        "|&...|7..D...>=         ",
        "|....|...=....=         ",
        "|--+---DD6=====---------",
        "|............fffrrrrrrc|",
        "|......................|",
        "|...........ccccccccccc|",
        "|......................|",
        "|..ssssssc............a|",
        "|........s.......pp....|",
        "|c...tt..s.......pp....|",
        "|c...tt..s.......pp...a|",
        "|........s.............|",
        "|......................|",
        "|..............aaaaaa..|",
        "|..ttttt..|++|--------+|",
        "|.........|..|.........|",
        "|.caaaaac.|<<|ccccwcccd|",
        "------------------------",
        "                        ",
        "                        ",
        "                        "
      ],
      "palettes": [
        "basement_game"
      ],
      "furniture": {
        "X": "f_crate_c"
      },
      "terrain": {
        "=": "t_concrete_wall",
        "7": "t_rock_floor",
        "D": "t_door_metal_locked",
        ">": "t_stairs_down",
        "6": "t_card_science",
        "X": "t_rock_floor"
      },
      "place_loot": [
        { "group": "alcohol", "x": [ 16, 20 ], "y": 6, "chance": 96 },
        { "group": "fridgesnacks", "x": [ 13, 20 ], "y": 6, "chance": 80 },
        { "group": "pool_table", "x": [ 17, 18 ], "y": [ 11, 13 ], "chance": 90 },
        { "group": "livingroom", "x": [ 9, 23 ], "y": [ 6, 16 ], "chance": 60 },
        { "group": "dresser", "x": 18, "y": 19, "chance": 80 },
        { "group": "dresser", "x": 22, "y": 19, "chance": 80 },
        { "group": "cleaning", "x": [ 14, 18 ], "y": 19, "chance": 80 }
      ],
      "mapping": {
        "X": {
          "items": [
            { "item": "chem_lab", "chance": 20 },
            { "item": "robots", "chance": 20 },
            { "item": "science", "chance": 5 }
          ]
        }
      },
      "place_monsters": [
        { "monster": "GROUP_ZOMBIE", "x": [ 2, 23 ], "y": [ 6, 20 ], "chance": 2 }
      ],
      "monster": {
        "7": { "monster": "mon_turret"}
      }
    }
  }
]
